frame_number,landmark,x,y,z
0,NOSE,0.5870368480682373,0.3686363101005554,-0.02880845032632351
0,LEFT_EYE_INNER,0.589755654335022,0.3541695773601532,-0.009997970424592495
0,LEFT_EYE,0.5887071490287781,0.3530983328819275,-0.010089832358062267
0,LEFT_EYE_OUTER,0.5876851677894592,0.35186755657196045,-0.010124650783836842
0,RIGHT_EYE_INNER,0.5894225835800171,0.35410499572753906,-0.0597040057182312
0,RIGHT_EYE,0.5881305932998657,0.35315269231796265,-0.05973196029663086
0,RIGHT_EYE_OUTER,0.5868566036224365,0.35206758975982666,-0.059850286692380905
0,LEFT_EAR,0.5723455548286438,0.3452305197715759,0.07660834491252899
0,RIGHT_EAR,0.5722538828849792,0.34508198499679565,-0.14608043432235718
0,MOUTH_LEFT,0.5751314163208008,0.37561774253845215,0.008641400374472141
0,MOUTH_RIGHT,0.574400782585144,0.37465938925743103,-0.05654103308916092
0,LEFT_SHOULDER,0.5144097805023193,0.39009618759155273,0.23683440685272217
0,RIGHT_SHOULDER,0.5321095585823059,0.3917182981967926,-0.2798721492290497
0,LEFT_ELBOW,0.5181514024734497,0.4937759041786194,0.2720203101634979
0,RIGHT_ELBOW,0.5357144474983215,0.49207955598831177,-0.32585203647613525
0,LEFT_WRIST,0.552946925163269,0.5771474242210388,0.17580725252628326
0,RIGHT_WRIST,0.5655338168144226,0.5766394138336182,-0.24504029750823975
0,LEFT_PINKY,0.5659269690513611,0.6100612878799438,0.18243460357189178
0,RIGHT_PINKY,0.5755443572998047,0.5991411805152893,-0.27869513630867004
0,LEFT_INDEX,0.5718826651573181,0.6129314303398132,0.14263302087783813
0,RIGHT_INDEX,0.5809153914451599,0.5952870845794678,-0.261245995759964
0,LEFT_THUMB,0.5668736696243286,0.5920066833496094,0.15377825498580933
0,RIGHT_THUMB,0.5751546621322632,0.587700366973877,-0.23508742451667786
0,LEFT_HIP,0.4403466582298279,0.5591096878051758,0.17097890377044678
0,RIGHT_HIP,0.4485728144645691,0.5636457800865173,-0.17113640904426575
0,LEFT_KNEE,0.4921182096004486,0.6697252988815308,0.3159731924533844
0,RIGHT_KNEE,0.4644404351711273,0.7314702272415161,-0.16119182109832764
0,LEFT_ANKLE,0.5253762006759644,0.7604482769966125,0.4839251935482025
0,RIGHT_ANKLE,0.44472843408584595,0.8852478265762329,-0.13593220710754395
0,LEFT_HEEL,0.5181491374969482,0.7817438840866089,0.4961481988430023
0,RIGHT_HEEL,0.4290788769721985,0.9110658764839172,-0.14139460027217865
0,LEFT_FOOT_INDEX,0.5896098613739014,0.7763108015060425,0.4696878492832184
0,RIGHT_FOOT_INDEX,0.5068456530570984,0.9084293246269226,-0.25609254837036133
1,NOSE,0.5869684815406799,0.3687036633491516,-0.026931772008538246
1,LEFT_EYE_INNER,0.5897566080093384,0.3541845381259918,-0.008293320424854755
1,LEFT_EYE,0.5887149572372437,0.35311365127563477,-0.008383280597627163
1,LEFT_EYE_OUTER,0.5876999497413635,0.35187867283821106,-0.00840216688811779
1,RIGHT_EYE_INNER,0.5894445180892944,0.35413026809692383,-0.059518974274396896
1,RIGHT_EYE,0.588175892829895,0.3531753420829773,-0.059545792639255524
1,RIGHT_EYE_OUTER,0.5868901610374451,0.3520785868167877,-0.059665389358997345
1,LEFT_EAR,0.5724631547927856,0.34524887800216675,0.07933555543422699
1,RIGHT_EAR,0.5714662075042725,0.3449190557003021,-0.15116247534751892
1,MOUTH_LEFT,0.5751179456710815,0.3757551610469818,0.011367760598659515
1,MOUTH_RIGHT,0.5744008421897888,0.3749178349971771,-0.05620782449841499
1,LEFT_SHOULDER,0.5142372846603394,0.3900972604751587,0.24177142977714539
1,RIGHT_SHOULDER,0.533873438835144,0.39170676469802856,-0.2848658859729767
1,LEFT_ELBOW,0.5154296159744263,0.4921046793460846,0.2754114270210266
1,RIGHT_ELBOW,0.5360732078552246,0.4920955300331116,-0.3371504545211792
1,LEFT_WRIST,0.553584098815918,0.5764802694320679,0.17897821962833405
1,RIGHT_WRIST,0.5655667185783386,0.576617956161499,-0.27955105900764465
1,LEFT_PINKY,0.5659254193305969,0.6079387068748474,0.186469167470932
1,RIGHT_PINKY,0.5751522779464722,0.5993810296058655,-0.3204073905944824
1,LEFT_INDEX,0.5724218487739563,0.6110862493515015,0.14504647254943848
1,RIGHT_INDEX,0.5805329084396362,0.595213770866394,-0.29847100377082825
1,LEFT_THUMB,0.566263735294342,0.5880216360092163,0.1564338058233261
1,RIGHT_THUMB,0.5751900672912598,0.5876901745796204,-0.26863566040992737
1,LEFT_HIP,0.44033393263816833,0.5601619482040405,0.17151308059692383
1,RIGHT_HIP,0.44848790764808655,0.5657256245613098,-0.17164747416973114
1,LEFT_KNEE,0.4748724400997162,0.7029884457588196,0.27766162157058716
1,RIGHT_KNEE,0.46663913130760193,0.732546329498291,-0.1519877016544342
1,LEFT_ANKLE,0.4573177695274353,0.8363083004951477,0.4515080451965332
1,RIGHT_ANKLE,0.44484394788742065,0.8870329856872559,-0.10860925912857056
1,LEFT_HEEL,0.4421750009059906,0.8458368182182312,0.46410053968429565
1,RIGHT_HEEL,0.42902880907058716,0.9114086031913757,-0.11227531731128693
1,LEFT_FOOT_INDEX,0.5067849159240723,0.8614482879638672,0.4168040156364441
1,RIGHT_FOOT_INDEX,0.5100587606430054,0.9091688990592957,-0.23288989067077637
2,NOSE,0.5869624018669128,0.36868613958358765,-0.024419400840997696
2,LEFT_EYE_INNER,0.5897949934005737,0.35408729314804077,-0.004970590118318796
2,LEFT_EYE,0.5887852311134338,0.3530207872390747,-0.0050653619691729546
2,LEFT_EYE_OUTER,0.5878008008003235,0.35178738832473755,-0.005075695458799601
2,RIGHT_EYE_INNER,0.5894685983657837,0.354072630405426,-0.05779636651277542
2,RIGHT_EYE,0.5881905555725098,0.35312217473983765,-0.05781619995832443
2,RIGHT_EYE_OUTER,0.58688884973526,0.35200825333595276,-0.05793200060725212
2,LEFT_EAR,0.5729256272315979,0.34525367617607117,0.08667248487472534
2,RIGHT_EAR,0.5707231760025024,0.34457844495773315,-0.15111669898033142
2,MOUTH_LEFT,0.575131356716156,0.37571683526039124,0.0153754698112607
2,MOUTH_RIGHT,0.574407696723938,0.3749433159828186,-0.054079122841358185
2,LEFT_SHOULDER,0.5148985385894775,0.389870822429657,0.2522045373916626
2,RIGHT_SHOULDER,0.5338745713233948,0.39132949709892273,-0.2845380902290344
2,LEFT_ELBOW,0.5186538100242615,0.4921340048313141,0.28740495443344116
2,RIGHT_ELBOW,0.5359340906143188,0.4920499324798584,-0.3375941514968872
2,LEFT_WRIST,0.5536932945251465,0.5752502679824829,0.18918606638908386
2,RIGHT_WRIST,0.5651137232780457,0.5755016207695007,-0.2890240550041199
2,LEFT_PINKY,0.5645363330841064,0.6073295474052429,0.19627179205417633
2,RIGHT_PINKY,0.5736796855926514,0.5987715125083923,-0.33157509565353394
2,LEFT_INDEX,0.5712151527404785,0.6103419065475464,0.15449896454811096
2,RIGHT_INDEX,0.5783930420875549,0.5938605666160583,-0.3115288317203522
2,LEFT_THUMB,0.5660606622695923,0.5972014665603638,0.16673222184181213
2,RIGHT_THUMB,0.5743687748908997,0.5869292616844177,-0.27886420488357544
2,LEFT_HIP,0.44042497873306274,0.5602125525474548,0.1724829524755478
2,RIGHT_HIP,0.44788312911987305,0.5663502812385559,-0.172605961561203
2,LEFT_KNEE,0.46921053528785706,0.705233633518219,0.2752837538719177
2,RIGHT_KNEE,0.4679381251335144,0.7328144311904907,-0.1615748405456543
2,LEFT_ANKLE,0.45235395431518555,0.8364658355712891,0.4517625868320465
2,RIGHT_ANKLE,0.444908082485199,0.8878838419914246,-0.1318424642086029
2,LEFT_HEEL,0.4415959417819977,0.8444536924362183,0.46443527936935425
2,RIGHT_HEEL,0.4289877414703369,0.9117329716682434,-0.13768328726291656
2,LEFT_FOOT_INDEX,0.5005017518997192,0.8635811805725098,0.4170754849910736
2,RIGHT_FOOT_INDEX,0.5119120478630066,0.9099212884902954,-0.26693686842918396
3,NOSE,0.5868664979934692,0.36866387724876404,-0.022771267220377922
3,LEFT_EYE_INNER,0.5897855162620544,0.35404717922210693,-0.00316383084282279
3,LEFT_EYE,0.5887857675552368,0.3529972732067108,-0.0032588939648121595
3,LEFT_EYE_OUTER,0.5878068208694458,0.35177645087242126,-0.0032678130082786083
3,RIGHT_EYE_INNER,0.58942049741745,0.3540329337120056,-0.05619388073682785
3,RIGHT_EYE,0.5881028771400452,0.35308486223220825,-0.0562097504734993
3,RIGHT_EYE_OUTER,0.586672842502594,0.35195690393447876,-0.05631772428750992
3,LEFT_EAR,0.5731562376022339,0.34537070989608765,0.08963216096162796
3,RIGHT_EAR,0.5697144865989685,0.34436848759651184,-0.14846323430538177
3,MOUTH_LEFT,0.5751248002052307,0.3757101595401764,0.017616169527173042
3,MOUTH_RIGHT,0.5743861794471741,0.3749522268772125,-0.051868487149477005
3,LEFT_SHOULDER,0.5165173411369324,0.3898553252220154,0.25707072019577026
3,RIGHT_SHOULDER,0.5338557958602905,0.3906956613063812,-0.28372031450271606
3,LEFT_ELBOW,0.5227500200271606,0.49172043800354004,0.29406338930130005
3,RIGHT_ELBOW,0.5359054803848267,0.49201831221580505,-0.33697038888931274
3,LEFT_WRIST,0.5540755391120911,0.5748637914657593,0.19582036137580872
3,RIGHT_WRIST,0.5649539828300476,0.5752137899398804,-0.28940725326538086
3,LEFT_PINKY,0.5657116174697876,0.6073839068412781,0.2030959129333496
3,RIGHT_PINKY,0.5775586366653442,0.5987733006477356,-0.3318280279636383
3,LEFT_INDEX,0.5721578598022461,0.6103813648223877,0.16129495203495026
3,RIGHT_INDEX,0.5769668817520142,0.5938348770141602,-0.3119158148765564
3,LEFT_THUMB,0.5677348375320435,0.6019512414932251,0.17347852885723114
3,RIGHT_THUMB,0.5737776756286621,0.5866962671279907,-0.2792150378227234
3,LEFT_HIP,0.4407098889350891,0.5602246522903442,0.17285993695259094
3,RIGHT_HIP,0.4471784234046936,0.566615104675293,-0.17297354340553284
3,LEFT_KNEE,0.4698283076286316,0.7043914794921875,0.2744945287704468
3,RIGHT_KNEE,0.46909403800964355,0.7328061461448669,-0.1690424084663391
3,LEFT_ANKLE,0.45220938324928284,0.8354631662368774,0.45184749364852905
3,RIGHT_ANKLE,0.4449811577796936,0.8878660202026367,-0.15273623168468475
3,LEFT_HEEL,0.4387884736061096,0.8420931696891785,0.46461933851242065
3,RIGHT_HEEL,0.4289645552635193,0.9117341041564941,-0.15994198620319366
3,LEFT_FOOT_INDEX,0.5002557635307312,0.8619195818901062,0.4180900454521179
3,RIGHT_FOOT_INDEX,0.5138137936592102,0.909911036491394,-0.28807583451271057
4,NOSE,0.5857630372047424,0.3689226508140564,-0.021746328100562096
4,LEFT_EYE_INNER,0.5892102122306824,0.354104220867157,-0.002350984141230583
4,LEFT_EYE,0.588301956653595,0.35305947065353394,-0.0024458221159875393
4,LEFT_EYE_OUTER,0.5873976349830627,0.35185033082962036,-0.0024530678056180477
4,RIGHT_EYE_INNER,0.5888205766677856,0.35413968563079834,-0.05487406253814697
4,RIGHT_EYE,0.587488055229187,0.3532094955444336,-0.05489081144332886
4,RIGHT_EYE_OUTER,0.5859470367431641,0.35207924246788025,-0.05499865859746933
4,LEFT_EAR,0.5731831789016724,0.34571361541748047,0.09010421484708786
4,RIGHT_EAR,0.5689183473587036,0.3443912863731384,-0.14463353157043457
4,MOUTH_LEFT,0.57447350025177,0.375877320766449,0.01867193542420864
4,MOUTH_RIGHT,0.5737367868423462,0.3754226267337799,-0.049934860318899155
4,LEFT_SHOULDER,0.516585111618042,0.3897598385810852,0.25734227895736694
4,RIGHT_SHOULDER,0.5340250134468079,0.3908405900001526,-0.2811036705970764
4,LEFT_ELBOW,0.5227700471878052,0.4917365610599518,0.29261523485183716
4,RIGHT_ELBOW,0.5363200306892395,0.4921835958957672,-0.3358440101146698
4,LEFT_WRIST,0.551265299320221,0.5716947317123413,0.1937408447265625
4,RIGHT_WRIST,0.5647536516189575,0.5741747617721558,-0.28087204694747925
4,LEFT_PINKY,0.5596718192100525,0.6073719263076782,0.20045801997184753
4,RIGHT_PINKY,0.5749915838241577,0.5965057015419006,-0.32097843289375305
4,LEFT_INDEX,0.5655639171600342,0.6100395917892456,0.15988628566265106
4,RIGHT_INDEX,0.5763502717018127,0.5926952362060547,-0.3020397126674652
4,LEFT_THUMB,0.5625275373458862,0.6022038459777832,0.1718033254146576
4,RIGHT_THUMB,0.5734344720840454,0.5860872268676758,-0.27083417773246765
4,LEFT_HIP,0.4407408833503723,0.5604137182235718,0.17324861884117126
4,RIGHT_HIP,0.4471091330051422,0.5671299695968628,-0.17336919903755188
4,LEFT_KNEE,0.469113826751709,0.7079300284385681,0.272443026304245
4,RIGHT_KNEE,0.4693571925163269,0.7335084676742554,-0.16901031136512756
4,LEFT_ANKLE,0.45179352164268494,0.8365226984024048,0.44242677092552185
4,RIGHT_ANKLE,0.4449690878391266,0.8882902264595032,-0.15263542532920837
4,LEFT_HEEL,0.437934011220932,0.8444761037826538,0.4543830454349518
4,RIGHT_HEEL,0.4289120137691498,0.9118425250053406,-0.15974044799804688
4,LEFT_FOOT_INDEX,0.4997238516807556,0.8631652593612671,0.4074289798736572
4,RIGHT_FOOT_INDEX,0.5143526196479797,0.9101049304008484,-0.28606775403022766
5,NOSE,0.58551424741745,0.36922377347946167,-0.022316811606287956
5,LEFT_EYE_INNER,0.5891220569610596,0.3542444705963135,-0.0027856682427227497
5,LEFT_EYE,0.588249921798706,0.3532048165798187,-0.0028814079705625772
5,LEFT_EYE_OUTER,0.5873700976371765,0.35200563073158264,-0.0028812591917812824
5,RIGHT_EYE_INNER,0.588678240776062,0.354329377412796,-0.055977899581193924
5,RIGHT_EYE,0.5873210430145264,0.3534037470817566,-0.055992670357227325
5,RIGHT_EYE_OUTER,0.5856982469558716,0.352267324924469,-0.05609794333577156
5,LEFT_EAR,0.5733586549758911,0.3460453152656555,0.08913376927375793
5,RIGHT_EAR,0.5685340166091919,0.3444233238697052,-0.14592334628105164
5,MOUTH_LEFT,0.5743869543075562,0.3761349320411682,0.0182303749024868
5,MOUTH_RIGHT,0.573610782623291,0.37582501769065857,-0.05046018213033676
5,LEFT_SHOULDER,0.5176289677619934,0.3897850513458252,0.2572728395462036
5,RIGHT_SHOULDER,0.5340205430984497,0.39102041721343994,-0.2829299867153168
5,LEFT_ELBOW,0.5246203541755676,0.49112898111343384,0.2954670786857605
5,RIGHT_ELBOW,0.5360534191131592,0.49212342500686646,-0.33905312418937683
5,LEFT_WRIST,0.5529329180717468,0.5718915462493896,0.1940501630306244
5,RIGHT_WRIST,0.5646400451660156,0.5739560723304749,-0.29004645347595215
5,LEFT_PINKY,0.5620368719100952,0.607546865940094,0.200025275349617
5,RIGHT_PINKY,0.5736614465713501,0.5952720046043396,-0.3320104479789734
5,LEFT_INDEX,0.5672029852867126,0.6100620031356812,0.1595008820295334
5,RIGHT_INDEX,0.5760226249694824,0.5919804573059082,-0.3148285746574402
5,LEFT_THUMB,0.5644441843032837,0.6034196615219116,0.17203497886657715
5,RIGHT_THUMB,0.5732530951499939,0.5857042074203491,-0.2807477116584778
5,LEFT_HIP,0.441016286611557,0.5605716109275818,0.17415519058704376
5,RIGHT_HIP,0.4464876651763916,0.5677323937416077,-0.1742713451385498
5,LEFT_KNEE,0.47517460584640503,0.7091992497444153,0.2783223092556
5,RIGHT_KNEE,0.46986931562423706,0.7336263060569763,-0.17336931824684143
5,LEFT_ANKLE,0.45138734579086304,0.8397775888442993,0.4494165778160095
5,RIGHT_ANKLE,0.44500598311424255,0.8883354067802429,-0.1647399663925171
5,LEFT_HEEL,0.4367291331291199,0.8458675146102905,0.4615533947944641
5,RIGHT_HEEL,0.4288870692253113,0.9118437767028809,-0.1728057563304901
5,LEFT_FOOT_INDEX,0.5013014078140259,0.8627613186836243,0.41727370023727417
5,RIGHT_FOOT_INDEX,0.5151602625846863,0.9101822972297668,-0.30112841725349426
6,NOSE,0.5854796767234802,0.36935144662857056,-0.022529907524585724
6,LEFT_EYE_INNER,0.5891027450561523,0.3544706702232361,-0.003057728987187147
6,LEFT_EYE,0.5882384777069092,0.3534214496612549,-0.003153255209326744
6,LEFT_EYE_OUTER,0.5873638987541199,0.35220208764076233,-0.0031563895754516125
6,RIGHT_EYE_INNER,0.5886694192886353,0.3546338379383087,-0.05603394657373428
6,RIGHT_EYE,0.587317943572998,0.3537481427192688,-0.05604861304163933
6,RIGHT_EYE_OUTER,0.5856974720954895,0.3526330888271332,-0.056153304874897
6,LEFT_EAR,0.573451042175293,0.3461836874485016,0.08849810063838959
6,RIGHT_EAR,0.5685502290725708,0.34455999732017517,-0.14735068380832672
6,MOUTH_LEFT,0.5743812322616577,0.3761816918849945,0.017781317234039307
6,MOUTH_RIGHT,0.5736113786697388,0.3759468197822571,-0.050515759736299515
6,LEFT_SHOULDER,0.5181065797805786,0.38988545536994934,0.2561729848384857
6,RIGHT_SHOULDER,0.5341179966926575,0.3909660875797272,-0.28438347578048706
6,LEFT_ELBOW,0.5248783230781555,0.49111074209213257,0.2937374711036682
6,RIGHT_ELBOW,0.5360283851623535,0.4920710027217865,-0.33898574113845825
6,LEFT_WRIST,0.5537970066070557,0.5719915628433228,0.193342387676239
6,RIGHT_WRIST,0.5645004510879517,0.5737460851669312,-0.28586500883102417
6,LEFT_PINKY,0.5644903779029846,0.6075552701950073,0.19965007901191711
6,RIGHT_PINKY,0.5727168321609497,0.5953658819198608,-0.32718536257743835
6,LEFT_INDEX,0.5698071718215942,0.6100457906723022,0.15889418125152588
6,RIGHT_INDEX,0.5756415128707886,0.5915241837501526,-0.3088039755821228
6,LEFT_THUMB,0.5669673085212708,0.6037924289703369,0.17125271260738373
6,RIGHT_THUMB,0.572954535484314,0.5853849053382874,-0.27611881494522095
6,LEFT_HIP,0.4411051273345947,0.5609524250030518,0.17438861727714539
6,RIGHT_HIP,0.4461021423339844,0.5680868029594421,-0.17449888586997986
6,LEFT_KNEE,0.4723033308982849,0.7106658220291138,0.2763310670852661
6,RIGHT_KNEE,0.4701194167137146,0.7340227365493774,-0.17292460799217224
6,LEFT_ANKLE,0.4505879878997803,0.8419702649116516,0.4452662467956543
6,RIGHT_ANKLE,0.44507065415382385,0.8885743021965027,-0.16352351009845734
6,LEFT_HEEL,0.4344681203365326,0.8480833172798157,0.4570566713809967
6,RIGHT_HEEL,0.4289107918739319,0.9119668006896973,-0.17109164595603943
6,LEFT_FOOT_INDEX,0.5005595684051514,0.8661688566207886,0.4097343385219574
6,RIGHT_FOOT_INDEX,0.5155434608459473,0.9101784825325012,-0.29349571466445923
7,NOSE,0.5853946805000305,0.3694740831851959,-0.024124395102262497
7,LEFT_EYE_INNER,0.5890623927116394,0.35483136773109436,-0.004772472195327282
7,LEFT_EYE,0.588206946849823,0.353738009929657,-0.0048675816506147385
7,LEFT_EYE_OUTER,0.5873404145240784,0.3524620234966278,-0.004867720417678356
7,RIGHT_EYE_INNER,0.5886574387550354,0.35514840483665466,-0.05795646458864212
7,RIGHT_EYE,0.5873169898986816,0.3543245792388916,-0.057972002774477005
7,RIGHT_EYE_OUTER,0.5856993198394775,0.3532544672489166,-0.05808062478899956
7,LEFT_EAR,0.5735558271408081,0.3462454676628113,0.08677314221858978
7,RIGHT_EAR,0.568567156791687,0.3447735607624054,-0.15037210285663605
7,MOUTH_LEFT,0.5742725133895874,0.3761921525001526,0.016095880419015884
7,MOUTH_RIGHT,0.5735532641410828,0.37604138255119324,-0.05284930393099785
7,LEFT_SHOULDER,0.5186165571212769,0.38988932967185974,0.25501397252082825
7,RIGHT_SHOULDER,0.5342401266098022,0.39122116565704346,-0.2862909436225891
7,LEFT_ELBOW,0.5254645943641663,0.49110689759254456,0.2908613979816437
7,RIGHT_ELBOW,0.536048412322998,0.4921661913394928,-0.3397095203399658
7,LEFT_WRIST,0.5546438097953796,0.5720750093460083,0.19037410616874695
7,RIGHT_WRIST,0.5644989013671875,0.5738763213157654,-0.2857920527458191
7,LEFT_PINKY,0.5668894648551941,0.607574999332428,0.19699403643608093
7,RIGHT_PINKY,0.5763648748397827,0.5968618392944336,-0.32741862535476685
7,LEFT_INDEX,0.5725484490394592,0.6100567579269409,0.15576234459877014
7,RIGHT_INDEX,0.5754214525222778,0.5918362140655518,-0.3079587519168854
7,LEFT_THUMB,0.5693893432617188,0.6044637560844421,0.1682875156402588
7,RIGHT_THUMB,0.5728379487991333,0.5854226350784302,-0.27571290731430054
7,LEFT_HIP,0.4411203861236572,0.5612836480140686,0.17438215017318726
7,RIGHT_HIP,0.44586896896362305,0.5686808824539185,-0.17449358105659485
7,LEFT_KNEE,0.47094860672950745,0.7105024456977844,0.2771962285041809
7,RIGHT_KNEE,0.47015804052352905,0.7341729402542114,-0.17266586422920227
7,LEFT_ANKLE,0.4510365128517151,0.8420277833938599,0.4482017159461975
7,RIGHT_ANKLE,0.44508329033851624,0.8887807726860046,-0.15273696184158325
7,LEFT_HEEL,0.4357815682888031,0.8467194437980652,0.4595049023628235
7,RIGHT_HEEL,0.4289090633392334,0.9120321273803711,-0.15906457602977753
7,LEFT_FOOT_INDEX,0.5010247230529785,0.8670496940612793,0.4166415333747864
7,RIGHT_FOOT_INDEX,0.5156159996986389,0.9102166295051575,-0.2859233021736145
8,NOSE,0.5853912234306335,0.36975353956222534,-0.02667326293885708
8,LEFT_EYE_INNER,0.5890800952911377,0.35524120926856995,-0.007385759614408016
8,LEFT_EYE,0.5882276296615601,0.35412004590034485,-0.007480701897293329
8,LEFT_EYE_OUTER,0.5873647928237915,0.35280856490135193,-0.0074805403128266335
8,RIGHT_EYE_INNER,0.5887184143066406,0.3556591868400574,-0.060551129281520844
8,RIGHT_EYE,0.587417721748352,0.3548724055290222,-0.06056749075651169
8,RIGHT_EYE_OUTER,0.5858502388000488,0.3538370132446289,-0.060679156333208084
8,LEFT_EAR,0.5737398862838745,0.3463922142982483,0.08407111465930939
8,RIGHT_EAR,0.5687320828437805,0.3450818657875061,-0.1533711552619934
8,MOUTH_LEFT,0.5742658376693726,0.37628304958343506,0.013344320468604565
8,MOUTH_RIGHT,0.5735577344894409,0.3762367367744446,-0.0558808371424675
8,LEFT_SHOULDER,0.5187299251556396,0.3899591565132141,0.25126808881759644
8,RIGHT_SHOULDER,0.5343824028968811,0.3916056752204895,-0.2880306839942932
8,LEFT_ELBOW,0.5254502892494202,0.4910947382450104,0.2860613465309143
8,RIGHT_ELBOW,0.5360342264175415,0.4923592507839203,-0.34054094552993774
8,LEFT_WRIST,0.5553149580955505,0.5720985531806946,0.1847926527261734
8,RIGHT_WRIST,0.564490795135498,0.5738917589187622,-0.28516244888305664
8,LEFT_PINKY,0.568494439125061,0.6075893044471741,0.1912287473678589
8,RIGHT_PINKY,0.5777574181556702,0.5972496271133423,-0.3266589045524597
8,LEFT_INDEX,0.5745724439620972,0.6100854873657227,0.1496160626411438
8,RIGHT_INDEX,0.5753284096717834,0.5919503569602966,-0.30719658732414246
8,LEFT_THUMB,0.571042537689209,0.6048465967178345,0.16249319911003113
8,RIGHT_THUMB,0.5727775692939758,0.5854289531707764,-0.2751038670539856
8,LEFT_HIP,0.44112229347229004,0.5616644620895386,0.17436859011650085
8,RIGHT_HIP,0.4458419382572174,0.5693404078483582,-0.17448075115680695
8,LEFT_KNEE,0.4699856638908386,0.7110911011695862,0.27481067180633545
8,RIGHT_KNEE,0.4701041579246521,0.734860897064209,-0.1685270518064499
8,LEFT_ANKLE,0.45136579871177673,0.8436420559883118,0.4487946629524231
8,RIGHT_ANKLE,0.44510477781295776,0.8891069293022156,-0.13582506775856018
8,LEFT_HEEL,0.43633192777633667,0.8483309745788574,0.46079450845718384
8,RIGHT_HEEL,0.4289085268974304,0.9121667146682739,-0.14093735814094543
8,LEFT_FOOT_INDEX,0.5011938810348511,0.8680598139762878,0.41472935676574707
8,RIGHT_FOOT_INDEX,0.5155529975891113,0.910544216632843,-0.26677921414375305
9,NOSE,0.5853632688522339,0.36986011266708374,-0.026817049831151962
9,LEFT_EYE_INNER,0.5890793800354004,0.3555644154548645,-0.007450194098055363
9,LEFT_EYE,0.5882271528244019,0.35441866517066956,-0.007545526139438152
9,LEFT_EYE_OUTER,0.5873650908470154,0.35307154059410095,-0.007546059787273407
9,RIGHT_EYE_INNER,0.58873450756073,0.3560107350349426,-0.06058868020772934
9,RIGHT_EYE,0.5874596834182739,0.3552207350730896,-0.06060484051704407
9,RIGHT_EYE_OUTER,0.5859397649765015,0.35417479276657104,-0.06071805953979492
9,LEFT_EAR,0.5738045573234558,0.3464173376560211,0.08399724960327148
9,RIGHT_EAR,0.5688863396644592,0.34516260027885437,-0.1534370481967926
9,MOUTH_LEFT,0.5741432309150696,0.37629643082618713,0.01311458833515644
9,MOUTH_RIGHT,0.573506236076355,0.37627679109573364,-0.05621756240725517
9,LEFT_SHOULDER,0.5186994671821594,0.3901452124118805,0.2505682706832886
9,RIGHT_SHOULDER,0.5343809127807617,0.39183539152145386,-0.2884129583835602
9,LEFT_ELBOW,0.5254822373390198,0.4911118447780609,0.28533998131752014
9,RIGHT_ELBOW,0.536044716835022,0.492821604013443,-0.34176987409591675
9,LEFT_WRIST,0.558081328868866,0.5745368003845215,0.18464940786361694
9,RIGHT_WRIST,0.5643548369407654,0.5741232633590698,-0.28890126943588257
9,LEFT_PINKY,0.5692875385284424,0.6081889867782593,0.19119474291801453
9,RIGHT_PINKY,0.577869713306427,0.5998315811157227,-0.33068937063217163
9,LEFT_INDEX,0.575442910194397,0.6110233664512634,0.14968253672122955
9,RIGHT_INDEX,0.5798170566558838,0.5978745222091675,-0.31124046444892883
9,LEFT_THUMB,0.5716813206672668,0.6062909364700317,0.1624220907688141
9,RIGHT_THUMB,0.5722924470901489,0.5864418148994446,-0.27888843417167664
9,LEFT_HIP,0.44113507866859436,0.5619338154792786,0.17449946701526642
9,RIGHT_HIP,0.4458266794681549,0.5696042776107788,-0.17462046444416046
9,LEFT_KNEE,0.47013187408447266,0.7109023332595825,0.2767503559589386
9,RIGHT_KNEE,0.4702320098876953,0.7348506450653076,-0.16873349249362946
9,LEFT_ANKLE,0.45187944173812866,0.84209805727005,0.4607314467430115
9,RIGHT_ANKLE,0.4452051520347595,0.8893049359321594,-0.13702771067619324
9,LEFT_HEEL,0.4364261031150818,0.8473668098449707,0.4745325446128845
9,RIGHT_HEEL,0.42893242835998535,0.9123382568359375,-0.14229150116443634
9,LEFT_FOOT_INDEX,0.5018272995948792,0.8668691515922546,0.42618995904922485
9,RIGHT_FOOT_INDEX,0.5160617828369141,0.9105087518692017,-0.2703527808189392
10,NOSE,0.584856390953064,0.37001490592956543,-0.02626359835267067
10,LEFT_EYE_INNER,0.5888041257858276,0.3558045029640198,-0.006974051706492901
10,LEFT_EYE,0.5879422426223755,0.3546256422996521,-0.0070682791993021965
10,LEFT_EYE_OUTER,0.5870819687843323,0.35323837399482727,-0.007068456616252661
10,RIGHT_EYE_INNER,0.5886344313621521,0.3563595712184906,-0.060034703463315964
10,RIGHT_EYE,0.5874261856079102,0.35561636090278625,-0.060050785541534424
10,RIGHT_EYE_OUTER,0.5859423875808716,0.35461729764938354,-0.060169070959091187
10,LEFT_EAR,0.5737705826759338,0.3464355170726776,0.08385828137397766
10,RIGHT_EAR,0.5690242052078247,0.34538954496383667,-0.15323755145072937
10,MOUTH_LEFT,0.5735390782356262,0.3762897551059723,0.013203228823840618
10,MOUTH_RIGHT,0.5732048749923706,0.3762914538383484,-0.05612853169441223
10,LEFT_SHOULDER,0.5185801386833191,0.3901461958885193,0.24746379256248474
10,RIGHT_SHOULDER,0.5343994498252869,0.39229536056518555,-0.2890460789203644
10,LEFT_ELBOW,0.5255481004714966,0.491119921207428,0.2788502275943756
10,RIGHT_ELBOW,0.5379217863082886,0.49546390771865845,-0.3425878882408142
10,LEFT_WRIST,0.5579429268836975,0.5749520063400269,0.17976799607276917
10,RIGHT_WRIST,0.565078854560852,0.5774421691894531,-0.28695055842399597
10,LEFT_PINKY,0.5692671537399292,0.6088918447494507,0.18667373061180115
10,RIGHT_PINKY,0.5776017904281616,0.6017200350761414,-0.3281402885913849
10,LEFT_INDEX,0.5753790140151978,0.6119741797447205,0.14624948799610138
10,RIGHT_INDEX,0.5797480940818787,0.5991703271865845,-0.30893611907958984
10,LEFT_THUMB,0.5715361833572388,0.6073980927467346,0.1581164002418518
10,RIGHT_THUMB,0.572813093662262,0.5902470350265503,-0.2768945097923279
10,LEFT_HIP,0.4409259855747223,0.5625088214874268,0.1746913492679596
10,RIGHT_HIP,0.4458417296409607,0.5703833103179932,-0.17483392357826233
10,LEFT_KNEE,0.4698229432106018,0.7112435102462769,0.2832910120487213
10,RIGHT_KNEE,0.47021231055259705,0.7352370023727417,-0.1640433669090271
10,LEFT_ANKLE,0.4518524706363678,0.8416592478752136,0.47378411889076233
10,RIGHT_ANKLE,0.44521433115005493,0.8896976709365845,-0.12912996113300323
10,LEFT_HEEL,0.435474157333374,0.8489473462104797,0.4880456030368805
10,RIGHT_HEEL,0.4289363920688629,0.9126533269882202,-0.13431039452552795
10,LEFT_FOOT_INDEX,0.50141441822052,0.8664722442626953,0.4406275153160095
10,RIGHT_FOOT_INDEX,0.5160167217254639,0.9106696844100952,-0.260628879070282
11,NOSE,0.5841897130012512,0.37010201811790466,-0.02185082994401455
11,LEFT_EYE_INNER,0.5883302688598633,0.3559093475341797,-0.0027959432918578386
11,LEFT_EYE,0.5874483585357666,0.35471466183662415,-0.0028864885680377483
11,LEFT_EYE_OUTER,0.5865727663040161,0.35331326723098755,-0.002885474357753992
11,RIGHT_EYE_INNER,0.5883566737174988,0.35654395818710327,-0.05542115122079849
11,RIGHT_EYE,0.587232232093811,0.3558540642261505,-0.055435873568058014
11,RIGHT_EYE_OUTER,0.5858396291732788,0.35491397976875305,-0.05555972456932068
11,LEFT_EAR,0.5736293196678162,0.34646230936050415,0.0856119841337204
11,RIGHT_EAR,0.5690377950668335,0.34559664130210876,-0.15030160546302795
11,MOUTH_LEFT,0.5728610754013062,0.37628334760665894,0.016591953113675117
11,MOUTH_RIGHT,0.5728270411491394,0.37629589438438416,-0.052323855459690094
11,LEFT_SHOULDER,0.5185335874557495,0.3901467025279999,0.24749021232128143
11,RIGHT_SHOULDER,0.5343467593193054,0.3925948143005371,-0.2877005934715271
11,LEFT_ELBOW,0.5257034301757812,0.49114638566970825,0.27900412678718567
11,RIGHT_ELBOW,0.5385886430740356,0.4968188405036926,-0.34217724204063416
11,LEFT_WRIST,0.557839035987854,0.5753321647644043,0.1801663637161255
11,RIGHT_WRIST,0.5654938817024231,0.5791617631912231,-0.2863115668296814
11,LEFT_PINKY,0.5691500306129456,0.6096534729003906,0.18697431683540344
11,RIGHT_PINKY,0.57731693983078,0.6028268933296204,-0.3273560404777527
11,LEFT_INDEX,0.5752341747283936,0.6128397583961487,0.14642220735549927
11,RIGHT_INDEX,0.5796311497688293,0.599943220615387,-0.3076432943344116
11,LEFT_THUMB,0.5715137720108032,0.6082133054733276,0.158420592546463
11,RIGHT_THUMB,0.5731173753738403,0.5920717120170593,-0.276049941778183
11,LEFT_HIP,0.44068169593811035,0.5628441572189331,0.17470718920230865
11,RIGHT_HIP,0.4458698332309723,0.5706387758255005,-0.17485663294792175
11,LEFT_KNEE,0.4693354666233063,0.710742712020874,0.284229576587677
11,RIGHT_KNEE,0.4702315330505371,0.7352850437164307,-0.16321876645088196
11,LEFT_ANKLE,0.4514516294002533,0.8415279388427734,0.4713391363620758
11,RIGHT_ANKLE,0.44521817564964294,0.8898822665214539,-0.13091400265693665
11,LEFT_HEEL,0.4340660572052002,0.8503586649894714,0.48509225249290466
11,RIGHT_HEEL,0.42894673347473145,0.9127639532089233,-0.13620968163013458
11,LEFT_FOOT_INDEX,0.5008343458175659,0.866317093372345,0.4391130805015564
11,RIGHT_FOOT_INDEX,0.516108512878418,0.9106346368789673,-0.26171234250068665
12,NOSE,0.584145724773407,0.3702322840690613,-0.016417982056736946
12,LEFT_EYE_INNER,0.5882506370544434,0.3559457063674927,0.0007578404038213193
12,LEFT_EYE,0.5873443484306335,0.35474270582199097,0.0006645994144491851
12,LEFT_EYE_OUTER,0.5864297151565552,0.3533397614955902,0.0006447557243518531
12,RIGHT_EYE_INNER,0.5882992148399353,0.3567059636116028,-0.05059022456407547
12,RIGHT_EYE,0.5871771574020386,0.3561040759086609,-0.050605934113264084
12,RIGHT_EYE_OUTER,0.5858025550842285,0.35523712635040283,-0.050748635083436966
12,LEFT_EAR,0.5735812783241272,0.3466542065143585,0.08297141641378403
12,RIGHT_EAR,0.5690490007400513,0.34623318910598755,-0.1501755267381668
12,MOUTH_LEFT,0.5728552341461182,0.37630224227905273,0.018450012430548668
12,MOUTH_RIGHT,0.5728369355201721,0.37650424242019653,-0.04905861243605614
12,LEFT_SHOULDER,0.5157428979873657,0.39015886187553406,0.23197047412395477
12,RIGHT_SHOULDER,0.5342265963554382,0.39467695355415344,-0.28778311610221863
12,LEFT_ELBOW,0.520638108253479,0.4913443922996521,0.26156389713287354
12,RIGHT_ELBOW,0.5438824892044067,0.5035213828086853,-0.3411467671394348
12,LEFT_WRIST,0.5567928552627563,0.57718425989151,0.16333311796188354
12,RIGHT_WRIST,0.5687784552574158,0.5900030732154846,-0.2712051272392273
12,LEFT_PINKY,0.5613704919815063,0.6102068424224854,0.17043372988700867
12,RIGHT_PINKY,0.5784934163093567,0.612566351890564,-0.3071103096008301
12,LEFT_INDEX,0.569242000579834,0.6136094927787781,0.13249413669109344
12,RIGHT_INDEX,0.5810569524765015,0.6090578436851501,-0.2875841557979584
12,LEFT_THUMB,0.5655770301818848,0.6085546612739563,0.14251580834388733
12,RIGHT_THUMB,0.5764355063438416,0.6017242670059204,-0.2609209418296814
12,LEFT_HIP,0.4406862258911133,0.5662176012992859,0.17356128990650177
12,RIGHT_HIP,0.4476730227470398,0.5754320025444031,-0.17377999424934387
12,LEFT_KNEE,0.469564288854599,0.7143645286560059,0.2641009986400604
12,RIGHT_KNEE,0.4708104133605957,0.7353492975234985,-0.15539291501045227
12,LEFT_ANKLE,0.4511725902557373,0.843399703502655,0.4581168591976166
12,RIGHT_ANKLE,0.4464614987373352,0.889965832233429,-0.09912623465061188
12,LEFT_HEEL,0.4365667402744293,0.858176589012146,0.47321128845214844
12,RIGHT_HEEL,0.43014025688171387,0.9127317667007446,-0.10211582481861115
12,LEFT_FOOT_INDEX,0.5016574859619141,0.8708785772323608,0.42422065138816833
12,RIGHT_FOOT_INDEX,0.5160552859306335,0.9114416837692261,-0.2291766107082367
13,NOSE,0.5832796096801758,0.37028488516807556,-0.01676824875175953
13,LEFT_EYE_INNER,0.5874348878860474,0.35598909854888916,0.0006742280093021691
13,LEFT_EYE,0.5865044593811035,0.3548209071159363,0.000579213083256036
13,LEFT_EYE_OUTER,0.5855485200881958,0.3534737229347229,0.000568527786526829
13,RIGHT_EYE_INNER,0.5874200463294983,0.356732577085495,-0.051219839602708817
13,RIGHT_EYE,0.5862151384353638,0.35613518953323364,-0.05123598128557205
13,RIGHT_EYE_OUTER,0.5847367644309998,0.35527417063713074,-0.05137363076210022
13,LEFT_EAR,0.5731717348098755,0.34746038913726807,0.08289748430252075
13,RIGHT_EAR,0.5685706734657288,0.3464633822441101,-0.14228162169456482
13,MOUTH_LEFT,0.5723620653152466,0.37637752294540405,0.018347103148698807
13,MOUTH_RIGHT,0.5723427534103394,0.3766123652458191,-0.04902871325612068
13,LEFT_SHOULDER,0.515646755695343,0.39290651679039,0.23440799117088318
13,RIGHT_SHOULDER,0.5316293835639954,0.39463165402412415,-0.27571114897727966
13,LEFT_ELBOW,0.5227013230323792,0.49558138847351074,0.2658464312553406
13,RIGHT_ELBOW,0.5441004037857056,0.5035173296928406,-0.324363648891449
13,LEFT_WRIST,0.5567687153816223,0.5795090794563293,0.16626784205436707
13,RIGHT_WRIST,0.5690945386886597,0.5906498432159424,-0.25438517332077026
13,LEFT_PINKY,0.5607932209968567,0.6069644093513489,0.17200042307376862
13,RIGHT_PINKY,0.5783833861351013,0.6129028797149658,-0.2884674668312073
13,LEFT_INDEX,0.5686679482460022,0.6159778833389282,0.13356205821037292
13,RIGHT_INDEX,0.5808971524238586,0.6092885732650757,-0.27190035581588745
13,LEFT_THUMB,0.564787745475769,0.6100486516952515,0.14509060978889465
13,RIGHT_THUMB,0.5765877366065979,0.6020821332931519,-0.24501195549964905
13,LEFT_HIP,0.4405384063720703,0.568397045135498,0.17086420953273773
13,RIGHT_HIP,0.44895491003990173,0.576069176197052,-0.17110423743724823
13,LEFT_KNEE,0.4695540964603424,0.7146813273429871,0.24837274849414825
13,RIGHT_KNEE,0.47114530205726624,0.7353444695472717,-0.15620514750480652
13,LEFT_ANKLE,0.4507829248905182,0.8438277244567871,0.43368425965309143
13,RIGHT_ANKLE,0.4470289349555969,0.8901010751724243,-0.10803383588790894
13,LEFT_HEEL,0.43761688470840454,0.8596501350402832,0.44755372405052185
13,RIGHT_HEEL,0.4307347238063812,0.9127389788627625,-0.1121223121881485
13,LEFT_FOOT_INDEX,0.5011764764785767,0.8716346025466919,0.3965965807437897
13,RIGHT_FOOT_INDEX,0.516015887260437,0.9118162989616394,-0.2402990311384201
14,NOSE,0.5831705331802368,0.3703514039516449,-0.017119312658905983
14,LEFT_EYE_INNER,0.5873832106590271,0.3561176657676697,0.0006772948545403779
14,LEFT_EYE,0.5864467024803162,0.35497182607650757,0.0005819532088935375
14,LEFT_EYE_OUTER,0.5854803323745728,0.3536553382873535,0.0005654147244058549
14,RIGHT_EYE_INNER,0.5873693227767944,0.35681700706481934,-0.05077642947435379
14,RIGHT_EYE,0.5861667990684509,0.35619476437568665,-0.05079113319516182
14,RIGHT_EYE_OUTER,0.5846853256225586,0.35532087087631226,-0.050929855555295944
14,LEFT_EAR,0.5731431841850281,0.3476545512676239,0.08344507962465286
14,RIGHT_EAR,0.5685476064682007,0.34652167558670044,-0.14251723885536194
14,MOUTH_LEFT,0.5721302628517151,0.3764302730560303,0.018725519999861717
14,MOUTH_RIGHT,0.5721921324729919,0.3766154944896698,-0.048359308391809464
14,LEFT_SHOULDER,0.5153898596763611,0.3931926190853119,0.23590359091758728
14,RIGHT_SHOULDER,0.5309374332427979,0.3945981562137604,-0.27703508734703064
14,LEFT_ELBOW,0.5227301716804504,0.4967755377292633,0.2681751847267151
14,RIGHT_ELBOW,0.5437150597572327,0.5030394792556763,-0.3246496617794037
14,LEFT_WRIST,0.5567507743835449,0.5801631212234497,0.1683211624622345
14,RIGHT_WRIST,0.5691378712654114,0.5904000997543335,-0.2562063932418823
14,LEFT_PINKY,0.5590149760246277,0.610802173614502,0.17432262003421783
14,RIGHT_PINKY,0.5783135294914246,0.6129925847053528,-0.28945159912109375
14,LEFT_INDEX,0.5668094158172607,0.6168144941329956,0.1354101598262787
14,RIGHT_INDEX,0.5812102556228638,0.6106127500534058,-0.2723110318183899
14,LEFT_THUMB,0.5629053711891174,0.6106381416320801,0.1470108926296234
14,RIGHT_THUMB,0.576606810092926,0.6021947860717773,-0.24710388481616974
14,LEFT_HIP,0.4404732286930084,0.5687688589096069,0.1709671914577484
14,RIGHT_HIP,0.4492625296115875,0.5764659643173218,-0.17120465636253357
14,LEFT_KNEE,0.46943655610084534,0.7146345376968384,0.2555539011955261
14,RIGHT_KNEE,0.47143682837486267,0.735364556312561,-0.1567954272031784
14,LEFT_ANKLE,0.4506595730781555,0.8439151048660278,0.4408411979675293
14,RIGHT_ANKLE,0.4476090967655182,0.8902645111083984,-0.11221501976251602
14,LEFT_HEEL,0.4383013844490051,0.8601714968681335,0.45436567068099976
14,RIGHT_HEEL,0.4314422011375427,0.9127854108810425,-0.11660393327474594
14,LEFT_FOOT_INDEX,0.5007196068763733,0.8711862564086914,0.4058564305305481
14,RIGHT_FOOT_INDEX,0.5160938501358032,0.9120296239852905,-0.2451685667037964
15,NOSE,0.5832199454307556,0.3703380823135376,-0.007890029810369015
15,LEFT_EYE_INNER,0.587417483329773,0.3561217188835144,0.009347607381641865
15,LEFT_EYE,0.5864728093147278,0.3549764156341553,0.00925508327782154
15,LEFT_EYE_OUTER,0.5854928493499756,0.35366421937942505,0.00923275388777256
15,RIGHT_EYE_INNER,0.5874122381210327,0.356819212436676,-0.042040854692459106
15,RIGHT_EYE,0.5862088203430176,0.3561954200267792,-0.04205486923456192
15,RIGHT_EYE_OUTER,0.5847236514091492,0.35532113909721375,-0.04219898581504822
15,LEFT_EAR,0.5731576681137085,0.34765544533729553,0.0874529629945755
15,RIGHT_EAR,0.5685837268829346,0.34656795859336853,-0.14084435999393463
15,MOUTH_LEFT,0.5721343755722046,0.37643012404441833,0.026682555675506592
15,MOUTH_RIGHT,0.572213888168335,0.37661468982696533,-0.040606532245874405
15,LEFT_SHOULDER,0.5135255455970764,0.3929590582847595,0.23620791733264923
15,RIGHT_SHOULDER,0.5313512086868286,0.3948104977607727,-0.2777755856513977
15,LEFT_ELBOW,0.517164409160614,0.49642667174339294,0.26946860551834106
15,RIGHT_ELBOW,0.5434851050376892,0.5027397871017456,-0.3275647759437561
15,LEFT_WRIST,0.5519009232521057,0.5789853930473328,0.1692310869693756
15,RIGHT_WRIST,0.5692027807235718,0.5898047685623169,-0.26011785864830017
15,LEFT_PINKY,0.5563467741012573,0.6108148694038391,0.17459702491760254
15,RIGHT_PINKY,0.5782411098480225,0.6126500368118286,-0.2919408679008484
15,LEFT_INDEX,0.5644250512123108,0.6164599657058716,0.13766947388648987
15,RIGHT_INDEX,0.5814641714096069,0.6105691194534302,-0.2739759087562561
15,LEFT_THUMB,0.5607693791389465,0.6105142831802368,0.1472594439983368
15,RIGHT_THUMB,0.5766898989677429,0.6013468503952026,-0.24992886185646057
15,LEFT_HIP,0.4398593306541443,0.5685920715332031,0.1711065024137497
15,RIGHT_HIP,0.44965028762817383,0.5767327547073364,-0.17135976254940033
15,LEFT_KNEE,0.4689691960811615,0.7140745520591736,0.2598561644554138
15,RIGHT_KNEE,0.4717995524406433,0.7353641986846924,-0.15704645216464996
15,LEFT_ANKLE,0.4505685269832611,0.8436135053634644,0.44423040747642517
15,RIGHT_ANKLE,0.44794711470603943,0.8904013633728027,-0.11410621553659439
15,LEFT_HEEL,0.4349387288093567,0.8579603433609009,0.45772799849510193
15,RIGHT_HEEL,0.4319048821926117,0.9128291010856628,-0.11856891959905624
15,LEFT_FOOT_INDEX,0.4982852041721344,0.8696907758712769,0.40998703241348267
15,RIGHT_FOOT_INDEX,0.5162249803543091,0.9120453000068665,-0.2458733767271042
16,NOSE,0.5832274556159973,0.37038454413414,-0.010128500871360302
16,LEFT_EYE_INNER,0.5874385237693787,0.3561456501483917,0.007445064373314381
16,LEFT_EYE,0.5864853262901306,0.35500630736351013,0.007353296969085932
16,LEFT_EYE_OUTER,0.5854968428611755,0.3537076711654663,0.007332800887525082
16,RIGHT_EYE_INNER,0.5874307751655579,0.3568362593650818,-0.043944235891103745
16,RIGHT_EYE,0.5862153768539429,0.35621270537376404,-0.04395951330661774
16,RIGHT_EYE_OUTER,0.5847322940826416,0.35534244775772095,-0.04409840330481529
16,LEFT_EAR,0.5731595158576965,0.34771767258644104,0.08726225793361664
16,RIGHT_EAR,0.5685734748840332,0.3466201424598694,-0.14139226078987122
16,MOUTH_LEFT,0.5721375942230225,0.3764527440071106,0.02527598664164543
16,MOUTH_RIGHT,0.5722328424453735,0.37663760781288147,-0.04203536733984947
16,LEFT_SHOULDER,0.5135889649391174,0.39315158128738403,0.2370654046535492
16,RIGHT_SHOULDER,0.5312682390213013,0.39481544494628906,-0.2783430516719818
16,LEFT_ELBOW,0.5180050134658813,0.4966762959957123,0.27020663022994995
16,RIGHT_ELBOW,0.5432913899421692,0.5024341940879822,-0.32872122526168823
16,LEFT_WRIST,0.5527361631393433,0.5792810320854187,0.17027351260185242
16,RIGHT_WRIST,0.5691286325454712,0.5892456769943237,-0.26757922768592834
16,LEFT_PINKY,0.5570850968360901,0.6111180186271667,0.17598558962345123
16,RIGHT_PINKY,0.5781146883964539,0.6122371554374695,-0.3021117150783539
16,LEFT_INDEX,0.5649374723434448,0.6163596510887146,0.13840645551681519
16,RIGHT_INDEX,0.5814100503921509,0.6103016138076782,-0.2841196060180664
16,LEFT_THUMB,0.5612136125564575,0.6101990342140198,0.14841297268867493
16,RIGHT_THUMB,0.5766444206237793,0.6011582016944885,-0.25771671533584595
16,LEFT_HIP,0.4398612082004547,0.568649172782898,0.17118346691131592
16,RIGHT_HIP,0.44979602098464966,0.576968252658844,-0.1714330017566681
16,LEFT_KNEE,0.4689759314060211,0.7140363454818726,0.2621517777442932
16,RIGHT_KNEE,0.4720531105995178,0.7353622317314148,-0.15746495127677917
16,LEFT_ANKLE,0.45055562257766724,0.8431180119514465,0.44585761427879333
16,RIGHT_ANKLE,0.4480525851249695,0.890403151512146,-0.11664608865976334
16,LEFT_HEEL,0.434781551361084,0.8566814661026001,0.4592636525630951
16,RIGHT_HEEL,0.43208789825439453,0.91283118724823,-0.12162897735834122
16,LEFT_FOOT_INDEX,0.49731916189193726,0.8687165379524231,0.4121435582637787
16,RIGHT_FOOT_INDEX,0.5163240432739258,0.9120606184005737,-0.2508617043495178
17,NOSE,0.5832327008247375,0.37036970257759094,-0.008969109505414963
17,LEFT_EYE_INNER,0.5874431133270264,0.35614603757858276,0.008545134216547012
17,LEFT_EYE,0.5864901542663574,0.3550083041191101,0.0084504010155797
17,LEFT_EYE_OUTER,0.5855008959770203,0.3537108600139618,0.008428935892879963
17,RIGHT_EYE_INNER,0.5874314308166504,0.3568342626094818,-0.04263395443558693
17,RIGHT_EYE,0.5862125158309937,0.3562105894088745,-0.04264680668711662
17,RIGHT_EYE_OUTER,0.5847223997116089,0.3553414046764374,-0.04278552532196045
17,LEFT_EAR,0.5731589794158936,0.34772294759750366,0.08764433115720749
17,RIGHT_EAR,0.5685715079307556,0.3466496467590332,-0.1410267949104309
17,MOUTH_LEFT,0.5721427798271179,0.3764587342739105,0.02610735595226288
17,MOUTH_RIGHT,0.5722498297691345,0.376648485660553,-0.04098935052752495
17,LEFT_SHOULDER,0.5135551691055298,0.39336150884628296,0.23748448491096497
17,RIGHT_SHOULDER,0.5312402844429016,0.3948270082473755,-0.2787787914276123
17,LEFT_ELBOW,0.5194813013076782,0.4971136152744293,0.26930832862854004
17,RIGHT_ELBOW,0.5431392192840576,0.5022090673446655,-0.32959645986557007
17,LEFT_WRIST,0.5535902380943298,0.5798258185386658,0.17059677839279175
17,RIGHT_WRIST,0.5690797567367554,0.5890236496925354,-0.27092766761779785
17,LEFT_PINKY,0.5572131872177124,0.6040799021720886,0.17680351436138153
17,RIGHT_PINKY,0.5780084133148193,0.6121106147766113,-0.30662912130355835
17,LEFT_INDEX,0.5654819011688232,0.6165534257888794,0.1388792246580124
17,RIGHT_INDEX,0.5813632011413574,0.6102811694145203,-0.2882244288921356
17,LEFT_THUMB,0.5617090463638306,0.610387921333313,0.14907291531562805
17,RIGHT_THUMB,0.5766247510910034,0.6011487245559692,-0.2611177861690521
17,LEFT_HIP,0.4396376609802246,0.5689239501953125,0.1712144911289215
17,RIGHT_HIP,0.44988617300987244,0.5773073434829712,-0.17146311700344086
17,LEFT_KNEE,0.46896934509277344,0.7141188979148865,0.26270610094070435
17,RIGHT_KNEE,0.4723016321659088,0.73537278175354,-0.1577225625514984
17,LEFT_ANKLE,0.4504725933074951,0.8428003191947937,0.4518401622772217
17,RIGHT_ANKLE,0.44810476899147034,0.890400767326355,-0.11729302257299423
17,LEFT_HEEL,0.4343927800655365,0.8559664487838745,0.4660659432411194
17,RIGHT_HEEL,0.43218445777893066,0.9128238558769226,-0.12224669754505157
17,LEFT_FOOT_INDEX,0.49683523178100586,0.8680934906005859,0.4195192754268646
17,RIGHT_FOOT_INDEX,0.5163672566413879,0.9120612144470215,-0.25131407380104065
18,NOSE,0.5833735466003418,0.37037134170532227,-0.009608011692762375
18,LEFT_EYE_INNER,0.5874849557876587,0.3561444878578186,0.008005435578525066
18,LEFT_EYE,0.5865305662155151,0.3550092577934265,0.007910951972007751
18,LEFT_EYE_OUTER,0.5855355858802795,0.35371366143226624,0.00788936112076044
18,RIGHT_EYE_INNER,0.5874513983726501,0.35682791471481323,-0.0431242510676384
18,RIGHT_EYE,0.586224377155304,0.3562033772468567,-0.04313777759671211
18,RIGHT_EYE_OUTER,0.5847271680831909,0.35533398389816284,-0.0432736761868
18,LEFT_EAR,0.5731910467147827,0.34772422909736633,0.0875249058008194
18,RIGHT_EAR,0.5685788989067078,0.34665027260780334,-0.14131230115890503
18,MOUTH_LEFT,0.5723152160644531,0.3764849305152893,0.02553243562579155
18,MOUTH_RIGHT,0.5724663138389587,0.37667757272720337,-0.04152156785130501
18,LEFT_SHOULDER,0.5135834813117981,0.39395153522491455,0.23689348995685577
18,RIGHT_SHOULDER,0.5312327742576599,0.3948183059692383,-0.2790296673774719
18,LEFT_ELBOW,0.5202963948249817,0.49716758728027344,0.2675492763519287
18,RIGHT_ELBOW,0.5430933237075806,0.5020677447319031,-0.3303850591182709
18,LEFT_WRIST,0.553903341293335,0.5800163745880127,0.17023465037345886
18,RIGHT_WRIST,0.5690599083900452,0.5887768864631653,-0.271259605884552
18,LEFT_PINKY,0.5574353933334351,0.6013363003730774,0.17677195370197296
18,RIGHT_PINKY,0.5779265761375427,0.6119911074638367,-0.30765968561172485
18,LEFT_INDEX,0.5661725997924805,0.6164849996566772,0.13880586624145508
18,RIGHT_INDEX,0.5813263654708862,0.6100544929504395,-0.28897523880004883
18,LEFT_THUMB,0.5623448491096497,0.6102821826934814,0.14904126524925232
18,RIGHT_THUMB,0.5766008496284485,0.6009482145309448,-0.26136624813079834
18,LEFT_HIP,0.43955540657043457,0.5690122842788696,0.1711481511592865
18,RIGHT_HIP,0.44986778497695923,0.5775328874588013,-0.17139515280723572
18,LEFT_KNEE,0.468980073928833,0.7141531705856323,0.2649375796318054
18,RIGHT_KNEE,0.47241538763046265,0.735396683216095,-0.15757551789283752
18,LEFT_ANKLE,0.45046934485435486,0.8424709439277649,0.45868006348609924
18,RIGHT_ANKLE,0.44812527298927307,0.890399158000946,-0.11762706190347672
18,LEFT_HEEL,0.4347735345363617,0.8554341197013855,0.47339504957199097
18,RIGHT_HEEL,0.4322281777858734,0.912818431854248,-0.12247999757528305
18,LEFT_FOOT_INDEX,0.4975240230560303,0.8678334951400757,0.42752307653427124
18,RIGHT_FOOT_INDEX,0.5163652300834656,0.9120360612869263,-0.24965636432170868
19,NOSE,0.5835388898849487,0.3704425096511841,-0.009156400337815285
19,LEFT_EYE_INNER,0.587547242641449,0.3561483919620514,0.00846785120666027
19,LEFT_EYE,0.5865846276283264,0.3550143241882324,0.008373124524950981
19,LEFT_EYE_OUTER,0.5855792164802551,0.3537200689315796,0.008349407464265823
19,RIGHT_EYE_INNER,0.5875064730644226,0.3568347096443176,-0.04279085248708725
19,RIGHT_EYE,0.5862708687782288,0.35621345043182373,-0.04280366376042366
19,RIGHT_EYE_OUTER,0.5847676396369934,0.3553507328033447,-0.04293859004974365
19,LEFT_EAR,0.573265016078949,0.3477519452571869,0.08753537386655807
19,RIGHT_EAR,0.5686278343200684,0.3467318117618561,-0.14151540398597717
19,MOUTH_LEFT,0.5724513530731201,0.3766339421272278,0.025742510333657265
19,MOUTH_RIGHT,0.5726167559623718,0.37698423862457275,-0.04143774136900902
19,LEFT_SHOULDER,0.5135554075241089,0.3939277231693268,0.2368447333574295
19,RIGHT_SHOULDER,0.5312483310699463,0.3952847123146057,-0.27926740050315857
19,LEFT_ELBOW,0.5203426480293274,0.49711164832115173,0.26763635873794556
19,RIGHT_ELBOW,0.5430060625076294,0.5019487142562866,-0.3312581777572632
19,LEFT_WRIST,0.554132342338562,0.580017626285553,0.1701127290725708
19,RIGHT_WRIST,0.5690197944641113,0.5888510942459106,-0.27406102418899536
19,LEFT_PINKY,0.5578522682189941,0.6061047911643982,0.1766035556793213
19,RIGHT_PINKY,0.5778849124908447,0.6120215654373169,-0.31129688024520874
19,LEFT_INDEX,0.5662466883659363,0.6164342761039734,0.13869503140449524
19,RIGHT_INDEX,0.5813120603561401,0.6099691987037659,-0.2927822768688202
19,LEFT_THUMB,0.5623813271522522,0.6101624965667725,0.14908820390701294
19,RIGHT_THUMB,0.5765674114227295,0.600708544254303,-0.2642945945262909
19,LEFT_HIP,0.43955525755882263,0.5689714550971985,0.1711786687374115
19,RIGHT_HIP,0.4498465061187744,0.5775536298751831,-0.17142434418201447
19,LEFT_KNEE,0.4690116345882416,0.7142929434776306,0.26687830686569214
19,RIGHT_KNEE,0.4724690914154053,0.735413670539856,-0.15795332193374634
19,LEFT_ANKLE,0.4505954384803772,0.842241644859314,0.46326199173927307
19,RIGHT_ANKLE,0.4481421113014221,0.8903955221176147,-0.11773528158664703
19,LEFT_HEEL,0.43502289056777954,0.8551640510559082,0.4782024919986725
19,RIGHT_HEEL,0.4322856068611145,0.9128036499023438,-0.12273640930652618
19,LEFT_FOOT_INDEX,0.4980222284793854,0.8677161335945129,0.43286457657814026
19,RIGHT_FOOT_INDEX,0.5163610577583313,0.9119892120361328,-0.2500268518924713
20,NOSE,0.5836852788925171,0.3706638813018799,-0.011377803981304169
20,LEFT_EYE_INNER,0.5876127481460571,0.3562474846839905,0.006700851023197174
20,LEFT_EYE,0.5866430997848511,0.355114609003067,0.006602602545171976
20,LEFT_EYE_OUTER,0.5856330394744873,0.3538239598274231,0.0065797255374491215
20,RIGHT_EYE_INNER,0.5875717401504517,0.35693952441215515,-0.04494467005133629
20,RIGHT_EYE,0.5863262414932251,0.3563166558742523,-0.04495622217655182
20,RIGHT_EYE_OUTER,0.5848156809806824,0.35545405745506287,-0.04508843272924423
20,LEFT_EAR,0.5733791589736938,0.34791186451911926,0.08726860582828522
20,RIGHT_EAR,0.5686426162719727,0.3468392789363861,-0.14309006929397583
20,MOUTH_LEFT,0.5725430250167847,0.37693876028060913,0.02428332529962063
20,MOUTH_RIGHT,0.5727235674858093,0.3774111270904541,-0.04333947226405144
20,LEFT_SHOULDER,0.5135710835456848,0.393915593624115,0.2370854616165161
20,RIGHT_SHOULDER,0.5311230421066284,0.39548325538635254,-0.2806374430656433
20,LEFT_ELBOW,0.521584153175354,0.4956389367580414,0.2676932215690613
20,RIGHT_ELBOW,0.5423997640609741,0.5019305348396301,-0.3348831534385681
20,LEFT_WRIST,0.5545104742050171,0.5800334215164185,0.1702425181865692
20,RIGHT_WRIST,0.5689207315444946,0.5886868238449097,-0.2812166213989258
20,LEFT_PINKY,0.558281421661377,0.6020570993423462,0.17643173038959503
20,RIGHT_PINKY,0.5775665044784546,0.611869752407074,-0.3201659321784973
20,LEFT_INDEX,0.5663534998893738,0.6164056658744812,0.1382710188627243
20,RIGHT_INDEX,0.5804709196090698,0.6097437739372253,-0.30232685804367065
20,LEFT_THUMB,0.5624991059303284,0.6100998520851135,0.14920347929000854
20,RIGHT_THUMB,0.5764296054840088,0.6005585193634033,-0.2717486023902893
20,LEFT_HIP,0.43960896134376526,0.5690124034881592,0.1712212860584259
20,RIGHT_HIP,0.4498276710510254,0.5775378942489624,-0.17146621644496918
20,LEFT_KNEE,0.4690418243408203,0.7146120071411133,0.2681426405906677
20,RIGHT_KNEE,0.4725942015647888,0.7354335188865662,-0.15934495627880096
20,LEFT_ANKLE,0.45066484808921814,0.8421837091445923,0.4626709520816803
20,RIGHT_ANKLE,0.4481806755065918,0.8903924226760864,-0.12343404442071915
20,LEFT_HEEL,0.43528932332992554,0.8548280000686646,0.47732633352279663
20,RIGHT_HEEL,0.43236619234085083,0.912788987159729,-0.1288461983203888
20,LEFT_FOOT_INDEX,0.49834123253822327,0.8676871061325073,0.4315195679664612
20,RIGHT_FOOT_INDEX,0.516391396522522,0.9119652509689331,-0.25670096278190613
21,NOSE,0.5836941599845886,0.37070751190185547,-0.017640866339206696
21,LEFT_EYE_INNER,0.5876185297966003,0.3562578558921814,0.001161252148449421
21,LEFT_EYE,0.5866495966911316,0.3551284968852997,0.001059559639543295
21,LEFT_EYE_OUTER,0.5856395959854126,0.35384267568588257,0.001036813948303461
21,RIGHT_EYE_INNER,0.5875650644302368,0.3569437861442566,-0.05062084272503853
21,RIGHT_EYE,0.5863051414489746,0.3563188910484314,-0.05063357949256897
21,RIGHT_EYE_OUTER,0.5847748517990112,0.3554547429084778,-0.05076523870229721
21,LEFT_EAR,0.573431134223938,0.3479716181755066,0.08540518581867218
21,RIGHT_EAR,0.5685849785804749,0.3468420207500458,-0.14597734808921814
21,MOUTH_LEFT,0.5725481510162354,0.37703612446784973,0.0194622240960598
21,MOUTH_RIGHT,0.5727258920669556,0.3775080740451813,-0.04835381358861923
21,LEFT_SHOULDER,0.5136086344718933,0.3939381241798401,0.2371656447649002
21,RIGHT_SHOULDER,0.5307217240333557,0.39548352360725403,-0.2823190689086914
21,LEFT_ELBOW,0.5226579308509827,0.4947871267795563,0.26786914467811584
21,RIGHT_ELBOW,0.5418973565101624,0.5016576051712036,-0.3367988169193268
21,LEFT_WRIST,0.5546678900718689,0.5801334381103516,0.16981838643550873
21,RIGHT_WRIST,0.5687985420227051,0.5885624289512634,-0.283239483833313
21,LEFT_PINKY,0.5583228468894958,0.6007198691368103,0.17510999739170074
21,RIGHT_PINKY,0.5773314237594604,0.6117573976516724,-0.3225722312927246
21,LEFT_INDEX,0.5664606094360352,0.6164101958274841,0.13678167760372162
21,RIGHT_INDEX,0.5800327062606812,0.6097038388252258,-0.3053702414035797
21,LEFT_THUMB,0.5626007318496704,0.6100692749023438,0.14875167608261108
21,RIGHT_THUMB,0.576363742351532,0.6004763245582581,-0.2739642858505249
21,LEFT_HIP,0.43974772095680237,0.569072425365448,0.1713370978832245
21,RIGHT_HIP,0.4497886300086975,0.5775579810142517,-0.1715819239616394
21,LEFT_KNEE,0.4690644145011902,0.7147886753082275,0.2721514105796814
21,RIGHT_KNEE,0.47272324562072754,0.7354816794395447,-0.16233916580677032
21,LEFT_ANKLE,0.4507260322570801,0.8420742154121399,0.47160935401916504
21,RIGHT_ANKLE,0.44826292991638184,0.8903973698616028,-0.1274256557226181
21,LEFT_HEEL,0.43539825081825256,0.8540438413619995,0.4867486357688904
21,RIGHT_HEEL,0.4324817657470703,0.9127863049507141,-0.1329433023929596
21,LEFT_FOOT_INDEX,0.49858346581459045,0.8676357269287109,0.43994250893592834
21,RIGHT_FOOT_INDEX,0.5164331793785095,0.9119613766670227,-0.2624315619468689
22,NOSE,0.5832293629646301,0.37093567848205566,-0.020193394273519516
22,LEFT_EYE_INNER,0.5872517824172974,0.3564402759075165,-0.0007853253046050668
22,LEFT_EYE,0.5863503217697144,0.3553156554698944,-0.0008900826796889305
22,LEFT_EYE_OUTER,0.5853992700576782,0.35402601957321167,-0.0009097870206460357
22,RIGHT_EYE_INNER,0.5870402455329895,0.357058048248291,-0.05288295820355415
22,RIGHT_EYE,0.5857438445091248,0.35639744997024536,-0.0528930202126503
22,RIGHT_EYE_OUTER,0.584168016910553,0.3555002510547638,-0.05302303284406662
22,LEFT_EAR,0.5734112858772278,0.348101407289505,0.08562218397855759
22,RIGHT_EAR,0.568242073059082,0.3468552827835083,-0.14619454741477966
22,MOUTH_LEFT,0.572282075881958,0.37728211283683777,0.018269557505846024
22,MOUTH_RIGHT,0.572331964969635,0.3776436448097229,-0.04990115016698837
22,LEFT_SHOULDER,0.5138107538223267,0.3939470946788788,0.24130603671073914
22,RIGHT_SHOULDER,0.5298286080360413,0.3949013948440552,-0.2825811803340912
22,LEFT_ELBOW,0.5243639945983887,0.4940478801727295,0.27773645520210266
22,RIGHT_ELBOW,0.5412018895149231,0.5001481175422668,-0.3393435776233673
22,LEFT_WRIST,0.5553609728813171,0.5801974534988403,0.17302310466766357
22,RIGHT_WRIST,0.5684729814529419,0.5870682001113892,-0.29340508580207825
22,LEFT_PINKY,0.5639550089836121,0.6011926531791687,0.1765136420726776
22,RIGHT_PINKY,0.5768445134162903,0.6112947463989258,-0.33474037051200867
22,LEFT_INDEX,0.5693330764770508,0.6165043711662292,0.13758976757526398
22,RIGHT_INDEX,0.5792936086654663,0.6088827848434448,-0.3191407024860382
22,LEFT_THUMB,0.565119743347168,0.610113263130188,0.1516178995370865
22,RIGHT_THUMB,0.5760560631752014,0.5997127890586853,-0.28481024503707886
22,LEFT_HIP,0.44063764810562134,0.5690513253211975,0.17198368906974792
22,RIGHT_HIP,0.4497022032737732,0.5774880647659302,-0.1722237765789032
22,LEFT_KNEE,0.4690764546394348,0.7147184610366821,0.28180915117263794
22,RIGHT_KNEE,0.4727362096309662,0.7354657649993896,-0.1709166169166565
22,LEFT_ANKLE,0.45079749822616577,0.8420379757881165,0.48560160398483276
22,RIGHT_ANKLE,0.44830775260925293,0.8904541730880737,-0.1473400890827179
22,LEFT_HEEL,0.43615683913230896,0.8525474667549133,0.5011265277862549
22,RIGHT_HEEL,0.43254178762435913,0.912792980670929,-0.1540638506412506
22,LEFT_FOOT_INDEX,0.49866947531700134,0.8676554560661316,0.45366939902305603
22,RIGHT_FOOT_INDEX,0.5164404511451721,0.912299633026123,-0.28688615560531616
23,NOSE,0.5829675197601318,0.3710602819919586,-0.036392971873283386
23,LEFT_EYE_INNER,0.5870575904846191,0.35663050413131714,-0.01598278060555458
23,LEFT_EYE,0.5862064957618713,0.3555297255516052,-0.016087327152490616
23,LEFT_EYE_OUTER,0.585299551486969,0.3542616069316864,-0.016097411513328552
23,RIGHT_EYE_INNER,0.5866940021514893,0.35716110467910767,-0.06844029575586319
23,RIGHT_EYE,0.5853427648544312,0.3564613461494446,-0.06845187395811081
23,RIGHT_EYE_OUTER,0.5836977958679199,0.35552749037742615,-0.06857441365718842
23,LEFT_EAR,0.5734290480613708,0.34832221269607544,0.08056925237178802
23,RIGHT_EAR,0.5679253339767456,0.3468518853187561,-0.15391285717487335
23,MOUTH_LEFT,0.5721002817153931,0.3773685693740845,0.005661278963088989
23,MOUTH_RIGHT,0.5719984173774719,0.3776765763759613,-0.06301576644182205
23,LEFT_SHOULDER,0.5147413015365601,0.3940798342227936,0.24185343086719513
23,RIGHT_SHOULDER,0.5281835198402405,0.3938348889350891,-0.2872021794319153
23,LEFT_ELBOW,0.5303069353103638,0.4944472908973694,0.28229719400405884
23,RIGHT_ELBOW,0.537568211555481,0.4964378774166107,-0.3460383415222168
23,LEFT_WRIST,0.5594965219497681,0.5815740823745728,0.1744399517774582
23,RIGHT_WRIST,0.5668026208877563,0.5830953121185303,-0.30586209893226624
23,LEFT_PINKY,0.5675586462020874,0.6014516949653625,0.1765689104795456
23,RIGHT_PINKY,0.5744630098342896,0.6085171699523926,-0.34891507029533386
23,LEFT_INDEX,0.5737621188163757,0.6166421175003052,0.13771793246269226
23,RIGHT_INDEX,0.578443169593811,0.6073632836341858,-0.3346930742263794
23,LEFT_THUMB,0.5691725015640259,0.6101905107498169,0.15266437828540802
23,RIGHT_THUMB,0.574367344379425,0.5967177748680115,-0.29782184958457947
23,LEFT_HIP,0.4421282708644867,0.5690292716026306,0.17234332859516144
23,RIGHT_HIP,0.4491443634033203,0.5772891640663147,-0.17256757616996765
23,LEFT_KNEE,0.4691402018070221,0.7146678566932678,0.2845262587070465
23,RIGHT_KNEE,0.4727358818054199,0.7354439496994019,-0.1728011667728424
23,LEFT_ANKLE,0.4508529603481293,0.8419915437698364,0.48658522963523865
23,RIGHT_ANKLE,0.448314368724823,0.8904549479484558,-0.14888162910938263
23,LEFT_HEEL,0.4368831515312195,0.8518096208572388,0.5017992258071899
23,RIGHT_HEEL,0.4325679838657379,0.9127925634384155,-0.1555667370557785
23,LEFT_FOOT_INDEX,0.4987673759460449,0.8677811622619629,0.4522096514701843
23,RIGHT_FOOT_INDEX,0.5163990259170532,0.9124349355697632,-0.28946396708488464
24,NOSE,0.5827412009239197,0.3719555139541626,-0.033392153680324554
24,LEFT_EYE_INNER,0.586976945400238,0.35743796825408936,-0.013227572664618492
24,LEFT_EYE,0.5861316919326782,0.3562791347503662,-0.013330238871276379
24,LEFT_EYE_OUTER,0.5852373242378235,0.3549521565437317,-0.013348260894417763
24,RIGHT_EYE_INNER,0.5866848230361938,0.35797521471977234,-0.06549812853336334
24,RIGHT_EYE,0.585350751876831,0.35725411772727966,-0.06551320105791092
24,RIGHT_EYE_OUTER,0.5837352275848389,0.3562996983528137,-0.06564316898584366
24,LEFT_EAR,0.5734311938285828,0.3486177325248718,0.080853171646595
24,RIGHT_EAR,0.5681372284889221,0.34725457429885864,-0.15351271629333496
24,MOUTH_LEFT,0.5718265175819397,0.37762895226478577,0.007262341678142548
24,MOUTH_RIGHT,0.5718705058097839,0.37782689929008484,-0.06131789833307266
24,LEFT_SHOULDER,0.5150038003921509,0.3942112326622009,0.24237172305583954
24,RIGHT_SHOULDER,0.5282506942749023,0.3944679796695709,-0.28668296337127686
24,LEFT_ELBOW,0.530773401260376,0.4942752718925476,0.2815280854701996
24,RIGHT_ELBOW,0.5391693711280823,0.49697741866111755,-0.3448313772678375
24,LEFT_WRIST,0.5604534149169922,0.5815799236297607,0.17735116183757782
24,RIGHT_WRIST,0.5671676993370056,0.5847430229187012,-0.3011413812637329
24,LEFT_PINKY,0.5688021183013916,0.60162752866745,0.18125607073307037
24,RIGHT_PINKY,0.5747449398040771,0.6099086403846741,-0.342671275138855
24,LEFT_INDEX,0.5758929252624512,0.6166330575942993,0.14167816936969757
24,RIGHT_INDEX,0.5784493684768677,0.6081537008285522,-0.3264158368110657
24,LEFT_THUMB,0.5691342949867249,0.601265549659729,0.15560656785964966
24,RIGHT_THUMB,0.5745136737823486,0.5980511903762817,-0.2922807037830353
24,LEFT_HIP,0.4421144127845764,0.5690075159072876,0.17234943807125092
24,RIGHT_HIP,0.4487651288509369,0.5769453048706055,-0.17257365584373474
24,LEFT_KNEE,0.46948447823524475,0.7146317958831787,0.2887667715549469
24,RIGHT_KNEE,0.4727323055267334,0.7354251146316528,-0.17276200652122498
24,LEFT_ANKLE,0.4510013461112976,0.8419284820556641,0.48314934968948364
24,RIGHT_ANKLE,0.44767826795578003,0.890274167060852,-0.1578468233346939
24,LEFT_HEEL,0.4370597302913666,0.8517869710922241,0.49786314368247986
24,RIGHT_HEEL,0.4316749572753906,0.9126125574111938,-0.1654464602470398
24,LEFT_FOOT_INDEX,0.49986928701400757,0.8676632046699524,0.4501766264438629
24,RIGHT_FOOT_INDEX,0.5157784223556519,0.912358283996582,-0.2959980368614197
25,NOSE,0.5826560854911804,0.37231484055519104,-0.03155992180109024
25,LEFT_EYE_INNER,0.5869544744491577,0.35774990916252136,-0.012144975364208221
25,LEFT_EYE,0.5861099362373352,0.3565640449523926,-0.012246222235262394
25,LEFT_EYE_OUTER,0.5852210521697998,0.3552080988883972,-0.012259438633918762
25,RIGHT_EYE_INNER,0.5866886973381042,0.3583546280860901,-0.0640004426240921
25,RIGHT_EYE,0.5853605270385742,0.3576347827911377,-0.06401241570711136
25,RIGHT_EYE_OUTER,0.5837969183921814,0.3566820025444031,-0.06413649022579193
25,LEFT_EAR,0.57346510887146,0.34872710704803467,0.0800381451845169
25,RIGHT_EAR,0.5683229565620422,0.34745949506759644,-0.152837872505188
25,MOUTH_LEFT,0.5717259645462036,0.3776366114616394,0.008295801468193531
25,MOUTH_RIGHT,0.5718070268630981,0.37785840034484863,-0.059741757810115814
25,LEFT_SHOULDER,0.5153490304946899,0.39426904916763306,0.2423449456691742
25,RIGHT_SHOULDER,0.5283190011978149,0.39485567808151245,-0.2865651249885559
25,LEFT_ELBOW,0.5314477682113647,0.49422162771224976,0.2808593213558197
25,RIGHT_ELBOW,0.5402460694313049,0.49742668867111206,-0.3438699543476105
25,LEFT_WRIST,0.561281144618988,0.581612765789032,0.1775733381509781
25,RIGHT_WRIST,0.5675765872001648,0.5857951045036316,-0.2998622953891754
25,LEFT_PINKY,0.5697290897369385,0.6017597913742065,0.18183811008930206
25,RIGHT_PINKY,0.5750768780708313,0.6107678413391113,-0.3406343162059784
25,LEFT_INDEX,0.5779502987861633,0.6166391372680664,0.1420706808567047
25,RIGHT_INDEX,0.5784802436828613,0.6085955500602722,-0.32277196645736694
25,LEFT_THUMB,0.5689844489097595,0.598236620426178,0.1558491289615631
25,RIGHT_THUMB,0.5747242569923401,0.5987712740898132,-0.2902657687664032
25,LEFT_HIP,0.44214120507240295,0.5689931511878967,0.17235562205314636
25,RIGHT_HIP,0.44842439889907837,0.5767409801483154,-0.17257976531982422
25,LEFT_KNEE,0.469716876745224,0.7145982384681702,0.2910653352737427
25,RIGHT_KNEE,0.47271013259887695,0.7354229688644409,-0.17232774198055267
25,LEFT_ANKLE,0.4511190354824066,0.8418928384780884,0.483038991689682
25,RIGHT_ANKLE,0.44723716378211975,0.8901479840278625,-0.157217875123024
25,LEFT_HEEL,0.43715962767601013,0.8517664670944214,0.4975361227989197
25,RIGHT_HEEL,0.43110451102256775,0.9124971628189087,-0.1647108942270279
25,LEFT_FOOT_INDEX,0.5006279945373535,0.8675054311752319,0.4506147503852844
25,RIGHT_FOOT_INDEX,0.5153557062149048,0.9122810363769531,-0.2945316731929779
26,NOSE,0.5823487043380737,0.37268564105033875,-0.03766537085175514
26,LEFT_EYE_INNER,0.5867689847946167,0.358037531375885,-0.018196240067481995
26,LEFT_EYE,0.5859497785568237,0.3568496108055115,-0.018297601491212845
26,LEFT_EYE_OUTER,0.5850926041603088,0.35549551248550415,-0.018303923308849335
26,RIGHT_EYE_INNER,0.5865424275398254,0.3585892617702484,-0.06966180354356766
26,RIGHT_EYE,0.5852603912353516,0.3578461706638336,-0.0696721225976944
26,RIGHT_EYE_OUTER,0.5837472677230835,0.3568666875362396,-0.06978613883256912
26,LEFT_EAR,0.5734692811965942,0.3490092158317566,0.07703010737895966
26,RIGHT_EAR,0.5683276653289795,0.3475706875324249,-0.1541062295436859
26,MOUTH_LEFT,0.5714356303215027,0.37778735160827637,0.003560201032087207
26,MOUTH_RIGHT,0.5715721845626831,0.3779147267341614,-0.06387806683778763
26,LEFT_SHOULDER,0.515821099281311,0.3945324420928955,0.242364764213562
26,RIGHT_SHOULDER,0.5280801653862,0.39488279819488525,-0.2865964472293854
26,LEFT_ELBOW,0.5347740054130554,0.4949595332145691,0.2821299433708191
26,RIGHT_ELBOW,0.5404599905014038,0.49747419357299805,-0.3433905243873596
26,LEFT_WRIST,0.5622240304946899,0.5819181203842163,0.1779237985610962
26,RIGHT_WRIST,0.5676279067993164,0.585921585559845,-0.2975676357746124
26,LEFT_PINKY,0.5707674622535706,0.6018738150596619,0.1818828135728836
26,RIGHT_PINKY,0.5748122334480286,0.6105764508247375,-0.3384755849838257
26,LEFT_INDEX,0.580536961555481,0.6167235970497131,0.14205223321914673
26,RIGHT_INDEX,0.5784470438957214,0.6085605621337891,-0.32272908091545105
26,LEFT_THUMB,0.5688076019287109,0.597644031047821,0.15602783858776093
26,RIGHT_THUMB,0.574449360370636,0.5986131429672241,-0.288701593875885
26,LEFT_HIP,0.4423072338104248,0.5690308809280396,0.1723402738571167
26,RIGHT_HIP,0.4480028748512268,0.5766487121582031,-0.17256119847297668
26,LEFT_KNEE,0.46995940804481506,0.7145715951919556,0.29089903831481934
26,RIGHT_KNEE,0.4726814329624176,0.7354278564453125,-0.17420561611652374
26,LEFT_ANKLE,0.4513963758945465,0.8418536186218262,0.48186707496643066
26,RIGHT_ANKLE,0.44701918959617615,0.8901185989379883,-0.16317829489707947
26,LEFT_HEEL,0.4373733103275299,0.851812481880188,0.496194452047348
26,RIGHT_HEEL,0.4308367371559143,0.912431538105011,-0.17115387320518494
26,LEFT_FOOT_INDEX,0.5015389919281006,0.8674213290214539,0.4487757682800293
26,RIGHT_FOOT_INDEX,0.5152000784873962,0.9122530221939087,-0.30268630385398865
27,NOSE,0.582260012626648,0.3732759356498718,-0.03556809201836586
27,LEFT_EYE_INNER,0.5867525935173035,0.358642041683197,-0.016522299498319626
27,LEFT_EYE,0.5859330892562866,0.3574039936065674,-0.016623605042696
27,LEFT_EYE_OUTER,0.5850780010223389,0.35599467158317566,-0.01662367768585682
27,RIGHT_EYE_INNER,0.5865446329116821,0.3592251241207123,-0.0683969259262085
27,RIGHT_EYE,0.5852815508842468,0.35846930742263794,-0.06840219348669052
27,RIGHT_EYE_OUTER,0.5838230848312378,0.3574748933315277,-0.06851322948932648
27,LEFT_EAR,0.5734716653823853,0.3492107689380646,0.07742136716842651
27,RIGHT_EAR,0.5684957504272461,0.34792259335517883,-0.1537655144929886
27,MOUTH_LEFT,0.571245551109314,0.37805259227752686,0.005083051510155201
27,MOUTH_RIGHT,0.5714658498764038,0.3781021237373352,-0.06280720978975296
27,LEFT_SHOULDER,0.5158929824829102,0.394563227891922,0.242335706949234
27,RIGHT_SHOULDER,0.5281457901000977,0.395376592874527,-0.2865338623523712
27,LEFT_ELBOW,0.5340768098831177,0.4946630895137787,0.28201040625572205
27,RIGHT_ELBOW,0.5407812595367432,0.4976845383644104,-0.3430927097797394
27,LEFT_WRIST,0.5622810125350952,0.5819507837295532,0.17780588567256927
27,RIGHT_WRIST,0.5677866339683533,0.5866627097129822,-0.29714828729629517
27,LEFT_PINKY,0.5709390044212341,0.6019741296768188,0.18188294768333435
27,RIGHT_PINKY,0.5751684904098511,0.6114941239356995,-0.3383256793022156
27,LEFT_INDEX,0.5798646807670593,0.6168859004974365,0.14202281832695007
27,RIGHT_INDEX,0.5785237550735474,0.6091594696044922,-0.32233065366744995
27,LEFT_THUMB,0.5687046647071838,0.5973509550094604,0.15594765543937683
27,RIGHT_THUMB,0.5747049450874329,0.5994763374328613,-0.28836047649383545
27,LEFT_HIP,0.4423452913761139,0.5690485239028931,0.1723342388868332
27,RIGHT_HIP,0.4476173520088196,0.5765527486801147,-0.17255526781082153
27,LEFT_KNEE,0.47032269835472107,0.7145683169364929,0.2903093099594116
27,RIGHT_KNEE,0.4727117121219635,0.7354103326797485,-0.17359082400798798
27,LEFT_ANKLE,0.4514284133911133,0.8418003916740417,0.48176899552345276
27,RIGHT_ANKLE,0.4467613697052002,0.8900439143180847,-0.15839523077011108
27,LEFT_HEEL,0.43745699524879456,0.8519314527511597,0.49620017409324646
27,RIGHT_HEEL,0.43056273460388184,0.9123495817184448,-0.16576716303825378
27,LEFT_FOOT_INDEX,0.5017075538635254,0.8674085736274719,0.4491065442562103
27,RIGHT_FOOT_INDEX,0.5149780511856079,0.9122452735900879,-0.29608795046806335
28,NOSE,0.5821377038955688,0.3736196458339691,-0.03360147401690483
28,LEFT_EYE_INNER,0.586691677570343,0.3590041399002075,-0.01463268417865038
28,LEFT_EYE,0.5858752727508545,0.35775449872016907,-0.0147333312779665
28,LEFT_EYE_OUTER,0.5850260853767395,0.35633277893066406,-0.014737484976649284
28,RIGHT_EYE_INNER,0.5865229368209839,0.3595619201660156,-0.06642575562000275
28,RIGHT_EYE,0.5852800607681274,0.3587859570980072,-0.06643278896808624
28,RIGHT_EYE_OUTER,0.5838314294815063,0.35777193307876587,-0.06654778867959976
28,LEFT_EAR,0.5734733939170837,0.34941428899765015,0.07787814736366272
28,RIGHT_EAR,0.5685344338417053,0.3481143116950989,-0.15333953499794006
28,MOUTH_LEFT,0.571098804473877,0.37826699018478394,0.006431234069168568
28,MOUTH_RIGHT,0.5713533163070679,0.3782368302345276,-0.061383605003356934
28,LEFT_SHOULDER,0.5161290764808655,0.3946601450443268,0.24231794476509094
28,RIGHT_SHOULDER,0.5281785130500793,0.3954142928123474,-0.2865068018436432
28,LEFT_ELBOW,0.5338303446769714,0.49465909600257874,0.28158801794052124
28,RIGHT_ELBOW,0.5408045053482056,0.4977175295352936,-0.3428773283958435
28,LEFT_WRIST,0.5626174211502075,0.5822054743766785,0.17773623764514923
28,RIGHT_WRIST,0.5677915811538696,0.5867583751678467,-0.2976606488227844
28,LEFT_PINKY,0.5713668465614319,0.6021957397460938,0.1818566620349884
28,RIGHT_PINKY,0.5749745965003967,0.6114624738693237,-0.3391895890235901
28,LEFT_INDEX,0.580356776714325,0.6172653436660767,0.14183449745178223
28,RIGHT_INDEX,0.5785194039344788,0.6091920137405396,-0.32372134923934937
28,LEFT_THUMB,0.5685981512069702,0.5975586175918579,0.1558855026960373
28,RIGHT_THUMB,0.5747276544570923,0.5995901823043823,-0.28912580013275146
28,LEFT_HIP,0.44243669509887695,0.5691251158714294,0.17212270200252533
28,RIGHT_HIP,0.4473654329776764,0.5764237642288208,-0.17233803868293762
28,LEFT_KNEE,0.4705513119697571,0.7145538926124573,0.28980323672294617
28,RIGHT_KNEE,0.47277146577835083,0.7353430390357971,-0.17311421036720276
28,LEFT_ANKLE,0.4514487683773041,0.8417692184448242,0.47919997572898865
28,RIGHT_ANKLE,0.4465141296386719,0.8899741172790527,-0.1565452516078949
28,LEFT_HEEL,0.4375177025794983,0.8521480560302734,0.4933927655220032
28,RIGHT_HEEL,0.43028178811073303,0.912272572517395,-0.16370877623558044
28,LEFT_FOOT_INDEX,0.5017443895339966,0.867382824420929,0.44535312056541443
28,RIGHT_FOOT_INDEX,0.5146875381469727,0.9122425317764282,-0.2935711741447449
29,NOSE,0.5819379091262817,0.37361881136894226,-0.03305694833397865
29,LEFT_EYE_INNER,0.5865119695663452,0.3590371310710907,-0.014026543125510216
29,LEFT_EYE,0.5857130885124207,0.35779908299446106,-0.014128215610980988
29,LEFT_EYE_OUTER,0.5848810076713562,0.35638654232025146,-0.014136028476059437
29,RIGHT_EYE_INNER,0.5864018201828003,0.3595713675022125,-0.06586675345897675
29,RIGHT_EYE,0.5852087140083313,0.35879215598106384,-0.06587584316730499
29,RIGHT_EYE_OUTER,0.58380126953125,0.3577753007411957,-0.0659961849451065
29,LEFT_EAR,0.5734644532203674,0.34945937991142273,0.07831446826457977
29,RIGHT_EAR,0.5685395002365112,0.3481212258338928,-0.15255914628505707
29,MOUTH_LEFT,0.5710252523422241,0.3782579302787781,0.006587590090930462
29,MOUTH_RIGHT,0.5712695121765137,0.37823134660720825,-0.06108871102333069
29,LEFT_SHOULDER,0.5163322687149048,0.3947552740573883,0.24275705218315125
29,RIGHT_SHOULDER,0.5281215906143188,0.39531609416007996,-0.28519919514656067
29,LEFT_ELBOW,0.5355552434921265,0.4954206049442291,0.2823181748390198
29,RIGHT_ELBOW,0.5408058762550354,0.49772128462791443,-0.342041552066803
29,LEFT_WRIST,0.5630499720573425,0.5824480652809143,0.17942304909229279
29,RIGHT_WRIST,0.5677509307861328,0.5867055058479309,-0.2970730662345886
29,LEFT_PINKY,0.5718098282814026,0.602626383304596,0.18348051607608795
29,RIGHT_PINKY,0.5744916200637817,0.6111047863960266,-0.33864879608154297
29,LEFT_INDEX,0.5813906788825989,0.6173730492591858,0.14287282526493073
29,RIGHT_INDEX,0.5783373117446899,0.6091727614402771,-0.32318341732025146
29,LEFT_THUMB,0.5685192942619324,0.5977693200111389,0.15745516121387482
29,RIGHT_THUMB,0.5741985440254211,0.5992372632026672,-0.28856125473976135
29,LEFT_HIP,0.4425524175167084,0.5691778063774109,0.17186088860034943
29,RIGHT_HIP,0.44731444120407104,0.5759922862052917,-0.17207249999046326
29,LEFT_KNEE,0.47075214982032776,0.7146276235580444,0.2883532643318176
29,RIGHT_KNEE,0.4728024899959564,0.7352576851844788,-0.17279690504074097
29,LEFT_ANKLE,0.451472669839859,0.8417806625366211,0.4736034870147705
29,RIGHT_ANKLE,0.44635194540023804,0.8899334073066711,-0.15635517239570618
29,LEFT_HEEL,0.43754324316978455,0.8525716066360474,0.48742327094078064
29,RIGHT_HEEL,0.43014296889305115,0.912223219871521,-0.16351017355918884
29,LEFT_FOOT_INDEX,0.5018072724342346,0.8673962354660034,0.4389726221561432
29,RIGHT_FOOT_INDEX,0.5145183205604553,0.9122329950332642,-0.2928428649902344
30,NOSE,0.581862211227417,0.37363967299461365,-0.033525824546813965
30,LEFT_EYE_INNER,0.5864841341972351,0.3591254651546478,-0.014396712183952332
30,LEFT_EYE,0.585691511631012,0.3579077124595642,-0.014495586976408958
30,LEFT_EYE_OUTER,0.5848664045333862,0.35650181770324707,-0.014501797966659069
30,RIGHT_EYE_INNER,0.5863902568817139,0.35961300134658813,-0.0661408007144928
30,RIGHT_EYE,0.5852088928222656,0.3588193655014038,-0.06614857167005539
30,RIGHT_EYE_OUTER,0.5838056206703186,0.3577890992164612,-0.06626266986131668
30,LEFT_EAR,0.5735019445419312,0.34952330589294434,0.07855425029993057
30,RIGHT_EAR,0.5685717463493347,0.34814244508743286,-0.15239857137203217
30,MOUTH_LEFT,0.5709947347640991,0.3782600462436676,0.0067823962308466434
30,MOUTH_RIGHT,0.5712113380432129,0.37823280692100525,-0.06087131425738335
30,LEFT_SHOULDER,0.5167648792266846,0.3948332667350769,0.2435155212879181
30,RIGHT_SHOULDER,0.5278261303901672,0.39443475008010864,-0.28504735231399536
30,LEFT_ELBOW,0.5368194580078125,0.495941162109375,0.2847517132759094
30,RIGHT_ELBOW,0.540701687335968,0.497511088848114,-0.3420494794845581
30,LEFT_WRIST,0.5636209845542908,0.5827492475509644,0.18187454342842102
30,RIGHT_WRIST,0.5676009654998779,0.5864220261573792,-0.30112364888191223
30,LEFT_PINKY,0.5724320411682129,0.6029994487762451,0.18563775718212128
30,RIGHT_PINKY,0.573996901512146,0.6104732751846313,-0.34380099177360535
30,LEFT_INDEX,0.5828661918640137,0.6173766851425171,0.14426258206367493
30,RIGHT_INDEX,0.5782483816146851,0.6090642213821411,-0.32862263917922974
30,LEFT_THUMB,0.568628191947937,0.5980201959609985,0.15968306362628937
30,RIGHT_THUMB,0.5738235116004944,0.5986554622650146,-0.29277467727661133
30,LEFT_HIP,0.4427185654640198,0.5691762566566467,0.1717713177204132
30,RIGHT_HIP,0.44725292921066284,0.5751932263374329,-0.1719781458377838
30,LEFT_KNEE,0.47083836793899536,0.7147007584571838,0.2859451472759247
30,RIGHT_KNEE,0.4728028178215027,0.7352055311203003,-0.17264989018440247
30,LEFT_ANKLE,0.45149070024490356,0.8418172597885132,0.46815571188926697
30,RIGHT_ANKLE,0.4462440609931946,0.8898441195487976,-0.15726438164710999
30,LEFT_HEEL,0.4375170171260834,0.8529370427131653,0.48162370920181274
30,RIGHT_HEEL,0.4300232529640198,0.9121777415275574,-0.16448305547237396
30,LEFT_FOOT_INDEX,0.5020040273666382,0.8674119114875793,0.43212777376174927
30,RIGHT_FOOT_INDEX,0.5144299268722534,0.9122112989425659,-0.2936968207359314
31,NOSE,0.5818106532096863,0.37358924746513367,-0.02660987712442875
31,LEFT_EYE_INNER,0.5864402055740356,0.3591284155845642,-0.00786002166569233
31,LEFT_EYE,0.5856457948684692,0.3579100966453552,-0.007958492264151573
31,LEFT_EYE_OUTER,0.5848233699798584,0.35650256276130676,-0.007962970994412899
31,RIGHT_EYE_INNER,0.5863868594169617,0.35961878299713135,-0.05964236706495285
31,RIGHT_EYE,0.5852142572402954,0.35882389545440674,-0.05964670330286026
31,RIGHT_EYE_OUTER,0.5838394165039062,0.3577921986579895,-0.059761859476566315
31,LEFT_EAR,0.5735148191452026,0.3495042026042938,0.08235528320074081
31,RIGHT_EAR,0.5686967372894287,0.34814363718032837,-0.14910444617271423
31,MOUTH_LEFT,0.5708962678909302,0.3782007098197937,0.012726893648505211
31,MOUTH_RIGHT,0.5711454153060913,0.3782149851322174,-0.05504566431045532
31,LEFT_SHOULDER,0.5167555212974548,0.39455825090408325,0.24458709359169006
31,RIGHT_SHOULDER,0.5278862714767456,0.3942846357822418,-0.2829952538013458
31,LEFT_ELBOW,0.5366726517677307,0.49563702940940857,0.2842973470687866
31,RIGHT_ELBOW,0.5407437086105347,0.49753332138061523,-0.34059083461761475
31,LEFT_WRIST,0.5635323524475098,0.5827113389968872,0.18184494972229004
31,RIGHT_WRIST,0.5676122307777405,0.5864556431770325,-0.3001779019832611
31,LEFT_PINKY,0.5722735524177551,0.6030443906784058,0.18620964884757996
31,RIGHT_PINKY,0.5743163824081421,0.6108566522598267,-0.3427670896053314
31,LEFT_INDEX,0.5825450420379639,0.6173720359802246,0.14519695937633514
31,RIGHT_INDEX,0.5782724618911743,0.6091576814651489,-0.3264589011669159
31,LEFT_THUMB,0.5686002373695374,0.5979136228561401,0.15983185172080994
31,RIGHT_THUMB,0.5740441083908081,0.5989838242530823,-0.2915131449699402
31,LEFT_HIP,0.442719042301178,0.5690858960151672,0.17177268862724304
31,RIGHT_HIP,0.4473010003566742,0.5748212933540344,-0.1719803512096405
31,LEFT_KNEE,0.47086992859840393,0.7148188948631287,0.2862451672554016
31,RIGHT_KNEE,0.4728027284145355,0.7352030277252197,-0.17261874675750732
31,LEFT_ANKLE,0.4515095353126526,0.841849684715271,0.46935582160949707
31,RIGHT_ANKLE,0.44612622261047363,0.8898407220840454,-0.15639159083366394
31,LEFT_HEEL,0.43753713369369507,0.853036105632782,0.48292651772499084
31,RIGHT_HEEL,0.4299156665802002,0.9121739268302917,-0.16352295875549316
31,LEFT_FOOT_INDEX,0.5021229982376099,0.8674080967903137,0.4346199631690979
31,RIGHT_FOOT_INDEX,0.5143460631370544,0.9122079610824585,-0.2927408218383789
32,NOSE,0.5817917585372925,0.37333980202674866,-0.026384497061371803
32,LEFT_EYE_INNER,0.5864201784133911,0.35908016562461853,-0.007524849381297827
32,LEFT_EYE,0.5856274366378784,0.35787197947502136,-0.007621942553669214
32,LEFT_EYE_OUTER,0.5848085284233093,0.3564702570438385,-0.007625026162713766
32,RIGHT_EYE_INNER,0.5863844156265259,0.35954517126083374,-0.05924851447343826
32,RIGHT_EYE,0.5852165222167969,0.35873720049858093,-0.059252820909023285
32,RIGHT_EYE_OUTER,0.5838516354560852,0.3576902151107788,-0.05936741828918457
32,LEFT_EAR,0.573573887348175,0.3494773805141449,0.08351066708564758
32,RIGHT_EAR,0.5687710046768188,0.3480735421180725,-0.14774936437606812
32,MOUTH_LEFT,0.5708565711975098,0.3780408501625061,0.013228473253548145
32,MOUTH_RIGHT,0.5711107850074768,0.37806856632232666,-0.0544898584485054
32,LEFT_SHOULDER,0.5167789459228516,0.3945555090904236,0.24678102135658264
32,RIGHT_SHOULDER,0.5279030203819275,0.39342328906059265,-0.2824246287345886
32,LEFT_ELBOW,0.5365735292434692,0.4955526888370514,0.2850015461444855
32,RIGHT_ELBOW,0.5407946705818176,0.4975518584251404,-0.34037867188453674
32,LEFT_WRIST,0.5635485053062439,0.583263635635376,0.1841532588005066
32,RIGHT_WRIST,0.5676552057266235,0.5866843461990356,-0.2992748022079468
32,LEFT_PINKY,0.5721977353096008,0.6036039590835571,0.18934772908687592
32,RIGHT_PINKY,0.5745269060134888,0.6111977100372314,-0.34152138233184814
32,LEFT_INDEX,0.5821987986564636,0.6177884936332703,0.14823128283023834
32,RIGHT_INDEX,0.5782796144485474,0.6092984080314636,-0.3253203332424164
32,LEFT_THUMB,0.5685610175132751,0.5980151891708374,0.1622322052717209
32,RIGHT_THUMB,0.5742108821868896,0.5999218225479126,-0.2906108498573303
32,LEFT_HIP,0.4427235722541809,0.5690793991088867,0.17197486758232117
32,RIGHT_HIP,0.4473017156124115,0.574587881565094,-0.17218981683254242
32,LEFT_KNEE,0.470874547958374,0.714773416519165,0.2875833809375763
32,RIGHT_KNEE,0.47277870774269104,0.7352091670036316,-0.1725398451089859
32,LEFT_ANKLE,0.4515266418457031,0.8418347239494324,0.4797430634498596
32,RIGHT_ANKLE,0.44597792625427246,0.8899295926094055,-0.15427154302597046
32,LEFT_HEEL,0.4375538229942322,0.8527947664260864,0.4946686625480652
32,RIGHT_HEEL,0.429776668548584,0.9121983647346497,-0.16089096665382385
32,LEFT_FOOT_INDEX,0.5021530389785767,0.8673973083496094,0.44803252816200256
32,RIGHT_FOOT_INDEX,0.5142921209335327,0.9122244715690613,-0.2897309958934784
33,NOSE,0.58177649974823,0.3732820749282837,-0.03131570667028427
33,LEFT_EYE_INNER,0.5864080190658569,0.35908228158950806,-0.011880741454660892
33,LEFT_EYE,0.5856213569641113,0.3578816056251526,-0.011976181529462337
33,LEFT_EYE_OUTER,0.5848062634468079,0.35648787021636963,-0.01197766698896885
33,RIGHT_EYE_INNER,0.5863770246505737,0.35954296588897705,-0.06331061571836472
33,RIGHT_EYE,0.5852168798446655,0.35873347520828247,-0.06331540644168854
33,RIGHT_EYE_OUTER,0.5838569402694702,0.3576818108558655,-0.06342139095067978
33,LEFT_EAR,0.5736709833145142,0.34949514269828796,0.08270824700593948
33,RIGHT_EAR,0.5687788724899292,0.34806427359580994,-0.1480148285627365
33,MOUTH_LEFT,0.5708422064781189,0.37803077697753906,0.009898974560201168
33,MOUTH_RIGHT,0.5710850954055786,0.37805554270744324,-0.05749724060297012
33,LEFT_SHOULDER,0.5170983672142029,0.39462023973464966,0.24685736000537872
33,RIGHT_SHOULDER,0.5275136232376099,0.39246368408203125,-0.2824363112449646
33,LEFT_ELBOW,0.5373311638832092,0.49608978629112244,0.2861844301223755
33,RIGHT_ELBOW,0.5407198071479797,0.49734848737716675,-0.34061282873153687
33,LEFT_WRIST,0.564225435256958,0.5839990377426147,0.18407383561134338
33,RIGHT_WRIST,0.5670685172080994,0.5857160091400146,-0.30127590894699097
33,LEFT_PINKY,0.5725977420806885,0.6043397784233093,0.18888261914253235
33,RIGHT_PINKY,0.573830246925354,0.6102536916732788,-0.34402769804000854
33,LEFT_INDEX,0.5830416679382324,0.6181463003158569,0.14789941906929016
33,RIGHT_INDEX,0.5780967473983765,0.6090988516807556,-0.32888492941856384
33,LEFT_THUMB,0.5686503648757935,0.5981249809265137,0.1620871126651764
33,RIGHT_THUMB,0.5737110376358032,0.5989516377449036,-0.2929506003856659
33,LEFT_HIP,0.4429105222225189,0.5691314935684204,0.17200618982315063
33,RIGHT_HIP,0.4472268521785736,0.5745328664779663,-0.17221838235855103
33,LEFT_KNEE,0.47089752554893494,0.7146775722503662,0.28758829832077026
33,RIGHT_KNEE,0.4727621078491211,0.7352472543716431,-0.17416663467884064
33,LEFT_ANKLE,0.45154762268066406,0.8416231870651245,0.48178228735923767
33,RIGHT_ANKLE,0.44589024782180786,0.8899353742599487,-0.15793529152870178
33,LEFT_HEEL,0.4375998079776764,0.852408766746521,0.49674272537231445
33,RIGHT_HEEL,0.4296545088291168,0.9122051000595093,-0.16493827104568481
33,LEFT_FOOT_INDEX,0.5021902322769165,0.8672696352005005,0.44956550002098083
33,RIGHT_FOOT_INDEX,0.5142372846603394,0.9122308492660522,-0.29498931765556335
34,NOSE,0.581781804561615,0.37310242652893066,-0.026869673281908035
34,LEFT_EYE_INNER,0.5864062309265137,0.358978271484375,-0.007962757721543312
34,LEFT_EYE,0.5856190919876099,0.357791006565094,-0.00805849302560091
34,LEFT_EYE_OUTER,0.5848042964935303,0.35641276836395264,-0.00806073285639286
34,RIGHT_EYE_INNER,0.586390495300293,0.35946401953697205,-0.05953624099493027
34,RIGHT_EYE,0.5852499604225159,0.35866907238960266,-0.059540171176195145
34,RIGHT_EYE_OUTER,0.5839155912399292,0.35763299465179443,-0.05965006351470947
34,LEFT_EAR,0.5737122297286987,0.3494674563407898,0.08363565057516098
34,RIGHT_EAR,0.5688866972923279,0.3480575382709503,-0.14735612273216248
34,MOUTH_LEFT,0.5708373785018921,0.3779131770133972,0.013022137805819511
34,MOUTH_RIGHT,0.5710822939872742,0.3780311644077301,-0.054529886692762375
34,LEFT_SHOULDER,0.5170666575431824,0.39444437623023987,0.2467619627714157
34,RIGHT_SHOULDER,0.5277650952339172,0.39265379309654236,-0.28195279836654663
34,LEFT_ELBOW,0.5363933444023132,0.49576377868652344,0.28613218665122986
34,RIGHT_ELBOW,0.5408326387405396,0.4976648688316345,-0.33951184153556824
34,LEFT_WRIST,0.5642064809799194,0.5839153528213501,0.18399766087532043
34,RIGHT_WRIST,0.5672224164009094,0.5863795280456543,-0.29937323927879333
34,LEFT_PINKY,0.5725356340408325,0.6043471693992615,0.18910467624664307
34,RIGHT_PINKY,0.5742582082748413,0.6114159822463989,-0.3418491780757904
34,LEFT_INDEX,0.5824495553970337,0.6181129217147827,0.1483071893453598
34,RIGHT_INDEX,0.5781072378158569,0.6096700429916382,-0.3257601857185364
34,LEFT_THUMB,0.5683354735374451,0.5981689691543579,0.16214123368263245
34,RIGHT_THUMB,0.573898196220398,0.6003268361091614,-0.29073911905288696
34,LEFT_HIP,0.44285765290260315,0.5690975785255432,0.17202168703079224
34,RIGHT_HIP,0.4472878575325012,0.5745089054107666,-0.17223559319972992
34,LEFT_KNEE,0.4709014296531677,0.7146124839782715,0.2903050482273102
34,RIGHT_KNEE,0.4727615714073181,0.7352715730667114,-0.1740095317363739
34,LEFT_ANKLE,0.4515616297721863,0.8416204452514648,0.48438605666160583
34,RIGHT_ANKLE,0.4458443522453308,0.8899531364440918,-0.1578439474105835
34,LEFT_HEEL,0.4376143515110016,0.8523998260498047,0.49929672479629517
34,RIGHT_HEEL,0.4295540750026703,0.9122389554977417,-0.16496579349040985
34,LEFT_FOOT_INDEX,0.5021973252296448,0.8672515153884888,0.45322030782699585
34,RIGHT_FOOT_INDEX,0.5142215490341187,0.912246584892273,-0.2944933772087097
35,NOSE,0.5820530652999878,0.37305837869644165,-0.03308454900979996
35,LEFT_EYE_INNER,0.5865007042884827,0.358956515789032,-0.01392806600779295
35,LEFT_EYE,0.5856973528862,0.35777246952056885,-0.01402630377560854
35,LEFT_EYE_OUTER,0.5848743319511414,0.3563973307609558,-0.01402660459280014
35,RIGHT_EYE_INNER,0.58650141954422,0.35945409536361694,-0.06587229669094086
35,RIGHT_EYE,0.5853544473648071,0.3586639165878296,-0.06587812304496765
35,RIGHT_EYE_OUTER,0.5840122103691101,0.3576304316520691,-0.06598549336194992
35,LEFT_EAR,0.5737834572792053,0.34944844245910645,0.07969890534877777
35,RIGHT_EAR,0.5689180493354797,0.3480522036552429,-0.1528199017047882
35,MOUTH_LEFT,0.5709719657897949,0.3778800964355469,0.007719576358795166
35,MOUTH_RIGHT,0.5712026357650757,0.3780366778373718,-0.060266803950071335
35,LEFT_SHOULDER,0.517220139503479,0.3943282663822174,0.2459827959537506
35,RIGHT_SHOULDER,0.5277911424636841,0.3926634192466736,-0.28557640314102173
35,LEFT_ELBOW,0.5369249582290649,0.49576887488365173,0.28606513142585754
35,RIGHT_ELBOW,0.5408495664596558,0.4977181553840637,-0.34190690517425537
35,LEFT_WRIST,0.5642023086547852,0.5838817954063416,0.18386870622634888
35,RIGHT_WRIST,0.5672546625137329,0.5864971876144409,-0.30082011222839355
35,LEFT_PINKY,0.5725119709968567,0.6043342351913452,0.18891684710979462
35,RIGHT_PINKY,0.5744105577468872,0.6115756630897522,-0.3434547185897827
35,LEFT_INDEX,0.5823035836219788,0.6178317070007324,0.14815422892570496
35,RIGHT_INDEX,0.5780704021453857,0.6096846461296082,-0.3277871310710907
35,LEFT_THUMB,0.568290650844574,0.5981457233428955,0.16205570101737976
35,RIGHT_THUMB,0.5739372968673706,0.6006878018379211,-0.2922775149345398
35,LEFT_HIP,0.4430558681488037,0.569068193435669,0.17216071486473083
35,RIGHT_HIP,0.4472960829734802,0.5745190978050232,-0.1723722219467163
35,LEFT_KNEE,0.47090640664100647,0.7145017981529236,0.2954214811325073
35,RIGHT_KNEE,0.4727419316768646,0.7352918386459351,-0.1739540696144104
35,LEFT_ANKLE,0.4516758918762207,0.8413723707199097,0.4912257194519043
35,RIGHT_ANKLE,0.4458429217338562,0.8900325894355774,-0.1602996438741684
35,LEFT_HEEL,0.437832772731781,0.8523311614990234,0.5061152577400208
35,RIGHT_HEEL,0.42955389618873596,0.9122703671455383,-0.1680069863796234
35,LEFT_FOOT_INDEX,0.5023595094680786,0.8669952154159546,0.4593825936317444
35,RIGHT_FOOT_INDEX,0.5142226219177246,0.9122583270072937,-0.29867464303970337
36,NOSE,0.5838322043418884,0.3730689287185669,-0.043136533349752426
36,LEFT_EYE_INNER,0.588205099105835,0.358979731798172,-0.02325020730495453
36,LEFT_EYE,0.5873808264732361,0.35779207944869995,-0.02334093302488327
36,LEFT_EYE_OUTER,0.5865570306777954,0.3564099073410034,-0.023336250334978104
36,RIGHT_EYE_INNER,0.5881801843643188,0.3594611883163452,-0.07672173529863358
36,RIGHT_EYE,0.587054431438446,0.35866472125053406,-0.0767345055937767
36,RIGHT_EYE_OUTER,0.5857782363891602,0.3576279282569885,-0.07684797793626785
36,LEFT_EAR,0.5750248432159424,0.3494493067264557,0.0722617357969284
36,RIGHT_EAR,0.5705147981643677,0.3481252193450928,-0.16743424534797668
36,MOUTH_LEFT,0.5725015997886658,0.37797945737838745,-0.0018070995574817061
36,MOUTH_RIGHT,0.5724046230316162,0.3781582713127136,-0.07183720171451569
36,LEFT_SHOULDER,0.5205379724502563,0.3957819938659668,0.23939208686351776
36,RIGHT_SHOULDER,0.5275501012802124,0.3923180103302002,-0.29810383915901184
36,LEFT_ELBOW,0.5379174947738647,0.49692636728286743,0.28424346446990967
36,RIGHT_ELBOW,0.5379103422164917,0.4962865710258484,-0.35575491189956665
36,LEFT_WRIST,0.5651620626449585,0.584769606590271,0.18295100331306458
36,RIGHT_WRIST,0.5653843283653259,0.5846154689788818,-0.3216645121574402
36,LEFT_PINKY,0.5744762420654297,0.6058478355407715,0.18769165873527527
36,RIGHT_PINKY,0.5725097060203552,0.6103739142417908,-0.3665919005870819
36,LEFT_INDEX,0.5788717269897461,0.613157331943512,0.14608226716518402
36,RIGHT_INDEX,0.575160562992096,0.6079345941543579,-0.3518465459346771
36,LEFT_THUMB,0.5770996809005737,0.6074457764625549,0.1609230637550354
36,RIGHT_THUMB,0.5722701549530029,0.5981582403182983,-0.31353580951690674
36,LEFT_HIP,0.4433685839176178,0.569065511226654,0.1724603772163391
36,RIGHT_HIP,0.44629186391830444,0.5745891332626343,-0.17265398800373077
36,LEFT_KNEE,0.4710870683193207,0.7148192524909973,0.29442399740219116
36,RIGHT_KNEE,0.4728058874607086,0.7358064651489258,-0.17203135788440704
36,LEFT_ANKLE,0.45258206129074097,0.8430007696151733,0.4897821843624115
36,RIGHT_ANKLE,0.4473622739315033,0.8900797963142395,-0.15487253665924072
36,LEFT_HEEL,0.4378413259983063,0.8543534278869629,0.5051848292350769
36,RIGHT_HEEL,0.4309472143650055,0.9123427271842957,-0.16237275302410126
36,LEFT_FOOT_INDEX,0.5041155815124512,0.8668892979621887,0.45324310660362244
36,RIGHT_FOOT_INDEX,0.5167038440704346,0.9120982885360718,-0.29399922490119934
37,NOSE,0.5846168398857117,0.37306565046310425,-0.05001847818493843
37,LEFT_EYE_INNER,0.589006781578064,0.3589865565299988,-0.029764046892523766
37,LEFT_EYE,0.5882205963134766,0.3578028380870819,-0.029850739985704422
37,LEFT_EYE_OUTER,0.5874485373497009,0.3564220070838928,-0.029848765581846237
37,RIGHT_EYE_INNER,0.5888818502426147,0.3594573438167572,-0.08317334949970245
37,RIGHT_EYE,0.5877432227134705,0.35865065455436707,-0.08318739384412766
37,RIGHT_EYE_OUTER,0.5864678621292114,0.3575970530509949,-0.08329927176237106
37,LEFT_EAR,0.5758705735206604,0.34945568442344666,0.06813133507966995
37,RIGHT_EAR,0.5711060762405396,0.34812676906585693,-0.17154785990715027
37,MOUTH_LEFT,0.5733093619346619,0.378042995929718,-0.007932392880320549
37,MOUTH_RIGHT,0.5729615092277527,0.3781872093677521,-0.07795687019824982
37,LEFT_SHOULDER,0.5238102674484253,0.3978666365146637,0.23509594798088074
37,RIGHT_SHOULDER,0.5260383486747742,0.3905011713504791,-0.3010420501232147
37,LEFT_ELBOW,0.539624810218811,0.4983578622341156,0.2835376560688019
37,RIGHT_ELBOW,0.5324238538742065,0.49293509125709534,-0.37299418449401855
37,LEFT_WRIST,0.5679980516433716,0.586929202079773,0.1823197603225708
37,RIGHT_WRIST,0.5620502829551697,0.5819369554519653,-0.3659045398235321
37,LEFT_PINKY,0.5764034986495972,0.6076852679252625,0.185967355966568
37,RIGHT_PINKY,0.5682290196418762,0.6075814962387085,-0.41409406065940857
37,LEFT_INDEX,0.5779166221618652,0.6121521592140198,0.14358071982860565
37,RIGHT_INDEX,0.5730184316635132,0.6065295338630676,-0.4010305404663086
37,LEFT_THUMB,0.5759222507476807,0.606671929359436,0.16009736061096191
37,RIGHT_THUMB,0.5692442059516907,0.5949796438217163,-0.35908737778663635
37,LEFT_HIP,0.44443273544311523,0.569063127040863,0.17248773574829102
37,RIGHT_HIP,0.444987952709198,0.5744854807853699,-0.17267440259456635
37,LEFT_KNEE,0.4715227484703064,0.7148136496543884,0.2892969250679016
37,RIGHT_KNEE,0.4729485511779785,0.7358911633491516,-0.17288121581077576
37,LEFT_ANKLE,0.45313769578933716,0.8436864018440247,0.47601255774497986
37,RIGHT_ANKLE,0.4482487142086029,0.890213668346405,-0.15739132463932037
37,LEFT_HEEL,0.43792980909347534,0.8552581667900085,0.48946046829223633
37,RIGHT_HEEL,0.4316759705543518,0.9124940037727356,-0.1652062088251114
37,LEFT_FOOT_INDEX,0.5050628781318665,0.8668020963668823,0.43307724595069885
37,RIGHT_FOOT_INDEX,0.5177774429321289,0.9121570587158203,-0.299054890871048
38,NOSE,0.5849096775054932,0.37305253744125366,-0.05313681811094284
38,LEFT_EYE_INNER,0.5893349647521973,0.35898497700691223,-0.03290008753538132
38,LEFT_EYE,0.5885686874389648,0.35780224204063416,-0.03298649936914444
38,LEFT_EYE_OUTER,0.587820291519165,0.35642141103744507,-0.032985761761665344
38,RIGHT_EYE_INNER,0.5891872644424438,0.35943734645843506,-0.08616428077220917
38,RIGHT_EYE,0.5880601406097412,0.3586181104183197,-0.08617664873600006
38,RIGHT_EYE_OUTER,0.5867977142333984,0.3575478494167328,-0.08628800511360168
38,LEFT_EAR,0.5763468146324158,0.3494536578655243,0.06529642641544342
38,RIGHT_EAR,0.5715083479881287,0.34812694787979126,-0.173859640955925
38,MOUTH_LEFT,0.5736640691757202,0.37806907296180725,-0.010974029079079628
38,MOUTH_RIGHT,0.5732043981552124,0.378195583820343,-0.08081874996423721
38,LEFT_SHOULDER,0.5252281427383423,0.3986186385154724,0.2321252077817917
38,RIGHT_SHOULDER,0.5251458287239075,0.38976389169692993,-0.3026031255722046
38,LEFT_ELBOW,0.5403413772583008,0.4989931583404541,0.2819720506668091
38,RIGHT_ELBOW,0.5300204157829285,0.49156826734542847,-0.37518638372421265
38,LEFT_WRIST,0.5693808794021606,0.5876168012619019,0.18043071031570435
38,RIGHT_WRIST,0.5609465837478638,0.5807878375053406,-0.36675477027893066
38,LEFT_PINKY,0.5775368809700012,0.6082856059074402,0.18331271409988403
38,RIGHT_PINKY,0.5668493509292603,0.6062891483306885,-0.4148065149784088
38,LEFT_INDEX,0.5774446725845337,0.6112104058265686,0.14042112231254578
38,RIGHT_INDEX,0.5723475217819214,0.6057187914848328,-0.4014585018157959
38,LEFT_THUMB,0.5752317309379578,0.6062390208244324,0.15799163281917572
38,RIGHT_THUMB,0.5682518482208252,0.5934993624687195,-0.35982340574264526
38,LEFT_HIP,0.4449376165866852,0.5690479278564453,0.17249014973640442
38,RIGHT_HIP,0.44435787200927734,0.5744765996932983,-0.17267657816410065
38,LEFT_KNEE,0.4716252386569977,0.7148109674453735,0.28503772616386414
38,RIGHT_KNEE,0.47297602891921997,0.7359342575073242,-0.17284294962882996
38,LEFT_ANKLE,0.45372849702835083,0.8441912531852722,0.46878018975257874
38,RIGHT_ANKLE,0.44881319999694824,0.8902142643928528,-0.15666727721691132
38,LEFT_HEEL,0.43808498978614807,0.8556650876998901,0.4817773401737213
38,RIGHT_HEEL,0.4321112036705017,0.9125083684921265,-0.16440817713737488
38,LEFT_FOOT_INDEX,0.505848228931427,0.8667751550674438,0.4255135655403137
38,RIGHT_FOOT_INDEX,0.5183964371681213,0.912096381187439,-0.29841527342796326
39,NOSE,0.5852200984954834,0.37304601073265076,-0.057456083595752716
39,LEFT_EYE_INNER,0.5896817445755005,0.35898357629776,-0.03753744810819626
39,LEFT_EYE,0.5889058113098145,0.35780107975006104,-0.03762349858880043
39,LEFT_EYE_OUTER,0.5881502032279968,0.3564191460609436,-0.03761938959360123
39,RIGHT_EYE_INNER,0.5895498394966125,0.3594312071800232,-0.09109777212142944
39,RIGHT_EYE,0.5884239673614502,0.35860997438430786,-0.09111307561397552
39,RIGHT_EYE_OUTER,0.5871665477752686,0.35753709077835083,-0.09122533351182938
39,LEFT_EAR,0.576705276966095,0.3494375944137573,0.05941564962267876
39,RIGHT_EAR,0.5718578100204468,0.3481273055076599,-0.18095102906227112
39,MOUTH_LEFT,0.5739801526069641,0.37806981801986694,-0.01563190296292305
39,MOUTH_RIGHT,0.5734840631484985,0.3782017230987549,-0.085799939930439
39,LEFT_SHOULDER,0.5254596471786499,0.3986223340034485,0.22696271538734436
39,RIGHT_SHOULDER,0.5252156257629395,0.38979488611221313,-0.3086978793144226
39,LEFT_ELBOW,0.5404495000839233,0.4990200102329254,0.27519506216049194
39,RIGHT_ELBOW,0.5307255983352661,0.49167245626449585,-0.37052592635154724
39,LEFT_WRIST,0.569663405418396,0.5882494449615479,0.17356878519058228
39,RIGHT_WRIST,0.5612176060676575,0.5810202360153198,-0.3474219739437103
39,LEFT_PINKY,0.5779086351394653,0.6086822152137756,0.17665405571460724
39,RIGHT_PINKY,0.5672250986099243,0.6064329147338867,-0.3930094540119171
39,LEFT_INDEX,0.5770274996757507,0.610968828201294,0.13391149044036865
39,RIGHT_INDEX,0.5724291205406189,0.6057790517807007,-0.37857508659362793
39,LEFT_THUMB,0.5747618079185486,0.6057799458503723,0.15113264322280884
39,RIGHT_THUMB,0.5685005784034729,0.5947146415710449,-0.33978432416915894
39,LEFT_HIP,0.44506072998046875,0.5690467357635498,0.17257367074489594
39,RIGHT_HIP,0.444111168384552,0.5747060179710388,-0.17275580763816833
39,LEFT_KNEE,0.4716980457305908,0.7148299813270569,0.2884567379951477
39,RIGHT_KNEE,0.4729921221733093,0.7360561490058899,-0.1707228720188141
39,LEFT_ANKLE,0.45407047867774963,0.8442788124084473,0.47692590951919556
39,RIGHT_ANKLE,0.44923901557922363,0.8902068138122559,-0.14881102740764618
39,LEFT_HEEL,0.4382023811340332,0.8557335138320923,0.4904056489467621
39,RIGHT_HEEL,0.43253812193870544,0.912509560585022,-0.15588127076625824
39,LEFT_FOOT_INDEX,0.5061199069023132,0.866646409034729,0.43361663818359375
39,RIGHT_FOOT_INDEX,0.5187804102897644,0.9119498133659363,-0.2883540689945221
40,NOSE,0.5855687856674194,0.3730059862136841,-0.058062631636857986
40,LEFT_EYE_INNER,0.5900214910507202,0.35896313190460205,-0.038345880806446075
40,LEFT_EYE,0.5892203450202942,0.3577827215194702,-0.0384332649409771
40,LEFT_EYE_OUTER,0.5884415507316589,0.3563986122608185,-0.03842741996049881
40,RIGHT_EYE_INNER,0.5899280309677124,0.3594057261943817,-0.09196199476718903
40,RIGHT_EYE,0.5887985825538635,0.3585870563983917,-0.09197907894849777
40,RIGHT_EYE_OUTER,0.5875295400619507,0.35751578211784363,-0.0920925885438919
40,LEFT_EAR,0.5770049095153809,0.34941455721855164,0.057414405047893524
40,RIGHT_EAR,0.5721332430839539,0.3481292128562927,-0.18314656615257263
40,MOUTH_LEFT,0.574286699295044,0.3780510723590851,-0.01662996970117092
40,MOUTH_RIGHT,0.5737825036048889,0.3782022297382355,-0.086856409907341
40,LEFT_SHOULDER,0.5254197716712952,0.398549348115921,0.2249007672071457
40,RIGHT_SHOULDER,0.5254444479942322,0.39064934849739075,-0.3110566735267639
40,LEFT_ELBOW,0.5403993725776672,0.4990256428718567,0.2701510787010193
40,RIGHT_ELBOW,0.5310052633285522,0.4927329421043396,-0.3685721755027771
40,LEFT_WRIST,0.5694949626922607,0.5881627798080444,0.1675381362438202
40,RIGHT_WRIST,0.561566948890686,0.582619309425354,-0.34119686484336853
40,LEFT_PINKY,0.5778253674507141,0.6088947653770447,0.17096176743507385
40,RIGHT_PINKY,0.5674338936805725,0.6074783205986023,-0.38592785596847534
40,LEFT_INDEX,0.5764702558517456,0.6107219457626343,0.12841664254665375
40,RIGHT_INDEX,0.5728837251663208,0.6068644523620605,-0.37128329277038574
40,LEFT_THUMB,0.5745210647583008,0.6054638028144836,0.14515575766563416
40,RIGHT_THUMB,0.5686728358268738,0.5966541767120361,-0.33357852697372437
40,LEFT_HIP,0.44510307908058167,0.5690446496009827,0.17279204726219177
40,RIGHT_HIP,0.4439792037010193,0.5750075578689575,-0.17297184467315674
40,LEFT_KNEE,0.4717771112918854,0.7148500680923462,0.29356375336647034
40,RIGHT_KNEE,0.47299355268478394,0.7362399101257324,-0.16915979981422424
40,LEFT_ANKLE,0.45433324575424194,0.844345211982727,0.488530695438385
40,RIGHT_ANKLE,0.44945400953292847,0.8901974558830261,-0.1431225836277008
40,LEFT_HEEL,0.43831267952919006,0.8557325601577759,0.502813994884491
40,RIGHT_HEEL,0.43274474143981934,0.9125081300735474,-0.14974692463874817
40,LEFT_FOOT_INDEX,0.5063264966011047,0.8666115999221802,0.44886860251426697
40,RIGHT_FOOT_INDEX,0.5189036130905151,0.9118849039077759,-0.2808762192726135
41,NOSE,0.5855743288993835,0.37297672033309937,-0.06650499999523163
41,LEFT_EYE_INNER,0.5900846123695374,0.3589528203010559,-0.046244241297245026
41,LEFT_EYE,0.5893115997314453,0.3577771782875061,-0.046328429132699966
41,LEFT_EYE_OUTER,0.5885589122772217,0.3563949763774872,-0.046325333416461945
41,RIGHT_EYE_INNER,0.5899378061294556,0.3593372702598572,-0.09946746379137039
41,RIGHT_EYE,0.5887954235076904,0.3584759831428528,-0.09948106855154037
41,RIGHT_EYE_OUTER,0.5875140428543091,0.35734954476356506,-0.0995916798710823
41,LEFT_EAR,0.5771721005439758,0.3494129180908203,0.0531499870121479
41,RIGHT_EAR,0.5721262693405151,0.34805408120155334,-0.18609045445919037
41,MOUTH_LEFT,0.5743347406387329,0.3780495524406433,-0.0237874872982502
41,MOUTH_RIGHT,0.5737723708152771,0.3781759440898895,-0.09365276992321014
41,LEFT_SHOULDER,0.5266069173812866,0.39950674772262573,0.2214476615190506
41,RIGHT_SHOULDER,0.5241011381149292,0.3893045485019684,-0.3136581778526306
41,LEFT_ELBOW,0.5410598516464233,0.49973350763320923,0.26867538690567017
41,RIGHT_ELBOW,0.5301976799964905,0.4921231269836426,-0.3876945972442627
41,LEFT_WRIST,0.5699540376663208,0.5900604724884033,0.1654905080795288
41,RIGHT_WRIST,0.5612309575080872,0.5827144980430603,-0.3821287453174591
41,LEFT_PINKY,0.5782030820846558,0.6100699305534363,0.16816934943199158
41,RIGHT_PINKY,0.5669217705726624,0.6069915890693665,-0.4319871962070465
41,LEFT_INDEX,0.5768632292747498,0.6113808155059814,0.12449890375137329
41,RIGHT_INDEX,0.5725753903388977,0.6067291498184204,-0.41786032915115356
41,LEFT_THUMB,0.5742596983909607,0.6056998372077942,0.14265994727611542
41,RIGHT_THUMB,0.568248987197876,0.5961564779281616,-0.3751146197319031
41,LEFT_HIP,0.4454001486301422,0.5692445039749146,0.17284777760505676
41,RIGHT_HIP,0.4435449242591858,0.5752388834953308,-0.17302171885967255
41,LEFT_KNEE,0.47187405824661255,0.7148357629776001,0.2907431125640869
41,RIGHT_KNEE,0.4730057120323181,0.7364568710327148,-0.1681394875049591
41,LEFT_ANKLE,0.4545944333076477,0.844765305519104,0.4840691089630127
41,RIGHT_ANKLE,0.4496678411960602,0.8901821374893188,-0.13727924227714539
41,LEFT_HEEL,0.4384707808494568,0.8558128476142883,0.4978782534599304
41,RIGHT_HEEL,0.4328908324241638,0.9125059843063354,-0.14337565004825592
41,LEFT_FOOT_INDEX,0.5065701603889465,0.8666267395019531,0.4403492510318756
41,RIGHT_FOOT_INDEX,0.5189507007598877,0.9118829965591431,-0.276184618473053
42,NOSE,0.5855079889297485,0.37291932106018066,-0.07179867476224899
42,LEFT_EYE_INNER,0.5900722146034241,0.35890769958496094,-0.05146990343928337
42,LEFT_EYE,0.5892895460128784,0.3577512800693512,-0.05155345797538757
42,LEFT_EYE_OUTER,0.5885380506515503,0.3563838601112366,-0.05155385285615921
42,RIGHT_EYE_INNER,0.5898184776306152,0.3592284321784973,-0.10431841760873795
42,RIGHT_EYE,0.5885852575302124,0.3583429157733917,-0.10432970523834229
42,RIGHT_EYE_OUTER,0.5871473550796509,0.3571822941303253,-0.1044369488954544
42,LEFT_EAR,0.5772615671157837,0.349439799785614,0.04955001920461655
42,RIGHT_EAR,0.571593165397644,0.3479381501674652,-0.1881699115037918
42,MOUTH_LEFT,0.5743270516395569,0.37805065512657166,-0.02853655256330967
42,MOUTH_RIGHT,0.5736221075057983,0.37816232442855835,-0.09793046116828918
42,LEFT_SHOULDER,0.5275708436965942,0.40073132514953613,0.21830348670482635
42,RIGHT_SHOULDER,0.5232688188552856,0.38900578022003174,-0.3145562708377838
42,LEFT_ELBOW,0.5415533185005188,0.5002164840698242,0.2678245007991791
42,RIGHT_ELBOW,0.5298234224319458,0.4922874867916107,-0.39407962560653687
42,LEFT_WRIST,0.5703255534172058,0.5916598439216614,0.16473348438739777
42,RIGHT_WRIST,0.5609197616577148,0.5830377340316772,-0.395226389169693
42,LEFT_PINKY,0.5783125758171082,0.6111215353012085,0.16659460961818695
42,RIGHT_PINKY,0.566399097442627,0.6070648431777954,-0.4454802870750427
42,LEFT_INDEX,0.5771905779838562,0.6121988892555237,0.12305863946676254
42,RIGHT_INDEX,0.5723932981491089,0.6068263053894043,-0.4329493045806885
42,LEFT_THUMB,0.5741337537765503,0.6061450242996216,0.14189788699150085
42,RIGHT_THUMB,0.5681256651878357,0.596894383430481,-0.38893383741378784
42,LEFT_HIP,0.44631728529930115,0.5695807337760925,0.17284247279167175
42,RIGHT_HIP,0.44348710775375366,0.5757386088371277,-0.17301425337791443
42,LEFT_KNEE,0.4720157980918884,0.7148005366325378,0.2891342043876648
42,RIGHT_KNEE,0.4730292856693268,0.7365773320198059,-0.16799473762512207
42,LEFT_ANKLE,0.4548211991786957,0.8451212048530579,0.47918787598609924
42,RIGHT_ANKLE,0.4498252868652344,0.8901909589767456,-0.13874545693397522
42,LEFT_HEEL,0.43902912735939026,0.8559540510177612,0.49246764183044434
42,RIGHT_HEEL,0.43302279710769653,0.912506103515625,-0.1451427936553955
42,LEFT_FOOT_INDEX,0.5067901611328125,0.8667386174201965,0.43356046080589294
42,RIGHT_FOOT_INDEX,0.5189401507377625,0.9119263887405396,-0.27823108434677124
43,NOSE,0.5850082635879517,0.37271857261657715,-0.07267175614833832
43,LEFT_EYE_INNER,0.5896658897399902,0.35876160860061646,-0.05242075398564339
43,LEFT_EYE,0.589000403881073,0.3576592206954956,-0.05250234156847
43,LEFT_EYE_OUTER,0.5883466005325317,0.35634085536003113,-0.052501462399959564
43,RIGHT_EYE_INNER,0.5889912247657776,0.35897237062454224,-0.10560420900583267
43,RIGHT_EYE,0.5875240564346313,0.35805487632751465,-0.10561531782150269
43,RIGHT_EYE_OUTER,0.5857659578323364,0.35684239864349365,-0.10572204738855362
43,LEFT_EAR,0.5772532224655151,0.34953656792640686,0.04871946573257446
43,RIGHT_EAR,0.5701329112052917,0.34774258732795715,-0.19019970297813416
43,MOUTH_LEFT,0.5740941166877747,0.37797272205352783,-0.02917289361357689
43,MOUTH_RIGHT,0.5730884671211243,0.3779890537261963,-0.0989561602473259
43,LEFT_SHOULDER,0.5276752710342407,0.4012939929962158,0.21945926547050476
43,RIGHT_SHOULDER,0.5232548713684082,0.3890559673309326,-0.3174142837524414
43,LEFT_ELBOW,0.541480302810669,0.5005751848220825,0.2683049440383911
43,RIGHT_ELBOW,0.5301521420478821,0.4941561818122864,-0.3868420720100403
43,LEFT_WRIST,0.5702725052833557,0.5929723978042603,0.1655120551586151
43,RIGHT_WRIST,0.5614043474197388,0.5855932235717773,-0.37304383516311646
43,LEFT_PINKY,0.578225314617157,0.6121259927749634,0.16766342520713806
43,RIGHT_PINKY,0.5669917464256287,0.6089277863502502,-0.4206450581550598
43,LEFT_INDEX,0.5768957138061523,0.612602949142456,0.12436918169260025
43,RIGHT_INDEX,0.5730636715888977,0.6088384985923767,-0.4069541394710541
43,LEFT_THUMB,0.5740025639533997,0.607010543346405,0.14271579682826996
43,RIGHT_THUMB,0.5687838196754456,0.5996767282485962,-0.36602625250816345
43,LEFT_HIP,0.44672641158103943,0.5696560144424438,0.17304804921150208
43,RIGHT_HIP,0.44350385665893555,0.575829803943634,-0.17322352528572083
43,LEFT_KNEE,0.47213977575302124,0.7147616147994995,0.29275602102279663
43,RIGHT_KNEE,0.4730616509914398,0.7366327047348022,-0.16682526469230652
43,LEFT_ANKLE,0.4549713730812073,0.8455425500869751,0.48571285605430603
43,RIGHT_ANKLE,0.4499301016330719,0.8901947736740112,-0.13756825029850006
43,LEFT_HEEL,0.43914690613746643,0.8560420870780945,0.49957484006881714
43,RIGHT_HEEL,0.43313735723495483,0.9125040769577026,-0.14397525787353516
43,LEFT_FOOT_INDEX,0.5069066286087036,0.8667513728141785,0.4412271976470947
43,RIGHT_FOOT_INDEX,0.5189454555511475,0.9119311571121216,-0.2777022421360016
44,NOSE,0.5846617221832275,0.3724845051765442,-0.07742230594158173
44,LEFT_EYE_INNER,0.5893833637237549,0.35861513018608093,-0.05743494629859924
44,LEFT_EYE,0.5887802839279175,0.357550710439682,-0.05751820281147957
44,LEFT_EYE_OUTER,0.5881816148757935,0.35627251863479614,-0.057516228407621384
44,RIGHT_EYE_INNER,0.5885294675827026,0.3587883710861206,-0.11123070865869522
44,RIGHT_EYE,0.5869860053062439,0.3578750193119049,-0.11124472320079803
44,RIGHT_EYE_OUTER,0.585141122341156,0.3566626310348511,-0.11135479062795639
44,LEFT_EAR,0.5772405862808228,0.3495650589466095,0.04264044389128685
44,RIGHT_EAR,0.5696200132369995,0.347665935754776,-0.1992131769657135
44,MOUTH_LEFT,0.5738776922225952,0.3777865767478943,-0.034156277775764465
44,MOUTH_RIGHT,0.5727237462997437,0.3777853846549988,-0.10476928949356079
44,LEFT_SHOULDER,0.5274717807769775,0.4011808931827545,0.21483011543750763
44,RIGHT_SHOULDER,0.5234346389770508,0.38936930894851685,-0.32604700326919556
44,LEFT_ELBOW,0.5413976311683655,0.5005970001220703,0.2598421573638916
44,RIGHT_ELBOW,0.5317873954772949,0.4959956109523773,-0.38877782225608826
44,LEFT_WRIST,0.5702246427536011,0.593639612197876,0.15708093345165253
44,RIGHT_WRIST,0.5640252828598022,0.5914589762687683,-0.364399254322052
44,LEFT_PINKY,0.5780956745147705,0.61258465051651,0.15991267561912537
44,RIGHT_PINKY,0.5701113343238831,0.6136564612388611,-0.4113782048225403
44,LEFT_INDEX,0.5761761665344238,0.6127311587333679,0.11657965183258057
44,RIGHT_INDEX,0.5742624402046204,0.6117521524429321,-0.39758798480033875
44,LEFT_THUMB,0.5738571882247925,0.6073893904685974,0.13427329063415527
44,RIGHT_THUMB,0.5710954070091248,0.6041126251220703,-0.35718807578086853
44,LEFT_HIP,0.4467197060585022,0.5696996450424194,0.17343536019325256
44,RIGHT_HIP,0.4435957968235016,0.5762067437171936,-0.17362460494041443
44,LEFT_KNEE,0.47222083806991577,0.7147466540336609,0.30023959279060364
44,RIGHT_KNEE,0.47309303283691406,0.7367480397224426,-0.1634834110736847
44,LEFT_ANKLE,0.45501774549484253,0.8458666801452637,0.5042098760604858
44,RIGHT_ANKLE,0.44999822974205017,0.8902164697647095,-0.12617547810077667
44,LEFT_HEEL,0.43923911452293396,0.8560529947280884,0.5195402503013611
44,RIGHT_HEEL,0.43320432305336,0.9125058054924011,-0.13166992366313934
44,LEFT_FOOT_INDEX,0.5069470405578613,0.8667588233947754,0.46397024393081665
44,RIGHT_FOOT_INDEX,0.5189899206161499,0.9119337797164917,-0.2646179795265198
45,NOSE,0.5842700004577637,0.37235724925994873,-0.08603288233280182
45,LEFT_EYE_INNER,0.5890311002731323,0.3585153818130493,-0.0661294162273407
45,LEFT_EYE,0.5884943008422852,0.3574816584587097,-0.0662139505147934
45,LEFT_EYE_OUTER,0.5879608392715454,0.3562336564064026,-0.06621450930833817
45,RIGHT_EYE_INNER,0.5880208015441895,0.35863903164863586,-0.12001879513263702
45,RIGHT_EYE,0.5864301323890686,0.3577161431312561,-0.1200324147939682
45,RIGHT_EYE_OUTER,0.5845390558242798,0.3564862608909607,-0.12014256417751312
45,LEFT_EAR,0.5772129893302917,0.3495999276638031,0.03513336926698685
45,RIGHT_EAR,0.5690666437149048,0.3475190997123718,-0.207179456949234
45,MOUTH_LEFT,0.5735536217689514,0.3776380121707916,-0.04217828810214996
45,MOUTH_RIGHT,0.5723034143447876,0.3776269853115082,-0.1129288449883461
45,LEFT_SHOULDER,0.5273286700248718,0.40138357877731323,0.20882049202919006
45,RIGHT_SHOULDER,0.5234876871109009,0.3894861936569214,-0.3324333131313324
45,LEFT_ELBOW,0.5410470962524414,0.5009921193122864,0.25433841347694397
45,RIGHT_ELBOW,0.5324646830558777,0.49659663438796997,-0.394823282957077
45,LEFT_WRIST,0.5701724886894226,0.5940772294998169,0.1512472927570343
45,RIGHT_WRIST,0.5649701952934265,0.5931554436683655,-0.36773863434791565
45,LEFT_PINKY,0.5780749917030334,0.6133661866188049,0.1535528153181076
45,RIGHT_PINKY,0.5704556703567505,0.6154161095619202,-0.41576606035232544
45,LEFT_INDEX,0.5757084488868713,0.613362193107605,0.11003035306930542
45,RIGHT_INDEX,0.5746992826461792,0.6132458448410034,-0.4010811746120453
45,LEFT_THUMB,0.5735918283462524,0.6078816056251526,0.12834815680980682
45,RIGHT_THUMB,0.5718954205513,0.6058160066604614,-0.3599836230278015
45,LEFT_HIP,0.44674140214920044,0.5703369379043579,0.17360904812812805
45,RIGHT_HIP,0.44367489218711853,0.577111542224884,-0.17380307614803314
45,LEFT_KNEE,0.47222432494163513,0.7147890329360962,0.2992481291294098
45,RIGHT_KNEE,0.47310250997543335,0.7370853424072266,-0.1605975478887558
45,LEFT_ANKLE,0.45497018098831177,0.8460767865180969,0.5047152042388916
45,RIGHT_ANKLE,0.45003461837768555,0.8901485204696655,-0.1155129224061966
45,LEFT_HEEL,0.4392453134059906,0.8560662269592285,0.5202823877334595
45,RIGHT_HEEL,0.43328723311424255,0.9124594926834106,-0.12013500928878784
45,LEFT_FOOT_INDEX,0.5069395899772644,0.8667515516281128,0.46505385637283325
45,RIGHT_FOOT_INDEX,0.5189927220344543,0.9119106531143188,-0.2526698112487793
46,NOSE,0.5844389200210571,0.3721853196620941,-0.08590050786733627
46,LEFT_EYE_INNER,0.5890367031097412,0.35834091901779175,-0.06608666479587555
46,LEFT_EYE,0.5884917378425598,0.3573535978794098,-0.06617899239063263
46,LEFT_EYE_OUTER,0.5879523754119873,0.35615628957748413,-0.06617887318134308
46,RIGHT_EYE_INNER,0.5880281329154968,0.35849231481552124,-0.12027420848608017
46,RIGHT_EYE,0.5864332318305969,0.35762232542037964,-0.120292529463768
46,RIGHT_EYE_OUTER,0.5845472812652588,0.35644248127937317,-0.12041236460208893
46,LEFT_EAR,0.5772058963775635,0.3496435582637787,0.03334933891892433
46,RIGHT_EAR,0.5690196752548218,0.3475622534751892,-0.21013987064361572
46,MOUTH_LEFT,0.5736842751502991,0.377610445022583,-0.04275033622980118
46,MOUTH_RIGHT,0.5724065899848938,0.3776303231716156,-0.11381120979785919
46,LEFT_SHOULDER,0.5252558588981628,0.40102419257164,0.207452654838562
46,RIGHT_SHOULDER,0.5265268683433533,0.39535394310951233,-0.3365921080112457
46,LEFT_ELBOW,0.5382671356201172,0.5009809136390686,0.2503529489040375
46,RIGHT_ELBOW,0.5350640416145325,0.5028306245803833,-0.39668509364128113
46,LEFT_WRIST,0.5668615698814392,0.592785656452179,0.14577314257621765
46,RIGHT_WRIST,0.5670170187950134,0.5957874059677124,-0.3638896048069
46,LEFT_PINKY,0.5738123059272766,0.6120026707649231,0.1484985053539276
46,RIGHT_PINKY,0.5726978182792664,0.6175801753997803,-0.4113968312740326
46,LEFT_INDEX,0.5743225812911987,0.6128513216972351,0.10631011426448822
46,RIGHT_INDEX,0.5770444869995117,0.6157118678092957,-0.39670100808143616
46,LEFT_THUMB,0.5706913471221924,0.6068230867385864,0.12320633232593536
46,RIGHT_THUMB,0.5738004446029663,0.6079202890396118,-0.35606545209884644
46,LEFT_HIP,0.44670337438583374,0.5705318450927734,0.1746421754360199
46,RIGHT_HIP,0.4436846375465393,0.5789588093757629,-0.17485389113426208
46,LEFT_KNEE,0.4722277522087097,0.7147660851478577,0.3139999806880951
46,RIGHT_KNEE,0.4731488823890686,0.7374359369277954,-0.16012105345726013
46,LEFT_ANKLE,0.4548608362674713,0.8460480570793152,0.5317767858505249
46,RIGHT_ANKLE,0.4501054286956787,0.8901318311691284,-0.11700711399316788
46,LEFT_HEEL,0.43935924768447876,0.8554274439811707,0.5486220121383667
46,RIGHT_HEEL,0.43342462182044983,0.9124521017074585,-0.12214499711990356
46,LEFT_FOOT_INDEX,0.5066541433334351,0.8661030530929565,0.4974157214164734
46,RIGHT_FOOT_INDEX,0.519041895866394,0.9118760228157043,-0.25476717948913574
47,NOSE,0.5844343304634094,0.3722139000892639,-0.07641524821519852
47,LEFT_EYE_INNER,0.5889257192611694,0.35833996534347534,-0.05713167041540146
47,LEFT_EYE,0.5883365273475647,0.3573528826236725,-0.057236213237047195
47,LEFT_EYE_OUTER,0.5877545475959778,0.3561575412750244,-0.05722738057374954
47,RIGHT_EYE_INNER,0.5880034565925598,0.3585015535354614,-0.1112741231918335
47,RIGHT_EYE,0.586427628993988,0.35764601826667786,-0.11129093170166016
47,RIGHT_EYE_OUTER,0.5845568180084229,0.3565017580986023,-0.11143279075622559
47,LEFT_EAR,0.5769926309585571,0.3497159481048584,0.036254025995731354
47,RIGHT_EAR,0.5690273642539978,0.3478825092315674,-0.2083352506160736
47,MOUTH_LEFT,0.5736791491508484,0.3776559829711914,-0.035409122705459595
47,MOUTH_RIGHT,0.5724106431007385,0.3778226673603058,-0.10645841062068939
47,LEFT_SHOULDER,0.5224617719650269,0.40062999725341797,0.20776589214801788
47,RIGHT_SHOULDER,0.5285891890525818,0.397534042596817,-0.3352845311164856
47,LEFT_ELBOW,0.5331298112869263,0.49916309118270874,0.2536187767982483
47,RIGHT_ELBOW,0.5381307005882263,0.5042704343795776,-0.39014002680778503
47,LEFT_WRIST,0.563942551612854,0.5907066464424133,0.14966146647930145
47,RIGHT_WRIST,0.5681890249252319,0.5970472097396851,-0.3446863889694214
47,LEFT_PINKY,0.5707703828811646,0.6104710102081299,0.15109962224960327
47,RIGHT_PINKY,0.5741674900054932,0.6187903881072998,-0.38999223709106445
47,LEFT_INDEX,0.5701699256896973,0.6108145117759705,0.10650674253702164
47,RIGHT_INDEX,0.5784260034561157,0.6172477602958679,-0.37284451723098755
47,LEFT_THUMB,0.5680092573165894,0.605482280254364,0.12680086493492126
47,RIGHT_THUMB,0.5748823285102844,0.6092522740364075,-0.3357318341732025
47,LEFT_HIP,0.44608816504478455,0.5706046223640442,0.17478924989700317
47,RIGHT_HIP,0.4438427984714508,0.5800372362136841,-0.17501211166381836
47,LEFT_KNEE,0.4722800850868225,0.7147731781005859,0.3129062354564667
47,RIGHT_KNEE,0.47316426038742065,0.7376391887664795,-0.15947827696800232
47,LEFT_ANKLE,0.45479074120521545,0.8460333943367004,0.5253360271453857
47,RIGHT_ANKLE,0.4501311182975769,0.8900982141494751,-0.1187945157289505
47,LEFT_HEEL,0.43939971923828125,0.8552427291870117,0.5417249202728271
47,RIGHT_HEEL,0.4334897994995117,0.9124187231063843,-0.12415288388729095
47,LEFT_FOOT_INDEX,0.5062961578369141,0.8656759262084961,0.4926516115665436
47,RIGHT_FOOT_INDEX,0.5190348029136658,0.9118641018867493,-0.2547440230846405
48,NOSE,0.5846653580665588,0.37215155363082886,-0.05464596673846245
48,LEFT_EYE_INNER,0.5889336466789246,0.35827746987342834,-0.03567278012633324
48,LEFT_EYE,0.5883322954177856,0.35732126235961914,-0.03577347472310066
48,LEFT_EYE_OUTER,0.587744951248169,0.35614657402038574,-0.03576946258544922
48,RIGHT_EYE_INNER,0.5880408883094788,0.35835129022598267,-0.0882013589143753
48,RIGHT_EYE,0.5864619016647339,0.35749536752700806,-0.08822406083345413
48,RIGHT_EYE_OUTER,0.5846048593521118,0.35632890462875366,-0.08838178217411041
48,LEFT_EAR,0.5769882798194885,0.349829763174057,0.052013594657182693
48,RIGHT_EAR,0.5691624879837036,0.34794744849205017,-0.1841779500246048
48,MOUTH_LEFT,0.5738590955734253,0.3777003288269043,-0.01600402407348156
48,MOUTH_RIGHT,0.5725668668746948,0.37791964411735535,-0.08499334752559662
48,LEFT_SHOULDER,0.5205936431884766,0.3997334837913513,0.2183288335800171
48,RIGHT_SHOULDER,0.5305640697479248,0.39731737971305847,-0.32105523347854614
48,LEFT_ELBOW,0.5278619527816772,0.4983353614807129,0.2547900974750519
48,RIGHT_ELBOW,0.5404372811317444,0.5045702457427979,-0.37627679109573364
48,LEFT_WRIST,0.5568899512290955,0.58637535572052,0.15620197355747223
48,RIGHT_WRIST,0.5689119696617126,0.5976347923278809,-0.32258397340774536
48,LEFT_PINKY,0.5621148347854614,0.6062566041946411,0.1632656753063202
48,RIGHT_PINKY,0.5749143362045288,0.619391918182373,-0.36465802788734436
48,LEFT_INDEX,0.565578818321228,0.6144002676010132,0.12450601160526276
48,RIGHT_INDEX,0.5791772603988647,0.618334949016571,-0.3454824686050415
48,LEFT_THUMB,0.5627332925796509,0.6091197729110718,0.13548552989959717
48,RIGHT_THUMB,0.5754361152648926,0.6102874279022217,-0.31263744831085205
48,LEFT_HIP,0.4444386065006256,0.5705891847610474,0.1752624362707138
48,RIGHT_HIP,0.4439167082309723,0.5805146098136902,-0.17551080882549286
48,LEFT_KNEE,0.47242942452430725,0.7147896885871887,0.3146740794181824
48,RIGHT_KNEE,0.47320622205734253,0.7377999424934387,-0.16316834092140198
48,LEFT_ANKLE,0.454883873462677,0.8443511128425598,0.5406090617179871
48,RIGHT_ANKLE,0.45013684034347534,0.8903549313545227,-0.12391509115695953
48,LEFT_HEEL,0.4398511052131653,0.8518203496932983,0.5587843656539917
48,RIGHT_HEEL,0.4334799647331238,0.9125708341598511,-0.12947848439216614
48,LEFT_FOOT_INDEX,0.5062955617904663,0.8639683723449707,0.5154460668563843
48,RIGHT_FOOT_INDEX,0.519036591053009,0.9119466543197632,-0.25978800654411316
49,NOSE,0.5848556756973267,0.3720819056034088,-0.045453477650880814
49,LEFT_EYE_INNER,0.5889378786087036,0.3582218289375305,-0.026841506361961365
49,LEFT_EYE,0.5883278250694275,0.35728251934051514,-0.026940057054162025
49,LEFT_EYE_OUTER,0.5877369046211243,0.35612279176712036,-0.026938389986753464
49,RIGHT_EYE_INNER,0.5880825519561768,0.35827144980430603,-0.0790298581123352
49,RIGHT_EYE,0.5865147113800049,0.3574259877204895,-0.07905641198158264
49,RIGHT_EYE_OUTER,0.5846932530403137,0.3562563359737396,-0.07921651750802994
49,LEFT_EAR,0.5769990682601929,0.3498826026916504,0.05932524800300598
49,RIGHT_EAR,0.5693269968032837,0.34799110889434814,-0.17483745515346527
49,MOUTH_LEFT,0.5740271210670471,0.3777022957801819,-0.007414816878736019
49,MOUTH_RIGHT,0.5727540254592896,0.37794753909111023,-0.07589498907327652
49,LEFT_SHOULDER,0.5195403099060059,0.3981330096721649,0.2232520580291748
49,RIGHT_SHOULDER,0.5315989255905151,0.3973912298679352,-0.31318098306655884
49,LEFT_ELBOW,0.5260747075080872,0.49750059843063354,0.2554917335510254
49,RIGHT_ELBOW,0.5414560437202454,0.5044106841087341,-0.36816149950027466
49,LEFT_WRIST,0.553655743598938,0.583496630191803,0.15896384418010712
49,RIGHT_WRIST,0.5692211985588074,0.5975533723831177,-0.3116004168987274
49,LEFT_PINKY,0.5587692856788635,0.6038342118263245,0.16737744212150574
49,RIGHT_PINKY,0.5753498077392578,0.6194616556167603,-0.35205328464508057
49,LEFT_INDEX,0.5641268491744995,0.6146358251571655,0.13036203384399414
49,RIGHT_INDEX,0.5796524882316589,0.6187982559204102,-0.33376041054725647
49,LEFT_THUMB,0.5609220266342163,0.6092146635055542,0.13908906280994415
49,RIGHT_THUMB,0.5757841467857361,0.6104148030281067,-0.30186542868614197
49,LEFT_HIP,0.443876177072525,0.5705847144126892,0.1754680573940277
49,RIGHT_HIP,0.4439987242221832,0.5810020565986633,-0.17572709918022156
49,LEFT_KNEE,0.4730263650417328,0.7146666049957275,0.31380775570869446
49,RIGHT_KNEE,0.4734977185726166,0.7378005385398865,-0.16740532219409943
49,LEFT_ANKLE,0.4549643099308014,0.8390889167785645,0.5423198938369751
49,RIGHT_ANKLE,0.45015209913253784,0.8903840780258179,-0.1318863183259964
49,LEFT_HEEL,0.4399411082267761,0.84889155626297,0.5607699751853943
49,RIGHT_HEEL,0.4334837794303894,0.9125704765319824,-0.13785190880298615
49,LEFT_FOOT_INDEX,0.5060202479362488,0.862128734588623,0.5188723802566528
49,RIGHT_FOOT_INDEX,0.5190233588218689,0.9119589924812317,-0.26830142736434937
50,NOSE,0.5850761532783508,0.3720940947532654,-0.01865963824093342
50,LEFT_EYE_INNER,0.5889744758605957,0.3582339584827423,-0.0020425484981387854
50,LEFT_EYE,0.588331937789917,0.3572894334793091,-0.0021361117251217365
50,LEFT_EYE_OUTER,0.5877300500869751,0.35612553358078003,-0.0021445881575345993
50,RIGHT_EYE_INNER,0.588333010673523,0.3583075702190399,-0.054029207676649094
50,RIGHT_EYE,0.5868969559669495,0.35748130083084106,-0.0540497787296772
50,RIGHT_EYE_OUTER,0.5852850675582886,0.35635319352149963,-0.054208140820264816
50,LEFT_EAR,0.5769602060317993,0.34997105598449707,0.07157371193170547
50,RIGHT_EAR,0.5702114701271057,0.34844180941581726,-0.16197533905506134
50,MOUTH_LEFT,0.574121356010437,0.37774378061294556,0.014468804001808167
50,MOUTH_RIGHT,0.5730410218238831,0.3780803978443146,-0.05387634038925171
50,LEFT_SHOULDER,0.515534520149231,0.3959248960018158,0.22522637248039246
50,RIGHT_SHOULDER,0.5334716439247131,0.39895254373550415,-0.3032730519771576
50,LEFT_ELBOW,0.5184682607650757,0.49447840452194214,0.25614696741104126
50,RIGHT_ELBOW,0.543720543384552,0.5064897537231445,-0.3552480638027191
50,LEFT_WRIST,0.547220766544342,0.5809816122055054,0.16232992708683014
50,RIGHT_WRIST,0.5701684355735779,0.5994600057601929,-0.28843021392822266
50,LEFT_PINKY,0.5512853860855103,0.6006717085838318,0.1729646623134613
50,RIGHT_PINKY,0.5766047239303589,0.6209402680397034,-0.3257441818714142
50,LEFT_INDEX,0.5614653825759888,0.6144685745239258,0.13718046247959137
50,RIGHT_INDEX,0.5805172324180603,0.6200774908065796,-0.3057631850242615
50,LEFT_THUMB,0.5582253336906433,0.6090577840805054,0.1431848704814911
50,RIGHT_THUMB,0.5765708684921265,0.6120094060897827,-0.27796226739883423
50,LEFT_HIP,0.44163137674331665,0.5705369710922241,0.1754487007856369
50,RIGHT_HIP,0.44427165389060974,0.5814902782440186,-0.1757144033908844
50,LEFT_KNEE,0.4731026291847229,0.7146905660629272,0.32465964555740356
50,RIGHT_KNEE,0.47353091835975647,0.7378488183021545,-0.16255691647529602
50,LEFT_ANKLE,0.45497822761535645,0.8394557237625122,0.5532408356666565
50,RIGHT_ANKLE,0.45016926527023315,0.8904685974121094,-0.12974855303764343
50,LEFT_HEEL,0.4399593770503998,0.8488039970397949,0.571908712387085
50,RIGHT_HEEL,0.43350011110305786,0.9125725030899048,-0.13551005721092224
50,LEFT_FOOT_INDEX,0.5059880018234253,0.8617533445358276,0.5339066386222839
50,RIGHT_FOOT_INDEX,0.5189743638038635,0.9119826555252075,-0.26154860854148865
51,NOSE,0.586456835269928,0.37227514386177063,-0.02098431997001171
51,LEFT_EYE_INNER,0.5899564027786255,0.35842663049697876,-0.007287709508091211
51,LEFT_EYE,0.5891674160957336,0.35741788148880005,-0.007380894385278225
51,LEFT_EYE_OUTER,0.58846116065979,0.35619357228279114,-0.007385361939668655
51,RIGHT_EYE_INNER,0.5898552536964417,0.3586314916610718,-0.061013467609882355
51,RIGHT_EYE,0.5887078046798706,0.3578372895717621,-0.06105346605181694
51,RIGHT_EYE_OUTER,0.5875392556190491,0.35673996806144714,-0.06126527860760689
51,LEFT_EAR,0.5773324370384216,0.3500799536705017,0.055401623249053955
51,RIGHT_EAR,0.5725482106208801,0.3491259217262268,-0.18377885222434998
51,MOUTH_LEFT,0.5752097368240356,0.37780365347862244,0.0049718888476490974
51,MOUTH_RIGHT,0.5745336413383484,0.3782306909561157,-0.06534089893102646
51,LEFT_SHOULDER,0.5154699683189392,0.39508160948753357,0.21066537499427795
51,RIGHT_SHOULDER,0.53522789478302,0.4001302719116211,-0.3188106417655945
51,LEFT_ELBOW,0.5157417058944702,0.49346795678138733,0.2371177226305008
51,RIGHT_ELBOW,0.5452291369438171,0.5091900825500488,-0.36385664343833923
51,LEFT_WRIST,0.5497515201568604,0.5815885663032532,0.1435842663049698
51,RIGHT_WRIST,0.5715025663375854,0.6028527617454529,-0.3009006083011627
51,LEFT_PINKY,0.5548050403594971,0.601357638835907,0.1534203737974167
51,RIGHT_PINKY,0.5779939293861389,0.6239696741104126,-0.34042197465896606
51,LEFT_INDEX,0.5625976324081421,0.6149237751960754,0.11691050231456757
51,RIGHT_INDEX,0.5817134380340576,0.6224625110626221,-0.31960898637771606
51,LEFT_THUMB,0.5591935515403748,0.6099027395248413,0.12351170927286148
51,RIGHT_THUMB,0.5779563188552856,0.6147505044937134,-0.29022926092147827
51,LEFT_HIP,0.4407290816307068,0.5705273151397705,0.17563919723033905
51,RIGHT_HIP,0.4443364143371582,0.5816465616226196,-0.17591336369514465
51,LEFT_KNEE,0.4729927182197571,0.7145576477050781,0.3402825593948364
51,RIGHT_KNEE,0.47353631258010864,0.7379592657089233,-0.1377609670162201
51,LEFT_ANKLE,0.45482906699180603,0.8395770788192749,0.5726892352104187
51,RIGHT_ANKLE,0.45023947954177856,0.8906028866767883,-0.07950448989868164
51,LEFT_HEEL,0.4396654963493347,0.8489263653755188,0.5917748808860779
51,RIGHT_HEEL,0.4335510730743408,0.9125853776931763,-0.08245453238487244
51,LEFT_FOOT_INDEX,0.5056523680686951,0.8616040945053101,0.5515948534011841
51,RIGHT_FOOT_INDEX,0.5189722776412964,0.9120213389396667,-0.20449070632457733
52,NOSE,0.5866608619689941,0.37254178524017334,-0.028203900903463364
52,LEFT_EYE_INNER,0.590158224105835,0.35879915952682495,-0.01266646571457386
52,LEFT_EYE,0.5893558859825134,0.3577157258987427,-0.012764962390065193
52,LEFT_EYE_OUTER,0.5886454582214355,0.35640278458595276,-0.012789750471711159
52,RIGHT_EYE_INNER,0.5902149677276611,0.3589797914028168,-0.06508000195026398
52,RIGHT_EYE,0.5892121195793152,0.35809916257858276,-0.06511195749044418
52,RIGHT_EYE_OUTER,0.5882179141044617,0.3569493889808655,-0.06528061628341675
52,LEFT_EAR,0.5775444507598877,0.3501083254814148,0.05518956854939461
52,RIGHT_EAR,0.5735558867454529,0.3492221236228943,-0.1851346641778946
52,MOUTH_LEFT,0.5754360556602478,0.3778619170188904,0.002614765428006649
52,MOUTH_RIGHT,0.5748531818389893,0.3783014714717865,-0.06587758660316467
52,LEFT_SHOULDER,0.5157260298728943,0.3949092626571655,0.2124948799610138
52,RIGHT_SHOULDER,0.5364588499069214,0.3999534249305725,-0.3199475407600403
52,LEFT_ELBOW,0.5184157490730286,0.49358147382736206,0.2407657653093338
52,RIGHT_ELBOW,0.5463289022445679,0.5096174478530884,-0.36908644437789917
52,LEFT_WRIST,0.551179826259613,0.5819708108901978,0.14715449512004852
52,RIGHT_WRIST,0.5717206597328186,0.6029415726661682,-0.30926772952079773
52,LEFT_PINKY,0.5564060807228088,0.6017236709594727,0.1560235321521759
52,RIGHT_PINKY,0.5783074498176575,0.6243721842765808,-0.35044848918914795
52,LEFT_INDEX,0.56330406665802,0.6112143993377686,0.11837293952703476
52,RIGHT_INDEX,0.5819292068481445,0.6227282285690308,-0.3297489285469055
52,LEFT_THUMB,0.5593168139457703,0.6064607501029968,0.1265369951725006
52,RIGHT_THUMB,0.5781787633895874,0.6149768233299255,-0.2989150881767273
52,LEFT_HIP,0.440317302942276,0.5705084204673767,0.17595705389976501
52,RIGHT_HIP,0.4444781243801117,0.5815666913986206,-0.17623576521873474
52,LEFT_KNEE,0.47303906083106995,0.7145690321922302,0.3332440257072449
52,RIGHT_KNEE,0.4735631048679352,0.7381751537322998,-0.14178527891635895
52,LEFT_ANKLE,0.4547812044620514,0.8398605585098267,0.5595104694366455
52,RIGHT_ANKLE,0.450273334980011,0.8908171653747559,-0.08721169829368591
52,LEFT_HEEL,0.43920740485191345,0.8492269515991211,0.5777971744537354
52,RIGHT_HEEL,0.4335581660270691,0.9126282930374146,-0.0904868096113205
52,LEFT_FOOT_INDEX,0.5053602457046509,0.8619675636291504,0.5354186296463013
52,RIGHT_FOOT_INDEX,0.518967866897583,0.9121694564819336,-0.21376876533031464
53,NOSE,0.5870052576065063,0.3723575472831726,-0.07480567693710327
53,LEFT_EYE_INNER,0.5905033946037292,0.358608216047287,-0.05692574381828308
53,LEFT_EYE,0.5896791219711304,0.35752391815185547,-0.05701417475938797
53,LEFT_EYE_OUTER,0.5889502763748169,0.35618701577186584,-0.057006753981113434
53,RIGHT_EYE_INNER,0.5906244516372681,0.35871249437332153,-0.11095000803470612
53,RIGHT_EYE,0.5896680951118469,0.3577876687049866,-0.11098255217075348
53,RIGHT_EYE_OUTER,0.5887206792831421,0.35660624504089355,-0.1111384853720665
53,LEFT_EAR,0.5776558518409729,0.34988874197006226,0.030994240194559097
53,RIGHT_EAR,0.5741283297538757,0.3490324914455414,-0.2125767469406128
53,MOUTH_LEFT,0.5757938623428345,0.3776586949825287,-0.03566524013876915
53,MOUTH_RIGHT,0.5752390027046204,0.3780044913291931,-0.1065623015165329
53,LEFT_SHOULDER,0.5159770250320435,0.3947984278202057,0.201673224568367
53,RIGHT_SHOULDER,0.5365375280380249,0.39958706498146057,-0.3412308096885681
53,LEFT_ELBOW,0.5196936130523682,0.49429851770401,0.23207223415374756
53,RIGHT_ELBOW,0.5460821390151978,0.5094037055969238,-0.3950302004814148
53,LEFT_WRIST,0.5520695447921753,0.5827547311782837,0.1389009803533554
53,RIGHT_WRIST,0.5715924501419067,0.6029195785522461,-0.3329549729824066
53,LEFT_PINKY,0.5575023293495178,0.6021884679794312,0.14747227728366852
53,RIGHT_PINKY,0.5781638622283936,0.6248205900192261,-0.37643980979919434
53,LEFT_INDEX,0.563723623752594,0.6104936003684998,0.10785168409347534
53,RIGHT_INDEX,0.5818318724632263,0.6229700446128845,-0.35295969247817993
53,LEFT_THUMB,0.5593770742416382,0.6055675745010376,0.11759158223867416
53,RIGHT_THUMB,0.5781488418579102,0.6152292490005493,-0.3214786648750305
53,LEFT_HIP,0.44021862745285034,0.5705420970916748,0.17672479152679443
53,RIGHT_HIP,0.44448843598365784,0.5814977884292603,-0.17700183391571045
53,LEFT_KNEE,0.47304096817970276,0.7145542502403259,0.3360658288002014
53,RIGHT_KNEE,0.47356581687927246,0.7382971048355103,-0.1353759765625
53,LEFT_ANKLE,0.45463547110557556,0.8399380445480347,0.5677003860473633
53,RIGHT_ANKLE,0.45031142234802246,0.8909304738044739,-0.06712490320205688
53,LEFT_HEEL,0.43842944502830505,0.8500771522521973,0.5865805149078369
53,RIGHT_HEEL,0.4335620403289795,0.9126687049865723,-0.06902355700731277
53,LEFT_FOOT_INDEX,0.5050023198127747,0.8620951771736145,0.5425242185592651
53,RIGHT_FOOT_INDEX,0.5189688205718994,0.9122154116630554,-0.19233818352222443
54,NOSE,0.587177574634552,0.37265631556510925,-0.07064678519964218
54,LEFT_EYE_INNER,0.5908023118972778,0.3590570390224457,-0.05281480401754379
54,LEFT_EYE,0.5899559259414673,0.3578881323337555,-0.052907127887010574
54,LEFT_EYE_OUTER,0.5891983509063721,0.3564526438713074,-0.05291082337498665
54,RIGHT_EYE_INNER,0.5910910367965698,0.3592302203178406,-0.10587631165981293
54,RIGHT_EYE,0.5902720093727112,0.3582683801651001,-0.10590165853500366
54,RIGHT_EYE_OUTER,0.5894900560379028,0.35705897212028503,-0.10604391992092133
54,LEFT_EAR,0.5777164697647095,0.3499240577220917,0.03427126258611679
54,RIGHT_EAR,0.5750727653503418,0.34925681352615356,-0.20470741391181946
54,MOUTH_LEFT,0.5759419202804565,0.3777664601802826,-0.031814027577638626
54,MOUTH_RIGHT,0.5755302309989929,0.3781511187553406,-0.10151205956935883
54,LEFT_SHOULDER,0.5160470604896545,0.39480501413345337,0.20468342304229736
54,RIGHT_SHOULDER,0.5369976758956909,0.39904260635375977,-0.3353666663169861
54,LEFT_ELBOW,0.520504355430603,0.49444904923439026,0.2372864931821823
54,RIGHT_ELBOW,0.5468893051147461,0.5090187191963196,-0.39084985852241516
54,LEFT_WRIST,0.5526123046875,0.5827651023864746,0.1406317949295044
54,RIGHT_WRIST,0.5715104937553406,0.6024197340011597,-0.3268107771873474
54,LEFT_PINKY,0.5583434700965881,0.6021875143051147,0.15029247105121613
54,RIGHT_PINKY,0.5780583620071411,0.6244935989379883,-0.36858099699020386
54,LEFT_INDEX,0.5639201402664185,0.6125990152359009,0.11214069277048111
54,RIGHT_INDEX,0.5817816257476807,0.6226243376731873,-0.342868834733963
54,LEFT_THUMB,0.5591804385185242,0.6019687056541443,0.11889564990997314
54,RIGHT_THUMB,0.578093409538269,0.6147905588150024,-0.3141588568687439
54,LEFT_HIP,0.4402400851249695,0.5705406069755554,0.17773126065731049
54,RIGHT_HIP,0.44461727142333984,0.5814166069030762,-0.17799995839595795
54,LEFT_KNEE,0.47303909063339233,0.7145653963088989,0.3336583971977234
54,RIGHT_KNEE,0.47357097268104553,0.7384966611862183,-0.1368587464094162
54,LEFT_ANKLE,0.4544588625431061,0.8403255343437195,0.5609713196754456
54,RIGHT_ANKLE,0.4503493309020996,0.8910336494445801,-0.07199083268642426
54,LEFT_HEEL,0.4381284713745117,0.8503430485725403,0.5793744921684265
54,RIGHT_HEEL,0.43356746435165405,0.9126850962638855,-0.07404149323701859
54,LEFT_FOOT_INDEX,0.5048941373825073,0.8621195554733276,0.5359193086624146
54,RIGHT_FOOT_INDEX,0.518969714641571,0.91228848695755,-0.1960126906633377
55,NOSE,0.5873509645462036,0.3728906512260437,-0.07035325467586517
55,LEFT_EYE_INNER,0.5909988880157471,0.3594000041484833,-0.05252624303102493
55,LEFT_EYE,0.5901339054107666,0.35819727182388306,-0.05263547971844673
55,LEFT_EYE_OUTER,0.5893594622612,0.3567085862159729,-0.05266494303941727
55,RIGHT_EYE_INNER,0.5914204120635986,0.35954350233078003,-0.10471180826425552
55,RIGHT_EYE,0.590689480304718,0.3585333824157715,-0.10473421961069107
55,RIGHT_EYE_OUTER,0.5900086164474487,0.3572883605957031,-0.10486684739589691
55,LEFT_EAR,0.5777378082275391,0.3499753177165985,0.03544327989220619
55,RIGHT_EAR,0.5756067037582397,0.34934407472610474,-0.2011779248714447
55,MOUTH_LEFT,0.5760878324508667,0.37785911560058594,-0.03133084625005722
55,MOUTH_RIGHT,0.5757537484169006,0.37820810079574585,-0.09986820816993713
55,LEFT_SHOULDER,0.5160883069038391,0.3948412239551544,0.2075164020061493
55,RIGHT_SHOULDER,0.5371853709220886,0.3981325328350067,-0.3324934244155884
55,LEFT_ELBOW,0.5210809111595154,0.4945327639579773,0.23992368578910828
55,RIGHT_ELBOW,0.547357439994812,0.5087854862213135,-0.38893216848373413
55,LEFT_WRIST,0.5530170798301697,0.5829041600227356,0.14565889537334442
55,RIGHT_WRIST,0.5714208483695984,0.6023133993148804,-0.326555073261261
55,LEFT_PINKY,0.5587546825408936,0.6023932695388794,0.15854386985301971
55,RIGHT_PINKY,0.5780016183853149,0.6247343420982361,-0.36832454800605774
55,LEFT_INDEX,0.5642505288124084,0.6099270582199097,0.11948470771312714
55,RIGHT_INDEX,0.5817022919654846,0.6226162910461426,-0.34242311120033264
55,LEFT_THUMB,0.5593450665473938,0.6017897725105286,0.12412302196025848
55,RIGHT_THUMB,0.5780207514762878,0.6146631836891174,-0.31368884444236755
55,LEFT_HIP,0.4400095045566559,0.5705041885375977,0.17818991839885712
55,RIGHT_HIP,0.44468674063682556,0.5808702111244202,-0.1784648448228836
55,LEFT_KNEE,0.47304612398147583,0.7145663499832153,0.336276113986969
55,RIGHT_KNEE,0.4735751152038574,0.7385210394859314,-0.13782700896263123
55,LEFT_ANKLE,0.45444583892822266,0.8404175639152527,0.5593293905258179
55,RIGHT_ANKLE,0.4504050612449646,0.8911272883415222,-0.07983200997114182
55,LEFT_HEEL,0.43766799569129944,0.8516004681587219,0.5773643255233765
55,RIGHT_HEEL,0.4335712790489197,0.9127052426338196,-0.08267845213413239
55,LEFT_FOOT_INDEX,0.504881739616394,0.8623796701431274,0.5338298082351685
55,RIGHT_FOOT_INDEX,0.5189536809921265,0.9123656153678894,-0.20492729544639587
56,NOSE,0.5884460210800171,0.37315353751182556,-0.0705462321639061
56,LEFT_EYE_INNER,0.5921133756637573,0.359735369682312,-0.05201025679707527
56,LEFT_EYE,0.5911644697189331,0.3584718108177185,-0.05210047960281372
56,LEFT_EYE_OUTER,0.5902889370918274,0.3569217324256897,-0.052097730338573456
56,RIGHT_EYE_INNER,0.5927861332893372,0.3599747121334076,-0.10583586990833282
56,RIGHT_EYE,0.5921931266784668,0.3589736521244049,-0.10585912317037582
56,RIGHT_EYE_OUTER,0.5916574001312256,0.35774216055870056,-0.1060018539428711
56,LEFT_EAR,0.578021228313446,0.35002464056015015,0.03835584968328476
56,RIGHT_EAR,0.5769796371459961,0.34962376952171326,-0.2043873369693756
56,MOUTH_LEFT,0.576972484588623,0.3779046833515167,-0.030511891469359398
56,MOUTH_RIGHT,0.5769261121749878,0.378294438123703,-0.10126332938671112
56,LEFT_SHOULDER,0.5161193013191223,0.39486321806907654,0.2086409628391266
56,RIGHT_SHOULDER,0.5377224683761597,0.39779382944107056,-0.3363642692565918
56,LEFT_ELBOW,0.5212840437889099,0.494873583316803,0.2413926124572754
56,RIGHT_ELBOW,0.5485035181045532,0.5091302394866943,-0.396152138710022
56,LEFT_WRIST,0.5530537962913513,0.5830101370811462,0.15001079440116882
56,RIGHT_WRIST,0.5713729858398438,0.6025790572166443,-0.3412648141384125
56,LEFT_PINKY,0.560432493686676,0.6025209426879883,0.16386504471302032
56,RIGHT_PINKY,0.5781130790710449,0.6253476142883301,-0.38542822003364563
56,LEFT_INDEX,0.5652602314949036,0.6090840101242065,0.12359516322612762
56,RIGHT_INDEX,0.5818225741386414,0.6227734684944153,-0.3588947355747223
56,LEFT_THUMB,0.5608114004135132,0.6017967462539673,0.12829670310020447
56,RIGHT_THUMB,0.5781795978546143,0.6147977113723755,-0.3285579979419708
56,LEFT_HIP,0.440040647983551,0.5704041123390198,0.17909012734889984
56,RIGHT_HIP,0.4447964131832123,0.5805166959762573,-0.17936208844184875
56,LEFT_KNEE,0.47307705879211426,0.7146292328834534,0.338888555765152
56,RIGHT_KNEE,0.47359219193458557,0.7385652661323547,-0.13892382383346558
56,LEFT_ANKLE,0.45437830686569214,0.8410136103630066,0.5611326098442078
56,RIGHT_ANKLE,0.45043498277664185,0.8912938237190247,-0.0840499997138977
56,LEFT_HEEL,0.4369620382785797,0.8527929186820984,0.5790981650352478
56,RIGHT_HEEL,0.43356823921203613,0.9127567410469055,-0.087244912981987
56,LEFT_FOOT_INDEX,0.5047415494918823,0.8626328706741333,0.5349160432815552
56,RIGHT_FOOT_INDEX,0.5189270377159119,0.912549614906311,-0.20990094542503357
57,NOSE,0.5889424681663513,0.3731539845466614,-0.07884551584720612
57,LEFT_EYE_INNER,0.5926284193992615,0.35973072052001953,-0.06044842675328255
57,LEFT_EYE,0.5916734933853149,0.35846954584121704,-0.06052998825907707
57,LEFT_EYE_OUTER,0.5907813906669617,0.35692015290260315,-0.06051899865269661
57,RIGHT_EYE_INNER,0.5932828187942505,0.3599698841571808,-0.11467479169368744
57,RIGHT_EYE,0.5926669836044312,0.35897281765937805,-0.11469496786594391
57,RIGHT_EYE_OUTER,0.5920858383178711,0.3577451705932617,-0.1148315891623497
57,LEFT_EAR,0.5782577395439148,0.35004034638404846,0.030813375487923622
57,RIGHT_EAR,0.5772286653518677,0.34967276453971863,-0.21349044144153595
57,MOUTH_LEFT,0.5774010419845581,0.37791574001312256,-0.03838679566979408
57,MOUTH_RIGHT,0.5773210525512695,0.37834012508392334,-0.10975219309329987
57,LEFT_SHOULDER,0.516169011592865,0.39563292264938354,0.20409026741981506
57,RIGHT_SHOULDER,0.5376168489456177,0.3976912796497345,-0.34183552861213684
57,LEFT_ELBOW,0.5221050977706909,0.49679580330848694,0.2366039752960205
57,RIGHT_ELBOW,0.5492703318595886,0.5109971165657043,-0.4018780589103699
57,LEFT_WRIST,0.5548089742660522,0.5855783224105835,0.14820951223373413
57,RIGHT_WRIST,0.5714212656021118,0.6037347912788391,-0.35263627767562866
57,LEFT_PINKY,0.5636249780654907,0.6055481433868408,0.16094230115413666
57,RIGHT_PINKY,0.578306257724762,0.6264787912368774,-0.3982993960380554
57,LEFT_INDEX,0.568585991859436,0.6099367141723633,0.11938676983118057
57,RIGHT_INDEX,0.5820863246917725,0.6238501071929932,-0.3722453713417053
57,LEFT_THUMB,0.5628504753112793,0.6025710105895996,0.12637081742286682
57,RIGHT_THUMB,0.5784894824028015,0.6159529685974121,-0.3403742015361786
57,LEFT_HIP,0.4400706887245178,0.5703688859939575,0.17904743552207947
57,RIGHT_HIP,0.4447086751461029,0.5803505182266235,-0.1793183982372284
57,LEFT_KNEE,0.4731302261352539,0.7147208452224731,0.33804357051849365
57,RIGHT_KNEE,0.4735955595970154,0.7386401891708374,-0.13631929457187653
57,LEFT_ANKLE,0.45434513688087463,0.8416575193405151,0.5616179704666138
57,RIGHT_ANKLE,0.4505808353424072,0.8914505839347839,-0.0783366784453392
57,LEFT_HEEL,0.43666625022888184,0.853398323059082,0.5798741579055786
57,RIGHT_HEEL,0.43359217047691345,0.9128339886665344,-0.08110852539539337
57,LEFT_FOOT_INDEX,0.5047398805618286,0.8628702163696289,0.5356478691101074
57,RIGHT_FOOT_INDEX,0.5189261436462402,0.9126833081245422,-0.20276038348674774
58,NOSE,0.5881596803665161,0.3742324709892273,-0.027066171169281006
58,LEFT_EYE_INNER,0.5923169851303101,0.36076828837394714,-0.010709301568567753
58,LEFT_EYE,0.5913715362548828,0.3593878149986267,-0.010782054625451565
58,LEFT_EYE_OUTER,0.5904778242111206,0.3577090799808502,-0.010777365416288376
58,RIGHT_EYE_INNER,0.5931171178817749,0.361325204372406,-0.06394708901643753
58,RIGHT_EYE,0.592605471611023,0.360446035861969,-0.06396286189556122
58,RIGHT_EYE_OUTER,0.5920085906982422,0.35929954051971436,-0.06411661207675934
58,LEFT_EAR,0.5780326128005981,0.3502950668334961,0.06253242492675781
58,RIGHT_EAR,0.5771616697311401,0.35062867403030396,-0.17724905908107758
58,MOUTH_LEFT,0.5765945911407471,0.37859994173049927,0.006195920519530773
58,MOUTH_RIGHT,0.5768783092498779,0.37920695543289185,-0.0639340728521347
58,LEFT_SHOULDER,0.5129607319831848,0.3954210579395294,0.21473613381385803
58,RIGHT_SHOULDER,0.5384772419929504,0.39830008149147034,-0.3155565857887268
58,LEFT_ELBOW,0.5172572731971741,0.49705663323402405,0.23680825531482697
58,RIGHT_ELBOW,0.5498086214065552,0.5129929780960083,-0.3688642084598541
58,LEFT_WRIST,0.552937924861908,0.58558189868927,0.15574415028095245
58,RIGHT_WRIST,0.5715013146400452,0.60516357421875,-0.3017624318599701
58,LEFT_PINKY,0.5627370476722717,0.6055991649627686,0.17001357674598694
58,RIGHT_PINKY,0.5784258842468262,0.6277216076850891,-0.34060412645339966
58,LEFT_INDEX,0.5685125589370728,0.6100243330001831,0.13135699927806854
58,RIGHT_INDEX,0.5822614431381226,0.6252034902572632,-0.31294530630111694
58,LEFT_THUMB,0.5621704459190369,0.6025681495666504,0.1352076232433319
58,RIGHT_THUMB,0.5788297653198242,0.6177223920822144,-0.2885989546775818
58,LEFT_HIP,0.4389686584472656,0.5702551603317261,0.1777287721633911
58,RIGHT_HIP,0.4450160562992096,0.5803658366203308,-0.17801794409751892
58,LEFT_KNEE,0.4730759263038635,0.7147252559661865,0.33617934584617615
58,RIGHT_KNEE,0.4736172556877136,0.7386669516563416,-0.12806789577007294
58,LEFT_ANKLE,0.4542664587497711,0.8425067067146301,0.5429098606109619
58,RIGHT_ANKLE,0.450690895318985,0.8916341066360474,-0.07061561942100525
58,LEFT_HEEL,0.4358975291252136,0.8550155758857727,0.5600364804267883
58,RIGHT_HEEL,0.43364328145980835,0.9129008054733276,-0.0726332738995552
58,LEFT_FOOT_INDEX,0.5047034025192261,0.8634024858474731,0.5201704502105713
58,RIGHT_FOOT_INDEX,0.5189199447631836,0.9128375053405762,-0.18735922873020172
59,NOSE,0.5881208777427673,0.3742297291755676,-0.020070509985089302
59,LEFT_EYE_INNER,0.5922396779060364,0.36076897382736206,-0.0035254345275461674
59,LEFT_EYE,0.5912664532661438,0.35939615964889526,-0.003605268429964781
59,LEFT_EYE_OUTER,0.5903360843658447,0.35771918296813965,-0.00361039349809289
59,RIGHT_EYE_INNER,0.5930958986282349,0.36131125688552856,-0.056598830968141556
59,RIGHT_EYE,0.5925763845443726,0.36043447256088257,-0.05661218240857124
59,RIGHT_EYE_OUTER,0.5919490456581116,0.3592858910560608,-0.05676187202334404
59,LEFT_EAR,0.5777722001075745,0.35030674934387207,0.06978388130664825
59,RIGHT_EAR,0.5771021842956543,0.35067111253738403,-0.16855138540267944
59,MOUTH_LEFT,0.5765608549118042,0.37864959239959717,0.013262687250971794
59,MOUTH_RIGHT,0.5768573880195618,0.3792906403541565,-0.0564892515540123
59,LEFT_SHOULDER,0.5126838088035583,0.39542824029922485,0.22087259590625763
59,RIGHT_SHOULDER,0.5386594533920288,0.39862725138664246,-0.3067920506000519
59,LEFT_ELBOW,0.516735315322876,0.4973374903202057,0.24338912963867188
59,RIGHT_ELBOW,0.5497598052024841,0.5132027864456177,-0.3583999276161194
59,LEFT_WRIST,0.5523771047592163,0.5855435729026794,0.1646643579006195
59,RIGHT_WRIST,0.5716753005981445,0.6052442789077759,-0.2954266369342804
59,LEFT_PINKY,0.5613930225372314,0.6055545210838318,0.17819705605506897
59,RIGHT_PINKY,0.5785341262817383,0.6277831792831421,-0.33444008231163025
59,LEFT_INDEX,0.5681959390640259,0.6100456118583679,0.14034000039100647
59,RIGHT_INDEX,0.5823185443878174,0.6256388425827026,-0.30867308378219604
59,LEFT_THUMB,0.5613991022109985,0.6024293899536133,0.14460086822509766
59,RIGHT_THUMB,0.5789326429367065,0.618040919303894,-0.28296881914138794
59,LEFT_HIP,0.4385911524295807,0.5698827505111694,0.1764608919620514
59,RIGHT_HIP,0.44501686096191406,0.5801450610160828,-0.1767570972442627
59,LEFT_KNEE,0.47303953766822815,0.714454710483551,0.33035194873809814
59,RIGHT_KNEE,0.47366008162498474,0.7385317087173462,-0.12832525372505188
59,LEFT_ANKLE,0.4541872441768646,0.8426213264465332,0.5402392148971558
59,RIGHT_ANKLE,0.4508216977119446,0.8917608261108398,-0.08254873007535934
59,LEFT_HEEL,0.43597412109375,0.8537877202033997,0.5578026175498962
59,RIGHT_HEEL,0.4337491989135742,0.9129825830459595,-0.0851612314581871
59,LEFT_FOOT_INDEX,0.504701554775238,0.8628972768783569,0.5190505385398865
59,RIGHT_FOOT_INDEX,0.5189468860626221,0.9128558039665222,-0.19432313740253448
60,NOSE,0.5890464186668396,0.37445738911628723,-0.03090544603765011
60,LEFT_EYE_INNER,0.5927375555038452,0.3610379099845886,-0.013752356171607971
60,LEFT_EYE,0.591667890548706,0.3596397042274475,-0.013833832927048206
60,LEFT_EYE_OUTER,0.5906391143798828,0.3579424023628235,-0.013833172619342804
60,RIGHT_EYE_INNER,0.5936196446418762,0.3618031144142151,-0.06694526970386505
60,RIGHT_EYE,0.593019962310791,0.3610568642616272,-0.06696202605962753
60,RIGHT_EYE_OUTER,0.5923604965209961,0.3600253462791443,-0.06710950285196304
60,LEFT_EAR,0.5779207944869995,0.3505477011203766,0.06603670120239258
60,RIGHT_EAR,0.577523946762085,0.35110020637512207,-0.17458239197731018
60,MOUTH_LEFT,0.5772922039031982,0.37872618436813354,0.004367179237306118
60,MOUTH_RIGHT,0.5776492357254028,0.37956714630126953,-0.06566569209098816
60,LEFT_SHOULDER,0.5117136240005493,0.3952866792678833,0.21662242710590363
60,RIGHT_SHOULDER,0.5416761636734009,0.40409913659095764,-0.3105652630329132
60,LEFT_ELBOW,0.5138419270515442,0.49734121561050415,0.23728516697883606
60,RIGHT_ELBOW,0.5500267744064331,0.5140364170074463,-0.3634544610977173
60,LEFT_WRIST,0.552087664604187,0.5855166912078857,0.1579899787902832
60,RIGHT_WRIST,0.5724572539329529,0.607086181640625,-0.2893337607383728
60,LEFT_PINKY,0.5603572726249695,0.605577290058136,0.17122244834899902
60,RIGHT_PINKY,0.5786378383636475,0.6307259202003479,-0.327190101146698
60,LEFT_INDEX,0.5677270889282227,0.6100583672523499,0.13471746444702148
60,RIGHT_INDEX,0.5825344324111938,0.629318356513977,-0.30240121483802795
60,LEFT_THUMB,0.5608801245689392,0.6024242639541626,0.13809077441692352
60,RIGHT_THUMB,0.5796045660972595,0.6215575933456421,-0.2772101163864136
60,LEFT_HIP,0.43839746713638306,0.5698668360710144,0.17653271555900574
60,RIGHT_HIP,0.4456964135169983,0.5801999568939209,-0.17683538794517517
60,LEFT_KNEE,0.47306737303733826,0.7153066992759705,0.33899015188217163
60,RIGHT_KNEE,0.47366318106651306,0.7391756772994995,-0.12094203382730484
60,LEFT_ANKLE,0.45395606756210327,0.8462722897529602,0.5443951487541199
60,RIGHT_ANKLE,0.4508402347564697,0.8924640417098999,-0.060212235897779465
60,LEFT_HEEL,0.43587255477905273,0.8584864735603333,0.5612171292304993
60,RIGHT_HEEL,0.43372923135757446,0.9133731126785278,-0.06167224049568176
60,LEFT_FOOT_INDEX,0.5050433278083801,0.8662125468254089,0.5228530168533325
60,RIGHT_FOOT_INDEX,0.5190139412879944,0.913983941078186,-0.17459022998809814
61,NOSE,0.5899857878684998,0.3746004104614258,-0.08260543644428253
61,LEFT_EYE_INNER,0.5935466289520264,0.3612310290336609,-0.06480743736028671
61,LEFT_EYE,0.5924738049507141,0.3598235249519348,-0.06488791108131409
61,LEFT_EYE_OUTER,0.5914214849472046,0.358120322227478,-0.06487672030925751
61,RIGHT_EYE_INNER,0.5942206978797913,0.3620598018169403,-0.1183074563741684
61,RIGHT_EYE,0.5935279726982117,0.3613094687461853,-0.118332639336586
61,RIGHT_EYE_OUTER,0.5928023457527161,0.3602806627750397,-0.11848290264606476
61,LEFT_EAR,0.5784814357757568,0.3506664037704468,0.02423003502190113
61,RIGHT_EAR,0.5780709385871887,0.3511463701725006,-0.21688905358314514
61,MOUTH_LEFT,0.5781019330024719,0.37877029180526733,-0.04291873425245285
61,MOUTH_RIGHT,0.5783954858779907,0.3797060251235962,-0.11329648643732071
61,LEFT_SHOULDER,0.5122289657592773,0.3952029347419739,0.19432303309440613
61,RIGHT_SHOULDER,0.5421878099441528,0.4038766324520111,-0.34554237127304077
61,LEFT_ELBOW,0.5163784623146057,0.4974178373813629,0.21946938335895538
61,RIGHT_ELBOW,0.5506194233894348,0.5138342380523682,-0.39936792850494385
61,LEFT_WRIST,0.555640459060669,0.5865769386291504,0.13444022834300995
61,RIGHT_WRIST,0.5735416412353516,0.6083606481552124,-0.3362352252006531
61,LEFT_PINKY,0.564116895198822,0.607554018497467,0.14571872353553772
61,RIGHT_PINKY,0.5788016319274902,0.6326393485069275,-0.3798704743385315
61,LEFT_INDEX,0.5697903037071228,0.6124914884567261,0.10588087141513824
61,RIGHT_INDEX,0.582792341709137,0.6317335963249207,-0.35495704412460327
61,LEFT_THUMB,0.5629046559333801,0.6036654710769653,0.11332134157419205
61,RIGHT_THUMB,0.580267071723938,0.6237975358963013,-0.3244432210922241
61,LEFT_HIP,0.4384310245513916,0.5698403716087341,0.17781773209571838
61,RIGHT_HIP,0.4457596242427826,0.5801809430122375,-0.17814360558986664
61,LEFT_KNEE,0.4730687141418457,0.7157654166221619,0.3523567318916321
61,RIGHT_KNEE,0.47364577651023865,0.73968905210495,-0.1169978529214859
61,LEFT_ANKLE,0.4536053538322449,0.8485886454582214,0.576716959476471
61,RIGHT_ANKLE,0.4508613646030426,0.8930527567863464,-0.04259144887328148
61,LEFT_HEEL,0.4358459413051605,0.8607374429702759,0.595272421836853
61,RIGHT_HEEL,0.4337252676486969,0.9136857986450195,-0.04326486214995384
61,LEFT_FOOT_INDEX,0.5051590204238892,0.8679708242416382,0.552370548248291
61,RIGHT_FOOT_INDEX,0.5190839767456055,0.9148404002189636,-0.16099318861961365
62,NOSE,0.5909229516983032,0.3746720254421234,-0.10887826979160309
62,LEFT_EYE_INNER,0.5941876173019409,0.3612765967845917,-0.09087575227022171
62,LEFT_EYE,0.593127429485321,0.35988014936447144,-0.09095925837755203
62,LEFT_EYE_OUTER,0.5920695662498474,0.3581881523132324,-0.0909513533115387
62,RIGHT_EYE_INNER,0.5946017503738403,0.3620978593826294,-0.1446762979030609
62,RIGHT_EYE,0.5937856435775757,0.3613397181034088,-0.14470544457435608
62,RIGHT_EYE_OUTER,0.5929557085037231,0.3603134751319885,-0.14484940469264984
62,LEFT_EAR,0.5789327025413513,0.35076647996902466,0.002157696755602956
62,RIGHT_EAR,0.5781515836715698,0.35118991136550903,-0.2398567497730255
62,MOUTH_LEFT,0.5791254043579102,0.378915011882782,-0.06738197058439255
62,MOUTH_RIGHT,0.5790976881980896,0.37996798753738403,-0.13804315030574799
62,LEFT_SHOULDER,0.5136905908584595,0.3951880931854248,0.18096831440925598
62,RIGHT_SHOULDER,0.5423320531845093,0.40491825342178345,-0.3640093207359314
62,LEFT_ELBOW,0.519693911075592,0.49746203422546387,0.2104841023683548
62,RIGHT_ELBOW,0.5508071184158325,0.5140625834465027,-0.41855961084365845
62,LEFT_WRIST,0.5577192902565002,0.5869660973548889,0.12213464826345444
62,RIGHT_WRIST,0.5744305849075317,0.6098780035972595,-0.36167722940444946
62,LEFT_PINKY,0.5656245350837708,0.6080949902534485,0.13195854425430298
62,RIGHT_PINKY,0.5788899660110474,0.6344844102859497,-0.4073110520839691
62,LEFT_INDEX,0.5707682967185974,0.6134226322174072,0.09094713628292084
62,RIGHT_INDEX,0.5828641653060913,0.6337454915046692,-0.3836515247821808
62,LEFT_THUMB,0.5640948414802551,0.6042977571487427,0.10049574077129364
62,RIGHT_THUMB,0.5807144641876221,0.6259481310844421,-0.35039132833480835
62,LEFT_HIP,0.438713014125824,0.569684624671936,0.17896729707717896
62,RIGHT_HIP,0.44560346007347107,0.580149233341217,-0.17929396033287048
62,LEFT_KNEE,0.4735483229160309,0.716774582862854,0.3554012179374695
62,RIGHT_KNEE,0.47355929017066956,0.740016758441925,-0.12159818410873413
62,LEFT_ANKLE,0.45341235399246216,0.8485633730888367,0.584814727306366
62,RIGHT_ANKLE,0.45086511969566345,0.8935985565185547,-0.05494844913482666
62,LEFT_HEEL,0.43557390570640564,0.8612288236618042,0.6035754084587097
62,RIGHT_HEEL,0.43364542722702026,0.9140990376472473,-0.05676666647195816
62,LEFT_FOOT_INDEX,0.5054041147232056,0.8691434860229492,0.5595293641090393
62,RIGHT_FOOT_INDEX,0.519168496131897,0.915450394153595,-0.17668822407722473
63,NOSE,0.591249406337738,0.37496232986450195,-0.09572653472423553
63,LEFT_EYE_INNER,0.5944733023643494,0.361680805683136,-0.07787930220365524
63,LEFT_EYE,0.5934128165245056,0.36027365922927856,-0.07796373218297958
63,LEFT_EYE_OUTER,0.5923418998718262,0.35857129096984863,-0.0779590755701065
63,RIGHT_EYE_INNER,0.5947806239128113,0.3626396059989929,-0.13185706734657288
63,RIGHT_EYE,0.5938975811004639,0.36197906732559204,-0.13188263773918152
63,RIGHT_EYE_OUTER,0.5930395722389221,0.3609333336353302,-0.13203607499599457
63,LEFT_EAR,0.5790824890136719,0.3510061800479889,0.011639019474387169
63,RIGHT_EAR,0.5782626867294312,0.35150855779647827,-0.23126013576984406
63,MOUTH_LEFT,0.5793529152870178,0.37901556491851807,-0.05574014037847519
63,MOUTH_RIGHT,0.5793507099151611,0.3802028298377991,-0.1266879439353943
63,LEFT_SHOULDER,0.5140959024429321,0.3947078585624695,0.18651190400123596
63,RIGHT_SHOULDER,0.542371928691864,0.4051988124847412,-0.359657347202301
63,LEFT_ELBOW,0.5215150117874146,0.49749135971069336,0.21524879336357117
63,RIGHT_ELBOW,0.5515475869178772,0.5143381357192993,-0.4154973030090332
63,LEFT_WRIST,0.5585546493530273,0.5872981548309326,0.12861177325248718
63,RIGHT_WRIST,0.5751811265945435,0.6112860441207886,-0.3600779175758362
63,LEFT_PINKY,0.566186785697937,0.6085246801376343,0.13942037522792816
63,RIGHT_PINKY,0.5791634321212769,0.636428713798523,-0.40500888228416443
63,LEFT_INDEX,0.5709870457649231,0.6144704818725586,0.09877308458089828
63,RIGHT_INDEX,0.5829822421073914,0.6357454657554626,-0.38056808710098267
63,LEFT_THUMB,0.5643022656440735,0.6048865914344788,0.10719387233257294
63,RIGHT_THUMB,0.5811201930046082,0.6277545094490051,-0.34853285551071167
63,LEFT_HIP,0.4387701153755188,0.5693310499191284,0.1803371012210846
63,RIGHT_HIP,0.44533801078796387,0.5799956321716309,-0.18067678809165955
63,LEFT_KNEE,0.4738692343235016,0.7169924974441528,0.3571087419986725
63,RIGHT_KNEE,0.4735316336154938,0.7401310801506042,-0.12308356910943985
63,LEFT_ANKLE,0.4533417820930481,0.8485047221183777,0.5851926207542419
63,RIGHT_ANKLE,0.45086556673049927,0.8939191699028015,-0.05752333253622055
63,LEFT_HEEL,0.43550148606300354,0.8613611459732056,0.6038526296615601
63,RIGHT_HEEL,0.4335448145866394,0.9143115878105164,-0.05987671762704849
63,LEFT_FOOT_INDEX,0.505549430847168,0.8696445226669312,0.5604842901229858
63,RIGHT_FOOT_INDEX,0.5191701650619507,0.9158770442008972,-0.1825934201478958
64,NOSE,0.591476559638977,0.37506040930747986,-0.07611730694770813
64,LEFT_EYE_INNER,0.5946364402770996,0.3617323040962219,-0.059156596660614014
64,LEFT_EYE,0.5935975313186646,0.36031368374824524,-0.0592438280582428
64,LEFT_EYE_OUTER,0.5925577282905579,0.35860398411750793,-0.0592460110783577
64,RIGHT_EYE_INNER,0.5949426889419556,0.36274453997612,-0.11275433003902435
64,RIGHT_EYE,0.5940796136856079,0.36206215620040894,-0.11277242749929428
64,RIGHT_EYE_OUTER,0.5932303667068481,0.3610313832759857,-0.11294712126255035
64,LEFT_EAR,0.5797632932662964,0.35101181268692017,0.02411065623164177
64,RIGHT_EAR,0.5786871314048767,0.3515167832374573,-0.21699278056621552
64,MOUTH_LEFT,0.5796924829483032,0.379018098115921,-0.03831948712468147
64,MOUTH_RIGHT,0.5797454118728638,0.38026154041290283,-0.1087879091501236
64,LEFT_SHOULDER,0.5139588117599487,0.39223021268844604,0.19671210646629333
64,RIGHT_SHOULDER,0.5426705479621887,0.40486636757850647,-0.3546217679977417
64,LEFT_ELBOW,0.5215402245521545,0.49772319197654724,0.22151386737823486
64,RIGHT_ELBOW,0.551661491394043,0.5142132043838501,-0.40841761231422424
64,LEFT_WRIST,0.5578626394271851,0.5864142775535583,0.13617487251758575
64,RIGHT_WRIST,0.575260579586029,0.6110652685165405,-0.3562788963317871
64,LEFT_PINKY,0.5630699396133423,0.6068555116653442,0.15077704191207886
64,RIGHT_PINKY,0.5791462063789368,0.6366384625434875,-0.40105897188186646
64,LEFT_INDEX,0.568571925163269,0.613066554069519,0.10950986295938492
64,RIGHT_INDEX,0.5829628705978394,0.6361328363418579,-0.3761064112186432
64,LEFT_THUMB,0.564174473285675,0.6045546531677246,0.11478594690561295
64,RIGHT_THUMB,0.5811168551445007,0.6277934312820435,-0.34471118450164795
64,LEFT_HIP,0.4387352466583252,0.5680978298187256,0.18113572895526886
64,RIGHT_HIP,0.4453219473361969,0.5789591073989868,-0.18147267401218414
64,LEFT_KNEE,0.47379636764526367,0.7165093421936035,0.35481342673301697
64,RIGHT_KNEE,0.47350794076919556,0.7399234771728516,-0.13419434428215027
64,LEFT_ANKLE,0.4532995820045471,0.8484140634536743,0.56148362159729
64,RIGHT_ANKLE,0.45086807012557983,0.8939509391784668,-0.08769161254167557
64,LEFT_HEEL,0.4354721009731293,0.861343502998352,0.577879786491394
64,RIGHT_HEEL,0.43348369002342224,0.9143374562263489,-0.09196334332227707
64,LEFT_FOOT_INDEX,0.505682647228241,0.8698215484619141,0.5347293615341187
64,RIGHT_FOOT_INDEX,0.5191837549209595,0.9161226153373718,-0.2145550549030304
65,NOSE,0.5918537378311157,0.3750949203968048,-0.08656858652830124
65,LEFT_EYE_INNER,0.5948132872581482,0.3617844879627228,-0.06895706057548523
65,LEFT_EYE,0.5937793850898743,0.3603634834289551,-0.0690377950668335
65,LEFT_EYE_OUTER,0.5927513241767883,0.35865795612335205,-0.06902928650379181
65,RIGHT_EYE_INNER,0.5951393842697144,0.36284253001213074,-0.12273925542831421
65,RIGHT_EYE,0.5942724347114563,0.3621904253959656,-0.12275908887386322
65,RIGHT_EYE_OUTER,0.5934403538703918,0.36115187406539917,-0.1229180246591568
65,LEFT_EAR,0.5803252458572388,0.35108110308647156,0.01989620551466942
65,RIGHT_EAR,0.5789893865585327,0.35154563188552856,-0.22201117873191833
65,MOUTH_LEFT,0.5801326036453247,0.37901467084884644,-0.04654071107506752
65,MOUTH_RIGHT,0.5803019404411316,0.38026711344718933,-0.11728187650442123
65,LEFT_SHOULDER,0.5142119526863098,0.39192086458206177,0.19538792967796326
65,RIGHT_SHOULDER,0.5425722002983093,0.404691219329834,-0.35430338978767395
65,LEFT_ELBOW,0.5227136015892029,0.4992009103298187,0.22197361290454865
65,RIGHT_ELBOW,0.5516419410705566,0.5138711929321289,-0.41847744584083557
65,LEFT_WRIST,0.5586559176445007,0.5868834853172302,0.13403013348579407
65,RIGHT_WRIST,0.5752002000808716,0.6108489036560059,-0.38515883684158325
65,LEFT_PINKY,0.5640275478363037,0.6076799631118774,0.14745613932609558
65,RIGHT_PINKY,0.5789328813552856,0.6369937658309937,-0.4339825510978699
65,LEFT_INDEX,0.5691874027252197,0.6143883466720581,0.10501643270254135
65,RIGHT_INDEX,0.5829272270202637,0.6365593075752258,-0.4086054861545563
65,LEFT_THUMB,0.5642897486686707,0.6047707200050354,0.11219222843647003
65,RIGHT_THUMB,0.5810986161231995,0.6278716921806335,-0.37378111481666565
65,LEFT_HIP,0.4387873113155365,0.5679073929786682,0.18170006573200226
65,RIGHT_HIP,0.4448063373565674,0.5781857967376709,-0.18203620612621307
65,LEFT_KNEE,0.47371602058410645,0.7161589860916138,0.35205310583114624
65,RIGHT_KNEE,0.4733685851097107,0.7391790151596069,-0.1347644329071045
65,LEFT_ANKLE,0.453296422958374,0.8483482599258423,0.5614888668060303
65,RIGHT_ANKLE,0.4508418142795563,0.8938865661621094,-0.08569366484880447
65,LEFT_HEEL,0.43544188141822815,0.8615401387214661,0.5779203176498413
65,RIGHT_HEEL,0.43331947922706604,0.9143316149711609,-0.08946879208087921
65,LEFT_FOOT_INDEX,0.5061845779418945,0.8700375556945801,0.534199595451355
65,RIGHT_FOOT_INDEX,0.5191633105278015,0.9162327647209167,-0.21181733906269073
66,NOSE,0.591903030872345,0.3750177323818207,-0.04693686217069626
66,LEFT_EYE_INNER,0.5947997570037842,0.3616271913051605,-0.030877456068992615
66,LEFT_EYE,0.5937792062759399,0.3602493405342102,-0.030971694737672806
66,LEFT_EYE_OUTER,0.5927718877792358,0.3585859537124634,-0.030980238690972328
66,RIGHT_EYE_INNER,0.5951215028762817,0.3626341223716736,-0.08351551741361618
66,RIGHT_EYE,0.5942627787590027,0.36199936270713806,-0.08352938294410706
66,RIGHT_EYE_OUTER,0.5934053659439087,0.3609600365161896,-0.08368828147649765
66,LEFT_EAR,0.5804921984672546,0.35113269090652466,0.04544110223650932
66,RIGHT_EAR,0.5787473917007446,0.3515312075614929,-0.1905844509601593
66,MOUTH_LEFT,0.5804146528244019,0.37901821732521057,-0.012068004347383976
66,MOUTH_RIGHT,0.5804883241653442,0.38027310371398926,-0.08112002909183502
66,LEFT_SHOULDER,0.5134214162826538,0.3917381167411804,0.20937415957450867
66,RIGHT_SHOULDER,0.5439028739929199,0.4054282605648041,-0.3288218080997467
66,LEFT_ELBOW,0.520788311958313,0.498800665140152,0.23607425391674042
66,RIGHT_ELBOW,0.552725076675415,0.5145590901374817,-0.3848499655723572
66,LEFT_WRIST,0.5570663809776306,0.5849503874778748,0.15192708373069763
66,RIGHT_WRIST,0.5751569271087646,0.6114230751991272,-0.3327694535255432
66,LEFT_PINKY,0.5633037090301514,0.6061971783638,0.16532175242900848
66,RIGHT_PINKY,0.5787213444709778,0.6376968622207642,-0.3752036690711975
66,LEFT_INDEX,0.5700399279594421,0.6126447916030884,0.12593159079551697
66,RIGHT_INDEX,0.5827033519744873,0.6370880603790283,-0.3512798845767975
66,LEFT_THUMB,0.566064715385437,0.6048619151115417,0.13119371235370636
66,RIGHT_THUMB,0.5810000896453857,0.6282793283462524,-0.32162797451019287
66,LEFT_HIP,0.4388057291507721,0.5673534274101257,0.1816423088312149
66,RIGHT_HIP,0.44462499022483826,0.5779580473899841,-0.18197397887706757
66,LEFT_KNEE,0.4741787016391754,0.7152563333511353,0.34708037972450256
66,RIGHT_KNEE,0.47341227531433105,0.7380715608596802,-0.14032264053821564
66,LEFT_ANKLE,0.45329228043556213,0.8475491404533386,0.5543373823165894
66,RIGHT_ANKLE,0.4508081078529358,0.8938370943069458,-0.09910794347524643
66,LEFT_HEEL,0.4362775683403015,0.8594344854354858,0.5710213780403137
66,RIGHT_HEEL,0.4332052171230316,0.9143322706222534,-0.10373309999704361
66,LEFT_FOOT_INDEX,0.5062752962112427,0.8679764866828918,0.5303104519844055
66,RIGHT_FOOT_INDEX,0.5190485715866089,0.9162725210189819,-0.22550606727600098
67,NOSE,0.5920490622520447,0.3748384118080139,-0.051590848714113235
67,LEFT_EYE_INNER,0.5949060916900635,0.3613632321357727,-0.03498578444123268
67,LEFT_EYE,0.5939229130744934,0.36006230115890503,-0.03508010506629944
67,LEFT_EYE_OUTER,0.5929455161094666,0.35846585035324097,-0.035084642469882965
67,RIGHT_EYE_INNER,0.5951155424118042,0.36220258474349976,-0.08796776086091995
67,RIGHT_EYE,0.5942434072494507,0.3615531325340271,-0.08798418194055557
67,RIGHT_EYE_OUTER,0.5933738946914673,0.3605005741119385,-0.08814205229282379
67,LEFT_EAR,0.580736517906189,0.3512827157974243,0.044355109333992004
67,RIGHT_EAR,0.5785090923309326,0.35153627395629883,-0.19298775494098663
67,MOUTH_LEFT,0.5809363126754761,0.3790239989757538,-0.015462790615856647
67,MOUTH_RIGHT,0.5806687474250793,0.3802742063999176,-0.08495280891656876
67,LEFT_SHOULDER,0.5142115354537964,0.3922441601753235,0.21055391430854797
67,RIGHT_SHOULDER,0.5446251034736633,0.408170610666275,-0.32945090532302856
67,LEFT_ELBOW,0.5208192467689514,0.4989446997642517,0.2386636734008789
67,RIGHT_ELBOW,0.5540971755981445,0.5153875350952148,-0.3846818506717682
67,LEFT_WRIST,0.5561915636062622,0.5849801301956177,0.15490183234214783
67,RIGHT_WRIST,0.5751177072525024,0.6116458177566528,-0.32953110337257385
67,LEFT_PINKY,0.5630291700363159,0.6074672341346741,0.16814455389976501
67,RIGHT_PINKY,0.5786162614822388,0.6375293135643005,-0.3722938001155853
67,LEFT_INDEX,0.5663290619850159,0.612197995185852,0.12849412858486176
67,RIGHT_INDEX,0.5825337767601013,0.6367883682250977,-0.34908032417297363
67,LEFT_THUMB,0.5644622445106506,0.6047848463058472,0.13401886820793152
67,RIGHT_THUMB,0.5809035897254944,0.6280534267425537,-0.31859320402145386
67,LEFT_HIP,0.43914923071861267,0.5672084093093872,0.18163956701755524
67,RIGHT_HIP,0.44457149505615234,0.5778449773788452,-0.18196803331375122
67,LEFT_KNEE,0.47565335035324097,0.7145150899887085,0.34647151827812195
67,RIGHT_KNEE,0.4735625684261322,0.7377954721450806,-0.14203986525535583
67,LEFT_ANKLE,0.4532943665981293,0.8464633822441101,0.5548617243766785
67,RIGHT_ANKLE,0.45081251859664917,0.8936899900436401,-0.1000092476606369
67,LEFT_HEEL,0.43674927949905396,0.8577111959457397,0.5717582106590271
67,RIGHT_HEEL,0.4331682324409485,0.9143151044845581,-0.10465522855520248
67,LEFT_FOOT_INDEX,0.5062726140022278,0.8659852743148804,0.5306633114814758
67,RIGHT_FOOT_INDEX,0.5189850330352783,0.9162618517875671,-0.2273377925157547
68,NOSE,0.5920349359512329,0.37478405237197876,-0.06769929826259613
68,LEFT_EYE_INNER,0.5949324369430542,0.3611046075820923,-0.050369005650281906
68,LEFT_EYE,0.5939826965332031,0.3598909080028534,-0.05045919865369797
68,LEFT_EYE_OUTER,0.5930377244949341,0.35837143659591675,-0.050455667078495026
68,RIGHT_EYE_INNER,0.5951026678085327,0.36172789335250854,-0.10361309349536896
68,RIGHT_EYE,0.5942314863204956,0.36101630330085754,-0.10363578796386719
68,RIGHT_EYE_OUTER,0.5933390259742737,0.35994142293930054,-0.10378487408161163
68,LEFT_EAR,0.5811700820922852,0.35142266750335693,0.035945482552051544
68,RIGHT_EAR,0.5784931182861328,0.35152846574783325,-0.20245690643787384
68,MOUTH_LEFT,0.581182599067688,0.37918251752853394,-0.02857148088514805
68,MOUTH_RIGHT,0.5807374119758606,0.38038042187690735,-0.09838797897100449
68,LEFT_SHOULDER,0.5153512358665466,0.3936538100242615,0.21025927364826202
68,RIGHT_SHOULDER,0.5459529161453247,0.40799108147621155,-0.336151123046875
68,LEFT_ELBOW,0.5216122269630432,0.4987887442111969,0.23867455124855042
68,RIGHT_ELBOW,0.5553994178771973,0.5158661007881165,-0.3889864683151245
68,LEFT_WRIST,0.5561913251876831,0.5855408906936646,0.15591713786125183
68,RIGHT_WRIST,0.5752452611923218,0.6119014024734497,-0.33315014839172363
68,LEFT_PINKY,0.5622009038925171,0.6075371503829956,0.1690787523984909
68,RIGHT_PINKY,0.5786449313163757,0.637496829032898,-0.3778028190135956
68,LEFT_INDEX,0.5660144686698914,0.6126362085342407,0.12860623002052307
68,RIGHT_INDEX,0.5825303792953491,0.6365989446640015,-0.35404565930366516
68,LEFT_THUMB,0.5644049048423767,0.6052523255348206,0.1347995400428772
68,RIGHT_THUMB,0.5809262990951538,0.6280491948127747,-0.3220413327217102
68,LEFT_HIP,0.4391615390777588,0.5672684907913208,0.18181155622005463
68,RIGHT_HIP,0.4445560574531555,0.5778136253356934,-0.18213871121406555
68,LEFT_KNEE,0.4757387638092041,0.7145192623138428,0.35106152296066284
68,RIGHT_KNEE,0.4735918641090393,0.7378100156784058,-0.1381438672542572
68,LEFT_ANKLE,0.45321589708328247,0.8465116620063782,0.5707044005393982
68,RIGHT_ANKLE,0.4508052468299866,0.8936908841133118,-0.08787838369607925
68,LEFT_HEEL,0.43640798330307007,0.8579050898551941,0.5888702869415283
68,RIGHT_HEEL,0.43310990929603577,0.9143353700637817,-0.09161712229251862
68,LEFT_FOOT_INDEX,0.5061909556388855,0.8658059239387512,0.5477865934371948
68,RIGHT_FOOT_INDEX,0.5189866423606873,0.9162575006484985,-0.21413548290729523
69,NOSE,0.5928494334220886,0.37373584508895874,-0.08080469816923141
69,LEFT_EYE_INNER,0.5955207943916321,0.35997146368026733,-0.06336771696805954
69,LEFT_EYE,0.5945413112640381,0.35892724990844727,-0.0634588748216629
69,LEFT_EYE_OUTER,0.5935539603233337,0.3576025664806366,-0.06345862150192261
69,RIGHT_EYE_INNER,0.5956497192382812,0.3604474663734436,-0.11709795147180557
69,RIGHT_EYE,0.5947088599205017,0.3598417341709137,-0.11712433397769928
69,RIGHT_EYE_OUTER,0.5937157869338989,0.3589271605014801,-0.11727367341518402
69,LEFT_EAR,0.581523597240448,0.3514304757118225,0.025467077270150185
69,RIGHT_EAR,0.5786417722702026,0.3515276312828064,-0.21537594497203827
69,MOUTH_LEFT,0.5822118520736694,0.37894588708877563,-0.040761642158031464
69,MOUTH_RIGHT,0.5816034078598022,0.3800986409187317,-0.11119206994771957
69,LEFT_SHOULDER,0.5160852670669556,0.3946147561073303,0.20455315709114075
69,RIGHT_SHOULDER,0.5460190773010254,0.40837621688842773,-0.34592896699905396
69,LEFT_ELBOW,0.5234690308570862,0.5015465021133423,0.2365965098142624
69,RIGHT_ELBOW,0.5558828711509705,0.5172242522239685,-0.39675846695899963
69,LEFT_WRIST,0.5561800003051758,0.5861533880233765,0.15279002487659454
69,RIGHT_WRIST,0.5752971172332764,0.612312376499176,-0.33634886145591736
69,LEFT_PINKY,0.5616862177848816,0.6075984835624695,0.16515716910362244
69,RIGHT_PINKY,0.5785616040229797,0.6377264857292175,-0.38207247853279114
69,LEFT_INDEX,0.5658814311027527,0.613071084022522,0.12399832904338837
69,RIGHT_INDEX,0.5825268030166626,0.6368007659912109,-0.35802382230758667
69,LEFT_THUMB,0.5643842220306396,0.6057149767875671,0.1312968134880066
69,RIGHT_THUMB,0.5809807181358337,0.6284698247909546,-0.325070321559906
69,LEFT_HIP,0.4391685128211975,0.5674653649330139,0.18179339170455933
69,RIGHT_HIP,0.4444931447505951,0.5778145790100098,-0.18211667239665985
69,LEFT_KNEE,0.47583580017089844,0.7144908308982849,0.34996911883354187
69,RIGHT_KNEE,0.47372230887413025,0.7377899885177612,-0.12182258069515228
69,LEFT_ANKLE,0.4529706835746765,0.8465822339057922,0.574334979057312
69,RIGHT_ANKLE,0.45080262422561646,0.8936713933944702,-0.04270710423588753
69,LEFT_HEEL,0.43657341599464417,0.8644139170646667,0.5932163000106812
69,RIGHT_HEEL,0.43307679891586304,0.9142571687698364,-0.04317464679479599
69,LEFT_FOOT_INDEX,0.506004810333252,0.8657801747322083,0.5512468814849854
69,RIGHT_FOOT_INDEX,0.5189441442489624,0.9162285923957825,-0.16316241025924683
70,NOSE,0.5932600498199463,0.37336012721061707,-0.07929861545562744
70,LEFT_EYE_INNER,0.5957966446876526,0.3597302734851837,-0.06178434565663338
70,LEFT_EYE,0.5948097109794617,0.358746737241745,-0.061878882348537445
70,LEFT_EYE_OUTER,0.5938174724578857,0.35747987031936646,-0.0618835911154747
70,RIGHT_EYE_INNER,0.59581458568573,0.3600820004940033,-0.11561144888401031
70,RIGHT_EYE,0.5947986245155334,0.3594539761543274,-0.11563573032617569
70,RIGHT_EYE_OUTER,0.5937339067459106,0.3585393726825714,-0.11579009145498276
70,LEFT_EAR,0.581598162651062,0.3515583574771881,0.026418888941407204
70,RIGHT_EAR,0.5784979462623596,0.35156285762786865,-0.2150231897830963
70,MOUTH_LEFT,0.5825761556625366,0.37892886996269226,-0.03962835669517517
70,MOUTH_RIGHT,0.5817844271659851,0.3800254464149475,-0.1102132648229599
70,LEFT_SHOULDER,0.5165735483169556,0.395061194896698,0.20402956008911133
70,RIGHT_SHOULDER,0.5458718538284302,0.4089030623435974,-0.34536221623420715
70,LEFT_ELBOW,0.523370623588562,0.5015057325363159,0.23659178614616394
70,RIGHT_ELBOW,0.5559844374656677,0.5177424550056458,-0.3967019021511078
70,LEFT_WRIST,0.5553236603736877,0.5861571431159973,0.15265509486198425
70,RIGHT_WRIST,0.575353741645813,0.6122230291366577,-0.3365422487258911
70,LEFT_PINKY,0.5607305765151978,0.6073878407478333,0.16417023539543152
70,RIGHT_PINKY,0.5785700082778931,0.6375879645347595,-0.38168591260910034
70,LEFT_INDEX,0.5652239918708801,0.6130078434944153,0.1231101006269455
70,RIGHT_INDEX,0.582565188407898,0.6366369128227234,-0.357997864484787
70,LEFT_THUMB,0.5618109703063965,0.6050335168838501,0.13112987577915192
70,RIGHT_THUMB,0.5810573697090149,0.6283209323883057,-0.3253017067909241
70,LEFT_HIP,0.43933406472206116,0.5674970746040344,0.18116840720176697
70,RIGHT_HIP,0.44355177879333496,0.5777424573898315,-0.18147745728492737
70,LEFT_KNEE,0.4763859808444977,0.7098007202148438,0.3231537640094757
70,RIGHT_KNEE,0.4737248420715332,0.7375112175941467,-0.1284923106431961
70,LEFT_ANKLE,0.4529598355293274,0.8452841639518738,0.5425858497619629
70,RIGHT_ANKLE,0.4507773816585541,0.8936293721199036,-0.055823393166065216
70,LEFT_HEEL,0.4380742013454437,0.8588482141494751,0.5604640245437622
70,RIGHT_HEEL,0.4329121708869934,0.914126992225647,-0.057816773653030396
70,LEFT_FOOT_INDEX,0.5062980651855469,0.8662278056144714,0.5177983045578003
70,RIGHT_FOOT_INDEX,0.5188897848129272,0.916323184967041,-0.1786789894104004
71,NOSE,0.5932363271713257,0.3733641803264618,-0.04989447072148323
71,LEFT_EYE_INNER,0.5957868695259094,0.3597584366798401,-0.03227197006344795
71,LEFT_EYE,0.5948021411895752,0.3588096499443054,-0.032373107969760895
71,LEFT_EYE_OUTER,0.5938128232955933,0.3575926423072815,-0.03239257261157036
71,RIGHT_EYE_INNER,0.5957633852958679,0.3600917160511017,-0.08586530387401581
71,RIGHT_EYE,0.5946616530418396,0.3594602942466736,-0.08588290214538574
71,RIGHT_EYE_OUTER,0.5934281349182129,0.3585417866706848,-0.08604346215724945
71,LEFT_EAR,0.5815836787223816,0.3522934019565582,0.0521000511944294
71,RIGHT_EAR,0.5775836706161499,0.35185399651527405,-0.18844173848628998
71,MOUTH_LEFT,0.5825490951538086,0.3792240023612976,-0.011994896456599236
71,MOUTH_RIGHT,0.5817504525184631,0.38014689087867737,-0.0823192298412323
71,LEFT_SHOULDER,0.5160858035087585,0.3955095410346985,0.2202388346195221
71,RIGHT_SHOULDER,0.5457969903945923,0.4092138707637787,-0.32528945803642273
71,LEFT_ELBOW,0.5212112665176392,0.5015872716903687,0.25262725353240967
71,RIGHT_ELBOW,0.5563762187957764,0.5176224708557129,-0.3751903176307678
71,LEFT_WRIST,0.5539436340332031,0.5861635804176331,0.1664830893278122
71,RIGHT_WRIST,0.5755541324615479,0.6121608018875122,-0.3082418143749237
71,LEFT_PINKY,0.5597816705703735,0.6073355674743652,0.17731645703315735
71,RIGHT_PINKY,0.5786346197128296,0.6374738216400146,-0.34982576966285706
71,LEFT_INDEX,0.5644821524620056,0.6129971742630005,0.13760004937648773
71,RIGHT_INDEX,0.5825783014297485,0.6365145444869995,-0.3267876207828522
71,LEFT_THUMB,0.5598485469818115,0.6046613454818726,0.14533399045467377
71,RIGHT_THUMB,0.5811205506324768,0.6282113194465637,-0.29696524143218994
71,LEFT_HIP,0.43934327363967896,0.5675776600837708,0.18066784739494324
71,RIGHT_HIP,0.44352516531944275,0.577689528465271,-0.18096892535686493
71,LEFT_KNEE,0.4763709604740143,0.7098599672317505,0.31252390146255493
71,RIGHT_KNEE,0.4737623333930969,0.7369826436042786,-0.13112208247184753
71,LEFT_ANKLE,0.45301517844200134,0.841012179851532,0.5287622213363647
71,RIGHT_ANKLE,0.45071035623550415,0.8934110403060913,-0.060516487807035446
71,LEFT_HEEL,0.4386863112449646,0.8588505983352661,0.5464287996292114
71,RIGHT_HEEL,0.43270057439804077,0.9137865304946899,-0.061928797513246536
71,LEFT_FOOT_INDEX,0.5063720345497131,0.8672018051147461,0.5049229860305786
71,RIGHT_FOOT_INDEX,0.5186138153076172,0.9163787961006165,-0.1815832406282425
72,NOSE,0.5943630933761597,0.3733125627040863,-0.05144155025482178
72,LEFT_EYE_INNER,0.596380352973938,0.35958796739578247,-0.034228838980197906
72,LEFT_EYE,0.595291256904602,0.3586791455745697,-0.03432817384600639
72,LEFT_EYE_OUTER,0.5942078232765198,0.3574996590614319,-0.03433692455291748
72,RIGHT_EYE_INNER,0.5963284969329834,0.35978907346725464,-0.08787964284420013
72,RIGHT_EYE,0.5950728058815002,0.35911956429481506,-0.0879087895154953
72,RIGHT_EYE_OUTER,0.5936704874038696,0.3582112491130829,-0.08808250725269318
72,LEFT_EAR,0.5817166566848755,0.35235002636909485,0.04914505407214165
72,RIGHT_EAR,0.5774372220039368,0.3519095778465271,-0.1915404349565506
72,MOUTH_LEFT,0.5836254358291626,0.3794354796409607,-0.01404978334903717
72,MOUTH_RIGHT,0.5823176503181458,0.3802921175956726,-0.08440272510051727
72,LEFT_SHOULDER,0.5168392658233643,0.3978915810585022,0.21804244816303253
72,RIGHT_SHOULDER,0.5465627312660217,0.411363422870636,-0.3278159499168396
72,LEFT_ELBOW,0.5198409557342529,0.5014939308166504,0.25113633275032043
72,RIGHT_ELBOW,0.5562893748283386,0.5162305235862732,-0.3775280714035034
72,LEFT_WRIST,0.5435066819190979,0.5840697288513184,0.16399507224559784
72,RIGHT_WRIST,0.5755482912063599,0.6121678948402405,-0.2978487014770508
72,LEFT_PINKY,0.5436826944351196,0.6030148267745972,0.1742483228445053
72,RIGHT_PINKY,0.5783369541168213,0.6373859643936157,-0.33609819412231445
72,LEFT_INDEX,0.5608816146850586,0.6128338575363159,0.13594916462898254
72,RIGHT_INDEX,0.5825482606887817,0.636501669883728,-0.3169202208518982
72,LEFT_THUMB,0.5574864149093628,0.6051284074783325,0.14331366121768951
72,RIGHT_THUMB,0.5811172723770142,0.6281607747077942,-0.287448525428772
72,LEFT_HIP,0.44067835807800293,0.5713351964950562,0.180687814950943
72,RIGHT_HIP,0.4434589445590973,0.580955445766449,-0.18099120259284973
72,LEFT_KNEE,0.4796951711177826,0.7102581858634949,0.3433382511138916
72,RIGHT_KNEE,0.47349411249160767,0.7377272844314575,-0.1354261338710785
72,LEFT_ANKLE,0.4554498791694641,0.8380780220031738,0.5791012048721313
72,RIGHT_ANKLE,0.4506896138191223,0.8934488296508789,-0.07685934007167816
72,LEFT_HEEL,0.4415820240974426,0.8564780354499817,0.5985480546951294
72,RIGHT_HEEL,0.4324704110622406,0.9138391613960266,-0.08000962436199188
72,LEFT_FOOT_INDEX,0.5092434287071228,0.8677080869674683,0.5592688322067261
72,RIGHT_FOOT_INDEX,0.518589437007904,0.9164333343505859,-0.2042923867702484
73,NOSE,0.5936505794525146,0.3739171028137207,-0.007345882710069418
73,LEFT_EYE_INNER,0.5959135293960571,0.3600537180900574,0.007940402254462242
73,LEFT_EYE,0.5948310494422913,0.3591291308403015,0.007848759181797504
73,LEFT_EYE_OUTER,0.5937681198120117,0.3579274117946625,0.007836554199457169
73,RIGHT_EYE_INNER,0.5959259271621704,0.36025816202163696,-0.04490387812256813
73,RIGHT_EYE,0.5946928858757019,0.3596181273460388,-0.044931817799806595
73,RIGHT_EYE_OUTER,0.593348503112793,0.3587356507778168,-0.04513264819979668
73,LEFT_EAR,0.5816089510917664,0.3527740240097046,0.07728748768568039
73,RIGHT_EAR,0.5773842334747314,0.35319411754608154,-0.1596929132938385
73,MOUTH_LEFT,0.5833619832992554,0.38030633330345154,0.02459883876144886
73,MOUTH_RIGHT,0.5818725824356079,0.3814137578010559,-0.044750288128852844
73,LEFT_SHOULDER,0.5163105726242065,0.3978877663612366,0.23354676365852356
73,RIGHT_SHOULDER,0.5479375123977661,0.4116399884223938,-0.30900341272354126
73,LEFT_ELBOW,0.5147061944007874,0.5003247261047363,0.26804274320602417
73,RIGHT_ELBOW,0.5562273263931274,0.514470100402832,-0.36251336336135864
73,LEFT_WRIST,0.5292449593544006,0.5793060064315796,0.1893261969089508
73,RIGHT_WRIST,0.5754491686820984,0.6120472550392151,-0.2936607599258423
73,LEFT_PINKY,0.5397629737854004,0.6038017272949219,0.20207342505455017
73,RIGHT_PINKY,0.5780584216117859,0.6371345520019531,-0.3316899836063385
73,LEFT_INDEX,0.551105797290802,0.6128247380256653,0.16619062423706055
73,RIGHT_INDEX,0.5824557542800903,0.6364701390266418,-0.3121322989463806
73,LEFT_THUMB,0.5488952398300171,0.6054912805557251,0.16997571289539337
73,RIGHT_THUMB,0.5810227990150452,0.6280454397201538,-0.2834343910217285
73,LEFT_HIP,0.4406448304653168,0.5715335607528687,0.18066295981407166
73,RIGHT_HIP,0.44331303238868713,0.5809609889984131,-0.18096989393234253
73,LEFT_KNEE,0.47991496324539185,0.7101452946662903,0.33294329047203064
73,RIGHT_KNEE,0.4733113646507263,0.7377462983131409,-0.14896081387996674
73,LEFT_ANKLE,0.4565636217594147,0.8369135856628418,0.5555278658866882
73,RIGHT_ANKLE,0.4506719708442688,0.8934261202812195,-0.10560061782598495
73,LEFT_HEEL,0.44280582666397095,0.8550150990486145,0.5735130310058594
73,RIGHT_HEEL,0.43228763341903687,0.9138382077217102,-0.10973502695560455
73,LEFT_FOOT_INDEX,0.5104297399520874,0.86839359998703,0.5359885692596436
73,RIGHT_FOOT_INDEX,0.5185875296592712,0.9164331555366516,-0.23353543877601624
74,NOSE,0.5925775766372681,0.3741248846054077,-0.011604391038417816
74,LEFT_EYE_INNER,0.5955773591995239,0.36024242639541626,0.0012614059960469604
74,LEFT_EYE,0.5946463942527771,0.3593423366546631,0.0012366011505946517
74,LEFT_EYE_OUTER,0.59369957447052,0.35817843675613403,0.0012437932891771197
74,RIGHT_EYE_INNER,0.5950015187263489,0.36036986112594604,-0.05006061866879463
74,RIGHT_EYE,0.5934606194496155,0.35970538854599,-0.05004134029150009
74,RIGHT_EYE_OUTER,0.5917649269104004,0.35879838466644287,-0.05006789416074753
74,LEFT_EAR,0.5816540718078613,0.3530322015285492,0.0660533607006073
74,RIGHT_EAR,0.5760563611984253,0.3532734513282776,-0.17068257927894592
74,MOUTH_LEFT,0.5824834108352661,0.38085609674453735,0.014550660736858845
74,MOUTH_RIGHT,0.5800427794456482,0.3820405602455139,-0.05377347022294998
74,LEFT_SHOULDER,0.5167559385299683,0.39801424741744995,0.22786590456962585
74,RIGHT_SHOULDER,0.5478229522705078,0.4114328920841217,-0.31459149718284607
74,LEFT_ELBOW,0.5150943398475647,0.49906277656555176,0.2635347545146942
74,RIGHT_ELBOW,0.556181013584137,0.5133733749389648,-0.3637792766094208
74,LEFT_WRIST,0.5336848497390747,0.5833356976509094,0.178961843252182
74,RIGHT_WRIST,0.5752595663070679,0.612004816532135,-0.30277204513549805
74,LEFT_PINKY,0.5402944087982178,0.6060433983802795,0.19384384155273438
74,RIGHT_PINKY,0.5776758193969727,0.6370910406112671,-0.34008896350860596
74,LEFT_INDEX,0.5494816899299622,0.6131293773651123,0.15485548973083496
74,RIGHT_INDEX,0.5822953581809998,0.6364121437072754,-0.3316229283809662
74,LEFT_THUMB,0.547059953212738,0.6062164902687073,0.15885351598262787
74,RIGHT_THUMB,0.5808188319206238,0.6279908418655396,-0.2965386211872101
74,LEFT_HIP,0.4432240426540375,0.5727644562721252,0.1806851625442505
74,RIGHT_HIP,0.4432540535926819,0.5812256336212158,-0.1809915155172348
74,LEFT_KNEE,0.48229026794433594,0.710218071937561,0.3280755877494812
74,RIGHT_KNEE,0.47316089272499084,0.7377485036849976,-0.1554592251777649
74,LEFT_ANKLE,0.45973190665245056,0.8345516324043274,0.5567644238471985
74,RIGHT_ANKLE,0.4506663680076599,0.893318772315979,-0.10326667129993439
74,LEFT_HEEL,0.4444831907749176,0.8535054922103882,0.5754318833351135
74,RIGHT_HEEL,0.4322124123573303,0.9138174057006836,-0.10703630745410919
74,LEFT_FOOT_INDEX,0.5118734836578369,0.8686286211013794,0.5358203053474426
74,RIGHT_FOOT_INDEX,0.5184944272041321,0.9163243174552917,-0.23676736652851105
75,NOSE,0.5911601185798645,0.3753330111503601,-0.028537964448332787
75,LEFT_EYE_INNER,0.5950311422348022,0.3617267310619354,-0.013003063388168812
75,LEFT_EYE,0.5941755771636963,0.3608261048793793,-0.013082590885460377
75,LEFT_EYE_OUTER,0.593316912651062,0.3596697747707367,-0.013089274056255817
75,RIGHT_EYE_INNER,0.5943812131881714,0.3618948459625244,-0.06556431204080582
75,RIGHT_EYE,0.592822253704071,0.36123886704444885,-0.06557459384202957
75,RIGHT_EYE_OUTER,0.5910853147506714,0.3603399395942688,-0.0657108947634697
75,LEFT_EAR,0.5815743207931519,0.3542408347129822,0.062106333673000336
75,RIGHT_EAR,0.5754861831665039,0.35421857237815857,-0.17530962824821472
75,MOUTH_LEFT,0.5804088115692139,0.3819983899593353,0.004632646217942238
75,MOUTH_RIGHT,0.5780977010726929,0.3831976056098938,-0.06457556784152985
75,LEFT_SHOULDER,0.5151063203811646,0.39762791991233826,0.22638027369976044
75,RIGHT_SHOULDER,0.5477864146232605,0.4113520681858063,-0.31371039152145386
75,LEFT_ELBOW,0.515209436416626,0.4979655146598816,0.26130616664886475
75,RIGHT_ELBOW,0.5565932989120483,0.5131908655166626,-0.36670178174972534
75,LEFT_WRIST,0.5360378623008728,0.5789390802383423,0.17578765749931335
75,RIGHT_WRIST,0.5751471519470215,0.61261385679245,-0.30832451581954956
75,LEFT_PINKY,0.5385392904281616,0.6019231677055359,0.184503436088562
75,RIGHT_PINKY,0.5776398181915283,0.6374012231826782,-0.3475779891014099
75,LEFT_INDEX,0.5515004992485046,0.6131548285484314,0.15185031294822693
75,RIGHT_INDEX,0.5821582078933716,0.6367837190628052,-0.33383604884147644
75,LEFT_THUMB,0.5487790703773499,0.6064388751983643,0.1581404209136963
75,RIGHT_THUMB,0.5807162523269653,0.6283033490180969,-0.3002856969833374
75,LEFT_HIP,0.4437013566493988,0.5732547044754028,0.17932549118995667
75,RIGHT_HIP,0.44327259063720703,0.5814965963363647,-0.1796410232782364
75,LEFT_KNEE,0.48268693685531616,0.7103221416473389,0.3208360970020294
75,RIGHT_KNEE,0.47281140089035034,0.7378292083740234,-0.16893154382705688
75,LEFT_ANKLE,0.46093958616256714,0.8305181264877319,0.5535698533058167
75,RIGHT_ANKLE,0.4504576623439789,0.8933000564575195,-0.12887626886367798
75,LEFT_HEEL,0.44523677229881287,0.8492933511734009,0.5726851224899292
75,RIGHT_HEEL,0.4319877624511719,0.9138420820236206,-0.13420520722866058
75,LEFT_FOOT_INDEX,0.5123831033706665,0.8669829368591309,0.5327390432357788
75,RIGHT_FOOT_INDEX,0.5183807015419006,0.9160748720169067,-0.26727890968322754
76,NOSE,0.5912325382232666,0.3764393925666809,-0.03434930369257927
76,LEFT_EYE_INNER,0.595284640789032,0.36258774995803833,-0.018010305240750313
76,LEFT_EYE,0.5943982601165771,0.36157354712486267,-0.018102925270795822
76,LEFT_EYE_OUTER,0.5935236215591431,0.36031314730644226,-0.018110111355781555
76,RIGHT_EYE_INNER,0.5948138236999512,0.3629434406757355,-0.07112975418567657
76,RIGHT_EYE,0.5933424234390259,0.36230728030204773,-0.07114927470684052
76,RIGHT_EYE_OUTER,0.5916994214057922,0.3614453971385956,-0.07131883502006531
76,LEFT_EAR,0.5816901922225952,0.35432010889053345,0.0597824826836586
76,RIGHT_EAR,0.5757707357406616,0.35441523790359497,-0.17907007038593292
76,MOUTH_LEFT,0.580396294593811,0.38276347517967224,0.0005387155106291175
76,MOUTH_RIGHT,0.5781363844871521,0.383957177400589,-0.06926426291465759
76,LEFT_SHOULDER,0.5147665739059448,0.3972139060497284,0.22530803084373474
76,RIGHT_SHOULDER,0.5476922988891602,0.4111696779727936,-0.3168374001979828
76,LEFT_ELBOW,0.5148495435714722,0.49723219871520996,0.2595386207103729
76,RIGHT_ELBOW,0.5566235780715942,0.5130025148391724,-0.37012287974357605
76,LEFT_WRIST,0.5366111993789673,0.5794091820716858,0.16768710315227509
76,RIGHT_WRIST,0.57494056224823,0.6128231287002563,-0.30908459424972534
76,LEFT_PINKY,0.5405057072639465,0.6060754060745239,0.1743772029876709
76,RIGHT_PINKY,0.5775266885757446,0.6379361748695374,-0.3481318950653076
76,LEFT_INDEX,0.551097571849823,0.6139945387840271,0.1423816829919815
76,RIGHT_INDEX,0.5820680260658264,0.6373711824417114,-0.33301877975463867
76,LEFT_THUMB,0.5482196807861328,0.6075878143310547,0.15001437067985535
76,RIGHT_THUMB,0.580656886100769,0.6286517977714539,-0.3004748821258545
76,LEFT_HIP,0.4440979063510895,0.5732711553573608,0.17928773164749146
76,RIGHT_HIP,0.44280093908309937,0.581793487071991,-0.17960874736309052
76,LEFT_KNEE,0.4828890264034271,0.7103762030601501,0.3243793845176697
76,RIGHT_KNEE,0.4726022183895111,0.7378798127174377,-0.16282014548778534
76,LEFT_ANKLE,0.46166253089904785,0.8297122716903687,0.5616405606269836
76,RIGHT_ANKLE,0.45026087760925293,0.8931180238723755,-0.11450259387493134
76,LEFT_HEEL,0.4455645978450775,0.8486239314079285,0.5810446739196777
76,RIGHT_HEEL,0.431873619556427,0.9138069152832031,-0.11861580610275269
76,LEFT_FOOT_INDEX,0.5129319429397583,0.865820586681366,0.5423570871353149
76,RIGHT_FOOT_INDEX,0.518240749835968,0.9156603813171387,-0.24686822295188904
77,NOSE,0.5916337370872498,0.37726593017578125,-0.014456121250987053
77,LEFT_EYE_INNER,0.5960883498191833,0.36338192224502563,-0.0005991336656734347
77,LEFT_EYE,0.5950852036476135,0.36237984895706177,-0.0006941502215340734
77,LEFT_EYE_OUTER,0.594118058681488,0.3611305356025696,-0.0007076284382492304
77,RIGHT_EYE_INNER,0.5960041880607605,0.3635846674442291,-0.05245523899793625
77,RIGHT_EYE,0.5946776270866394,0.36286404728889465,-0.05248517543077469
77,RIGHT_EYE_OUTER,0.5931764841079712,0.36193031072616577,-0.0526728555560112
77,LEFT_EAR,0.5818129777908325,0.3545997440814972,0.06328718364238739
77,RIGHT_EAR,0.5763918161392212,0.3546499013900757,-0.17017516493797302
77,MOUTH_LEFT,0.5804587602615356,0.3835415542125702,0.015232205390930176
77,MOUTH_RIGHT,0.5785771608352661,0.3844301998615265,-0.052863627672195435
77,LEFT_SHOULDER,0.5118142366409302,0.3971502184867859,0.22169694304466248
77,RIGHT_SHOULDER,0.5490546226501465,0.412773996591568,-0.31267306208610535
77,LEFT_ELBOW,0.5104085206985474,0.49722304940223694,0.24779073894023895
77,RIGHT_ELBOW,0.5577138066291809,0.5148933529853821,-0.35471656918525696
77,LEFT_WRIST,0.5368887186050415,0.5794973373413086,0.16531650722026825
77,RIGHT_WRIST,0.5749341249465942,0.6157158613204956,-0.2692873775959015
77,LEFT_PINKY,0.5417968034744263,0.6060446500778198,0.17347657680511475
77,RIGHT_PINKY,0.5775318145751953,0.6399689316749573,-0.30356812477111816
77,LEFT_INDEX,0.5520128011703491,0.6133211255073547,0.14115414023399353
77,RIGHT_INDEX,0.5819208025932312,0.6388429403305054,-0.2848222851753235
77,LEFT_THUMB,0.5490052700042725,0.6075078248977661,0.14822928607463837
77,RIGHT_THUMB,0.5806001424789429,0.6308177709579468,-0.2592598795890808
77,LEFT_HIP,0.443505197763443,0.5733444690704346,0.17902760207653046
77,RIGHT_HIP,0.44280505180358887,0.5825218558311462,-0.1793646216392517
77,LEFT_KNEE,0.48221641778945923,0.7104800343513489,0.33937016129493713
77,RIGHT_KNEE,0.47243696451187134,0.7381134629249573,-0.13413405418395996
77,LEFT_ANKLE,0.46147599816322327,0.832261860370636,0.5722540616989136
77,RIGHT_ANKLE,0.45004525780677795,0.8930449485778809,-0.07225082814693451
77,LEFT_HEEL,0.4454450011253357,0.8488357663154602,0.5918813943862915
77,RIGHT_HEEL,0.43173518776893616,0.9138044118881226,-0.0738859623670578
77,LEFT_FOOT_INDEX,0.5127727389335632,0.8658598065376282,0.5573464632034302
77,RIGHT_FOOT_INDEX,0.5182150602340698,0.9144883155822754,-0.189829483628273
78,NOSE,0.5919712781906128,0.37796202301979065,-0.022331571206450462
78,LEFT_EYE_INNER,0.5969752073287964,0.3639267683029175,-0.007381575647741556
78,LEFT_EYE,0.5959851741790771,0.36291784048080444,-0.007480975240468979
78,LEFT_EYE_OUTER,0.5950554609298706,0.36166971921920776,-0.007492602802813053
78,RIGHT_EYE_INNER,0.5969303250312805,0.3640591502189636,-0.05945790559053421
78,RIGHT_EYE,0.5956235527992249,0.3632749319076538,-0.059486836194992065
78,RIGHT_EYE_OUTER,0.5941537022590637,0.3622705340385437,-0.0596766360104084
78,LEFT_EAR,0.5823666453361511,0.35472482442855835,0.06149165704846382
78,RIGHT_EAR,0.5769439935684204,0.35472407937049866,-0.17240723967552185
78,MOUTH_LEFT,0.5805463194847107,0.384310781955719,0.009664331562817097
78,MOUTH_RIGHT,0.5788344144821167,0.3849937319755554,-0.05872923135757446
78,LEFT_SHOULDER,0.5109080672264099,0.3962046802043915,0.2166242152452469
78,RIGHT_SHOULDER,0.5493475198745728,0.4126192629337311,-0.312988817691803
78,LEFT_ELBOW,0.5079064965248108,0.4969826340675354,0.24186377227306366
78,RIGHT_ELBOW,0.557703971862793,0.5154869556427002,-0.3558705151081085
78,LEFT_WRIST,0.5283175706863403,0.5788393616676331,0.155990868806839
78,RIGHT_WRIST,0.573834240436554,0.6161528825759888,-0.2761364281177521
78,LEFT_PINKY,0.5380052328109741,0.6074115037918091,0.1639307141304016
78,RIGHT_PINKY,0.5767604112625122,0.6402480602264404,-0.31171685457229614
78,LEFT_INDEX,0.5477112531661987,0.6138108968734741,0.13078883290290833
78,RIGHT_INDEX,0.5811734795570374,0.6390112638473511,-0.2947026193141937
78,LEFT_THUMB,0.544967532157898,0.6079481840133667,0.13776560127735138
78,RIGHT_THUMB,0.5798227190971375,0.6310994029045105,-0.2667972147464752
78,LEFT_HIP,0.4432573914527893,0.5732908844947815,0.17859727144241333
78,RIGHT_HIP,0.4425959587097168,0.582332968711853,-0.1789463609457016
78,LEFT_KNEE,0.48261675238609314,0.7105432152748108,0.3243979811668396
78,RIGHT_KNEE,0.47243279218673706,0.7379623651504517,-0.13545505702495575
78,LEFT_ANKLE,0.46126285195350647,0.8324721455574036,0.5596067309379578
78,RIGHT_ANKLE,0.44992566108703613,0.893029510974884,-0.07651098817586899
78,LEFT_HEEL,0.4452682137489319,0.8485480546951294,0.5795936584472656
78,RIGHT_HEEL,0.43172135949134827,0.9138043522834778,-0.07862857729196548
78,LEFT_FOOT_INDEX,0.5123224258422852,0.8646594882011414,0.5445491075515747
78,RIGHT_FOOT_INDEX,0.518048107624054,0.9143118858337402,-0.19889326393604279
79,NOSE,0.5924399495124817,0.37797337770462036,-0.011399715207517147
79,LEFT_EYE_INNER,0.5974165201187134,0.363914430141449,0.0017997880931943655
79,LEFT_EYE,0.5963094830513,0.36288323998451233,0.0016913332510739565
79,LEFT_EYE_OUTER,0.5952897071838379,0.36162474751472473,0.0016692649805918336
79,RIGHT_EYE_INNER,0.5979021191596985,0.3641257882118225,-0.04900055006146431
79,RIGHT_EYE,0.5968600511550903,0.3633749485015869,-0.04902680963277817
79,RIGHT_EYE_OUTER,0.595720648765564,0.36241772770881653,-0.04921986535191536
79,LEFT_EAR,0.5824993848800659,0.35456615686416626,0.06357252597808838
79,RIGHT_EAR,0.5786520838737488,0.35492947697639465,-0.16481760144233704
79,MOUTH_LEFT,0.5805665254592896,0.3843075633049011,0.018023356795310974
79,MOUTH_RIGHT,0.5793420672416687,0.3850060999393463,-0.04868406802415848
79,LEFT_SHOULDER,0.5099216103553772,0.39481139183044434,0.21536986529827118
79,RIGHT_SHOULDER,0.5505145788192749,0.41279053688049316,-0.30678489804267883
79,LEFT_ELBOW,0.5059013962745667,0.4963744282722473,0.24211840331554413
79,RIGHT_ELBOW,0.5578352212905884,0.5173119306564331,-0.34634777903556824
79,LEFT_WRIST,0.5263782739639282,0.5783954858779907,0.16479283571243286
79,RIGHT_WRIST,0.5734462141990662,0.6166588068008423,-0.26566994190216064
79,LEFT_PINKY,0.5371655821800232,0.6073998212814331,0.17494603991508484
79,RIGHT_PINKY,0.576508641242981,0.6404674649238586,-0.30011966824531555
79,LEFT_INDEX,0.5470454096794128,0.6136897802352905,0.14207598567008972
79,RIGHT_INDEX,0.5808019638061523,0.6392098665237427,-0.284077912569046
79,LEFT_THUMB,0.544399082660675,0.6078834533691406,0.14675572514533997
79,RIGHT_THUMB,0.5793958306312561,0.6313384771347046,-0.25691932439804077
79,LEFT_HIP,0.442437082529068,0.5732582211494446,0.1776486039161682
79,RIGHT_HIP,0.44210633635520935,0.5823677182197571,-0.1780082732439041
79,LEFT_KNEE,0.4832115173339844,0.709671139717102,0.3254998028278351
79,RIGHT_KNEE,0.4724065363407135,0.7378292679786682,-0.1418832689523697
79,LEFT_ANKLE,0.4610970914363861,0.8329216241836548,0.5649924278259277
79,RIGHT_ANKLE,0.4497430920600891,0.8930169343948364,-0.08395068347454071
79,LEFT_HEEL,0.44526106119155884,0.847983717918396,0.5857780575752258
79,RIGHT_HEEL,0.43167099356651306,0.9137916564941406,-0.08577949553728104
79,LEFT_FOOT_INDEX,0.5121380686759949,0.8636156916618347,0.5515187978744507
79,RIGHT_FOOT_INDEX,0.5179243683815002,0.9140496253967285,-0.20515234768390656
80,NOSE,0.5936270952224731,0.3779492974281311,-0.03831865265965462
80,LEFT_EYE_INNER,0.5985317230224609,0.3638952374458313,-0.022200677543878555
80,LEFT_EYE,0.5973509550094604,0.36287301778793335,-0.0223262757062912
80,LEFT_EYE_OUTER,0.5962439775466919,0.36160343885421753,-0.022352363914251328
80,RIGHT_EYE_INNER,0.5990349650382996,0.3641050457954407,-0.07451961934566498
80,RIGHT_EYE,0.5979410409927368,0.3633546829223633,-0.07454193383455276
80,RIGHT_EYE_OUTER,0.5967205166816711,0.3623923659324646,-0.07472345232963562
80,LEFT_EAR,0.5832076668739319,0.35452699661254883,0.05198296904563904
80,RIGHT_EAR,0.5793913006782532,0.3549456298351288,-0.1819702684879303
80,MOUTH_LEFT,0.5813621282577515,0.38434898853302,-0.004234333522617817
80,MOUTH_RIGHT,0.5802915096282959,0.3849915564060211,-0.07269256561994553
80,LEFT_SHOULDER,0.5119518041610718,0.39504098892211914,0.2068212777376175
80,RIGHT_SHOULDER,0.5502468943595886,0.41416817903518677,-0.3161764442920685
80,LEFT_ELBOW,0.5168846249580383,0.4977041780948639,0.2367340326309204
80,RIGHT_ELBOW,0.557420551776886,0.5213130712509155,-0.34872230887413025
80,LEFT_WRIST,0.5337256193161011,0.5814369320869446,0.14648941159248352
80,RIGHT_WRIST,0.5727336406707764,0.6178640127182007,-0.2727564871311188
80,LEFT_PINKY,0.5373609662055969,0.6064678430557251,0.1525305062532425
80,RIGHT_PINKY,0.57566237449646,0.6406837105751038,-0.30846360325813293
80,LEFT_INDEX,0.548133373260498,0.6117379665374756,0.11863315105438232
80,RIGHT_INDEX,0.5796602964401245,0.6392046213150024,-0.29432159662246704
80,LEFT_THUMB,0.5482944846153259,0.6065388917922974,0.1275210976600647
80,RIGHT_THUMB,0.5783577561378479,0.631341814994812,-0.25852030515670776
80,LEFT_HIP,0.44256591796875,0.5733070373535156,0.1774456948041916
80,RIGHT_HIP,0.44152265787124634,0.5825960040092468,-0.17779380083084106
80,LEFT_KNEE,0.48298758268356323,0.7097212076187134,0.3261258602142334
80,RIGHT_KNEE,0.47220245003700256,0.7378314137458801,-0.14254596829414368
80,LEFT_ANKLE,0.46095967292785645,0.8337556719779968,0.564591109752655
80,RIGHT_ANKLE,0.44958415627479553,0.8929849863052368,-0.0862414538860321
80,LEFT_HEEL,0.4451902508735657,0.8482426404953003,0.5850867033004761
80,RIGHT_HEEL,0.43155932426452637,0.9137914776802063,-0.08920292556285858
80,LEFT_FOOT_INDEX,0.5120543241500854,0.8640251159667969,0.5503489375114441
80,RIGHT_FOOT_INDEX,0.5179089307785034,0.9138452410697937,-0.21370109915733337
81,NOSE,0.5942398905754089,0.3777896463871002,-0.04127078503370285
81,LEFT_EYE_INNER,0.5988925099372864,0.36358851194381714,-0.02475552447140217
81,LEFT_EYE,0.5977045297622681,0.36266157031059265,-0.02488637901842594
81,LEFT_EYE_OUTER,0.5965865254402161,0.3614768087863922,-0.02492564171552658
81,RIGHT_EYE_INNER,0.5992624163627625,0.36345332860946655,-0.07587738335132599
81,RIGHT_EYE,0.5980429649353027,0.3625505268573761,-0.07589924335479736
81,RIGHT_EYE_OUTER,0.5966795682907104,0.36144912242889404,-0.07607661932706833
81,LEFT_EAR,0.5837923288345337,0.35459375381469727,0.05204654484987259
81,RIGHT_EAR,0.5793801546096802,0.3547946810722351,-0.17789489030838013
81,MOUTH_LEFT,0.5818087458610535,0.384343683719635,-0.006146493833512068
81,MOUTH_RIGHT,0.5805384516716003,0.38491326570510864,-0.07329641282558441
81,LEFT_SHOULDER,0.5132372975349426,0.39645737409591675,0.207454651594162
81,RIGHT_SHOULDER,0.5480484366416931,0.41389113664627075,-0.3090572953224182
81,LEFT_ELBOW,0.524237871170044,0.500446617603302,0.24264594912528992
81,RIGHT_ELBOW,0.5565513372421265,0.5215225219726562,-0.34335941076278687
81,LEFT_WRIST,0.5430825352668762,0.5872327089309692,0.14793410897254944
81,RIGHT_WRIST,0.5691366195678711,0.6145637035369873,-0.276968389749527
81,LEFT_PINKY,0.5461715459823608,0.609021008014679,0.15143217146396637
81,RIGHT_PINKY,0.572778582572937,0.6392059922218323,-0.31349772214889526
81,LEFT_INDEX,0.5486806631088257,0.6116840243339539,0.11754994094371796
81,RIGHT_INDEX,0.5775507688522339,0.6372277140617371,-0.3017067313194275
81,LEFT_THUMB,0.5498486161231995,0.6061871647834778,0.12884126603603363
81,RIGHT_THUMB,0.5751844644546509,0.6273155808448792,-0.2682334780693054
81,LEFT_HIP,0.44295749068260193,0.5735358595848083,0.1757996380329132
81,RIGHT_HIP,0.44034329056739807,0.5822733640670776,-0.1760902851819992
81,LEFT_KNEE,0.48288050293922424,0.7100440263748169,0.2954915761947632
81,RIGHT_KNEE,0.47173142433166504,0.7374534606933594,-0.1801174432039261
81,LEFT_ANKLE,0.4622667729854584,0.8322675824165344,0.5297626852989197
81,RIGHT_ANKLE,0.4493405222892761,0.8928202390670776,-0.1443125605583191
81,LEFT_HEEL,0.4461706280708313,0.8484898805618286,0.5484983921051025
81,RIGHT_HEEL,0.43142595887184143,0.9137307405471802,-0.15056653320789337
81,LEFT_FOOT_INDEX,0.5120051503181458,0.8650150299072266,0.5015809535980225
81,RIGHT_FOOT_INDEX,0.5176671147346497,0.9137560129165649,-0.29089632630348206
82,NOSE,0.594201385974884,0.3774295449256897,-0.15116073191165924
82,LEFT_EYE_INNER,0.5988490581512451,0.36309680342674255,-0.12642592191696167
82,LEFT_EYE,0.5977270007133484,0.36242806911468506,-0.12658299505710602
82,LEFT_EYE_OUTER,0.5967562794685364,0.36142241954803467,-0.12665097415447235
82,RIGHT_EYE_INNER,0.5981985330581665,0.361861914396286,-0.17405828833580017
82,RIGHT_EYE,0.5958565473556519,0.360503226518631,-0.1740894764661789
82,RIGHT_EYE_OUTER,0.5929073095321655,0.3589586913585663,-0.1742318719625473
82,LEFT_EAR,0.5847715139389038,0.35528814792633057,0.0013886599335819483
82,RIGHT_EAR,0.5761016607284546,0.3542630970478058,-0.21089208126068115
82,MOUTH_LEFT,0.5819798707962036,0.3843642771244049,-0.0973074659705162
82,MOUTH_RIGHT,0.5796340703964233,0.3846583366394043,-0.15928804874420166
82,LEFT_SHOULDER,0.5214876532554626,0.3999270796775818,0.19730643928050995
82,RIGHT_SHOULDER,0.5435792207717896,0.4133710265159607,-0.3100985884666443
82,LEFT_ELBOW,0.5270050764083862,0.5015093088150024,0.2427341192960739
82,RIGHT_ELBOW,0.5538283586502075,0.5211888551712036,-0.34793975949287415
82,LEFT_WRIST,0.5428640246391296,0.587431788444519,0.11801688373088837
82,RIGHT_WRIST,0.5666778683662415,0.6121554374694824,-0.3066966235637665
82,LEFT_PINKY,0.5435429811477661,0.6093959212303162,0.10959446430206299
82,RIGHT_PINKY,0.5705081820487976,0.637924075126648,-0.349784791469574
82,LEFT_INDEX,0.5492182374000549,0.6116294264793396,0.07378590852022171
82,RIGHT_INDEX,0.5757886171340942,0.6360998153686523,-0.35281163454055786
82,LEFT_THUMB,0.5464889407157898,0.6044180393218994,0.09717027097940445
82,RIGHT_THUMB,0.5729105472564697,0.625433623790741,-0.30531248450279236
82,LEFT_HIP,0.449101060628891,0.5757619738578796,0.17215010523796082
82,RIGHT_HIP,0.43712034821510315,0.5821255445480347,-0.1723099648952484
82,LEFT_KNEE,0.48502659797668457,0.7134695053100586,0.27456969022750854
82,RIGHT_KNEE,0.47125887870788574,0.7374485731124878,-0.21877868473529816
82,LEFT_ANKLE,0.4640958905220032,0.8318710327148438,0.525685727596283
82,RIGHT_ANKLE,0.44915571808815,0.8927723169326782,-0.18326511979103088
82,LEFT_HEEL,0.4472019076347351,0.8485685586929321,0.5451067686080933
82,RIGHT_HEEL,0.43143367767333984,0.9137094616889954,-0.19095484912395477
82,LEFT_FOOT_INDEX,0.5119658708572388,0.8651113510131836,0.4877457022666931
82,RIGHT_FOOT_INDEX,0.5175308585166931,0.9136716723442078,-0.3485385477542877
83,NOSE,0.592456579208374,0.3777124881744385,-0.10782448947429657
83,LEFT_EYE_INNER,0.5978254079818726,0.3634428381919861,-0.08782555162906647
83,LEFT_EYE,0.5969956517219543,0.3628503978252411,-0.08797533065080643
83,LEFT_EYE_OUTER,0.5962347984313965,0.36190932989120483,-0.08803650736808777
83,RIGHT_EYE_INNER,0.596315324306488,0.36194461584091187,-0.13502833247184753
83,RIGHT_EYE,0.5937798619270325,0.360514372587204,-0.13505667448043823
83,RIGHT_EYE_OUTER,0.5907259583473206,0.3590051829814911,-0.13521824777126312
83,LEFT_EAR,0.5846667885780334,0.35581669211387634,0.016107941046357155
83,RIGHT_EAR,0.5747565031051636,0.3542706370353699,-0.20302072167396545
83,MOUTH_LEFT,0.5811663269996643,0.3849109709262848,-0.06312353909015656
83,MOUTH_RIGHT,0.5776844620704651,0.384705126285553,-0.12499330937862396
83,LEFT_SHOULDER,0.522200345993042,0.40046072006225586,0.19512930512428284
83,RIGHT_SHOULDER,0.5436109304428101,0.4133872091770172,-0.2953040897846222
83,LEFT_ELBOW,0.5273345112800598,0.5017160773277283,0.2424820363521576
83,RIGHT_ELBOW,0.5538721680641174,0.5209466218948364,-0.32328397035598755
83,LEFT_WRIST,0.5427015423774719,0.5873433351516724,0.12368198484182358
83,RIGHT_WRIST,0.5650233626365662,0.6095563173294067,-0.2857748866081238
83,LEFT_PINKY,0.5487867593765259,0.6121578812599182,0.11825238168239594
83,RIGHT_PINKY,0.5688349008560181,0.6363006234169006,-0.3255414068698883
83,LEFT_INDEX,0.5494400262832642,0.6116764545440674,0.08320827782154083
83,RIGHT_INDEX,0.5740371942520142,0.6343501210212708,-0.34010130167007446
83,LEFT_THUMB,0.5463528037071228,0.6036811470985413,0.10362498462200165
83,RIGHT_THUMB,0.5714073777198792,0.6236100792884827,-0.28693917393684387
83,LEFT_HIP,0.4495459496974945,0.576058030128479,0.16811098158359528
83,RIGHT_HIP,0.4370277523994446,0.5820363163948059,-0.1682605892419815
83,LEFT_KNEE,0.4849037528038025,0.7139039635658264,0.2629968225955963
83,RIGHT_KNEE,0.4711359143257141,0.7363622784614563,-0.2212444245815277
83,LEFT_ANKLE,0.46282655000686646,0.8369506001472473,0.4976509213447571
83,RIGHT_ANKLE,0.44915276765823364,0.8923707008361816,-0.19561469554901123
83,LEFT_HEEL,0.44711050391197205,0.849390983581543,0.5157097578048706
83,RIGHT_HEEL,0.4315705895423889,0.9136559367179871,-0.20377306640148163
83,LEFT_FOOT_INDEX,0.5106276869773865,0.8658817410469055,0.4584130644798279
83,RIGHT_FOOT_INDEX,0.5172909498214722,0.9137076139450073,-0.3568969964981079
84,NOSE,0.5937275290489197,0.3778328001499176,-0.1513104885816574
84,LEFT_EYE_INNER,0.5986014604568481,0.363591730594635,-0.13122406601905823
84,LEFT_EYE,0.5981433987617493,0.3630567491054535,-0.131402850151062
84,LEFT_EYE_OUTER,0.5977461934089661,0.36219584941864014,-0.13149355351924896
84,RIGHT_EYE_INNER,0.5963152647018433,0.3619922995567322,-0.17745889723300934
84,RIGHT_EYE,0.5935649871826172,0.3605281710624695,-0.1774974763393402
84,RIGHT_EYE_OUTER,0.5900346040725708,0.35904043912887573,-0.17763419449329376
84,LEFT_EAR,0.5863734483718872,0.35726115107536316,-0.016224266961216927
84,RIGHT_EAR,0.5734111070632935,0.3542894124984741,-0.22251442074775696
84,MOUTH_LEFT,0.5841617584228516,0.38558706641197205,-0.10234036296606064
84,MOUTH_RIGHT,0.5786288976669312,0.3849056363105774,-0.1623421013355255
84,LEFT_SHOULDER,0.5495749711990356,0.41620197892189026,0.15870361030101776
84,RIGHT_SHOULDER,0.5265001058578491,0.40492352843284607,-0.2971031963825226
84,LEFT_ELBOW,0.5498479604721069,0.51203852891922,0.21440713107585907
84,RIGHT_ELBOW,0.5371390581130981,0.5088427662849426,-0.3488289415836334
84,LEFT_WRIST,0.5555293560028076,0.594363808631897,0.083552286028862
84,RIGHT_WRIST,0.5520594716072083,0.5960047841072083,-0.3818742632865906
84,LEFT_PINKY,0.5597707033157349,0.6183512806892395,0.07163591682910919
84,RIGHT_PINKY,0.5517481565475464,0.6168196797370911,-0.43618279695510864
84,LEFT_INDEX,0.5564643144607544,0.6167677640914917,0.030174624174833298
84,RIGHT_INDEX,0.5606174468994141,0.6201326847076416,-0.44057244062423706
84,LEFT_THUMB,0.552735447883606,0.6073322892189026,0.060967039316892624
84,RIGHT_THUMB,0.5577918291091919,0.6081543564796448,-0.3830549120903015
84,LEFT_HIP,0.4613889157772064,0.5834186673164368,0.1504560112953186
84,RIGHT_HIP,0.43423423171043396,0.5812026262283325,-0.15029741823673248
84,LEFT_KNEE,0.48553070425987244,0.7166921496391296,0.16144822537899017
84,RIGHT_KNEE,0.4699905812740326,0.7331622838973999,-0.24568624794483185
84,LEFT_ANKLE,0.45910072326660156,0.8455947637557983,0.2928773760795593
84,RIGHT_ANKLE,0.4494807720184326,0.8887211680412292,-0.23609915375709534
84,LEFT_HEEL,0.44236892461776733,0.8713652491569519,0.2981448173522949
84,RIGHT_HEEL,0.4331374168395996,0.9125494956970215,-0.24703530967235565
84,LEFT_FOOT_INDEX,0.5068386197090149,0.8733256459236145,0.2070886641740799
84,RIGHT_FOOT_INDEX,0.5169399380683899,0.9122453927993774,-0.41425949335098267
85,NOSE,0.5950877666473389,0.3771042227745056,-0.17427222430706024
85,LEFT_EYE_INNER,0.5993516445159912,0.36311307549476624,-0.15296527743339539
85,LEFT_EYE,0.5990956425666809,0.3628005385398865,-0.15313667058944702
85,LEFT_EYE_OUTER,0.5988678336143494,0.36212316155433655,-0.15321917831897736
85,RIGHT_EYE_INNER,0.5963404774665833,0.36114099621772766,-0.19894064962863922
85,RIGHT_EYE,0.5935181379318237,0.3596667945384979,-0.19898860156536102
85,RIGHT_EYE_OUTER,0.5897932648658752,0.3581297993659973,-0.19912321865558624
85,LEFT_EAR,0.5876926183700562,0.35767480731010437,-0.03157367557287216
85,RIGHT_EAR,0.5729994773864746,0.35406494140625,-0.23583392798900604
85,MOUTH_LEFT,0.5862681269645691,0.3855656385421753,-0.1229943260550499
85,MOUTH_RIGHT,0.5794497728347778,0.38477975130081177,-0.1826617270708084
85,LEFT_SHOULDER,0.553404688835144,0.41965922713279724,0.1483626663684845
85,RIGHT_SHOULDER,0.5241822004318237,0.4034658968448639,-0.3099404573440552
85,LEFT_ELBOW,0.5545939803123474,0.515751838684082,0.2040649652481079
85,RIGHT_ELBOW,0.5325745344161987,0.506689727306366,-0.3615543246269226
85,LEFT_WRIST,0.5583327412605286,0.5963676571846008,0.06929410248994827
85,RIGHT_WRIST,0.5466989874839783,0.5928574204444885,-0.38864290714263916
85,LEFT_PINKY,0.561632513999939,0.6202508807182312,0.05635013431310654
85,RIGHT_PINKY,0.5447072982788086,0.6151961088180542,-0.4428923726081848
85,LEFT_INDEX,0.5586313009262085,0.6184709668159485,0.013711916282773018
85,RIGHT_INDEX,0.5549104809761047,0.6163144111633301,-0.44860559701919556
85,LEFT_THUMB,0.5548056960105896,0.6086887717247009,0.04626477509737015
85,RIGHT_THUMB,0.5526310205459595,0.6045833230018616,-0.3901210427284241
85,LEFT_HIP,0.4646332859992981,0.5852643251419067,0.14993438124656677
85,RIGHT_HIP,0.4335453510284424,0.5808228254318237,-0.14978668093681335
85,LEFT_KNEE,0.48551589250564575,0.7183767557144165,0.19061125814914703
85,RIGHT_KNEE,0.469529390335083,0.7320308089256287,-0.25342392921447754
85,LEFT_ANKLE,0.4573134779930115,0.8483794331550598,0.33957019448280334
85,RIGHT_ANKLE,0.4495978355407715,0.8875271677970886,-0.25070977210998535
85,LEFT_HEEL,0.4405290484428406,0.875409722328186,0.34642282128334045
85,RIGHT_HEEL,0.433745801448822,0.9120208621025085,-0.26276862621307373
85,LEFT_FOOT_INDEX,0.5047299265861511,0.8757349848747253,0.2569032311439514
85,RIGHT_FOOT_INDEX,0.5166195631027222,0.912067711353302,-0.43387332558631897
86,NOSE,0.5952278971672058,0.37710121273994446,-0.18635565042495728
86,LEFT_EYE_INNER,0.5995732545852661,0.36311405897140503,-0.16300742328166962
86,LEFT_EYE,0.599524974822998,0.3628295958042145,-0.16318991780281067
86,LEFT_EYE_OUTER,0.5995067358016968,0.3622431457042694,-0.16328583657741547
86,RIGHT_EYE_INNER,0.5961625576019287,0.3611409068107605,-0.20628531277179718
86,RIGHT_EYE,0.5929487943649292,0.35966596007347107,-0.2063368260860443
86,RIGHT_EYE_OUTER,0.5888873338699341,0.3580937385559082,-0.20646683871746063
86,LEFT_EAR,0.5883861780166626,0.35843074321746826,-0.030343618243932724
86,RIGHT_EAR,0.5721787810325623,0.35394486784935,-0.2254837304353714
86,MOUTH_LEFT,0.5867065787315369,0.3859012722969055,-0.13092933595180511
86,MOUTH_RIGHT,0.5795566439628601,0.38479918241500854,-0.1872275173664093
86,LEFT_SHOULDER,0.5606719851493835,0.4235630929470062,0.14569129049777985
86,RIGHT_SHOULDER,0.5164905786514282,0.40000462532043457,-0.2999626696109772
86,LEFT_ELBOW,0.5591630339622498,0.5174245834350586,0.19666992127895355
86,RIGHT_ELBOW,0.5220004320144653,0.4987551271915436,-0.37541139125823975
86,LEFT_WRIST,0.5600275993347168,0.5980905294418335,0.05428994446992874
86,RIGHT_WRIST,0.540311336517334,0.5824827551841736,-0.45527657866477966
86,LEFT_PINKY,0.5634036660194397,0.6227254271507263,0.03716729208827019
86,RIGHT_PINKY,0.5358279943466187,0.6055670976638794,-0.5170427560806274
86,LEFT_INDEX,0.5598752498626709,0.6205497980117798,-0.0073877377435564995
86,RIGHT_INDEX,0.5484458804130554,0.6077631115913391,-0.5215602517127991
86,LEFT_THUMB,0.5559474229812622,0.6108846664428711,0.030890723690390587
86,RIGHT_THUMB,0.5449835062026978,0.5980242490768433,-0.45788827538490295
86,LEFT_HIP,0.47110167145729065,0.5883363485336304,0.1452881246805191
86,RIGHT_HIP,0.43274155259132385,0.579917311668396,-0.1450495570898056
86,LEFT_KNEE,0.4859289526939392,0.7205911874771118,0.13786545395851135
86,RIGHT_KNEE,0.4685632586479187,0.7318727970123291,-0.24993272125720978
86,LEFT_ANKLE,0.45553678274154663,0.8550902605056763,0.2525777220726013
86,RIGHT_ANKLE,0.4499755799770355,0.8868734240531921,-0.23808947205543518
86,LEFT_HEEL,0.4381885528564453,0.882876992225647,0.25526052713394165
86,RIGHT_HEEL,0.4345652163028717,0.9118317365646362,-0.2495286911725998
86,LEFT_FOOT_INDEX,0.5015901327133179,0.8803192973136902,0.14668884873390198
86,RIGHT_FOOT_INDEX,0.5162887573242188,0.9117769002914429,-0.4273638129234314
87,NOSE,0.5966111421585083,0.3763507604598999,-0.16498757898807526
87,LEFT_EYE_INNER,0.6006666421890259,0.3624248802661896,-0.14296434819698334
87,LEFT_EYE,0.6007041335105896,0.36225491762161255,-0.1431402862071991
87,LEFT_EYE_OUTER,0.6007317304611206,0.3618376553058624,-0.14322561025619507
87,RIGHT_EYE_INNER,0.5966978669166565,0.3604586124420166,-0.1865818202495575
87,RIGHT_EYE,0.5933060050010681,0.3590218424797058,-0.18662746250629425
87,RIGHT_EYE_OUTER,0.5890604257583618,0.3574449121952057,-0.18675418198108673
87,LEFT_EAR,0.5895497798919678,0.35838553309440613,-0.017086956650018692
87,RIGHT_EAR,0.5723056793212891,0.35330283641815186,-0.2230931520462036
87,MOUTH_LEFT,0.5882388353347778,0.3857120871543884,-0.11203298717737198
87,MOUTH_RIGHT,0.5812739133834839,0.38431471586227417,-0.168819859623909
87,LEFT_SHOULDER,0.5611918568611145,0.42339468002319336,0.1590678095817566
87,RIGHT_SHOULDER,0.517698347568512,0.39834338426589966,-0.2885863184928894
87,LEFT_ELBOW,0.5582643151283264,0.5176715850830078,0.20721502602100372
87,RIGHT_ELBOW,0.5215040445327759,0.49770158529281616,-0.3680226504802704
87,LEFT_WRIST,0.5582739114761353,0.5968195199966431,0.07294822484254837
87,RIGHT_WRIST,0.540015697479248,0.5821436643600464,-0.4236786365509033
87,LEFT_PINKY,0.5621339082717896,0.6214079856872559,0.058348387479782104
87,RIGHT_PINKY,0.5361585021018982,0.6055939197540283,-0.48246169090270996
87,LEFT_INDEX,0.5598378777503967,0.6201063990592957,0.014158621430397034
87,RIGHT_INDEX,0.5450035333633423,0.6044191718101501,-0.48687782883644104
87,LEFT_THUMB,0.5565580725669861,0.6106276512145996,0.04972260445356369
87,RIGHT_THUMB,0.5453662872314453,0.5947062373161316,-0.4257710576057434
87,LEFT_HIP,0.4692893624305725,0.5873798131942749,0.14678797125816345
87,RIGHT_HIP,0.4320805072784424,0.5789971351623535,-0.1465797871351242
87,LEFT_KNEE,0.4858553409576416,0.720521867275238,0.1598670929670334
87,RIGHT_KNEE,0.4682927131652832,0.731795608997345,-0.23493483662605286
87,LEFT_ANKLE,0.4549284875392914,0.8563779592514038,0.2785103917121887
87,RIGHT_ANKLE,0.45004692673683167,0.8865245580673218,-0.22038772702217102
87,LEFT_HEEL,0.43775320053100586,0.8840246200561523,0.28178173303604126
87,RIGHT_HEEL,0.4348292946815491,0.9115628004074097,-0.23104450106620789
87,LEFT_FOOT_INDEX,0.5017603635787964,0.8804322481155396,0.18373188376426697
87,RIGHT_FOOT_INDEX,0.5159871578216553,0.9117432832717896,-0.39874836802482605
88,NOSE,0.5977600812911987,0.3763308525085449,-0.14565391838550568
88,LEFT_EYE_INNER,0.6015132665634155,0.36239951848983765,-0.12494103610515594
88,LEFT_EYE,0.6013912558555603,0.36221975088119507,-0.12510697543621063
88,LEFT_EYE_OUTER,0.601235032081604,0.36180147528648376,-0.1251818984746933
88,RIGHT_EYE_INNER,0.5979804992675781,0.36046966910362244,-0.17068549990653992
88,RIGHT_EYE,0.5948923826217651,0.35903996229171753,-0.1707257628440857
88,RIGHT_EYE_OUTER,0.5910759568214417,0.357448935508728,-0.1708669811487198
88,LEFT_EAR,0.5896344780921936,0.358003705739975,-0.009124184027314186
88,RIGHT_EAR,0.5735264420509338,0.35252708196640015,-0.21928682923316956
88,MOUTH_LEFT,0.5889164209365845,0.38561302423477173,-0.09664247930049896
88,MOUTH_RIGHT,0.5827814340591431,0.3841981291770935,-0.15614643692970276
88,LEFT_SHOULDER,0.5609691143035889,0.4222005307674408,0.16336697340011597
88,RIGHT_SHOULDER,0.5158255696296692,0.39711761474609375,-0.2934825122356415
88,LEFT_ELBOW,0.5584417581558228,0.5163833498954773,0.2107822448015213
88,RIGHT_ELBOW,0.5211137533187866,0.49741601943969727,-0.3698621392250061
88,LEFT_WRIST,0.5568310618400574,0.5948086977005005,0.0772458091378212
88,RIGHT_WRIST,0.5382439494132996,0.5809407234191895,-0.42750468850135803
88,LEFT_PINKY,0.5611166954040527,0.6210721731185913,0.06339351832866669
88,RIGHT_PINKY,0.5354305505752563,0.6051991581916809,-0.48720771074295044
88,LEFT_INDEX,0.5592153072357178,0.6200013756752014,0.020846892148256302
88,RIGHT_INDEX,0.5472110509872437,0.6060043573379517,-0.4897664487361908
88,LEFT_THUMB,0.5551900267601013,0.6084030270576477,0.05442538112401962
88,RIGHT_THUMB,0.5461493730545044,0.5965871214866638,-0.42906469106674194
88,LEFT_HIP,0.47001558542251587,0.586689293384552,0.14856025576591492
88,RIGHT_HIP,0.43148985505104065,0.5785154700279236,-0.14838320016860962
88,LEFT_KNEE,0.48623451590538025,0.7210374474525452,0.16162577271461487
88,RIGHT_KNEE,0.4681340754032135,0.7319506406784058,-0.22799959778785706
88,LEFT_ANKLE,0.45458275079727173,0.8549211621284485,0.2858569025993347
88,RIGHT_ANKLE,0.45011964440345764,0.8865553140640259,-0.20741263031959534
88,LEFT_HEEL,0.43758124113082886,0.8816677927970886,0.29020488262176514
88,RIGHT_HEEL,0.43501225113868713,0.9115325808525085,-0.2169085443019867
88,LEFT_FOOT_INDEX,0.5001410245895386,0.8817710876464844,0.19827322661876678
88,RIGHT_FOOT_INDEX,0.5158935785293579,0.9118272066116333,-0.3786528408527374
89,NOSE,0.5999492406845093,0.37688976526260376,-0.11931830644607544
89,LEFT_EYE_INNER,0.6037977933883667,0.3629035949707031,-0.09758219122886658
89,LEFT_EYE,0.6033740043640137,0.3626992702484131,-0.09775865077972412
89,LEFT_EYE_OUTER,0.6028881669044495,0.3622494339942932,-0.09782811254262924
89,RIGHT_EYE_INNER,0.601137638092041,0.3608950972557068,-0.14451956748962402
89,RIGHT_EYE,0.5985772609710693,0.35939598083496094,-0.14454974234104156
89,RIGHT_EYE_OUTER,0.5954441428184509,0.3576943278312683,-0.14469002187252045
89,LEFT_EAR,0.5901078581809998,0.35797417163848877,0.01587120071053505
89,RIGHT_EAR,0.5765336751937866,0.3521309494972229,-0.19519247114658356
89,MOUTH_LEFT,0.5901302695274353,0.38588571548461914,-0.07202742993831635
89,MOUTH_RIGHT,0.585325300693512,0.38434281945228577,-0.13301318883895874
89,LEFT_SHOULDER,0.5611492991447449,0.42230120301246643,0.17494715750217438
89,RIGHT_SHOULDER,0.5160491466522217,0.3956790566444397,-0.2888859808444977
89,LEFT_ELBOW,0.5581231117248535,0.5166178941726685,0.2200467884540558
89,RIGHT_ELBOW,0.5241125822067261,0.49739593267440796,-0.36938926577568054
89,LEFT_WRIST,0.5564651489257812,0.594450831413269,0.0813116654753685
89,RIGHT_WRIST,0.5401607751846313,0.5818362832069397,-0.41486233472824097
89,LEFT_PINKY,0.5611417293548584,0.6204273104667664,0.06916426122188568
89,RIGHT_PINKY,0.53958660364151,0.606305718421936,-0.47265705466270447
89,LEFT_INDEX,0.5591026544570923,0.6198344826698303,0.027540629729628563
89,RIGHT_INDEX,0.5490167737007141,0.605225682258606,-0.473179429769516
89,LEFT_THUMB,0.5553901791572571,0.6083389520645142,0.0583537220954895
89,RIGHT_THUMB,0.5476882457733154,0.5955530405044556,-0.41530126333236694
89,LEFT_HIP,0.4707808494567871,0.5861166715621948,0.14970357716083527
89,RIGHT_HIP,0.4314691126346588,0.577643871307373,-0.14954319596290588
89,LEFT_KNEE,0.48621875047683716,0.7207740545272827,0.180229052901268
89,RIGHT_KNEE,0.46805769205093384,0.7320249080657959,-0.23282523453235626
89,LEFT_ANKLE,0.45466718077659607,0.8541712760925293,0.31952938437461853
89,RIGHT_ANKLE,0.45014554262161255,0.8865473866462708,-0.22356796264648438
89,LEFT_HEEL,0.4378035068511963,0.880895733833313,0.32598620653152466
89,RIGHT_HEEL,0.43504029512405396,0.9113942980766296,-0.23381340503692627
89,LEFT_FOOT_INDEX,0.5006123781204224,0.8810175657272339,0.24213752150535583
89,RIGHT_FOOT_INDEX,0.5158891677856445,0.9120095372200012,-0.39433568716049194
90,NOSE,0.5999270081520081,0.377292275428772,-0.11471577733755112
90,LEFT_EYE_INNER,0.6041437983512878,0.36340442299842834,-0.09158177673816681
90,LEFT_EYE,0.6038321852684021,0.3632437586784363,-0.0917576476931572
90,LEFT_EYE_OUTER,0.6034659147262573,0.36283421516418457,-0.09182561188936234
90,RIGHT_EYE_INNER,0.601198673248291,0.3611721396446228,-0.13599039614200592
90,RIGHT_EYE,0.5985499620437622,0.359541118144989,-0.13603080809116364
90,RIGHT_EYE_OUTER,0.5953695774078369,0.3577108085155487,-0.1361708790063858
90,LEFT_EAR,0.5905359983444214,0.3579947054386139,0.031975194811820984
90,RIGHT_EAR,0.5766262412071228,0.35177668929100037,-0.16398738324642181
90,MOUTH_LEFT,0.5901585817337036,0.3861154019832611,-0.06404756754636765
90,MOUTH_RIGHT,0.5852747559547424,0.3843844532966614,-0.12146316468715668
90,LEFT_SHOULDER,0.5662971138954163,0.4230698049068451,0.18044884502887726
90,RIGHT_SHOULDER,0.5115786790847778,0.3954930901527405,-0.2559373676776886
90,LEFT_ELBOW,0.5617066621780396,0.5160263180732727,0.1848120391368866
90,RIGHT_ELBOW,0.5127382874488831,0.4936797022819519,-0.36854088306427
90,LEFT_WRIST,0.5561796426773071,0.5899906158447266,-4.7463276132475585e-05
90,RIGHT_WRIST,0.535818874835968,0.5786384344100952,-0.46677365899086
90,LEFT_PINKY,0.5606245398521423,0.6174949407577515,-0.023151081055402756
90,RIGHT_PINKY,0.5323885679244995,0.6023156642913818,-0.5289368033409119
90,LEFT_INDEX,0.5578107237815857,0.6156702041625977,-0.060427285730838776
90,RIGHT_INDEX,0.5454781651496887,0.6025506258010864,-0.5303331613540649
90,LEFT_THUMB,0.5536864399909973,0.6033480167388916,-0.021651603281497955
90,RIGHT_THUMB,0.5448299646377563,0.5919772982597351,-0.468269407749176
90,LEFT_HIP,0.472957044839859,0.5867630243301392,0.14497970044612885
90,RIGHT_HIP,0.43091216683387756,0.5769720673561096,-0.14474782347679138
90,LEFT_KNEE,0.4865778386592865,0.7215219736099243,0.12145930528640747
90,RIGHT_KNEE,0.4678950309753418,0.7307320237159729,-0.2332518994808197
90,LEFT_ANKLE,0.45453065633773804,0.8575962781906128,0.2100788801908493
90,RIGHT_ANKLE,0.45036983489990234,0.8854939341545105,-0.2225915640592575
90,LEFT_HEEL,0.437494695186615,0.8847084045410156,0.21057990193367004
90,RIGHT_HEEL,0.43521785736083984,0.9110254049301147,-0.23260939121246338
90,LEFT_FOOT_INDEX,0.5007467865943909,0.892253577709198,0.11169477552175522
90,RIGHT_FOOT_INDEX,0.5157638788223267,0.9120596051216125,-0.39364975690841675
91,NOSE,0.6003439426422119,0.37812164425849915,-0.11735979467630386
91,LEFT_EYE_INNER,0.6049887537956238,0.3643653988838196,-0.09484995901584625
91,LEFT_EYE,0.6048016548156738,0.3641811013221741,-0.09503155946731567
91,LEFT_EYE_OUTER,0.6045681238174438,0.3637569546699524,-0.0951024740934372
91,RIGHT_EYE_INNER,0.6017558574676514,0.36204591393470764,-0.1377677619457245
91,RIGHT_EYE,0.5990339517593384,0.3602886497974396,-0.13782374560832977
91,RIGHT_EYE_OUTER,0.5957924127578735,0.35827162861824036,-0.13797500729560852
91,LEFT_EAR,0.5914129614830017,0.358085960149765,0.0283147394657135
91,RIGHT_EAR,0.5770922899246216,0.35178428888320923,-0.17522870004177094
91,MOUTH_LEFT,0.5906695127487183,0.3866322636604309,-0.06590074300765991
91,MOUTH_RIGHT,0.5855777859687805,0.3847687244415283,-0.12274402379989624
91,LEFT_SHOULDER,0.5672075152397156,0.4227076470851898,0.17839927971363068
91,RIGHT_SHOULDER,0.5125282406806946,0.3961769640445709,-0.2686285674571991
91,LEFT_ELBOW,0.561204731464386,0.5155599117279053,0.19433656334877014
91,RIGHT_ELBOW,0.5143700838088989,0.4948294162750244,-0.3693760931491852
91,LEFT_WRIST,0.5557963848114014,0.5889015793800354,0.032158490270376205
91,RIGHT_WRIST,0.5361950993537903,0.580039381980896,-0.46363943815231323
91,LEFT_PINKY,0.5603847503662109,0.6157728433609009,0.014282986521720886
91,RIGHT_PINKY,0.5334824323654175,0.6044420599937439,-0.5251227617263794
91,LEFT_INDEX,0.5568791031837463,0.614253580570221,-0.024608973413705826
91,RIGHT_INDEX,0.5453149080276489,0.6039566397666931,-0.5271342396736145
91,LEFT_THUMB,0.5530053377151489,0.6018095016479492,0.01017065066844225
91,RIGHT_THUMB,0.5447349548339844,0.5939772129058838,-0.4652079939842224
91,LEFT_HIP,0.474038302898407,0.5869632959365845,0.14410629868507385
91,RIGHT_HIP,0.43082863092422485,0.5768851041793823,-0.14386841654777527
91,LEFT_KNEE,0.4872932434082031,0.7213985323905945,0.13529857993125916
91,RIGHT_KNEE,0.46786922216415405,0.7306181192398071,-0.23350775241851807
91,LEFT_ANKLE,0.45451927185058594,0.8577521443367004,0.24065308272838593
91,RIGHT_ANKLE,0.45041388273239136,0.8855794072151184,-0.22473295032978058
91,LEFT_HEEL,0.4374315142631531,0.8851766586303711,0.24317321181297302
91,RIGHT_HEEL,0.4353254437446594,0.9110193252563477,-0.235081285238266
91,LEFT_FOOT_INDEX,0.5010515451431274,0.8932133913040161,0.14842696487903595
91,RIGHT_FOOT_INDEX,0.5157462358474731,0.9122797250747681,-0.39742860198020935
92,NOSE,0.6002123355865479,0.37976741790771484,-0.14601589739322662
92,LEFT_EYE_INNER,0.6050958037376404,0.36665207147598267,-0.1218930259346962
92,LEFT_EYE,0.605006217956543,0.3664947748184204,-0.12207561731338501
92,LEFT_EYE_OUTER,0.6048738360404968,0.3661012351512909,-0.12215504795312881
92,RIGHT_EYE_INNER,0.6016647219657898,0.3640262484550476,-0.16274090111255646
92,RIGHT_EYE,0.598913848400116,0.36199429631233215,-0.16279658675193787
92,RIGHT_EYE_OUTER,0.5957025289535522,0.3596218526363373,-0.1629439890384674
92,LEFT_EAR,0.5917826890945435,0.35935500264167786,0.020100560039281845
92,RIGHT_EAR,0.5770753622055054,0.35201629996299744,-0.17508170008659363
92,MOUTH_LEFT,0.5905242562294006,0.3878612816333771,-0.08866606652736664
92,MOUTH_RIGHT,0.5854883790016174,0.38550740480422974,-0.1413111686706543
92,LEFT_SHOULDER,0.5703932046890259,0.42251938581466675,0.17602141201496124
92,RIGHT_SHOULDER,0.5072883367538452,0.3965727388858795,-0.24924655258655548
92,LEFT_ELBOW,0.559949517250061,0.5124803781509399,0.1745687574148178
92,RIGHT_ELBOW,0.5073848366737366,0.4931008219718933,-0.3408624529838562
92,LEFT_WRIST,0.5544945597648621,0.5777542591094971,-0.03754444047808647
92,RIGHT_WRIST,0.5353178381919861,0.5746625065803528,-0.4355711340904236
92,LEFT_PINKY,0.5558769106864929,0.6043981313705444,-0.06757725775241852
92,RIGHT_PINKY,0.5321804285049438,0.5986342430114746,-0.4934016168117523
92,LEFT_INDEX,0.5511666536331177,0.6036800146102905,-0.1045101135969162
92,RIGHT_INDEX,0.5439212322235107,0.5980516672134399,-0.49618130922317505
92,LEFT_THUMB,0.5478559732437134,0.5888962745666504,-0.059985630214214325
92,RIGHT_THUMB,0.5435526371002197,0.5873722434043884,-0.4363926947116852
92,LEFT_HIP,0.4763314723968506,0.5877891778945923,0.13983884453773499
92,RIGHT_HIP,0.43052855134010315,0.576858401298523,-0.13954074680805206
92,LEFT_KNEE,0.4887922406196594,0.7215883135795593,0.09136544167995453
92,RIGHT_KNEE,0.46783995628356934,0.7305470705032349,-0.23107823729515076
92,LEFT_ANKLE,0.45407119393348694,0.859423816204071,0.17327237129211426
92,RIGHT_ANKLE,0.45045724511146545,0.8852671384811401,-0.21875135600566864
92,LEFT_HEEL,0.4368981420993805,0.8852063417434692,0.17274703085422516
92,RIGHT_HEEL,0.43540555238723755,0.9104992151260376,-0.2287287414073944
92,LEFT_FOOT_INDEX,0.5008609890937805,0.8987184762954712,0.06494835764169693
92,RIGHT_FOOT_INDEX,0.5156471729278564,0.9123170971870422,-0.3883501887321472
93,NOSE,0.6007388830184937,0.3798162639141083,-0.1399088203907013
93,LEFT_EYE_INNER,0.6057664155960083,0.3667939007282257,-0.11676669120788574
93,LEFT_EYE,0.6056941747665405,0.36660853028297424,-0.11694006621837616
93,LEFT_EYE_OUTER,0.605573296546936,0.36619383096694946,-0.11701252311468124
93,RIGHT_EYE_INNER,0.6021960973739624,0.3641993999481201,-0.1595492660999298
93,RIGHT_EYE,0.5993643999099731,0.3621499836444855,-0.15960046648979187
93,RIGHT_EYE_OUTER,0.5960755348205566,0.35973209142684937,-0.15974873304367065
93,LEFT_EAR,0.5922048687934875,0.3593633770942688,0.02073313668370247
93,RIGHT_EAR,0.5777038335800171,0.3520105481147766,-0.17394758760929108
93,MOUTH_LEFT,0.590765655040741,0.38781991600990295,-0.08571119606494904
93,MOUTH_RIGHT,0.5856906175613403,0.38548439741134644,-0.1404239535331726
93,LEFT_SHOULDER,0.5722595453262329,0.42264214158058167,0.17818543314933777
93,RIGHT_SHOULDER,0.5041710138320923,0.3958640992641449,-0.2519214153289795
93,LEFT_ELBOW,0.5592665076255798,0.5106579065322876,0.17952509224414825
93,RIGHT_ELBOW,0.49888482689857483,0.48900604248046875,-0.3413626551628113
93,LEFT_WRIST,0.5538569688796997,0.5716130137443542,-0.030899371951818466
93,RIGHT_WRIST,0.5344567894935608,0.5706371068954468,-0.43028464913368225
93,LEFT_PINKY,0.5533600449562073,0.5989223718643188,-0.06008853763341904
93,RIGHT_PINKY,0.5323794484138489,0.5951269865036011,-0.488752543926239
93,LEFT_INDEX,0.5493946671485901,0.5992331504821777,-0.09613816440105438
93,RIGHT_INDEX,0.543667197227478,0.5947699546813965,-0.49201273918151855
93,LEFT_THUMB,0.5466513633728027,0.5843400955200195,-0.0532260537147522
93,RIGHT_THUMB,0.5432389378547668,0.585058331489563,-0.4309209883213043
93,LEFT_HIP,0.4777284264564514,0.5879283547401428,0.1406485140323639
93,RIGHT_HIP,0.4302244782447815,0.576755940914154,-0.14036467671394348
93,LEFT_KNEE,0.48982658982276917,0.7215414047241211,0.12928827106952667
93,RIGHT_KNEE,0.46784329414367676,0.7303168773651123,-0.2299203872680664
93,LEFT_ANKLE,0.45403486490249634,0.858932375907898,0.2430996596813202
93,RIGHT_ANKLE,0.45048803091049194,0.8853106498718262,-0.21792450547218323
93,LEFT_HEEL,0.4367852210998535,0.8848404884338379,0.24621105194091797
93,RIGHT_HEEL,0.435422420501709,0.9104130864143372,-0.22785191237926483
93,LEFT_FOOT_INDEX,0.5001556277275085,0.8970516324043274,0.14800015091896057
93,RIGHT_FOOT_INDEX,0.5155858993530273,0.9128490686416626,-0.3920840322971344
94,NOSE,0.6012426018714905,0.379779189825058,-0.1550619751214981
94,LEFT_EYE_INNER,0.6063520908355713,0.36677491664886475,-0.1306411474943161
94,LEFT_EYE,0.6063055992126465,0.36659181118011475,-0.13080339133739471
94,LEFT_EYE_OUTER,0.6062096357345581,0.36618852615356445,-0.13086529076099396
94,RIGHT_EYE_INNER,0.6025897264480591,0.3641870319843292,-0.17290464043617249
94,RIGHT_EYE,0.5996512174606323,0.3621445298194885,-0.17296597361564636
94,RIGHT_EYE_OUTER,0.5962703227996826,0.35973119735717773,-0.17311790585517883
94,LEFT_EAR,0.5930855870246887,0.35946688055992126,0.010690589435398579
94,RIGHT_EAR,0.5780839323997498,0.351972758769989,-0.17638595402240753
94,MOUTH_LEFT,0.5910104513168335,0.3877055048942566,-0.09834547340869904
94,MOUTH_RIGHT,0.5857530832290649,0.3852083086967468,-0.1526709645986557
94,LEFT_SHOULDER,0.5738638043403625,0.42455679178237915,0.17272453010082245
94,RIGHT_SHOULDER,0.5020040273666382,0.3944380283355713,-0.25685402750968933
94,LEFT_ELBOW,0.5585123896598816,0.5106568336486816,0.17679902911186218
94,RIGHT_ELBOW,0.49694833159446716,0.4875389039516449,-0.34487682580947876
94,LEFT_WRIST,0.5506924986839294,0.5700199604034424,-0.028972366824746132
94,RIGHT_WRIST,0.5327356457710266,0.5682159662246704,-0.44850578904151917
94,LEFT_PINKY,0.5474831461906433,0.5967156291007996,-0.05817129462957382
94,RIGHT_PINKY,0.5307275056838989,0.591896653175354,-0.509355366230011
94,LEFT_INDEX,0.5451390743255615,0.5970154404640198,-0.09539573639631271
94,RIGHT_INDEX,0.5406731963157654,0.5908796191215515,-0.5126612782478333
94,LEFT_THUMB,0.5469628572463989,0.5877662897109985,-0.05180133506655693
94,RIGHT_THUMB,0.5404853820800781,0.5819686651229858,-0.4495593011379242
94,LEFT_HIP,0.4795546531677246,0.588584303855896,0.13975203037261963
94,RIGHT_HIP,0.4300674498081207,0.5767191052436829,-0.13944299519062042
94,LEFT_KNEE,0.4922395646572113,0.721473217010498,0.1281045824289322
94,RIGHT_KNEE,0.4678589403629303,0.7302075624465942,-0.23744983971118927
94,LEFT_ANKLE,0.4540417790412903,0.8578264117240906,0.24825604259967804
94,RIGHT_ANKLE,0.45047426223754883,0.8852206468582153,-0.22184579074382782
94,LEFT_HEEL,0.4367087781429291,0.8813158273696899,0.25157874822616577
94,RIGHT_HEEL,0.43541988730430603,0.9098914861679077,-0.23168215155601501
94,LEFT_FOOT_INDEX,0.5002994537353516,0.8972428441047668,0.1466507762670517
94,RIGHT_FOOT_INDEX,0.5146328806877136,0.9128357768058777,-0.4043161869049072
95,NOSE,0.6014596223831177,0.3795248866081238,-0.16552790999412537
95,LEFT_EYE_INNER,0.6069897413253784,0.3667133152484894,-0.14064709842205048
95,LEFT_EYE,0.6069514155387878,0.3665309548377991,-0.14080578088760376
95,LEFT_EYE_OUTER,0.6068483591079712,0.36615151166915894,-0.14086954295635223
95,RIGHT_EYE_INNER,0.6032577753067017,0.36416566371917725,-0.1809876412153244
95,RIGHT_EYE,0.6003334522247314,0.3620922267436981,-0.18105049431324005
95,RIGHT_EYE_OUTER,0.596932053565979,0.35964256525039673,-0.18119624257087708
95,LEFT_EAR,0.5940593481063843,0.3595113158226013,0.0030145528726279736
95,RIGHT_EAR,0.5789784789085388,0.35160037875175476,-0.17747054994106293
95,MOUTH_LEFT,0.5909491777420044,0.38735321164131165,-0.10741831362247467
95,MOUTH_RIGHT,0.5857046246528625,0.3845840394496918,-0.15941587090492249
95,LEFT_SHOULDER,0.5737953186035156,0.4244358539581299,0.17270973324775696
95,RIGHT_SHOULDER,0.5026533007621765,0.39224112033843994,-0.2530251145362854
95,LEFT_ELBOW,0.5582500696182251,0.5105396509170532,0.1819714605808258
95,RIGHT_ELBOW,0.49887338280677795,0.482744038105011,-0.3414478003978729
95,LEFT_WRIST,0.5522216558456421,0.5722500681877136,-0.02071758732199669
95,RIGHT_WRIST,0.531373143196106,0.5663250684738159,-0.44772449135780334
95,LEFT_PINKY,0.548129677772522,0.6010011434555054,-0.0490926057100296
95,RIGHT_PINKY,0.528931200504303,0.5882406830787659,-0.5095065832138062
95,LEFT_INDEX,0.5453438758850098,0.5949670076370239,-0.08771191537380219
95,RIGHT_INDEX,0.5397492051124573,0.5871244668960571,-0.5133535265922546
95,LEFT_THUMB,0.5450690984725952,0.5823670029640198,-0.043968163430690765
95,RIGHT_THUMB,0.539280891418457,0.578545868396759,-0.4492556154727936
95,LEFT_HIP,0.48007306456565857,0.5881279706954956,0.14022251963615417
95,RIGHT_HIP,0.4300088882446289,0.5751119256019592,-0.13992024958133698
95,LEFT_KNEE,0.4931195378303528,0.7213101387023926,0.12822584807872772
95,RIGHT_KNEE,0.4679655134677887,0.7295838594436646,-0.249123215675354
95,LEFT_ANKLE,0.4540511667728424,0.8544588088989258,0.2634482681751251
95,RIGHT_ANKLE,0.45047658681869507,0.8851679563522339,-0.2319304645061493
95,LEFT_HEEL,0.4367477297782898,0.8765050768852234,0.2672063708305359
95,RIGHT_HEEL,0.43541350960731506,0.9093775749206543,-0.24161747097969055
95,LEFT_FOOT_INDEX,0.4997388422489166,0.8957390785217285,0.1697772741317749
95,RIGHT_FOOT_INDEX,0.5145636200904846,0.9128022193908691,-0.41955631971359253
96,NOSE,0.5968503952026367,0.37896519899368286,-0.24290697276592255
96,LEFT_EYE_INNER,0.6055667996406555,0.3666657507419586,-0.2184792309999466
96,LEFT_EYE,0.6058877110481262,0.36656898260116577,-0.21866443753242493
96,LEFT_EYE_OUTER,0.6061038374900818,0.36643683910369873,-0.2187529057264328
96,RIGHT_EYE_INNER,0.6009260416030884,0.3639200031757355,-0.2509722113609314
96,RIGHT_EYE,0.5977953672409058,0.3617813289165497,-0.251027911901474
96,RIGHT_EYE_OUTER,0.5941041707992554,0.35925713181495667,-0.25113996863365173
96,LEFT_EAR,0.5941984057426453,0.3614339232444763,-0.05690339207649231
96,RIGHT_EAR,0.5788276195526123,0.35158413648605347,-0.19777633249759674
96,MOUTH_LEFT,0.5866488218307495,0.3870309889316559,-0.17647796869277954
96,MOUTH_RIGHT,0.5808155536651611,0.3830762803554535,-0.21806499361991882
96,LEFT_SHOULDER,0.5749776363372803,0.42522358894348145,0.13066346943378448
96,RIGHT_SHOULDER,0.5027204155921936,0.3906185030937195,-0.24103088676929474
96,LEFT_ELBOW,0.5584781765937805,0.5105747580528259,0.09953805059194565
96,RIGHT_ELBOW,0.49734625220298767,0.48050111532211304,-0.3268285393714905
96,LEFT_WRIST,0.5511152148246765,0.5696612596511841,-0.16599592566490173
96,RIGHT_WRIST,0.5276973247528076,0.5635689496994019,-0.4608824849128723
96,LEFT_PINKY,0.5443836450576782,0.5899531245231628,-0.20873665809631348
96,RIGHT_PINKY,0.5253947973251343,0.5827733278274536,-0.5280318260192871
96,LEFT_INDEX,0.544021725654602,0.5863863825798035,-0.2494545727968216
96,RIGHT_INDEX,0.5358234643936157,0.5802308320999146,-0.5358881950378418
96,LEFT_THUMB,0.5426270365715027,0.5752124190330505,-0.19094586372375488
96,RIGHT_THUMB,0.5359760522842407,0.573556661605835,-0.46477919816970825
96,LEFT_HIP,0.4810652732849121,0.5874360799789429,0.13385304808616638
96,RIGHT_HIP,0.4295361042022705,0.5741963386535645,-0.13348141312599182
96,LEFT_KNEE,0.4954833388328552,0.7213837504386902,0.13125281035900116
96,RIGHT_KNEE,0.46781373023986816,0.7291660308837891,-0.25431591272354126
96,LEFT_ANKLE,0.455768883228302,0.8543164134025574,0.2682286500930786
96,RIGHT_ANKLE,0.45046907663345337,0.885083019733429,-0.24764032661914825
96,LEFT_HEEL,0.4397340714931488,0.8767691850662231,0.2726629376411438
96,RIGHT_HEEL,0.43553853034973145,0.9093858003616333,-0.25938063859939575
96,LEFT_FOOT_INDEX,0.5040600299835205,0.8950161933898926,0.16310495138168335
96,RIGHT_FOOT_INDEX,0.5142132043838501,0.912976861000061,-0.44947728514671326
97,NOSE,0.5941625833511353,0.37895557284355164,-0.21359193325042725
97,LEFT_EYE_INNER,0.6047458648681641,0.36718496680259705,-0.1872665286064148
97,LEFT_EYE,0.6053497791290283,0.3675384819507599,-0.18745413422584534
97,LEFT_EYE_OUTER,0.6058061718940735,0.3679254353046417,-0.18753811717033386
97,RIGHT_EYE_INNER,0.5995355844497681,0.36391156911849976,-0.21931393444538116
97,RIGHT_EYE,0.5962574481964111,0.36176905035972595,-0.2193506956100464
97,RIGHT_EYE_OUTER,0.5926514863967896,0.35918834805488586,-0.21945197880268097
97,LEFT_EAR,0.5946311354637146,0.36457642912864685,-0.03126906976103783
97,RIGHT_EAR,0.578689455986023,0.351550430059433,-0.15391908586025238
97,MOUTH_LEFT,0.5843918919563293,0.38701552152633667,-0.14662615954875946
97,MOUTH_RIGHT,0.5779607892036438,0.3825529217720032,-0.1892525851726532
97,LEFT_SHOULDER,0.5772690773010254,0.42747801542282104,0.1455593854188919
97,RIGHT_SHOULDER,0.5013877153396606,0.3841080665588379,-0.18474557995796204
97,LEFT_ELBOW,0.5586866140365601,0.5109100341796875,0.09542196989059448
97,RIGHT_ELBOW,0.49204009771347046,0.47419095039367676,-0.2859720289707184
97,LEFT_WRIST,0.5448795557022095,0.5679393410682678,-0.17499268054962158
97,RIGHT_WRIST,0.5220556855201721,0.5596831440925598,-0.4503028392791748
97,LEFT_PINKY,0.5346625447273254,0.5873575806617737,-0.22239811718463898
97,RIGHT_PINKY,0.5202639102935791,0.5767293572425842,-0.5127083659172058
97,LEFT_INDEX,0.5369457602500916,0.5810558199882507,-0.2611740529537201
97,RIGHT_INDEX,0.5311926007270813,0.5765724778175354,-0.5194741487503052
97,LEFT_THUMB,0.5352351069450378,0.5697268843650818,-0.19924765825271606
97,RIGHT_THUMB,0.5306074023246765,0.568815290927887,-0.451683908700943
97,LEFT_HIP,0.4831177592277527,0.5873861312866211,0.12806525826454163
97,RIGHT_HIP,0.4294171929359436,0.5736581087112427,-0.12759533524513245
97,LEFT_KNEE,0.4968636929988861,0.7213592529296875,0.13158096373081207
97,RIGHT_KNEE,0.4673764109611511,0.728811502456665,-0.26108604669570923
97,LEFT_ANKLE,0.4561896324157715,0.8534326553344727,0.2709314227104187
97,RIGHT_ANKLE,0.4504711627960205,0.8850938081741333,-0.2755153179168701
97,LEFT_HEEL,0.4399239420890808,0.8767120242118835,0.2752448618412018
97,RIGHT_HEEL,0.43586429953575134,0.909639835357666,-0.28978046774864197
97,LEFT_FOOT_INDEX,0.5040115118026733,0.8944142460823059,0.16874434053897858
97,RIGHT_FOOT_INDEX,0.5138304829597473,0.9131625294685364,-0.4807097017765045
98,NOSE,0.587052047252655,0.3787783980369568,-0.19335660338401794
98,LEFT_EYE_INNER,0.5998201966285706,0.36719757318496704,-0.16901631653308868
98,LEFT_EYE,0.6010521650314331,0.3676542043685913,-0.16918937861919403
98,LEFT_EYE_OUTER,0.6021165251731873,0.3681591749191284,-0.16925585269927979
98,RIGHT_EYE_INNER,0.594408392906189,0.36387255787849426,-0.2060226947069168
98,RIGHT_EYE,0.5917761325836182,0.3617032766342163,-0.20606629550457
98,RIGHT_EYE_OUTER,0.5888085961341858,0.3591274619102478,-0.20620307326316833
98,LEFT_EAR,0.5945687294006348,0.3654833137989044,-0.01979273557662964
98,RIGHT_EAR,0.5780859589576721,0.3517325520515442,-0.11621125042438507
98,MOUTH_LEFT,0.5797369480133057,0.3870062530040741,-0.13076210021972656
98,MOUTH_RIGHT,0.5736494064331055,0.3821670711040497,-0.16940118372440338
98,LEFT_SHOULDER,0.5789172649383545,0.43008559942245483,0.1515422761440277
98,RIGHT_SHOULDER,0.5015838146209717,0.3797405958175659,-0.15102365612983704
98,LEFT_ELBOW,0.5584717988967896,0.5091046094894409,0.06808583438396454
98,RIGHT_ELBOW,0.4899016320705414,0.4604090750217438,-0.289493590593338
98,LEFT_WRIST,0.5346769690513611,0.5566614866256714,-0.21687953174114227
98,RIGHT_WRIST,0.5130553841590881,0.5441686511039734,-0.47318997979164124
98,LEFT_PINKY,0.5306808948516846,0.5804046988487244,-0.2646787762641907
98,RIGHT_PINKY,0.513623058795929,0.5660350918769836,-0.5428174734115601
98,LEFT_INDEX,0.526430070400238,0.5746590495109558,-0.3015229105949402
98,RIGHT_INDEX,0.5271302461624146,0.5678080320358276,-0.5449431538581848
98,LEFT_THUMB,0.5277009606361389,0.5635600090026855,-0.2403196096420288
98,RIGHT_THUMB,0.5269734263420105,0.5597410202026367,-0.47601133584976196
98,LEFT_HIP,0.4852866232395172,0.587795078754425,0.12243123352527618
98,RIGHT_HIP,0.4304758906364441,0.5731268525123596,-0.12198865413665771
98,LEFT_KNEE,0.4975600838661194,0.7218106985092163,0.09013032913208008
98,RIGHT_KNEE,0.46713224053382874,0.7280662059783936,-0.26002606749534607
98,LEFT_ANKLE,0.45618271827697754,0.8533794283866882,0.1947048008441925
98,RIGHT_ANKLE,0.4505428671836853,0.8849130868911743,-0.2768615186214447
98,LEFT_HEEL,0.4398725628852844,0.8768793940544128,0.1957031488418579
98,RIGHT_HEEL,0.4362986087799072,0.909631609916687,-0.2909662127494812
98,LEFT_FOOT_INDEX,0.5038158297538757,0.8965137600898743,0.08066417276859283
98,RIGHT_FOOT_INDEX,0.5136948823928833,0.9133071899414062,-0.47367578744888306
99,NOSE,0.5860190391540527,0.3787539601325989,-0.1892199069261551
99,LEFT_EYE_INNER,0.5978962182998657,0.36685627698898315,-0.16702629625797272
99,LEFT_EYE,0.5987380743026733,0.36712050437927246,-0.16719873249530792
99,LEFT_EYE_OUTER,0.599492073059082,0.3673544228076935,-0.16726982593536377
99,RIGHT_EYE_INNER,0.5939403772354126,0.3638182580471039,-0.19935601949691772
99,RIGHT_EYE,0.5917496085166931,0.3616957664489746,-0.19940482079982758
99,RIGHT_EYE_OUTER,0.5890407562255859,0.3591929078102112,-0.19953791797161102
99,LEFT_EAR,0.593185305595398,0.3648638129234314,-0.016119690611958504
99,RIGHT_EAR,0.5781025886535645,0.35240185260772705,-0.13455457985401154
99,MOUTH_LEFT,0.5786045789718628,0.386957585811615,-0.12619096040725708
99,MOUTH_RIGHT,0.5737863183021545,0.38218289613723755,-0.16778692603111267
99,LEFT_SHOULDER,0.5773617625236511,0.42993825674057007,0.15208977460861206
99,RIGHT_SHOULDER,0.502406120300293,0.3792842924594879,-0.17863892018795013
99,LEFT_ELBOW,0.5572947263717651,0.5059849619865417,0.0697391927242279
99,RIGHT_ELBOW,0.49192070960998535,0.4582231044769287,-0.29551270604133606
99,LEFT_WRIST,0.5272091031074524,0.5522672533988953,-0.20900288224220276
99,RIGHT_WRIST,0.5133756399154663,0.5451461672782898,-0.5242254137992859
99,LEFT_PINKY,0.5245926380157471,0.5774540901184082,-0.25480931997299194
99,RIGHT_PINKY,0.5105848908424377,0.5666091442108154,-0.5986353158950806
99,LEFT_INDEX,0.5229462385177612,0.5696393251419067,-0.29229456186294556
99,RIGHT_INDEX,0.5231886506080627,0.5667327642440796,-0.5988199710845947
99,LEFT_THUMB,0.519417941570282,0.5601398944854736,-0.23304244875907898
99,RIGHT_THUMB,0.5233961939811707,0.5598134398460388,-0.527744472026825
99,LEFT_HIP,0.4850543439388275,0.5876139402389526,0.12554718554019928
99,RIGHT_HIP,0.4324617385864258,0.5724016427993774,-0.1251472383737564
99,LEFT_KNEE,0.49758124351501465,0.7227834463119507,0.08247015625238419
99,RIGHT_KNEE,0.46726351976394653,0.728081226348877,-0.25575587153434753
99,LEFT_ANKLE,0.4562292695045471,0.854831874370575,0.18681716918945312
99,RIGHT_ANKLE,0.45065099000930786,0.8845704793930054,-0.23214289546012878
99,LEFT_HEEL,0.43984994292259216,0.8814550638198853,0.18754325807094574
99,RIGHT_HEEL,0.4368017315864563,0.9092718362808228,-0.24207112193107605
99,LEFT_FOOT_INDEX,0.5062519311904907,0.8998907804489136,0.06271549314260483
99,RIGHT_FOOT_INDEX,0.5134517550468445,0.9132784605026245,-0.43894243240356445
100,NOSE,0.5871542096138,0.3789074122905731,-0.19164294004440308
100,LEFT_EYE_INNER,0.5980564951896667,0.3669807016849518,-0.16905005276203156
100,LEFT_EYE,0.5990041494369507,0.36727845668792725,-0.16922126710414886
100,LEFT_EYE_OUTER,0.6001144051551819,0.36753615736961365,-0.16928726434707642
100,RIGHT_EYE_INNER,0.5941457748413086,0.36387214064598083,-0.19682921469211578
100,RIGHT_EYE,0.5914803743362427,0.36173802614212036,-0.1968768835067749
100,RIGHT_EYE_OUTER,0.5882353782653809,0.3592197895050049,-0.19699349999427795
100,LEFT_EAR,0.5941749215126038,0.3649584650993347,-0.014807291328907013
100,RIGHT_EAR,0.5764416456222534,0.3524998724460602,-0.12387412786483765
100,MOUTH_LEFT,0.5791279673576355,0.38729968667030334,-0.1275673806667328
100,MOUTH_RIGHT,0.5743086338043213,0.3824477791786194,-0.16686184704303741
100,LEFT_SHOULDER,0.5816487669944763,0.43084779381752014,0.15325413644313812
100,RIGHT_SHOULDER,0.5028842687606812,0.3769260048866272,-0.16216512024402618
100,LEFT_ELBOW,0.5579106211662292,0.5038811564445496,0.09914402663707733
100,RIGHT_ELBOW,0.49136313796043396,0.45875200629234314,-0.2685694396495819
100,LEFT_WRIST,0.5290831327438354,0.5484269261360168,-0.15390469133853912
100,RIGHT_WRIST,0.5104396939277649,0.5383337140083313,-0.449592262506485
100,LEFT_PINKY,0.5261819958686829,0.5713874697685242,-0.1947665810585022
100,RIGHT_PINKY,0.5075485706329346,0.5613415241241455,-0.519740104675293
100,LEFT_INDEX,0.5223926901817322,0.5606669187545776,-0.23339171707630157
100,RIGHT_INDEX,0.5203519463539124,0.5615708231925964,-0.5200273990631104
100,LEFT_THUMB,0.5214272737503052,0.5543781518936157,-0.17747297883033752
100,RIGHT_THUMB,0.5211361050605774,0.5550664663314819,-0.4523352086544037
100,LEFT_HIP,0.4864276945590973,0.5875284671783447,0.12286394834518433
100,RIGHT_HIP,0.43221205472946167,0.5718522667884827,-0.12241798639297485
100,LEFT_KNEE,0.49785104393959045,0.7226489186286926,0.09661451727151871
100,RIGHT_KNEE,0.46708235144615173,0.7279542684555054,-0.25348931550979614
100,LEFT_ANKLE,0.45699453353881836,0.8494734764099121,0.21438729763031006
100,RIGHT_ANKLE,0.4506455957889557,0.8847009539604187,-0.2628837525844574
100,LEFT_HEEL,0.44138631224632263,0.8732531666755676,0.21737805008888245
100,RIGHT_HEEL,0.43684476613998413,0.9094212651252747,-0.2765793204307556
100,LEFT_FOOT_INDEX,0.5063784718513489,0.8983135223388672,0.10575119405984879
100,RIGHT_FOOT_INDEX,0.5125851631164551,0.9133895039558411,-0.46298080682754517
101,NOSE,0.5876007676124573,0.38001561164855957,-0.1886051595211029
101,LEFT_EYE_INNER,0.5982465147972107,0.36822018027305603,-0.1652441918849945
101,LEFT_EYE,0.5992222428321838,0.3686581254005432,-0.16541798412799835
101,LEFT_EYE_OUTER,0.6002336740493774,0.3689969778060913,-0.16548967361450195
101,RIGHT_EYE_INNER,0.5934606790542603,0.3643559217453003,-0.1904800534248352
101,RIGHT_EYE,0.5905225872993469,0.36196234822273254,-0.19053080677986145
101,RIGHT_EYE_OUTER,0.5871495604515076,0.3592778146266937,-0.1906212866306305
101,LEFT_EAR,0.594377338886261,0.3658897280693054,-0.011156096123158932
101,RIGHT_EAR,0.5755518078804016,0.35249969363212585,-0.11629621684551239
101,MOUTH_LEFT,0.5796641111373901,0.3883794844150543,-0.12660202383995056
101,MOUTH_RIGHT,0.5740683674812317,0.3830145001411438,-0.1552494466304779
101,LEFT_SHOULDER,0.584201455116272,0.4310948848724365,0.1584140956401825
101,RIGHT_SHOULDER,0.5032371878623962,0.3752657175064087,-0.15594308078289032
101,LEFT_ELBOW,0.5575014352798462,0.5025162696838379,0.10491777956485748
101,RIGHT_ELBOW,0.49161162972450256,0.4571431279182434,-0.25432732701301575
101,LEFT_WRIST,0.5248429775238037,0.5418792963027954,-0.13068802654743195
101,RIGHT_WRIST,0.5061089992523193,0.5360852479934692,-0.4142601490020752
101,LEFT_PINKY,0.5194342136383057,0.5651475191116333,-0.1689780205488205
101,RIGHT_PINKY,0.5046434998512268,0.558273434638977,-0.4797085225582123
101,LEFT_INDEX,0.5174732804298401,0.5548124313354492,-0.20653030276298523
101,RIGHT_INDEX,0.5163568258285522,0.5578790903091431,-0.48034095764160156
101,LEFT_THUMB,0.519672691822052,0.5457450151443481,-0.15381091833114624
101,RIGHT_THUMB,0.5174192190170288,0.5521528720855713,-0.4159255921840668
101,LEFT_HIP,0.4858950078487396,0.5874850749969482,0.12234224379062653
101,RIGHT_HIP,0.43165093660354614,0.5715876817703247,-0.1218942254781723
101,LEFT_KNEE,0.5006164908409119,0.7212086915969849,0.08016642183065414
101,RIGHT_KNEE,0.46698251366615295,0.7279817461967468,-0.2607172131538391
101,LEFT_ANKLE,0.45704492926597595,0.8458259701728821,0.18011942505836487
101,RIGHT_ANKLE,0.4504494071006775,0.8850294947624207,-0.29698172211647034
101,LEFT_HEEL,0.4415709376335144,0.8687373995780945,0.18170006573200226
101,RIGHT_HEEL,0.43684014678001404,0.9096441268920898,-0.3126220405101776
101,LEFT_FOOT_INDEX,0.506271481513977,0.8977408409118652,0.0741766095161438
101,RIGHT_FOOT_INDEX,0.5124886631965637,0.9141741991043091,-0.493041455745697
102,NOSE,0.589510977268219,0.3815446197986603,-0.15139266848564148
102,LEFT_EYE_INNER,0.5991321802139282,0.36948275566101074,-0.12917733192443848
102,LEFT_EYE,0.599949836730957,0.3697179853916168,-0.1293259859085083
102,LEFT_EYE_OUTER,0.600823163986206,0.3698224127292633,-0.12936964631080627
102,RIGHT_EYE_INNER,0.5944865345954895,0.36601370573043823,-0.15518558025360107
102,RIGHT_EYE,0.5915094614028931,0.3636775612831116,-0.15525111556053162
102,RIGHT_EYE_OUTER,0.5882145166397095,0.3610030710697174,-0.15536826848983765
102,LEFT_EAR,0.5943477749824524,0.3660106062889099,0.01911446824669838
102,RIGHT_EAR,0.5756483674049377,0.35394227504730225,-0.09576140344142914
102,MOUTH_LEFT,0.5808142423629761,0.3894904851913452,-0.09039761126041412
102,MOUTH_RIGHT,0.5749521851539612,0.38497301936149597,-0.12325654923915863
102,LEFT_SHOULDER,0.5850797891616821,0.4329277575016022,0.1762465536594391
102,RIGHT_SHOULDER,0.5034856200218201,0.3767906725406647,-0.15001694858074188
102,LEFT_ELBOW,0.5574505925178528,0.5025607943534851,0.1394117772579193
102,RIGHT_ELBOW,0.4923478960990906,0.4545665383338928,-0.27288818359375
102,LEFT_WRIST,0.5254552960395813,0.5435197353363037,-0.08080292493104935
102,RIGHT_WRIST,0.5028833150863647,0.532568097114563,-0.43009573221206665
102,LEFT_PINKY,0.5211673378944397,0.5682478547096252,-0.11390042304992676
102,RIGHT_PINKY,0.5002283453941345,0.5552295446395874,-0.49648070335388184
102,LEFT_INDEX,0.5172613859176636,0.5570708513259888,-0.15199486911296844
102,RIGHT_INDEX,0.512293815612793,0.5547333359718323,-0.48883360624313354
102,LEFT_THUMB,0.5171898603439331,0.5456976890563965,-0.10300196707248688
102,RIGHT_THUMB,0.5129103660583496,0.5489438772201538,-0.4302939474582672
102,LEFT_HIP,0.48543602228164673,0.5881749987602234,0.12241904437541962
102,RIGHT_HIP,0.4317116141319275,0.5716358423233032,-0.12198667228221893
102,LEFT_KNEE,0.5006747245788574,0.721796989440918,0.08489416539669037
102,RIGHT_KNEE,0.4669726490974426,0.7290366888046265,-0.24697725474834442
102,LEFT_ANKLE,0.4570295810699463,0.8462454676628113,0.18518352508544922
102,RIGHT_ANKLE,0.44997239112854004,0.8851281404495239,-0.2829367518424988
102,LEFT_HEEL,0.44152435660362244,0.8687580227851868,0.18689754605293274
102,RIGHT_HEEL,0.4367007315158844,0.909610390663147,-0.29544514417648315
102,LEFT_FOOT_INDEX,0.5067967176437378,0.8972237706184387,0.08080141991376877
102,RIGHT_FOOT_INDEX,0.5101567506790161,0.9141678810119629,-0.49111491441726685
103,NOSE,0.5896428227424622,0.38406598567962646,-0.2086092233657837
103,LEFT_EYE_INNER,0.599239706993103,0.3717935085296631,-0.1822306364774704
103,LEFT_EYE,0.6000295877456665,0.3719288408756256,-0.1824302077293396
103,LEFT_EYE_OUTER,0.6008681058883667,0.3718726634979248,-0.18254713714122772
103,RIGHT_EYE_INNER,0.5946225523948669,0.36818841099739075,-0.215584397315979
103,RIGHT_EYE,0.591651201248169,0.3657129406929016,-0.21562857925891876
103,RIGHT_EYE_OUTER,0.5883533358573914,0.3628169596195221,-0.215719535946846
103,LEFT_EAR,0.5941105484962463,0.3674568235874176,-0.015955010429024696
103,RIGHT_EAR,0.5753960609436035,0.3552978038787842,-0.16190266609191895
103,MOUTH_LEFT,0.5809823274612427,0.39241328835487366,-0.14140060544013977
103,MOUTH_RIGHT,0.5751581192016602,0.38802382349967957,-0.18422503769397736
103,LEFT_SHOULDER,0.5837209224700928,0.4336633086204529,0.15530887246131897
103,RIGHT_SHOULDER,0.502545177936554,0.37767913937568665,-0.1772909164428711
103,LEFT_ELBOW,0.5530869364738464,0.5219622850418091,0.08482275158166885
103,RIGHT_ELBOW,0.4811905026435852,0.4767501950263977,-0.2807886600494385
103,LEFT_WRIST,0.5273544192314148,0.5352950096130371,-0.20480242371559143
103,RIGHT_WRIST,0.5092610716819763,0.5372743606567383,-0.426923930644989
103,LEFT_PINKY,0.5209110379219055,0.5477345585823059,-0.25235944986343384
103,RIGHT_PINKY,0.5136863589286804,0.5593530535697937,-0.49157923460006714
103,LEFT_INDEX,0.5198737382888794,0.5333797931671143,-0.2753097414970398
103,RIGHT_INDEX,0.525347113609314,0.5540456771850586,-0.49171510338783264
103,LEFT_THUMB,0.5176845788955688,0.5272188782691956,-0.2233007699251175
103,RIGHT_THUMB,0.5238850712776184,0.5459156632423401,-0.42889833450317383
103,LEFT_HIP,0.48510900139808655,0.5888885259628296,0.12349669635295868
103,RIGHT_HIP,0.43165165185928345,0.5734285116195679,-0.12310619652271271
103,LEFT_KNEE,0.5017780661582947,0.7217868566513062,0.13802964985370636
103,RIGHT_KNEE,0.4669265151023865,0.7290791273117065,-0.23775151371955872
103,LEFT_ANKLE,0.4573453962802887,0.8456157445907593,0.30611729621887207
103,RIGHT_ANKLE,0.4489266872406006,0.8855999708175659,-0.22510619461536407
103,LEFT_HEEL,0.44231516122817993,0.8675532341003418,0.3140847384929657
103,RIGHT_HEEL,0.4360527992248535,0.9096916913986206,-0.23654599487781525
103,LEFT_FOOT_INDEX,0.5075845122337341,0.8961489796638489,0.19251807034015656
103,RIGHT_FOOT_INDEX,0.5086778998374939,0.9146663546562195,-0.439142644405365
104,NOSE,0.5895453095436096,0.38590115308761597,-0.205184668302536
104,LEFT_EYE_INNER,0.5991752743721008,0.37334173917770386,-0.18025396764278412
104,LEFT_EYE,0.5999606847763062,0.37343770265579224,-0.1804579794406891
104,LEFT_EYE_OUTER,0.6007850170135498,0.37330183386802673,-0.18057313561439514
104,RIGHT_EYE_INNER,0.594515323638916,0.36937716603279114,-0.21183478832244873
104,RIGHT_EYE,0.5915255546569824,0.3666956126689911,-0.21187973022460938
104,RIGHT_EYE_OUTER,0.5882314443588257,0.36356329917907715,-0.21193978190422058
104,LEFT_EAR,0.5937663316726685,0.36813363432884216,-0.013347822241485119
104,RIGHT_EAR,0.5750711560249329,0.3556230664253235,-0.15901626646518707
104,MOUTH_LEFT,0.5806232690811157,0.39374464750289917,-0.13630327582359314
104,MOUTH_RIGHT,0.574513852596283,0.389282763004303,-0.177664652466774
104,LEFT_SHOULDER,0.5831986665725708,0.43325990438461304,0.15513187646865845
104,RIGHT_SHOULDER,0.5027298331260681,0.3780671954154968,-0.16251514852046967
104,LEFT_ELBOW,0.5512205958366394,0.5196136236190796,0.08325238525867462
104,RIGHT_ELBOW,0.48232436180114746,0.4691532254219055,-0.29138797521591187
104,LEFT_WRIST,0.5183504819869995,0.5237794518470764,-0.20291337370872498
104,RIGHT_WRIST,0.5110772848129272,0.48068222403526306,-0.5118410587310791
104,LEFT_PINKY,0.5060113668441772,0.5344710946083069,-0.25191524624824524
104,RIGHT_PINKY,0.5154663920402527,0.4886339604854584,-0.5843251943588257
104,LEFT_INDEX,0.5093249082565308,0.5191555619239807,-0.2760469913482666
104,RIGHT_INDEX,0.5254328846931458,0.4774605631828308,-0.5884045362472534
104,LEFT_THUMB,0.5114144682884216,0.5139428377151489,-0.22105638682842255
104,RIGHT_THUMB,0.5241944789886475,0.47496408224105835,-0.5179500579833984
104,LEFT_HIP,0.48371022939682007,0.5888086557388306,0.12414679676294327
104,RIGHT_HIP,0.43130621314048767,0.5743104815483093,-0.1237824335694313
104,LEFT_KNEE,0.5022015571594238,0.7207587361335754,0.1362285017967224
104,RIGHT_KNEE,0.46690836548805237,0.72881680727005,-0.23818285763263702
104,LEFT_ANKLE,0.4595254957675934,0.8418520092964172,0.32193949818611145
104,RIGHT_ANKLE,0.44853997230529785,0.8872219920158386,-0.22088408470153809
104,LEFT_HEEL,0.44228261709213257,0.8647119402885437,0.332547128200531
104,RIGHT_HEEL,0.4359656274318695,0.910274863243103,-0.2317206859588623
104,LEFT_FOOT_INDEX,0.5068355798721313,0.8936859965324402,0.21729245781898499
104,RIGHT_FOOT_INDEX,0.508804976940155,0.9146833419799805,-0.42879071831703186
105,NOSE,0.5895799994468689,0.38564854860305786,-0.20142050087451935
105,LEFT_EYE_INNER,0.5992764234542847,0.3735402226448059,-0.17954406142234802
105,LEFT_EYE,0.6001273393630981,0.37386247515678406,-0.1797131597995758
105,LEFT_EYE_OUTER,0.6010003685951233,0.3739781081676483,-0.17979499697685242
105,RIGHT_EYE_INNER,0.5947114825248718,0.3692519962787628,-0.2024092674255371
105,RIGHT_EYE,0.5918741226196289,0.366559237241745,-0.202452152967453
105,RIGHT_EYE_OUTER,0.5888075232505798,0.3634564280509949,-0.20248040556907654
105,LEFT_EAR,0.594343364238739,0.36920565366744995,-0.00950672011822462
105,RIGHT_EAR,0.576519250869751,0.3555980324745178,-0.13032621145248413
105,MOUTH_LEFT,0.5807613134384155,0.39346128702163696,-0.13023678958415985
105,MOUTH_RIGHT,0.5746333599090576,0.3891323506832123,-0.16335269808769226
105,LEFT_SHOULDER,0.5825780034065247,0.4330431818962097,0.15306541323661804
105,RIGHT_SHOULDER,0.5035736560821533,0.3755449652671814,-0.14204499125480652
105,LEFT_ELBOW,0.551436722278595,0.5121760964393616,0.05296076461672783
105,RIGHT_ELBOW,0.47597020864486694,0.4611649513244629,-0.2727026045322418
105,LEFT_WRIST,0.5151304006576538,0.5229917168617249,-0.239768385887146
105,RIGHT_WRIST,0.49980297684669495,0.5017840266227722,-0.48743176460266113
105,LEFT_PINKY,0.5062319040298462,0.5387921333312988,-0.28745025396347046
105,RIGHT_PINKY,0.4969398081302643,0.5200618505477905,-0.55689537525177
105,LEFT_INDEX,0.5080511569976807,0.5241702198982239,-0.31362608075141907
105,RIGHT_INDEX,0.5074074268341064,0.5121517777442932,-0.5599483847618103
105,LEFT_THUMB,0.5061782002449036,0.5182393789291382,-0.2582998275756836
105,RIGHT_THUMB,0.5087460279464722,0.5046194791793823,-0.49184101819992065
105,LEFT_HIP,0.48294568061828613,0.5886271595954895,0.12355446815490723
105,RIGHT_HIP,0.4311606287956238,0.5736008882522583,-0.12316600233316422
105,LEFT_KNEE,0.5036951303482056,0.7186084985733032,0.13005471229553223
105,RIGHT_KNEE,0.46690788865089417,0.7273318767547607,-0.26342588663101196
105,LEFT_ANKLE,0.4594050943851471,0.8401468992233276,0.3004531264305115
105,RIGHT_ANKLE,0.44818663597106934,0.8879599571228027,-0.2909359335899353
105,LEFT_HEEL,0.44224557280540466,0.8633705973625183,0.311620831489563
105,RIGHT_HEEL,0.43582743406295776,0.9105846285820007,-0.30586832761764526
105,LEFT_FOOT_INDEX,0.5061620473861694,0.8936589956283569,0.1925474852323532
105,RIGHT_FOOT_INDEX,0.5093383193016052,0.9152525067329407,-0.49303776025772095
106,NOSE,0.5863679647445679,0.3854304850101471,-0.19580397009849548
106,LEFT_EYE_INNER,0.597655713558197,0.3737737238407135,-0.17482630908489227
106,LEFT_EYE,0.5987873673439026,0.37443995475769043,-0.1750147044658661
106,LEFT_EYE_OUTER,0.599899172782898,0.3749402165412903,-0.17510561645030975
106,RIGHT_EYE_INNER,0.5929433703422546,0.36911311745643616,-0.2014075517654419
106,RIGHT_EYE,0.5903075337409973,0.3664498031139374,-0.20145578682422638
106,RIGHT_EYE_OUTER,0.5876060724258423,0.3633808195590973,-0.20151373744010925
106,LEFT_EAR,0.5943325757980347,0.37117424607276917,-0.017415853217244148
106,RIGHT_EAR,0.5766565203666687,0.35595524311065674,-0.1390746533870697
106,MOUTH_LEFT,0.5791374444961548,0.393642783164978,-0.12838689982891083
106,MOUTH_RIGHT,0.5726433992385864,0.3889290392398834,-0.16365741193294525
106,LEFT_SHOULDER,0.5815896391868591,0.432624876499176,0.14148591458797455
106,RIGHT_SHOULDER,0.5066094398498535,0.37602466344833374,-0.15341158211231232
106,LEFT_ELBOW,0.548834502696991,0.48685145378112793,0.043174952268600464
106,RIGHT_ELBOW,0.4792732298374176,0.45779022574424744,-0.27669501304626465
106,LEFT_WRIST,0.5176759958267212,0.4951164126396179,-0.25242602825164795
106,RIGHT_WRIST,0.49494385719299316,0.49672070145606995,-0.5068093538284302
106,LEFT_PINKY,0.5091793537139893,0.5087394118309021,-0.2982819676399231
106,RIGHT_PINKY,0.4907762110233307,0.5101279616355896,-0.5751162767410278
106,LEFT_INDEX,0.5067739486694336,0.5022315382957458,-0.3251749575138092
106,RIGHT_INDEX,0.5001927018165588,0.5064030885696411,-0.5786357522010803
106,LEFT_THUMB,0.5103668570518494,0.49169009923934937,-0.2716353237628937
106,RIGHT_THUMB,0.502953827381134,0.4989057183265686,-0.5117243528366089
106,LEFT_HIP,0.4798186719417572,0.5877272486686707,0.12393549829721451
106,RIGHT_HIP,0.43132179975509644,0.5735012292861938,-0.12352894246578217
106,LEFT_KNEE,0.5042201280593872,0.7175177931785583,0.1297151744365692
106,RIGHT_KNEE,0.466874361038208,0.7270485162734985,-0.2860949635505676
106,LEFT_ANKLE,0.4592036306858063,0.8394037485122681,0.2799851894378662
106,RIGHT_ANKLE,0.44767627120018005,0.8892914652824402,-0.3242129385471344
106,LEFT_HEEL,0.44222307205200195,0.861932098865509,0.28749459981918335
106,RIGHT_HEEL,0.4351669251918793,0.9115238189697266,-0.33989566564559937
106,LEFT_FOOT_INDEX,0.5025800466537476,0.8935939073562622,0.18082356452941895
106,RIGHT_FOOT_INDEX,0.5097879767417908,0.916060745716095,-0.5259353518486023
107,NOSE,0.5866789221763611,0.3853767514228821,-0.15693111717700958
107,LEFT_EYE_INNER,0.5976827144622803,0.3736126124858856,-0.14072097837924957
107,LEFT_EYE,0.5988937616348267,0.37423983216285706,-0.1409105360507965
107,LEFT_EYE_OUTER,0.5999583005905151,0.37468889355659485,-0.14098915457725525
107,RIGHT_EYE_INNER,0.5944169759750366,0.3690430819988251,-0.17267534136772156
107,RIGHT_EYE,0.5926373600959778,0.3664338290691376,-0.1727112978696823
107,RIGHT_EYE_OUTER,0.590424120426178,0.3634176552295685,-0.17277449369430542
107,LEFT_EAR,0.5943194627761841,0.37083232402801514,-0.007813433185219765
107,RIGHT_EAR,0.5802954435348511,0.35616782307624817,-0.14044927060604095
107,MOUTH_LEFT,0.5793384313583374,0.3935964107513428,-0.09925195574760437
107,MOUTH_RIGHT,0.5731970071792603,0.38875076174736023,-0.1412481963634491
107,LEFT_SHOULDER,0.576302170753479,0.428267240524292,0.1426628679037094
107,RIGHT_SHOULDER,0.5107531547546387,0.3741244971752167,-0.16109371185302734
107,LEFT_ELBOW,0.5509825348854065,0.468099445104599,0.00436649052426219
107,RIGHT_ELBOW,0.49085158109664917,0.43130284547805786,-0.31736963987350464
107,LEFT_WRIST,0.5280495882034302,0.4709652066230774,-0.31157416105270386
107,RIGHT_WRIST,0.4935923218727112,0.49689164757728577,-0.502830982208252
107,LEFT_PINKY,0.5206530690193176,0.4815109372138977,-0.35614654421806335
107,RIGHT_PINKY,0.4839244782924652,0.513168215751648,-0.5670727491378784
107,LEFT_INDEX,0.5220514535903931,0.472027063369751,-0.3754664361476898
107,RIGHT_INDEX,0.4959302842617035,0.5114080309867859,-0.5681806802749634
107,LEFT_THUMB,0.5226955413818359,0.46836429834365845,-0.3287481367588043
107,RIGHT_THUMB,0.49819502234458923,0.5068953633308411,-0.5060138702392578
107,LEFT_HIP,0.4746493399143219,0.5821592211723328,0.12854424118995667
107,RIGHT_HIP,0.4313432276248932,0.568734347820282,-0.12826476991176605
107,LEFT_KNEE,0.5045161247253418,0.7123187184333801,0.12913693487644196
107,RIGHT_KNEE,0.4668505787849426,0.7250246405601501,-0.3120911121368408
107,LEFT_ANKLE,0.45916515588760376,0.8388291597366333,0.22384974360466003
107,RIGHT_ANKLE,0.44717296957969666,0.8892955780029297,-0.37505868077278137
107,LEFT_HEEL,0.44239431619644165,0.8618065714836121,0.22455544769763947
107,RIGHT_HEEL,0.43440842628479004,0.9116092920303345,-0.3934447169303894
107,LEFT_FOOT_INDEX,0.5053294897079468,0.8935864567756653,0.1229834333062172
107,RIGHT_FOOT_INDEX,0.5099254846572876,0.9163087606430054,-0.5759247541427612
108,NOSE,0.5870088338851929,0.3857938051223755,-0.12161513417959213
108,LEFT_EYE_INNER,0.5978374481201172,0.3736286759376526,-0.10239322483539581
108,LEFT_EYE,0.5989464521408081,0.3741104006767273,-0.1025129109621048
108,LEFT_EYE_OUTER,0.5998679995536804,0.374517023563385,-0.10259071737527847
108,RIGHT_EYE_INNER,0.594759464263916,0.3699583411216736,-0.140875443816185
108,RIGHT_EYE,0.5933728218078613,0.36779290437698364,-0.14088597893714905
108,RIGHT_EYE_OUTER,0.5915734767913818,0.36543935537338257,-0.14091308414936066
108,LEFT_EAR,0.5940281748771667,0.370780885219574,0.02080322429537773
108,RIGHT_EAR,0.5813671946525574,0.3588464856147766,-0.14379067718982697
108,MOUTH_LEFT,0.5794097185134888,0.39390748739242554,-0.06952881813049316
108,MOUTH_RIGHT,0.5745696425437927,0.39015430212020874,-0.12085561454296112
108,LEFT_SHOULDER,0.5479080677032471,0.4125499725341797,0.15245454013347626
108,RIGHT_SHOULDER,0.5164457559585571,0.38114064931869507,-0.21815378963947296
108,LEFT_ELBOW,0.5510522127151489,0.4398641586303711,0.18496951460838318
108,RIGHT_ELBOW,0.5590471029281616,0.4016316831111908,-0.4668387770652771
108,LEFT_WRIST,0.5636435747146606,0.3969118595123291,0.1283394992351532
108,RIGHT_WRIST,0.5830654501914978,0.3697248101234436,-0.5787875056266785
108,LEFT_PINKY,0.5649372339248657,0.3889862596988678,0.12972557544708252
108,RIGHT_PINKY,0.5914238095283508,0.35559290647506714,-0.6264505982398987
108,LEFT_INDEX,0.5680031180381775,0.38419270515441895,0.12254714965820312
108,RIGHT_INDEX,0.5879263281822205,0.35290053486824036,-0.6159589290618896
108,LEFT_THUMB,0.5659476518630981,0.3876972794532776,0.12220972776412964
108,RIGHT_THUMB,0.5851677656173706,0.35829657316207886,-0.5771940350532532
108,LEFT_HIP,0.46854615211486816,0.5813261866569519,0.14419275522232056
108,RIGHT_HIP,0.432487428188324,0.5728057026863098,-0.14421766996383667
108,LEFT_KNEE,0.5044531226158142,0.712478518486023,0.16991260647773743
108,RIGHT_KNEE,0.46728748083114624,0.7250978946685791,-0.2646937966346741
108,LEFT_ANKLE,0.4609154760837555,0.8392657041549683,0.2839207351207733
108,RIGHT_ANKLE,0.44730767607688904,0.8889776468276978,-0.325692355632782
108,LEFT_HEEL,0.44271141290664673,0.8611541986465454,0.2889498174190521
108,RIGHT_HEEL,0.4343966543674469,0.9113604426383972,-0.3341997265815735
108,LEFT_FOOT_INDEX,0.5055528283119202,0.8931832313537598,0.21295814216136932
108,RIGHT_FOOT_INDEX,0.5083029866218567,0.9151455163955688,-0.4528418183326721
109,NOSE,0.5876901745796204,0.3866122364997864,-0.14177924394607544
109,LEFT_EYE_INNER,0.5996232032775879,0.3744296431541443,-0.1232425794005394
109,LEFT_EYE,0.6009674668312073,0.3748701512813568,-0.12332302331924438
109,LEFT_EYE_OUTER,0.6021026968955994,0.3752174973487854,-0.12337400764226913
109,RIGHT_EYE_INNER,0.5955080986022949,0.3703762888908386,-0.16679580509662628
109,RIGHT_EYE,0.593768835067749,0.36801019310951233,-0.16676412522792816
109,RIGHT_EYE_OUTER,0.5916590690612793,0.36545151472091675,-0.16670526564121246
109,LEFT_EAR,0.5967520475387573,0.3711180090904236,0.015902439132332802
109,RIGHT_EAR,0.581410825252533,0.3587082028388977,-0.16082027554512024
109,MOUTH_LEFT,0.5806537866592407,0.39508771896362305,-0.08030759543180466
109,MOUTH_RIGHT,0.5753835439682007,0.3907202184200287,-0.1407346874475479
109,LEFT_SHOULDER,0.5497087240219116,0.41507425904273987,0.14945338666439056
109,RIGHT_SHOULDER,0.516015887260437,0.38093894720077515,-0.21139118075370789
109,LEFT_ELBOW,0.5633631944656372,0.449939489364624,0.11071012914180756
109,RIGHT_ELBOW,0.5391806960105896,0.4140900671482086,-0.42445293068885803
109,LEFT_WRIST,0.5648033618927002,0.4059513211250305,-0.03335283324122429
109,RIGHT_WRIST,0.5680283308029175,0.40704426169395447,-0.5509039759635925
109,LEFT_PINKY,0.5630606412887573,0.39782896637916565,-0.08189937472343445
109,RIGHT_PINKY,0.5737714767456055,0.4075557291507721,-0.6007680892944336
109,LEFT_INDEX,0.5648372769355774,0.3904496431350708,-0.11500561237335205
109,RIGHT_INDEX,0.575018584728241,0.4019731879234314,-0.5918643474578857
109,LEFT_THUMB,0.5630151629447937,0.3937353193759918,-0.0713515654206276
109,RIGHT_THUMB,0.5721155405044556,0.40345779061317444,-0.5491066575050354
109,LEFT_HIP,0.469928115606308,0.5814691781997681,0.14197680354118347
109,RIGHT_HIP,0.4321281909942627,0.5732132792472839,-0.14189733564853668
109,LEFT_KNEE,0.5048432350158691,0.7126936912536621,0.16183413565158844
109,RIGHT_KNEE,0.46714529395103455,0.7253493070602417,-0.2499430626630783
109,LEFT_ANKLE,0.4628063142299652,0.8394489288330078,0.27657654881477356
109,RIGHT_ANKLE,0.4473554193973541,0.8890441656112671,-0.27988189458847046
109,LEFT_HEEL,0.4428865313529968,0.8600925207138062,0.2810601592063904
109,RIGHT_HEEL,0.43443983793258667,0.9113571047782898,-0.2895379662513733
109,LEFT_FOOT_INDEX,0.5056452751159668,0.8932859301567078,0.1895851194858551
109,RIGHT_FOOT_INDEX,0.5071760416030884,0.9151431322097778,-0.44075483083724976
110,NOSE,0.5899046063423157,0.38653334975242615,-0.15296843647956848
110,LEFT_EYE_INNER,0.6019692420959473,0.3743581175804138,-0.13462655246257782
110,LEFT_EYE,0.603103518486023,0.3748294711112976,-0.13477393984794617
110,LEFT_EYE_OUTER,0.6040944457054138,0.37518614530563354,-0.13478747010231018
110,RIGHT_EYE_INNER,0.5981219410896301,0.37031206488609314,-0.18166588246822357
110,RIGHT_EYE,0.596281111240387,0.3679925799369812,-0.18165168166160583
110,RIGHT_EYE_OUTER,0.5940746068954468,0.3654947876930237,-0.1816350519657135
110,LEFT_EAR,0.5982047915458679,0.3705635666847229,0.004567012190818787
110,RIGHT_EAR,0.5830977559089661,0.3585924804210663,-0.1814916878938675
110,MOUTH_LEFT,0.5827338695526123,0.39500921964645386,-0.09213149547576904
110,MOUTH_RIGHT,0.5779743194580078,0.39053279161453247,-0.15549416840076447
110,LEFT_SHOULDER,0.5590074062347412,0.41707897186279297,0.13002167642116547
110,RIGHT_SHOULDER,0.5163345336914062,0.3789988160133362,-0.243242546916008
110,LEFT_ELBOW,0.561187207698822,0.4527771472930908,0.02359188161790371
110,RIGHT_ELBOW,0.5421501398086548,0.41483911871910095,-0.49984708428382874
110,LEFT_WRIST,0.555045485496521,0.43479031324386597,-0.25329965353012085
110,RIGHT_WRIST,0.5758626461029053,0.4080685079097748,-0.6745156049728394
110,LEFT_PINKY,0.5498558282852173,0.4373350739479065,-0.29621613025665283
110,RIGHT_PINKY,0.5820314884185791,0.40993523597717285,-0.7409616112709045
110,LEFT_INDEX,0.556267499923706,0.4272538125514984,-0.30962833762168884
110,RIGHT_INDEX,0.583952009677887,0.40191784501075745,-0.7300674319267273
110,LEFT_THUMB,0.5552557110786438,0.42660051584243774,-0.2694435715675354
110,RIGHT_THUMB,0.5803688764572144,0.40271511673927307,-0.6743354797363281
110,LEFT_HIP,0.4704402983188629,0.5815912485122681,0.14155705273151398
110,RIGHT_HIP,0.4314452111721039,0.5723865032196045,-0.1414271891117096
110,LEFT_KNEE,0.5055992603302002,0.7123566269874573,0.14336596429347992
110,RIGHT_KNEE,0.4665455222129822,0.7252857685089111,-0.24971652030944824
110,LEFT_ANKLE,0.4628358781337738,0.8398262858390808,0.2726360559463501
110,RIGHT_ANKLE,0.447368860244751,0.8889350891113281,-0.24973027408123016
110,LEFT_HEEL,0.44322365522384644,0.8600441217422485,0.27664896845817566
110,RIGHT_HEEL,0.4344809949398041,0.9112136960029602,-0.25960642099380493
110,LEFT_FOOT_INDEX,0.5086345076560974,0.8932868838310242,0.18055854737758636
110,RIGHT_FOOT_INDEX,0.5057201981544495,0.9150592684745789,-0.43191877007484436
111,NOSE,0.5899174213409424,0.3872506022453308,-0.18195199966430664
111,LEFT_EYE_INNER,0.6021982431411743,0.3744852840900421,-0.16281019151210785
111,LEFT_EYE,0.6035369038581848,0.37490320205688477,-0.16297324001789093
111,LEFT_EYE_OUTER,0.6047785878181458,0.3751930594444275,-0.16301055252552032
111,RIGHT_EYE_INNER,0.598075270652771,0.3706349730491638,-0.20184588432312012
111,RIGHT_EYE,0.5961312055587769,0.36832472681999207,-0.20184621214866638
111,RIGHT_EYE_OUTER,0.5936865210533142,0.36586302518844604,-0.20186786353588104
111,LEFT_EAR,0.6000342965126038,0.37056007981300354,-0.016755234450101852
111,RIGHT_EAR,0.5828685164451599,0.35905200242996216,-0.1843288093805313
111,MOUTH_LEFT,0.583698570728302,0.3961396813392639,-0.11910625547170639
111,MOUTH_RIGHT,0.5783787369728088,0.39221227169036865,-0.1712292730808258
111,LEFT_SHOULDER,0.5625755786895752,0.4179423451423645,0.11730532348155975
111,RIGHT_SHOULDER,0.5176581144332886,0.37872329354286194,-0.24349109828472137
111,LEFT_ELBOW,0.5607591867446899,0.4513568878173828,0.0075469776056706905
111,RIGHT_ELBOW,0.5492989420890808,0.4155224859714508,-0.5008367896080017
111,LEFT_WRIST,0.5565343499183655,0.41767358779907227,-0.24587810039520264
111,RIGHT_WRIST,0.5929660201072693,0.38180264830589294,-0.6527038812637329
111,LEFT_PINKY,0.5553188920021057,0.41409605741500854,-0.2832084596157074
111,RIGHT_PINKY,0.6034847497940063,0.3740665316581726,-0.7128822207450867
111,LEFT_INDEX,0.5596300959587097,0.40588393807411194,-0.2905624508857727
111,RIGHT_INDEX,0.6006327867507935,0.3662141263484955,-0.7050975561141968
111,LEFT_THUMB,0.557379424571991,0.40738701820373535,-0.2580057382583618
111,RIGHT_THUMB,0.5965322256088257,0.3710440993309021,-0.6534882187843323
111,LEFT_HIP,0.47113037109375,0.5816518068313599,0.14139927923679352
111,RIGHT_HIP,0.43129926919937134,0.572390079498291,-0.1412827968597412
111,LEFT_KNEE,0.5058985948562622,0.71234530210495,0.15252789855003357
111,RIGHT_KNEE,0.46651941537857056,0.7253142595291138,-0.2506920397281647
111,LEFT_ANKLE,0.4641975462436676,0.8400896787643433,0.3108004927635193
111,RIGHT_ANKLE,0.4474666714668274,0.8896000981330872,-0.25759539008140564
111,LEFT_HEEL,0.4435851573944092,0.8585188984870911,0.3193650543689728
111,RIGHT_HEEL,0.43449854850769043,0.9120440483093262,-0.268740177154541
111,LEFT_FOOT_INDEX,0.5085701942443848,0.8927394151687622,0.22342443466186523
111,RIGHT_FOOT_INDEX,0.5059608221054077,0.9150851964950562,-0.4404293894767761
112,NOSE,0.5911682844161987,0.3886665105819702,-0.18021740019321442
112,LEFT_EYE_INNER,0.6030160188674927,0.375202476978302,-0.16158796846866608
112,LEFT_EYE,0.6044164896011353,0.37553590536117554,-0.1617727130651474
112,LEFT_EYE_OUTER,0.605735719203949,0.3757777810096741,-0.16182759404182434
112,RIGHT_EYE_INNER,0.5982109308242798,0.37158796191215515,-0.19778800010681152
112,RIGHT_EYE,0.596071720123291,0.3693641126155853,-0.19779962301254272
112,RIGHT_EYE_OUTER,0.5936566591262817,0.36699753999710083,-0.19783702492713928
112,LEFT_EAR,0.6006441712379456,0.3711264431476593,-0.013589946553111076
112,RIGHT_EAR,0.5826779007911682,0.3596644997596741,-0.17968140542507172
112,MOUTH_LEFT,0.5852601528167725,0.39822426438331604,-0.11789233982563019
112,MOUTH_RIGHT,0.5792170763015747,0.39491575956344604,-0.1680382788181305
112,LEFT_SHOULDER,0.5626994371414185,0.41869068145751953,0.11773284524679184
112,RIGHT_SHOULDER,0.5173352956771851,0.37894749641418457,-0.23952782154083252
112,LEFT_ELBOW,0.5604691505432129,0.44656234979629517,0.0957489162683487
112,RIGHT_ELBOW,0.5479099750518799,0.41878122091293335,-0.47468066215515137
112,LEFT_WRIST,0.557990312576294,0.4064177870750427,-0.06299356371164322
112,RIGHT_WRIST,0.5944448113441467,0.38298824429512024,-0.6030512452125549
112,LEFT_PINKY,0.5570381879806519,0.4009307324886322,-0.08282855898141861
112,RIGHT_PINKY,0.6059417724609375,0.37507736682891846,-0.6593093872070312
112,LEFT_INDEX,0.5609056353569031,0.39284151792526245,-0.08842410147190094
112,RIGHT_INDEX,0.6036006808280945,0.3668077290058136,-0.6527442336082458
112,LEFT_THUMB,0.5589501261711121,0.3950343728065491,-0.07162337005138397
112,RIGHT_THUMB,0.5994667410850525,0.371619313955307,-0.602942943572998
112,LEFT_HIP,0.4711891710758209,0.5816754698753357,0.14241594076156616
112,RIGHT_HIP,0.4312117099761963,0.5724087953567505,-0.14231394231319427
112,LEFT_KNEE,0.5070303082466125,0.7125004529953003,0.15030597150325775
112,RIGHT_KNEE,0.4658075273036957,0.7256189584732056,-0.25091931223869324
112,LEFT_ANKLE,0.46434736251831055,0.8406004905700684,0.29347893595695496
112,RIGHT_ANKLE,0.44748035073280334,0.8896010518074036,-0.26062124967575073
112,LEFT_HEEL,0.44357380270957947,0.8586889505386353,0.30064457654953003
112,RIGHT_HEEL,0.43441087007522583,0.91203373670578,-0.27151861786842346
112,LEFT_FOOT_INDEX,0.508410632610321,0.8935114741325378,0.2038263976573944
112,RIGHT_FOOT_INDEX,0.5058364868164062,0.9150862693786621,-0.4381785988807678
113,NOSE,0.5948048830032349,0.3931112289428711,-0.13003583252429962
113,LEFT_EYE_INNER,0.6050679683685303,0.3782464563846588,-0.11051386594772339
113,LEFT_EYE,0.6059905290603638,0.3779521584510803,-0.11062774807214737
113,LEFT_EYE_OUTER,0.6069155931472778,0.3776422441005707,-0.1107039600610733
113,RIGHT_EYE_INNER,0.6013013124465942,0.3760557472705841,-0.15585801005363464
113,RIGHT_EYE,0.5991511344909668,0.3741181790828705,-0.15589168667793274
113,RIGHT_EYE_OUTER,0.5970469117164612,0.3715974688529968,-0.1559666395187378
113,LEFT_EAR,0.6007750630378723,0.371247798204422,0.010964849963784218
113,RIGHT_EAR,0.5848680734634399,0.3620070219039917,-0.18365050852298737
113,MOUTH_LEFT,0.5876135230064392,0.4013206958770752,-0.07839959859848022
113,MOUTH_RIGHT,0.5833340883255005,0.3983912765979767,-0.13920117914676666
113,LEFT_SHOULDER,0.560775637626648,0.4131300449371338,0.1611885279417038
113,RIGHT_SHOULDER,0.5200451016426086,0.38180068135261536,-0.2575288414955139
113,LEFT_ELBOW,0.5431805849075317,0.43642479181289673,0.35704243183135986
113,RIGHT_ELBOW,0.5442667007446289,0.42162102460861206,-0.48324552178382874
113,LEFT_WRIST,0.5551157593727112,0.4117552638053894,0.44601160287857056
113,RIGHT_WRIST,0.5949426889419556,0.38867536187171936,-0.6053084135055542
113,LEFT_PINKY,0.5535841584205627,0.41083988547325134,0.47006502747535706
113,RIGHT_PINKY,0.607712984085083,0.38298410177230835,-0.6560755372047424
113,LEFT_INDEX,0.5579490661621094,0.4033215641975403,0.4508787989616394
113,RIGHT_INDEX,0.6070461869239807,0.3729238212108612,-0.6477482318878174
113,LEFT_THUMB,0.5574429631233215,0.4036097526550293,0.43929362297058105
113,RIGHT_THUMB,0.6028314232826233,0.3762426972389221,-0.6037229299545288
113,LEFT_HIP,0.4715491235256195,0.581818163394928,0.14930947124958038
113,RIGHT_HIP,0.4311811923980713,0.5725070238113403,-0.149203822016716
113,LEFT_KNEE,0.5076237916946411,0.71246337890625,0.1499418318271637
113,RIGHT_KNEE,0.4655209481716156,0.725927472114563,-0.2518025040626526
113,LEFT_ANKLE,0.46437400579452515,0.8435359001159668,0.28770023584365845
113,RIGHT_ANKLE,0.4474674165248871,0.8898637890815735,-0.2623998522758484
113,LEFT_HEEL,0.443413108587265,0.8597477078437805,0.29401665925979614
113,RIGHT_HEEL,0.4341079592704773,0.9121206998825073,-0.2729419767856598
113,LEFT_FOOT_INDEX,0.5083276033401489,0.896730899810791,0.19754737615585327
113,RIGHT_FOOT_INDEX,0.5058988332748413,0.9152957797050476,-0.42238450050354004
114,NOSE,0.5984028577804565,0.39575523138046265,-0.11899696290493011
114,LEFT_EYE_INNER,0.6076421737670898,0.38066402077674866,-0.10015200078487396
114,LEFT_EYE,0.6080509424209595,0.3800133466720581,-0.10029609501361847
114,LEFT_EYE_OUTER,0.6084924936294556,0.3793211281299591,-0.10036081075668335
114,RIGHT_EYE_INNER,0.6045719981193542,0.37897902727127075,-0.14744791388511658
114,RIGHT_EYE,0.6024423241615295,0.37700194120407104,-0.14750321209430695
114,RIGHT_EYE_OUTER,0.6001337766647339,0.374530553817749,-0.14758726954460144
114,LEFT_EAR,0.6005920171737671,0.37147408723831177,0.015718592330813408
114,RIGHT_EAR,0.5857957601547241,0.3626900315284729,-0.1931964010000229
114,MOUTH_LEFT,0.5892170667648315,0.4034891724586487,-0.0696152001619339
114,MOUTH_RIGHT,0.5856620669364929,0.4012821316719055,-0.1326538622379303
114,LEFT_SHOULDER,0.5611347556114197,0.4140804708003998,0.154078871011734
114,RIGHT_SHOULDER,0.5183902978897095,0.3828153610229492,-0.25947660207748413
114,LEFT_ELBOW,0.5291601419448853,0.4449262022972107,0.2636508345603943
114,RIGHT_ELBOW,0.5200809240341187,0.43784818053245544,-0.47791367769241333
114,LEFT_WRIST,0.5202836394309998,0.42617449164390564,0.2540954053401947
114,RIGHT_WRIST,0.5839405655860901,0.40652719140052795,-0.6145714521408081
114,LEFT_PINKY,0.5134649276733398,0.4268544316291809,0.25688886642456055
114,RIGHT_PINKY,0.5911774039268494,0.40528902411460876,-0.6708737015724182
114,LEFT_INDEX,0.5186327695846558,0.41997653245925903,0.23489101231098175
114,RIGHT_INDEX,0.5926879048347473,0.3948902487754822,-0.6592942476272583
114,LEFT_THUMB,0.5222163200378418,0.41919416189193726,0.24398097395896912
114,RIGHT_THUMB,0.5893157720565796,0.3963276147842407,-0.6121255159378052
114,LEFT_HIP,0.4718407988548279,0.5835119485855103,0.14810556173324585
114,RIGHT_HIP,0.43049487471580505,0.5729041695594788,-0.14795546233654022
114,LEFT_KNEE,0.5080744624137878,0.7125339508056641,0.13303402066230774
114,RIGHT_KNEE,0.4644075930118561,0.7259587645530701,-0.272296667098999
114,LEFT_ANKLE,0.4646483063697815,0.8444408178329468,0.27948683500289917
114,RIGHT_ANKLE,0.4473842978477478,0.889889121055603,-0.2642494738101959
114,LEFT_HEEL,0.44340458512306213,0.8603483438491821,0.2865648567676544
114,RIGHT_HEEL,0.434035062789917,0.9121154546737671,-0.2738397419452667
114,LEFT_FOOT_INDEX,0.5091416239738464,0.8967567682266235,0.19370608031749725
114,RIGHT_FOOT_INDEX,0.5048408508300781,0.9153674840927124,-0.43114742636680603
115,NOSE,0.5986407995223999,0.3962145745754242,-0.1398533284664154
115,LEFT_EYE_INNER,0.6081770658493042,0.3822633624076843,-0.12617340683937073
115,LEFT_EYE,0.6086452007293701,0.38173532485961914,-0.12633159756660461
115,LEFT_EYE_OUTER,0.6091260313987732,0.38115474581718445,-0.12638546526432037
115,RIGHT_EYE_INNER,0.6048375964164734,0.3799157738685608,-0.17495772242546082
115,RIGHT_EYE,0.6026228666305542,0.3775511384010315,-0.17505066096782684
115,RIGHT_EYE_OUTER,0.6001350283622742,0.37469083070755005,-0.17510050535202026
115,LEFT_EAR,0.6004785299301147,0.3721439242362976,-0.009254823438823223
115,RIGHT_EAR,0.5857663154602051,0.362480103969574,-0.2125837355852127
115,MOUTH_LEFT,0.5890510678291321,0.403947114944458,-0.0925465077161789
115,MOUTH_RIGHT,0.5854241251945496,0.40075865387916565,-0.15665481984615326
115,LEFT_SHOULDER,0.5620105862617493,0.41456350684165955,0.11855269968509674
115,RIGHT_SHOULDER,0.5170618295669556,0.38225284218788147,-0.25744712352752686
115,LEFT_ELBOW,0.5280944108963013,0.4479813575744629,0.2617228627204895
115,RIGHT_ELBOW,0.5050276517868042,0.4374221861362457,-0.49693065881729126
115,LEFT_WRIST,0.49971240758895874,0.4362471103668213,0.07883870601654053
115,RIGHT_WRIST,0.5230050683021545,0.41631537675857544,-0.7283012270927429
115,LEFT_PINKY,0.4947139620780945,0.4456107020378113,0.06384755671024323
115,RIGHT_PINKY,0.5231057405471802,0.4280964434146881,-0.80012446641922
115,LEFT_INDEX,0.49143046140670776,0.4254472255706787,0.05500054359436035
115,RIGHT_INDEX,0.5369886159896851,0.4036549925804138,-0.78935307264328
115,LEFT_THUMB,0.4964142441749573,0.4297005236148834,0.06853647530078888
115,RIGHT_THUMB,0.5386756658554077,0.40343809127807617,-0.7287781834602356
115,LEFT_HIP,0.47271522879600525,0.5848909616470337,0.1475677788257599
115,RIGHT_HIP,0.4299924969673157,0.5730347037315369,-0.14745831489562988
115,LEFT_KNEE,0.5082892179489136,0.7129994630813599,0.13616010546684265
115,RIGHT_KNEE,0.46323490142822266,0.7256692051887512,-0.29661354422569275
115,LEFT_ANKLE,0.46497195959091187,0.8428117632865906,0.30709630250930786
115,RIGHT_ANKLE,0.4473594129085541,0.889983057975769,-0.2928836941719055
115,LEFT_HEEL,0.44339457154273987,0.8573117256164551,0.31609368324279785
115,RIGHT_HEEL,0.43412870168685913,0.9121153950691223,-0.30269354581832886
115,LEFT_FOOT_INDEX,0.5090855956077576,0.8959643244743347,0.22267484664916992
115,RIGHT_FOOT_INDEX,0.5045973658561707,0.9157212376594543,-0.4715338349342346
116,NOSE,0.6003444790840149,0.3961917757987976,-0.1324438750743866
116,LEFT_EYE_INNER,0.6093817949295044,0.38277721405029297,-0.1144186407327652
116,LEFT_EYE,0.6097520589828491,0.38232433795928955,-0.11457942426204681
116,LEFT_EYE_OUTER,0.6101308465003967,0.3818158507347107,-0.11462245136499405
116,RIGHT_EYE_INNER,0.6060337424278259,0.3801965117454529,-0.16192933917045593
116,RIGHT_EYE,0.6037569046020508,0.37773314118385315,-0.16199342906475067
116,RIGHT_EYE_OUTER,0.6011773347854614,0.37478992342948914,-0.1620369255542755
116,LEFT_EAR,0.6004186868667603,0.37249770760536194,0.007692281156778336
116,RIGHT_EAR,0.5861680507659912,0.36232513189315796,-0.2005036324262619
116,MOUTH_LEFT,0.589809775352478,0.40392130613327026,-0.08093942701816559
116,MOUTH_RIGHT,0.5863574743270874,0.4005486071109772,-0.14504297077655792
116,LEFT_SHOULDER,0.5626170635223389,0.4148823618888855,0.12509363889694214
116,RIGHT_SHOULDER,0.5168921947479248,0.38252633810043335,-0.2646175026893616
116,LEFT_ELBOW,0.5287507772445679,0.4466632008552551,0.24457931518554688
116,RIGHT_ELBOW,0.5066794157028198,0.425513356924057,-0.5454405546188354
116,LEFT_WRIST,0.4971217215061188,0.4365479350090027,0.04729738458991051
116,RIGHT_WRIST,0.5334711670875549,0.4160900115966797,-0.7741607427597046
116,LEFT_PINKY,0.47656458616256714,0.44644737243652344,0.029539009556174278
116,RIGHT_PINKY,0.5314850211143494,0.417231947183609,-0.8497146368026733
116,LEFT_INDEX,0.48034754395484924,0.42967090010643005,0.03354918956756592
116,RIGHT_INDEX,0.5426040887832642,0.4082396924495697,-0.8340460658073425
116,LEFT_THUMB,0.48993635177612305,0.4305441379547119,0.03931389003992081
116,RIGHT_THUMB,0.5422685742378235,0.4081224799156189,-0.7732290029525757
116,LEFT_HIP,0.47348132729530334,0.5859183073043823,0.14917728304862976
116,RIGHT_HIP,0.4299458861351013,0.5734716653823853,-0.14902202785015106
116,LEFT_KNEE,0.5082173943519592,0.714068591594696,0.13062703609466553
116,RIGHT_KNEE,0.46299609541893005,0.7256084680557251,-0.29735174775123596
116,LEFT_ANKLE,0.46603450179100037,0.8434303998947144,0.3061598539352417
116,RIGHT_ANKLE,0.4473293423652649,0.8901559710502625,-0.292231947183609
116,LEFT_HEEL,0.44388359785079956,0.8574931025505066,0.3139544725418091
116,RIGHT_HEEL,0.4341338574886322,0.9121381640434265,-0.2969704866409302
116,LEFT_FOOT_INDEX,0.5097226500511169,0.8970774412155151,0.21791739761829376
116,RIGHT_FOOT_INDEX,0.5041213035583496,0.9160714149475098,-0.47057968378067017
117,NOSE,0.5999906659126282,0.39759698510169983,-0.1388188898563385
117,LEFT_EYE_INNER,0.6093533039093018,0.38432151079177856,-0.11952605098485947
117,LEFT_EYE,0.6097845435142517,0.38391777873039246,-0.1196884736418724
117,LEFT_EYE_OUTER,0.6102234721183777,0.38348275423049927,-0.11975530534982681
117,RIGHT_EYE_INNER,0.6058664917945862,0.38140130043029785,-0.16465741395950317
117,RIGHT_EYE,0.6035507917404175,0.37871092557907104,-0.1647123247385025
117,RIGHT_EYE_OUTER,0.6009175181388855,0.3755250573158264,-0.16476210951805115
117,LEFT_EAR,0.6003523468971252,0.37391340732574463,0.00679608341306448
117,RIGHT_EAR,0.5860762596130371,0.3624804615974426,-0.1968279778957367
117,MOUTH_LEFT,0.5896366238594055,0.4052695631980896,-0.0851045474410057
117,MOUTH_RIGHT,0.5860271453857422,0.40141811966896057,-0.14503274857997894
117,LEFT_SHOULDER,0.563193678855896,0.4151071608066559,0.1256459653377533
117,RIGHT_SHOULDER,0.5168955326080322,0.38250598311424255,-0.22781094908714294
117,LEFT_ELBOW,0.5249110460281372,0.43761175870895386,0.11731046438217163
117,RIGHT_ELBOW,0.49730706214904785,0.4241516590118408,-0.5003935098648071
117,LEFT_WRIST,0.5043565034866333,0.4250594973564148,-0.07545638829469681
117,RIGHT_WRIST,0.5190674662590027,0.42002400755882263,-0.734660267829895
117,LEFT_PINKY,0.49185195565223694,0.4274715781211853,-0.10358940064907074
117,RIGHT_PINKY,0.49869123101234436,0.4314204752445221,-0.807841956615448
117,LEFT_INDEX,0.4878990650177002,0.4209921360015869,-0.12696413695812225
117,RIGHT_INDEX,0.5286421775817871,0.4172391891479492,-0.794413149356842
117,LEFT_THUMB,0.5018945932388306,0.4189074635505676,-0.0909489244222641
117,RIGHT_THUMB,0.528162956237793,0.4163413941860199,-0.7345504760742188
117,LEFT_HIP,0.47393599152565,0.5863367915153503,0.14373336732387543
117,RIGHT_HIP,0.42994141578674316,0.5735718607902527,-0.14351922273635864
117,LEFT_KNEE,0.5081448554992676,0.7145248055458069,0.11639044433832169
117,RIGHT_KNEE,0.4626368582248688,0.7253870964050293,-0.2914550006389618
117,LEFT_ANKLE,0.4666048586368561,0.8452594876289368,0.24841837584972382
117,RIGHT_ANKLE,0.4473298192024231,0.8903042674064636,-0.30292457342147827
117,LEFT_HEEL,0.4441860318183899,0.8593605756759644,0.2524335980415344
117,RIGHT_HEEL,0.43426045775413513,0.9121748208999634,-0.31362926959991455
117,LEFT_FOOT_INDEX,0.5098560452461243,0.8975495100021362,0.14878661930561066
117,RIGHT_FOOT_INDEX,0.5041886568069458,0.9172137379646301,-0.48725438117980957
118,NOSE,0.6006044149398804,0.39883771538734436,-0.07335267961025238
118,LEFT_EYE_INNER,0.6099115610122681,0.3851662874221802,-0.053375400602817535
118,LEFT_EYE,0.6101992130279541,0.3845832645893097,-0.05349452421069145
118,LEFT_EYE_OUTER,0.6105042695999146,0.3839820921421051,-0.05352170392870903
118,RIGHT_EYE_INNER,0.6067968606948853,0.38281261920928955,-0.10244102776050568
118,RIGHT_EYE,0.604643702507019,0.38037046790122986,-0.10248152166604996
118,RIGHT_EYE_OUTER,0.6022258996963501,0.37752169370651245,-0.10257171094417572
118,LEFT_EAR,0.6002148985862732,0.3740108013153076,0.05670454353094101
118,RIGHT_EAR,0.586687445640564,0.3638295531272888,-0.1674424558877945
118,MOUTH_LEFT,0.589655876159668,0.406351238489151,-0.026633521541953087
118,MOUTH_RIGHT,0.5861690640449524,0.4032215178012848,-0.09203837066888809
118,LEFT_SHOULDER,0.558670163154602,0.41527265310287476,0.16009721159934998
118,RIGHT_SHOULDER,0.5165826082229614,0.3830866813659668,-0.2352035939693451
118,LEFT_ELBOW,0.5171722173690796,0.43882766366004944,0.2479870617389679
118,RIGHT_ELBOW,0.5099654197692871,0.41236719489097595,-0.4875045716762543
118,LEFT_WRIST,0.5049338936805725,0.4176459312438965,0.20274031162261963
118,RIGHT_WRIST,0.5803411602973938,0.40095120668411255,-0.6469238996505737
118,LEFT_PINKY,0.49589473009109497,0.41783204674720764,0.19996514916419983
118,RIGHT_PINKY,0.595292866230011,0.4049120843410492,-0.7067444920539856
118,LEFT_INDEX,0.49795499444007874,0.40697234869003296,0.1772458553314209
118,RIGHT_INDEX,0.6015967130661011,0.3932943344116211,-0.6794294118881226
118,LEFT_THUMB,0.5061805248260498,0.40733546018600464,0.19118186831474304
118,RIGHT_THUMB,0.5953813791275024,0.3930200934410095,-0.6369713544845581
118,LEFT_HIP,0.47399550676345825,0.5873771905899048,0.14471577107906342
118,RIGHT_HIP,0.42993998527526855,0.5747344493865967,-0.14453493058681488
118,LEFT_KNEE,0.5081214308738708,0.7145360708236694,0.11781062185764313
118,RIGHT_KNEE,0.4623362123966217,0.7253971099853516,-0.28979137539863586
118,LEFT_ANKLE,0.46666282415390015,0.846601128578186,0.25070720911026
118,RIGHT_ANKLE,0.4473181664943695,0.8904110789299011,-0.3026946187019348
118,LEFT_HEEL,0.4443802237510681,0.8611429333686829,0.2558152973651886
118,RIGHT_HEEL,0.43430423736572266,0.9121736288070679,-0.31075766682624817
118,LEFT_FOOT_INDEX,0.5098280906677246,0.8978351354598999,0.1572769582271576
118,RIGHT_FOOT_INDEX,0.5038103461265564,0.9174053072929382,-0.465151309967041
119,NOSE,0.601650595664978,0.40000152587890625,-0.09060687571763992
119,LEFT_EYE_INNER,0.610182523727417,0.38601022958755493,-0.07329406589269638
119,LEFT_EYE,0.6103699207305908,0.38527992367744446,-0.07344542443752289
119,LEFT_EYE_OUTER,0.6105904579162598,0.3845224678516388,-0.07346466928720474
119,RIGHT_EYE_INNER,0.6075234413146973,0.384196400642395,-0.11983263492584229
119,RIGHT_EYE,0.6056687831878662,0.38205963373184204,-0.11987024545669556
119,RIGHT_EYE_OUTER,0.6036645770072937,0.3796159327030182,-0.11992792040109634
119,LEFT_EAR,0.6002866625785828,0.37438076734542847,0.040104519575834274
119,RIGHT_EAR,0.5890267491340637,0.3656526207923889,-0.1681901514530182
119,MOUTH_LEFT,0.5907789468765259,0.4070800840854645,-0.042093925178050995
119,MOUTH_RIGHT,0.5878390073776245,0.40470701456069946,-0.1044444888830185
119,LEFT_SHOULDER,0.5588422417640686,0.413520872592926,0.15917405486106873
119,RIGHT_SHOULDER,0.52033531665802,0.38475897908210754,-0.2471124827861786
119,LEFT_ELBOW,0.515480101108551,0.4370189607143402,0.14991633594036102
119,RIGHT_ELBOW,0.5268424153327942,0.4045330584049225,-0.5220605134963989
119,LEFT_WRIST,0.49285855889320374,0.4190179407596588,-0.02160758152604103
119,RIGHT_WRIST,0.575313925743103,0.39845362305641174,-0.7293537855148315
119,LEFT_PINKY,0.48077458143234253,0.42102116346359253,-0.04758475348353386
119,RIGHT_PINKY,0.5835962891578674,0.4027603268623352,-0.80279541015625
119,LEFT_INDEX,0.48743778467178345,0.4096836447715759,-0.07029280066490173
119,RIGHT_INDEX,0.5902636647224426,0.3942103981971741,-0.7797130942344666
119,LEFT_THUMB,0.49291497468948364,0.40985679626464844,-0.03653205558657646
119,RIGHT_THUMB,0.5861645340919495,0.3935540020465851,-0.7241997718811035
119,LEFT_HIP,0.4742273688316345,0.5878533124923706,0.14630889892578125
119,RIGHT_HIP,0.4306062161922455,0.5756718516349792,-0.14616520702838898
119,LEFT_KNEE,0.5080853700637817,0.714445948600769,0.12701073288917542
119,RIGHT_KNEE,0.46343937516212463,0.7254061102867126,-0.28867286443710327
119,LEFT_ANKLE,0.46617525815963745,0.8465477824211121,0.2890397906303406
119,RIGHT_ANKLE,0.4474611282348633,0.8902994394302368,-0.295739084482193
119,LEFT_HEEL,0.44373273849487305,0.8610529899597168,0.2972467243671417
119,RIGHT_HEEL,0.43445438146591187,0.9119006395339966,-0.3049629032611847
119,LEFT_FOOT_INDEX,0.5092476606369019,0.8972377777099609,0.1997770369052887
119,RIGHT_FOOT_INDEX,0.5038046836853027,0.9173451662063599,-0.46585971117019653
120,NOSE,0.6029855012893677,0.3998192548751831,-0.06576332449913025
120,LEFT_EYE_INNER,0.6107712984085083,0.385673850774765,-0.04349011927843094
120,LEFT_EYE,0.610891580581665,0.3849795460700989,-0.04363582283258438
120,LEFT_EYE_OUTER,0.6110492944717407,0.3842484652996063,-0.04364907741546631
120,RIGHT_EYE_INNER,0.608063817024231,0.3837447166442871,-0.09038689732551575
120,RIGHT_EYE,0.6061309576034546,0.3815653324127197,-0.09043245017528534
120,RIGHT_EYE_OUTER,0.6041474342346191,0.3790438175201416,-0.09051008522510529
120,LEFT_EAR,0.6004147529602051,0.37432006001472473,0.0757373720407486
120,RIGHT_EAR,0.5898893475532532,0.3655977249145508,-0.1359647959470749
120,MOUTH_LEFT,0.5921215415000916,0.4069979190826416,-0.016232777386903763
120,MOUTH_RIGHT,0.5892589092254639,0.404639333486557,-0.07851295173168182
120,LEFT_SHOULDER,0.5589146018028259,0.4154485762119293,0.1768510639667511
120,RIGHT_SHOULDER,0.5199461579322815,0.383672297000885,-0.22768636047840118
120,LEFT_ELBOW,0.5168682932853699,0.43874436616897583,0.2295493185520172
120,RIGHT_ELBOW,0.5319567918777466,0.3976951539516449,-0.5024360418319702
120,LEFT_WRIST,0.49428096413612366,0.4210031032562256,0.1367357075214386
120,RIGHT_WRIST,0.5914102792739868,0.3828608989715576,-0.6993281245231628
120,LEFT_PINKY,0.4825977385044098,0.42599350214004517,0.12557147443294525
120,RIGHT_PINKY,0.6055819988250732,0.3843347728252411,-0.7658299207687378
120,LEFT_INDEX,0.4899498522281647,0.41125398874282837,0.09869915246963501
120,RIGHT_INDEX,0.6093306541442871,0.37424182891845703,-0.7712124586105347
120,LEFT_THUMB,0.4952476918697357,0.41180723905563354,0.12243102490901947
120,RIGHT_THUMB,0.6037655472755432,0.3746655583381653,-0.7032790184020996
120,LEFT_HIP,0.47649961709976196,0.587948203086853,0.14531120657920837
120,RIGHT_HIP,0.431117445230484,0.5759491324424744,-0.14515182375907898
120,LEFT_KNEE,0.508415699005127,0.7146279215812683,0.09321719408035278
120,RIGHT_KNEE,0.46355772018432617,0.7253792881965637,-0.25951263308525085
120,LEFT_ANKLE,0.4657205641269684,0.8459687232971191,0.19635790586471558
120,RIGHT_ANKLE,0.4474755823612213,0.8873251676559448,-0.2473893165588379
120,LEFT_HEEL,0.44502314925193787,0.8614407777786255,0.19829876720905304
120,RIGHT_HEEL,0.43462705612182617,0.9084655046463013,-0.2561344504356384
120,LEFT_FOOT_INDEX,0.507063627243042,0.8915057182312012,0.08922204375267029
120,RIGHT_FOOT_INDEX,0.5027438998222351,0.9145318865776062,-0.41934147477149963
121,NOSE,0.6036890745162964,0.3997160494327545,-0.09024760872125626
121,LEFT_EYE_INNER,0.6110832095146179,0.38560906052589417,-0.06739149242639542
121,LEFT_EYE,0.6111323237419128,0.38483744859695435,-0.06752723455429077
121,LEFT_EYE_OUTER,0.6112273931503296,0.38401663303375244,-0.06753730773925781
121,RIGHT_EYE_INNER,0.6083758473396301,0.3835967183113098,-0.11177478730678558
121,RIGHT_EYE,0.6063708066940308,0.3813968300819397,-0.11183248460292816
121,RIGHT_EYE_OUTER,0.6043206453323364,0.37883397936820984,-0.11191678047180176
121,LEFT_EAR,0.6003978848457336,0.37388718128204346,0.06294773519039154
121,RIGHT_EAR,0.5897990465164185,0.36549147963523865,-0.13596226274967194
121,MOUTH_LEFT,0.5924763083457947,0.40693002939224243,-0.03745754808187485
121,MOUTH_RIGHT,0.5895326137542725,0.4044300615787506,-0.09644826501607895
121,LEFT_SHOULDER,0.5612971186637878,0.41756129264831543,0.16671276092529297
121,RIGHT_SHOULDER,0.5168437957763672,0.38152849674224854,-0.21957793831825256
121,LEFT_ELBOW,0.5195150375366211,0.43732506036758423,0.20285919308662415
121,RIGHT_ELBOW,0.5316482186317444,0.40030160546302795,-0.4826386868953705
121,LEFT_WRIST,0.4894130825996399,0.40393131971359253,0.11926563084125519
121,RIGHT_WRIST,0.5996214151382446,0.386400043964386,-0.618990421295166
121,LEFT_PINKY,0.47547799348831177,0.4017619490623474,0.10696947574615479
121,RIGHT_PINKY,0.6175523996353149,0.3873894512653351,-0.6785033941268921
121,LEFT_INDEX,0.4836753010749817,0.38923725485801697,0.09121835976839066
121,RIGHT_INDEX,0.6190671324729919,0.37675073742866516,-0.6560708284378052
121,LEFT_THUMB,0.48975858092308044,0.39146265387535095,0.10902348905801773
121,RIGHT_THUMB,0.6121906042098999,0.37776488065719604,-0.6121689081192017
121,LEFT_HIP,0.478030264377594,0.5881038308143616,0.14096978306770325
121,RIGHT_HIP,0.43134966492652893,0.5763179063796997,-0.1408117115497589
121,LEFT_KNEE,0.5083897113800049,0.7157262563705444,0.08363842964172363
121,RIGHT_KNEE,0.4635651111602783,0.7253825664520264,-0.24945828318595886
121,LEFT_ANKLE,0.46496644616127014,0.8464356660842896,0.1650961935520172
121,RIGHT_ANKLE,0.44748154282569885,0.8858160972595215,-0.2497485876083374
121,LEFT_HEEL,0.4451298117637634,0.8653358221054077,0.16514667868614197
121,RIGHT_HEEL,0.4347166121006012,0.9071862101554871,-0.26000046730041504
121,LEFT_FOOT_INDEX,0.506149411201477,0.8905271291732788,0.052841998636722565
121,RIGHT_FOOT_INDEX,0.5018180012702942,0.9132944345474243,-0.4265916347503662
122,NOSE,0.603396475315094,0.39965885877609253,-0.09646513313055038
122,LEFT_EYE_INNER,0.6110544204711914,0.385379433631897,-0.07647169381380081
122,LEFT_EYE,0.6110223531723022,0.384622722864151,-0.07661037147045135
122,LEFT_EYE_OUTER,0.6110975742340088,0.38385435938835144,-0.07664752006530762
122,RIGHT_EYE_INNER,0.6082936525344849,0.3834085464477539,-0.12090233713388443
122,RIGHT_EYE,0.6062922477722168,0.3812219500541687,-0.12096156924962997
122,RIGHT_EYE_OUTER,0.604194700717926,0.37867704033851624,-0.12104829400777817
122,LEFT_EAR,0.6002708077430725,0.3743322491645813,0.051735617220401764
122,RIGHT_EAR,0.5896333456039429,0.3653539717197418,-0.14390884339809418
122,MOUTH_LEFT,0.5923367738723755,0.4066707193851471,-0.04498585686087608
122,MOUTH_RIGHT,0.589313805103302,0.40420857071876526,-0.10405997931957245
122,LEFT_SHOULDER,0.5652124285697937,0.4184126853942871,0.13531754910945892
122,RIGHT_SHOULDER,0.5165227651596069,0.3814213275909424,-0.21684567630290985
122,LEFT_ELBOW,0.5209990739822388,0.4396325945854187,0.023402366787195206
122,RIGHT_ELBOW,0.5358864665031433,0.3957189917564392,-0.49033960700035095
122,LEFT_WRIST,0.4826212525367737,0.40628331899642944,-0.2032059133052826
122,RIGHT_WRIST,0.5941266417503357,0.3921216130256653,-0.6593860387802124
122,LEFT_PINKY,0.4621606767177582,0.4024193286895752,-0.24446602165699005
122,RIGHT_PINKY,0.6069889068603516,0.394692599773407,-0.7265641689300537
122,LEFT_INDEX,0.4649121165275574,0.39087799191474915,-0.2522265613079071
122,RIGHT_INDEX,0.6100606918334961,0.3843894302845001,-0.6985781192779541
122,LEFT_THUMB,0.47784289717674255,0.3931003510951996,-0.2138013392686844
122,RIGHT_THUMB,0.6044164896011353,0.385114461183548,-0.6518834829330444
122,LEFT_HIP,0.47901448607444763,0.5889238119125366,0.13961240649223328
122,RIGHT_HIP,0.43135538697242737,0.577190637588501,-0.13949929177761078
122,LEFT_KNEE,0.5087429881095886,0.7157537341117859,0.12338799238204956
122,RIGHT_KNEE,0.46352535486221313,0.7250869274139404,-0.2925626337528229
122,LEFT_ANKLE,0.4649844765663147,0.8443982005119324,0.2623317539691925
122,RIGHT_ANKLE,0.44727930426597595,0.885358989238739,-0.3020300567150116
122,LEFT_HEEL,0.4451872408390045,0.8650668859481812,0.26818421483039856
122,RIGHT_HEEL,0.43466076254844666,0.9065159559249878,-0.31490400433540344
122,LEFT_FOOT_INDEX,0.5059369206428528,0.8897619247436523,0.15700194239616394
122,RIGHT_FOOT_INDEX,0.4994472861289978,0.9125030636787415,-0.5008006691932678
123,NOSE,0.6037165522575378,0.39992713928222656,-0.08497867733240128
123,LEFT_EYE_INNER,0.6111152768135071,0.3855188488960266,-0.06168437749147415
123,LEFT_EYE,0.6110855937004089,0.38481467962265015,-0.06179266422986984
123,LEFT_EYE_OUTER,0.6111525297164917,0.38405922055244446,-0.06178693845868111
123,RIGHT_EYE_INNER,0.6083869338035583,0.38340458273887634,-0.10505225509405136
123,RIGHT_EYE,0.6064612865447998,0.3811076283454895,-0.1051119789481163
123,RIGHT_EYE_OUTER,0.6044244766235352,0.378533273935318,-0.1052001342177391
123,LEFT_EAR,0.6003170013427734,0.3751199543476105,0.06605274975299835
123,RIGHT_EAR,0.5904346704483032,0.3661642074584961,-0.128899484872818
123,MOUTH_LEFT,0.5927150249481201,0.407278835773468,-0.03250166028738022
123,MOUTH_RIGHT,0.5896705985069275,0.40491628646850586,-0.09027984738349915
123,LEFT_SHOULDER,0.565484881401062,0.41881895065307617,0.16244563460350037
123,RIGHT_SHOULDER,0.5173243880271912,0.3813302516937256,-0.2097207009792328
123,LEFT_ELBOW,0.5133727788925171,0.43096527457237244,0.2116970270872116
123,RIGHT_ELBOW,0.5341641306877136,0.3939543068408966,-0.48257794976234436
123,LEFT_WRIST,0.48438721895217896,0.3981429934501648,0.1649620234966278
123,RIGHT_WRIST,0.5939579010009766,0.39262306690216064,-0.6505104303359985
123,LEFT_PINKY,0.47005143761634827,0.3952033221721649,0.15905964374542236
123,RIGHT_PINKY,0.6084201335906982,0.3963954448699951,-0.7143770456314087
123,LEFT_INDEX,0.47546663880348206,0.3848947584629059,0.13898853957653046
123,RIGHT_INDEX,0.6125115752220154,0.38737189769744873,-0.6856787204742432
123,LEFT_THUMB,0.4839123785495758,0.38729196786880493,0.15457583963871002
123,RIGHT_THUMB,0.6063936352729797,0.38774195313453674,-0.6416863799095154
123,LEFT_HIP,0.4788879454135895,0.5891990065574646,0.13954608142375946
123,RIGHT_HIP,0.4313528537750244,0.5777935981750488,-0.1394360214471817
123,LEFT_KNEE,0.5087783336639404,0.7157062888145447,0.11402328312397003
123,RIGHT_KNEE,0.4634581208229065,0.7250891923904419,-0.2904874384403229
123,LEFT_ANKLE,0.4649728834629059,0.8437169194221497,0.23784084618091583
123,RIGHT_ANKLE,0.4468952715396881,0.8854552507400513,-0.31068283319473267
123,LEFT_HEEL,0.44604992866516113,0.8649665117263794,0.24227674305438995
123,RIGHT_HEEL,0.434460312128067,0.9065850973129272,-0.32341837882995605
123,LEFT_FOOT_INDEX,0.5059434175491333,0.8892124891281128,0.1387719362974167
123,RIGHT_FOOT_INDEX,0.49960678815841675,0.9124904870986938,-0.49426549673080444
124,NOSE,0.6034205555915833,0.40077337622642517,-0.07929620891809464
124,LEFT_EYE_INNER,0.610332190990448,0.3866422176361084,-0.05664878338575363
124,LEFT_EYE,0.6103485822677612,0.38598179817199707,-0.05676163360476494
124,LEFT_EYE_OUTER,0.6104956269264221,0.3852307200431824,-0.05673907324671745
124,RIGHT_EYE_INNER,0.6075584292411804,0.38457006216049194,-0.09760405123233795
124,RIGHT_EYE,0.6055442094802856,0.3823756277561188,-0.09766031801700592
124,RIGHT_EYE_OUTER,0.6036193370819092,0.3799445331096649,-0.0977291613817215
124,LEFT_EAR,0.5997897386550903,0.3771769404411316,0.07008349895477295
124,RIGHT_EAR,0.5899056196212769,0.3689083755016327,-0.11521637439727783
124,MOUTH_LEFT,0.5925130248069763,0.408259779214859,-0.026908133178949356
124,MOUTH_RIGHT,0.5893263220787048,0.4060686230659485,-0.08172417432069778
124,LEFT_SHOULDER,0.5655676126480103,0.4215022623538971,0.16158655285835266
124,RIGHT_SHOULDER,0.5173488855361938,0.38446709513664246,-0.19443973898887634
124,LEFT_ELBOW,0.5146390199661255,0.4277258515357971,0.16191145777702332
124,RIGHT_ELBOW,0.5414647459983826,0.3930373191833496,-0.4821738302707672
124,LEFT_WRIST,0.48802047967910767,0.39334598183631897,0.07715710252523422
124,RIGHT_WRIST,0.5940379500389099,0.3894655406475067,-0.6650386452674866
124,LEFT_PINKY,0.47513240575790405,0.38993170857429504,0.06347711384296417
124,RIGHT_PINKY,0.6056692600250244,0.3918647766113281,-0.7313750982284546
124,LEFT_INDEX,0.4801352918148041,0.38085228204727173,0.052226562052965164
124,RIGHT_INDEX,0.6090978980064392,0.38582509756088257,-0.7028256058692932
124,LEFT_THUMB,0.48752927780151367,0.3838673532009125,0.0692949891090393
124,RIGHT_THUMB,0.6039978265762329,0.3870200216770172,-0.6575923562049866
124,LEFT_HIP,0.47885817289352417,0.590107262134552,0.13629621267318726
124,RIGHT_HIP,0.4313834607601166,0.5791853070259094,-0.13625943660736084
124,LEFT_KNEE,0.5087443590164185,0.7157425880432129,0.10871638357639313
124,RIGHT_KNEE,0.4633810520172119,0.7250950336456299,-0.2977665066719055
124,LEFT_ANKLE,0.46496185660362244,0.8437556028366089,0.2007935792207718
124,RIGHT_ANKLE,0.446615070104599,0.8855249285697937,-0.34034985303878784
124,LEFT_HEEL,0.44671517610549927,0.8659771084785461,0.20197467505931854
124,RIGHT_HEEL,0.434204638004303,0.9066446423530579,-0.35537439584732056
124,LEFT_FOOT_INDEX,0.5059489011764526,0.8893081545829773,0.0971149131655693
124,RIGHT_FOOT_INDEX,0.4997282028198242,0.9125174283981323,-0.5274471044540405
125,NOSE,0.6007550954818726,0.4008021950721741,-0.0830545574426651
125,LEFT_EYE_INNER,0.6072919964790344,0.38658085465431213,-0.057781655341386795
125,LEFT_EYE,0.6075338125228882,0.38594716787338257,-0.05784466117620468
125,LEFT_EYE_OUTER,0.6079952716827393,0.38520246744155884,-0.057693976908922195
125,RIGHT_EYE_INNER,0.6042866110801697,0.3844682574272156,-0.10325028747320175
125,RIGHT_EYE,0.6023663282394409,0.3823440372943878,-0.10329904407262802
125,RIGHT_EYE_OUTER,0.6006789803504944,0.3800097405910492,-0.10337718576192856
125,LEFT_EAR,0.5984388589859009,0.3779555857181549,0.058469630777835846
125,RIGHT_EAR,0.5883078575134277,0.37099066376686096,-0.12652412056922913
125,MOUTH_LEFT,0.590666651725769,0.40846729278564453,-0.027842998504638672
125,MOUTH_RIGHT,0.5872233510017395,0.4063138961791992,-0.0880301371216774
125,LEFT_SHOULDER,0.5657629370689392,0.42239251732826233,0.13754746317863464
125,RIGHT_SHOULDER,0.5170665383338928,0.3877720534801483,-0.2081362009048462
125,LEFT_ELBOW,0.5172830820083618,0.4234796166419983,0.06889597326517105
125,RIGHT_ELBOW,0.5430631041526794,0.39294034242630005,-0.524304986000061
125,LEFT_WRIST,0.48985400795936584,0.3904593586921692,-0.09249813854694366
125,RIGHT_WRIST,0.590532660484314,0.39186006784439087,-0.7281501889228821
125,LEFT_PINKY,0.47753024101257324,0.3878306746482849,-0.12238983064889908
125,RIGHT_PINKY,0.6015295386314392,0.39431607723236084,-0.7999123334884644
125,LEFT_INDEX,0.4816358685493469,0.3786591589450836,-0.13615868985652924
125,RIGHT_INDEX,0.6060715913772583,0.38721874356269836,-0.776572585105896
125,LEFT_THUMB,0.4874553084373474,0.38179638981819153,-0.10436318069696426
125,RIGHT_THUMB,0.6009793281555176,0.38851022720336914,-0.7234889268875122
125,LEFT_HIP,0.4788077473640442,0.5902543663978577,0.1364469975233078
125,RIGHT_HIP,0.43138352036476135,0.579887866973877,-0.13641105592250824
125,LEFT_KNEE,0.5086967945098877,0.7159334421157837,0.11382454633712769
125,RIGHT_KNEE,0.46332961320877075,0.7251936197280884,-0.29843518137931824
125,LEFT_ANKLE,0.46495550870895386,0.8434702157974243,0.212517648935318
125,RIGHT_ANKLE,0.44656795263290405,0.8853493928909302,-0.32457467913627625
125,LEFT_HEEL,0.44755983352661133,0.8658860325813293,0.21258124709129333
125,RIGHT_HEEL,0.434086412191391,0.9065791368484497,-0.3379504084587097
125,LEFT_FOOT_INDEX,0.505959153175354,0.8887149095535278,0.10120022296905518
125,RIGHT_FOOT_INDEX,0.4998217523097992,0.912066638469696,-0.5136944055557251
126,NOSE,0.6005236506462097,0.39787212014198303,-0.041501231491565704
126,LEFT_EYE_INNER,0.6065934896469116,0.38361936807632446,-0.019640211015939713
126,LEFT_EYE,0.606877863407135,0.3836762309074402,-0.019742654636502266
126,LEFT_EYE_OUTER,0.6074375510215759,0.38335371017456055,-0.019654590636491776
126,RIGHT_EYE_INNER,0.6032228469848633,0.3808826804161072,-0.044433388859033585
126,RIGHT_EYE,0.6013162136077881,0.3792091906070709,-0.04456328600645065
126,RIGHT_EYE_OUTER,0.5996147394180298,0.3774642050266266,-0.0446508564054966
126,LEFT_EAR,0.5985412001609802,0.37803569436073303,0.10164861381053925
126,RIGHT_EAR,0.5880672335624695,0.37124133110046387,-0.00989585556089878
126,MOUTH_LEFT,0.5906441807746887,0.4068991541862488,0.007406377699226141
126,MOUTH_RIGHT,0.5871397256851196,0.40471893548965454,-0.026666030287742615
126,LEFT_SHOULDER,0.5686035752296448,0.42718663811683655,0.14491021633148193
126,RIGHT_SHOULDER,0.5156295299530029,0.395816832780838,-0.06401883810758591
126,LEFT_ELBOW,0.5166249871253967,0.41685256361961365,0.043953653424978256
126,RIGHT_ELBOW,0.5020052194595337,0.3972914516925812,-0.34536013007164
126,LEFT_WRIST,0.4653661847114563,0.3707273304462433,-0.11970911175012589
126,RIGHT_WRIST,0.48282337188720703,0.3868024945259094,-0.653263509273529
126,LEFT_PINKY,0.4483615458011627,0.3664468824863434,-0.15318988263607025
126,RIGHT_PINKY,0.45117074251174927,0.3827959895133972,-0.7294932007789612
126,LEFT_INDEX,0.4484313130378723,0.35714390873908997,-0.16458368301391602
126,RIGHT_INDEX,0.46333616971969604,0.3843415379524231,-0.7206413149833679
126,LEFT_THUMB,0.4543713927268982,0.36043596267700195,-0.12891258299350739
126,RIGHT_THUMB,0.48239296674728394,0.3833405375480652,-0.6585146188735962
126,LEFT_HIP,0.4789489805698395,0.5918853282928467,0.1228821650147438
126,RIGHT_HIP,0.431582510471344,0.580858588218689,-0.1229921206831932
126,LEFT_KNEE,0.5084821581840515,0.7170431613922119,0.11380909383296967
126,RIGHT_KNEE,0.46335569024086,0.7252691388130188,-0.31773635745048523
126,LEFT_ANKLE,0.4649493098258972,0.8432289361953735,0.21529626846313477
126,RIGHT_ANKLE,0.4465332627296448,0.8844426274299622,-0.3568934202194214
126,LEFT_HEEL,0.44751447439193726,0.8658221960067749,0.2137598693370819
126,RIGHT_HEEL,0.4340421259403229,0.905720591545105,-0.3703521490097046
126,LEFT_FOOT_INDEX,0.505487322807312,0.8883902430534363,0.12412412464618683
126,RIGHT_FOOT_INDEX,0.49798059463500977,0.9112769961357117,-0.5425779223442078
127,NOSE,0.5999982357025146,0.39443692564964294,-0.03535065799951553
127,LEFT_EYE_INNER,0.6058511734008789,0.3804932236671448,-0.014963118359446526
127,LEFT_EYE,0.6063775420188904,0.38071006536483765,-0.015080541372299194
127,LEFT_EYE_OUTER,0.6071116328239441,0.3807104527950287,-0.015009403228759766
127,RIGHT_EYE_INNER,0.6024115085601807,0.37750735878944397,-0.036387018859386444
127,RIGHT_EYE,0.6007243394851685,0.37608328461647034,-0.03653541952371597
127,RIGHT_EYE_OUTER,0.599189043045044,0.37469908595085144,-0.03663211315870285
127,LEFT_EAR,0.5992619395256042,0.3779605031013489,0.10158141702413559
127,RIGHT_EAR,0.5882532000541687,0.37094008922576904,0.0017974821384996176
127,MOUTH_LEFT,0.5906357765197754,0.40332093834877014,0.010501635260879993
127,MOUTH_RIGHT,0.5871269106864929,0.4008329510688782,-0.01929810643196106
127,LEFT_SHOULDER,0.5741814970970154,0.42861947417259216,0.1454051434993744
127,RIGHT_SHOULDER,0.5178028345108032,0.39511731266975403,-0.04627636447548866
127,LEFT_ELBOW,0.5084154605865479,0.4073356091976166,0.04704469442367554
127,RIGHT_ELBOW,0.4935165345668793,0.39807242155075073,-0.3055485486984253
127,LEFT_WRIST,0.45006394386291504,0.3611188530921936,-0.10997353494167328
127,RIGHT_WRIST,0.4640234112739563,0.3677407205104828,-0.6087396144866943
127,LEFT_PINKY,0.4298929274082184,0.3535768389701843,-0.14366967976093292
127,RIGHT_PINKY,0.44848594069480896,0.35684657096862793,-0.6829864978790283
127,LEFT_INDEX,0.4320141673088074,0.343931645154953,-0.15675373375415802
127,RIGHT_INDEX,0.45455795526504517,0.35484838485717773,-0.6748084425926208
127,LEFT_THUMB,0.4395085275173187,0.3481815457344055,-0.11935745179653168
127,RIGHT_THUMB,0.4615703225135803,0.360358864068985,-0.6146298050880432
127,LEFT_HIP,0.4790223240852356,0.5926690697669983,0.12117209285497665
127,RIGHT_HIP,0.43203291296958923,0.5824761986732483,-0.12135251611471176
127,LEFT_KNEE,0.5084737539291382,0.7178052663803101,0.1449289470911026
127,RIGHT_KNEE,0.46321481466293335,0.7252709865570068,-0.3135300278663635
127,LEFT_ANKLE,0.4649655222892761,0.8430091142654419,0.29267022013664246
127,RIGHT_ANKLE,0.4465334415435791,0.8838692903518677,-0.3408809304237366
127,LEFT_HEEL,0.4477412700653076,0.8640052676200867,0.2998798191547394
127,RIGHT_HEEL,0.4340433180332184,0.9041019678115845,-0.3530559241771698
127,LEFT_FOOT_INDEX,0.5054542422294617,0.8884603381156921,0.20836858451366425
127,RIGHT_FOOT_INDEX,0.4974746108055115,0.9110857248306274,-0.525169312953949
128,NOSE,0.5998889207839966,0.3943791389465332,-0.05307196453213692
128,LEFT_EYE_INNER,0.6055682897567749,0.38042739033699036,-0.03243030235171318
128,LEFT_EYE,0.6061885356903076,0.3805558681488037,-0.03253990411758423
128,LEFT_EYE_OUTER,0.6069947481155396,0.3805027902126312,-0.03246893733739853
128,RIGHT_EYE_INNER,0.6020585298538208,0.3774556815624237,-0.059477079659700394
128,RIGHT_EYE,0.6003512740135193,0.37591785192489624,-0.05960821360349655
128,RIGHT_EYE_OUTER,0.5983994603157043,0.3742581903934479,-0.059681184589862823
128,LEFT_EAR,0.5995975732803345,0.3778917193412781,0.09013498574495316
128,RIGHT_EAR,0.5876948237419128,0.37071603536605835,-0.03332877159118652
128,MOUTH_LEFT,0.5906296968460083,0.40319961309432983,-0.004076751880347729
128,MOUTH_RIGHT,0.5871130228042603,0.4006175398826599,-0.04086202383041382
128,LEFT_SHOULDER,0.5749033689498901,0.4283793568611145,0.14574599266052246
128,RIGHT_SHOULDER,0.51739501953125,0.3944912552833557,-0.07821347564458847
128,LEFT_ELBOW,0.5080892443656921,0.4067138135433197,0.03333050012588501
128,RIGHT_ELBOW,0.49445682764053345,0.4006926119327545,-0.3307560682296753
128,LEFT_WRIST,0.4462289810180664,0.36503347754478455,-0.17857438325881958
128,RIGHT_WRIST,0.4478221535682678,0.37227803468704224,-0.6199742555618286
128,LEFT_PINKY,0.4264618754386902,0.35408762097358704,-0.22022724151611328
128,RIGHT_PINKY,0.4328295588493347,0.36178067326545715,-0.6943262815475464
128,LEFT_INDEX,0.4279617667198181,0.3419753909111023,-0.2334151715040207
128,RIGHT_INDEX,0.4344882071018219,0.35936737060546875,-0.6850289106369019
128,LEFT_THUMB,0.4344829022884369,0.34826231002807617,-0.18945148587226868
128,RIGHT_THUMB,0.4427173137664795,0.36515113711357117,-0.6244518756866455
128,LEFT_HIP,0.4792904853820801,0.5933206081390381,0.12288393825292587
128,RIGHT_HIP,0.4321500360965729,0.5835329294204712,-0.12282673269510269
128,LEFT_KNEE,0.5087494254112244,0.7190514802932739,0.194842129945755
128,RIGHT_KNEE,0.4632692337036133,0.7272964715957642,-0.31244128942489624
128,LEFT_ANKLE,0.4653165340423584,0.8429619073867798,0.38822731375694275
128,RIGHT_ANKLE,0.4466772973537445,0.8844469785690308,-0.3358408808708191
128,LEFT_HEEL,0.44742441177368164,0.8618649244308472,0.40083998441696167
128,RIGHT_HEEL,0.4341197609901428,0.9042917490005493,-0.347421258687973
128,LEFT_FOOT_INDEX,0.5043497681617737,0.8882114291191101,0.31677913665771484
128,RIGHT_FOOT_INDEX,0.49668368697166443,0.9112212061882019,-0.5187467932701111
129,NOSE,0.6016836166381836,0.39451098442077637,-0.06828511506319046
129,LEFT_EYE_INNER,0.606499969959259,0.3808782696723938,-0.046031609177589417
129,LEFT_EYE,0.6068352460861206,0.3810269236564636,-0.04613739624619484
129,LEFT_EYE_OUTER,0.6074033975601196,0.38100260496139526,-0.046087607741355896
129,RIGHT_EYE_INNER,0.6038200855255127,0.37778374552726746,-0.07541336119174957
129,RIGHT_EYE,0.6007744669914246,0.374941885471344,-0.07552485913038254
129,RIGHT_EYE_OUTER,0.6001655459403992,0.37443986535072327,-0.07566975802183151
129,LEFT_EAR,0.5998679399490356,0.3785952031612396,0.07447949051856995
129,RIGHT_EAR,0.5883296728134155,0.37095925211906433,-0.06014617159962654
129,MOUTH_LEFT,0.5914689302444458,0.40327563881874084,-0.020250603556632996
129,MOUTH_RIGHT,0.5888620018959045,0.4007260203361511,-0.06093446537852287
129,LEFT_SHOULDER,0.5744355320930481,0.4289005696773529,0.14593368768692017
129,RIGHT_SHOULDER,0.5189579129219055,0.39468932151794434,-0.13853375613689423
129,LEFT_ELBOW,0.505981981754303,0.40370726585388184,0.156101793050766
129,RIGHT_ELBOW,0.500518798828125,0.3979519009590149,-0.45011043548583984
129,LEFT_WRIST,0.45750370621681213,0.3564606308937073,0.11476168781518936
129,RIGHT_WRIST,0.48643621802330017,0.372532457113266,-0.750888466835022
129,LEFT_PINKY,0.44068002700805664,0.3486100435256958,0.10663275420665741
129,RIGHT_PINKY,0.4804772436618805,0.36552175879478455,-0.8267074823379517
129,LEFT_INDEX,0.443218857049942,0.33951836824417114,0.08606968075037003
129,RIGHT_INDEX,0.48231902718544006,0.3629853427410126,-0.8057049512863159
129,LEFT_THUMB,0.449537456035614,0.3436744809150696,0.10456609725952148
129,RIGHT_THUMB,0.48564162850379944,0.36737462878227234,-0.7501801252365112
129,LEFT_HIP,0.47920018434524536,0.5932608246803284,0.1309763342142105
129,RIGHT_HIP,0.4321596622467041,0.5833313465118408,-0.13109663128852844
129,LEFT_KNEE,0.5090781450271606,0.7188640832901001,0.17047670483589172
129,RIGHT_KNEE,0.4632503092288971,0.7276203632354736,-0.2883303761482239
129,LEFT_ANKLE,0.46667176485061646,0.8429644703865051,0.3209535479545593
129,RIGHT_ANKLE,0.4468052387237549,0.8849272727966309,-0.30988985300064087
129,LEFT_HEEL,0.44746893644332886,0.8614708781242371,0.3283730149269104
129,RIGHT_HEEL,0.43415766954421997,0.904697060585022,-0.32142454385757446
129,LEFT_FOOT_INDEX,0.5042248964309692,0.888050377368927,0.2350100576877594
129,RIGHT_FOOT_INDEX,0.4967084527015686,0.9113131761550903,-0.485217422246933
130,NOSE,0.6015469431877136,0.39249399304389954,-0.0705326497554779
130,LEFT_EYE_INNER,0.6062949895858765,0.38053038716316223,-0.047554709017276764
130,LEFT_EYE,0.6067099571228027,0.3809036314487457,-0.04766278713941574
130,LEFT_EYE_OUTER,0.6072781085968018,0.3809868097305298,-0.04760710522532463
130,RIGHT_EYE_INNER,0.6037235856056213,0.3770776391029358,-0.07134579867124557
130,RIGHT_EYE,0.6006451845169067,0.37442272901535034,-0.07147544622421265
130,RIGHT_EYE_OUTER,0.5998603701591492,0.37346121668815613,-0.07156882435083389
130,LEFT_EAR,0.5997853875160217,0.3794196546077728,0.0807935819029808
130,RIGHT_EAR,0.5876746773719788,0.37086763978004456,-0.01958751305937767
130,MOUTH_LEFT,0.5910657048225403,0.40274614095687866,-0.021318119019269943
130,MOUTH_RIGHT,0.58856600522995,0.3995581865310669,-0.05437551811337471
130,LEFT_SHOULDER,0.5739411115646362,0.43207627534866333,0.1296086311340332
130,RIGHT_SHOULDER,0.5120240449905396,0.3991405665874481,-0.06214460730552673
130,LEFT_ELBOW,0.5075334310531616,0.40726566314697266,0.014517039060592651
130,RIGHT_ELBOW,0.4850917458534241,0.39833396673202515,-0.31956979632377625
130,LEFT_WRIST,0.4559995234012604,0.35683977603912354,-0.1570456624031067
130,RIGHT_WRIST,0.4566400945186615,0.36635127663612366,-0.6122790575027466
130,LEFT_PINKY,0.4390484392642975,0.33845070004463196,-0.19708509743213654
130,RIGHT_PINKY,0.4377569556236267,0.35068318247795105,-0.6833760738372803
130,LEFT_INDEX,0.4399512708187103,0.33089712262153625,-0.20718486607074738
130,RIGHT_INDEX,0.4604921340942383,0.3513253331184387,-0.6739779710769653
130,LEFT_THUMB,0.44613224267959595,0.3379633128643036,-0.16589102149009705
130,RIGHT_THUMB,0.46571221947669983,0.3572480082511902,-0.6173473000526428
130,LEFT_HIP,0.4792221188545227,0.5942872166633606,0.12640079855918884
130,RIGHT_HIP,0.4321506917476654,0.5834746956825256,-0.1265697479248047
130,LEFT_KNEE,0.5093637704849243,0.720855176448822,0.16474716365337372
130,RIGHT_KNEE,0.46330660581588745,0.729214072227478,-0.28922683000564575
130,LEFT_ANKLE,0.46604833006858826,0.8429906964302063,0.3239521086215973
130,RIGHT_ANKLE,0.4468248784542084,0.8852189183235168,-0.29690971970558167
130,LEFT_HEEL,0.4471255838871002,0.861441433429718,0.3322460651397705
130,RIGHT_HEEL,0.4341619908809662,0.9049326181411743,-0.30737417936325073
130,LEFT_FOOT_INDEX,0.5068626403808594,0.8897336721420288,0.23535063862800598
130,RIGHT_FOOT_INDEX,0.4966758191585541,0.9113516807556152,-0.4800958037376404
131,NOSE,0.594146192073822,0.38713470101356506,-0.06234956905245781
131,LEFT_EYE_INNER,0.6021543741226196,0.377328097820282,-0.04035952314734459
131,LEFT_EYE,0.6033213138580322,0.3781408369541168,-0.040462054312229156
131,LEFT_EYE_OUTER,0.6046515703201294,0.37870490550994873,-0.04038805142045021
131,RIGHT_EYE_INNER,0.5988324880599976,0.37316781282424927,-0.045491889119148254
131,RIGHT_EYE,0.5971195101737976,0.3716118335723877,-0.04563853517174721
131,RIGHT_EYE_OUTER,0.5948073267936707,0.36983373761177063,-0.04571942239999771
131,LEFT_EAR,0.5999720096588135,0.37912845611572266,0.07981260120868683
131,RIGHT_EAR,0.5870967507362366,0.37080004811286926,0.05434906482696533
131,MOUTH_LEFT,0.588581919670105,0.39836636185646057,-0.018101850524544716
131,MOUTH_RIGHT,0.584477961063385,0.39432018995285034,-0.02692948840558529
131,LEFT_SHOULDER,0.5752342343330383,0.43154773116111755,0.09081532806158066
131,RIGHT_SHOULDER,0.5107085108757019,0.4014638066291809,0.05079690366983414
131,LEFT_ELBOW,0.5085333585739136,0.40820956230163574,-0.0998331755399704
131,RIGHT_ELBOW,0.47751933336257935,0.40006202459335327,-0.035757876932621
131,LEFT_WRIST,0.4513537883758545,0.3562154471874237,-0.31644150614738464
131,RIGHT_WRIST,0.44233107566833496,0.360605388879776,-0.17052264511585236
131,LEFT_PINKY,0.4339905381202698,0.3399403691291809,-0.3670029044151306
131,RIGHT_PINKY,0.43107056617736816,0.3465211093425751,-0.2111210823059082
131,LEFT_INDEX,0.43524235486984253,0.3311586380004883,-0.3717561364173889
131,RIGHT_INDEX,0.43490123748779297,0.34069758653640747,-0.21868197619915009
131,LEFT_THUMB,0.4411941170692444,0.33869343996047974,-0.32288017868995667
131,RIGHT_THUMB,0.4409811496734619,0.3511617183685303,-0.17848995327949524
131,LEFT_HIP,0.47930875420570374,0.5945845246315002,0.10919366031885147
131,RIGHT_HIP,0.43217307329177856,0.5835778117179871,-0.10939370095729828
131,LEFT_KNEE,0.5093590021133423,0.7220325469970703,0.1591757833957672
131,RIGHT_KNEE,0.46331533789634705,0.7293403148651123,-0.2934366464614868
131,LEFT_ANKLE,0.4662305414676666,0.8425167202949524,0.3464265465736389
131,RIGHT_ANKLE,0.4468613266944885,0.8858774304389954,-0.29113179445266724
131,LEFT_HEEL,0.4471186101436615,0.8589998483657837,0.3600909113883972
131,RIGHT_HEEL,0.4342578053474426,0.9051536321640015,-0.30015674233436584
131,LEFT_FOOT_INDEX,0.50709468126297,0.8903644680976868,0.26595085859298706
131,RIGHT_FOOT_INDEX,0.4966564178466797,0.9113720059394836,-0.4742836058139801
132,NOSE,0.5981550216674805,0.387794554233551,-0.042895056307315826
132,LEFT_EYE_INNER,0.6044451594352722,0.37465086579322815,-0.016821332275867462
132,LEFT_EYE,0.605551540851593,0.3761123716831207,-0.016935765743255615
132,LEFT_EYE_OUTER,0.6067221164703369,0.3774409890174866,-0.016846153885126114
132,RIGHT_EYE_INNER,0.5994987487792969,0.3691810965538025,-0.04073215276002884
132,RIGHT_EYE,0.5973002314567566,0.36715856194496155,-0.04081718251109123
132,RIGHT_EYE_OUTER,0.5985685586929321,0.37010377645492554,-0.04089254513382912
132,LEFT_EAR,0.5999756455421448,0.3782418668270111,0.1166543960571289
132,RIGHT_EAR,0.5873973369598389,0.3706512749195099,0.004464772529900074
132,MOUTH_LEFT,0.5895423293113708,0.3977358937263489,0.008537632413208485
132,MOUTH_RIGHT,0.586261510848999,0.39453786611557007,-0.02410181239247322
132,LEFT_SHOULDER,0.5749019384384155,0.431108295917511,0.13712507486343384
132,RIGHT_SHOULDER,0.5110217928886414,0.3964768052101135,-0.04891202971339226
132,LEFT_ELBOW,0.506709098815918,0.410693883895874,-0.001965492032468319
132,RIGHT_ELBOW,0.509833812713623,0.3959340453147888,-0.2872944176197052
132,LEFT_WRIST,0.4520638883113861,0.35567548871040344,-0.17389222979545593
132,RIGHT_WRIST,0.5489761233329773,0.3617742657661438,-0.5071277618408203
132,LEFT_PINKY,0.4331212043762207,0.3368365466594696,-0.2123454064130783
132,RIGHT_PINKY,0.5574539303779602,0.3563780188560486,-0.5705265998840332
132,LEFT_INDEX,0.43564948439598083,0.3300217092037201,-0.21920914947986603
132,RIGHT_INDEX,0.557817816734314,0.352764368057251,-0.5071998834609985
132,LEFT_THUMB,0.4434885084629059,0.33476072549819946,-0.1814255565404892
132,RIGHT_THUMB,0.5558477640151978,0.3601991832256317,-0.4893323481082916
132,LEFT_HIP,0.48024600744247437,0.5961340069770813,0.11236902326345444
132,RIGHT_HIP,0.4321652054786682,0.5838075876235962,-0.11249680817127228
132,LEFT_KNEE,0.5094422101974487,0.7228646278381348,0.1704932153224945
132,RIGHT_KNEE,0.46328720450401306,0.7292852997779846,-0.30775606632232666
132,LEFT_ANKLE,0.4652467668056488,0.8429638147354126,0.3290935754776001
132,RIGHT_ANKLE,0.44688135385513306,0.8858901858329773,-0.32612237334251404
132,LEFT_HEEL,0.447087824344635,0.8597918748855591,0.3376314043998718
132,RIGHT_HEEL,0.43477487564086914,0.9053242802619934,-0.3389357924461365
132,LEFT_FOOT_INDEX,0.5085318684577942,0.890644907951355,0.23831477761268616
132,RIGHT_FOOT_INDEX,0.4971197247505188,0.9114072918891907,-0.5286192297935486
133,NOSE,0.5965458154678345,0.3879624307155609,-0.04902132973074913
133,LEFT_EYE_INNER,0.6035938858985901,0.3736882209777832,-0.027715448290109634
133,LEFT_EYE,0.6051541566848755,0.37570804357528687,-0.027829647064208984
133,LEFT_EYE_OUTER,0.6052385568618774,0.37894052267074585,-0.02775912545621395
133,RIGHT_EYE_INNER,0.596446692943573,0.3668895363807678,-0.05120387673377991
133,RIGHT_EYE,0.5970414280891418,0.36756622791290283,-0.05128757283091545
133,RIGHT_EYE_OUTER,0.5973271131515503,0.3702192008495331,-0.05135973542928696
133,LEFT_EAR,0.5991548895835876,0.3808206617832184,0.11045821011066437
133,RIGHT_EAR,0.5861867070198059,0.3706361651420593,0.01834828406572342
133,MOUTH_LEFT,0.5874983072280884,0.3980708420276642,-0.0012629071716219187
133,MOUTH_RIGHT,0.5843866467475891,0.39400801062583923,-0.03350461646914482
133,LEFT_SHOULDER,0.5747823119163513,0.4316047132015228,0.13717018067836761
133,RIGHT_SHOULDER,0.5087743401527405,0.3965880274772644,-0.03988060727715492
133,LEFT_ELBOW,0.5074267387390137,0.4119509160518646,-0.020835725590586662
133,RIGHT_ELBOW,0.5096579790115356,0.3958103358745575,-0.31541770696640015
133,LEFT_WRIST,0.4522535800933838,0.34648650884628296,-0.17987903952598572
133,RIGHT_WRIST,0.5552446246147156,0.36598193645477295,-0.540921688079834
133,LEFT_PINKY,0.4372575879096985,0.33564281463623047,-0.2191915512084961
133,RIGHT_PINKY,0.5660585165023804,0.3600257337093353,-0.6043180227279663
133,LEFT_INDEX,0.4382972717285156,0.3286416828632355,-0.218439981341362
133,RIGHT_INDEX,0.5672509670257568,0.3557322323322296,-0.5761196613311768
133,LEFT_THUMB,0.44438686966896057,0.33104103803634644,-0.1843448430299759
133,RIGHT_THUMB,0.5642319917678833,0.36182349920272827,-0.5354747772216797
133,LEFT_HIP,0.4806034564971924,0.5980340242385864,0.11529288440942764
133,RIGHT_HIP,0.4321160316467285,0.584712564945221,-0.1154078021645546
133,LEFT_KNEE,0.5094958543777466,0.7238444089889526,0.16411390900611877
133,RIGHT_KNEE,0.46329155564308167,0.7294776439666748,-0.30515676736831665
133,LEFT_ANKLE,0.4643092751502991,0.8436819314956665,0.31937694549560547
133,RIGHT_ANKLE,0.4468844532966614,0.8862493634223938,-0.3170691132545471
133,LEFT_HEEL,0.4469883441925049,0.8598373532295227,0.3274571895599365
133,RIGHT_HEEL,0.4348524510860443,0.9061852693557739,-0.33041346073150635
133,LEFT_FOOT_INDEX,0.5095536708831787,0.8906739354133606,0.23393821716308594
133,RIGHT_FOOT_INDEX,0.4973830282688141,0.9114729166030884,-0.5186612606048584
134,NOSE,0.5966800451278687,0.38832977414131165,-0.0705392137169838
134,LEFT_EYE_INNER,0.6033740639686584,0.372149795293808,-0.04497623071074486
134,LEFT_EYE,0.6050853729248047,0.3781002163887024,-0.04506251960992813
134,LEFT_EYE_OUTER,0.6052995920181274,0.3802436590194702,-0.04497139900922775
134,RIGHT_EYE_INNER,0.5946470499038696,0.3646618723869324,-0.05663613602519035
134,RIGHT_EYE,0.5924431085586548,0.3630494177341461,-0.05671319365501404
134,RIGHT_EYE_OUTER,0.5971331596374512,0.3701232373714447,-0.05679246783256531
134,LEFT_EAR,0.5993362665176392,0.3812095522880554,0.1043182760477066
134,RIGHT_EAR,0.5761004090309143,0.3624873757362366,0.032102592289447784
134,MOUTH_LEFT,0.587531566619873,0.39837807416915894,-0.019485538825392723
134,MOUTH_RIGHT,0.5844331979751587,0.3940804898738861,-0.03933589905500412
134,LEFT_SHOULDER,0.5755687952041626,0.4313426613807678,0.10950551182031631
134,RIGHT_SHOULDER,0.506657600402832,0.39522555470466614,0.02799440547823906
134,LEFT_ELBOW,0.5180952548980713,0.4121459126472473,-0.061364710330963135
134,RIGHT_ELBOW,0.46813902258872986,0.3904344439506531,-0.16374041140079498
134,LEFT_WRIST,0.4553031325340271,0.3460877537727356,-0.25765717029571533
134,RIGHT_WRIST,0.45015114545822144,0.3467618525028229,-0.4129948616027832
134,LEFT_PINKY,0.43850964307785034,0.32966187596321106,-0.3033479154109955
134,RIGHT_PINKY,0.4441317617893219,0.329708993434906,-0.4689341187477112
134,LEFT_INDEX,0.44009828567504883,0.3233477473258972,-0.30380356311798096
134,RIGHT_INDEX,0.44593939185142517,0.3228142559528351,-0.463855504989624
134,LEFT_THUMB,0.44663816690444946,0.3299768567085266,-0.2618024945259094
134,RIGHT_THUMB,0.45122915506362915,0.3347192704677582,-0.4180726408958435
134,LEFT_HIP,0.48104214668273926,0.5983495116233826,0.11107833683490753
134,RIGHT_HIP,0.4321157932281494,0.5846534371376038,-0.11129629611968994
134,LEFT_KNEE,0.509585440158844,0.7239419221878052,0.18067951500415802
134,RIGHT_KNEE,0.4632885456085205,0.7294469475746155,-0.30790767073631287
134,LEFT_ANKLE,0.46403831243515015,0.8442355394363403,0.3524709641933441
134,RIGHT_ANKLE,0.44674357771873474,0.8870443105697632,-0.3333805799484253
134,LEFT_HEEL,0.4479973316192627,0.859024167060852,0.362480103969574
134,RIGHT_HEEL,0.4348169267177582,0.9073742032051086,-0.34750062227249146
134,LEFT_FOOT_INDEX,0.5098381638526917,0.8913739323616028,0.2638397812843323
134,RIGHT_FOOT_INDEX,0.4976557791233063,0.9119505882263184,-0.5329443216323853
135,NOSE,0.5973109006881714,0.3884637951850891,-0.09470190852880478
135,LEFT_EYE_INNER,0.6034359335899353,0.37203216552734375,-0.07038272172212601
135,LEFT_EYE,0.6054834127426147,0.37946128845214844,-0.07047823816537857
135,LEFT_EYE_OUTER,0.6059304475784302,0.3809555172920227,-0.07040052860975266
135,RIGHT_EYE_INNER,0.5948529243469238,0.3647896647453308,-0.08149003982543945
135,RIGHT_EYE,0.5919148325920105,0.3626059591770172,-0.08160515129566193
135,RIGHT_EYE_OUTER,0.5972221493721008,0.3702189028263092,-0.08165369927883148
135,LEFT_EAR,0.6003566980361938,0.38105857372283936,0.07353901863098145
135,RIGHT_EAR,0.5743070840835571,0.35991841554641724,0.006304970942437649
135,MOUTH_LEFT,0.5880290269851685,0.39854100346565247,-0.04108012467622757
135,MOUTH_RIGHT,0.5853430032730103,0.3942503333091736,-0.05783029645681381
135,LEFT_SHOULDER,0.5753793716430664,0.4312211871147156,0.10209937393665314
135,RIGHT_SHOULDER,0.5068904757499695,0.39420074224472046,0.0027974718250334263
135,LEFT_ELBOW,0.5203019380569458,0.4098692536354065,-0.054024588316679
135,RIGHT_ELBOW,0.4679926335811615,0.38433441519737244,-0.15882283449172974
135,LEFT_WRIST,0.45571041107177734,0.3350318968296051,-0.2675328850746155
135,RIGHT_WRIST,0.4429064393043518,0.33544594049453735,-0.3692967891693115
135,LEFT_PINKY,0.4386422038078308,0.3198166489601135,-0.3167375922203064
135,RIGHT_PINKY,0.43441376090049744,0.32102999091148376,-0.42101678252220154
135,LEFT_INDEX,0.4393704831600189,0.3122047781944275,-0.32099300622940063
135,RIGHT_INDEX,0.4392721652984619,0.3169928193092346,-0.4207524359226227
135,LEFT_THUMB,0.4454519748687744,0.32107970118522644,-0.2744590938091278
135,RIGHT_THUMB,0.4415929913520813,0.32596689462661743,-0.37485843896865845
135,LEFT_HIP,0.4810973107814789,0.5981216430664062,0.11281317472457886
135,RIGHT_HIP,0.4323084354400635,0.5846065282821655,-0.11300162971019745
135,LEFT_KNEE,0.5096882581710815,0.7241774201393127,0.1875533163547516
135,RIGHT_KNEE,0.46341952681541443,0.7296773195266724,-0.3004043400287628
135,LEFT_ANKLE,0.46403855085372925,0.8448892831802368,0.3566180467605591
135,RIGHT_ANKLE,0.44649964570999146,0.8875459432601929,-0.33234792947769165
135,LEFT_HEEL,0.44855278730392456,0.8595446348190308,0.3662179112434387
135,RIGHT_HEEL,0.434501975774765,0.9080225825309753,-0.3455519676208496
135,LEFT_FOOT_INDEX,0.5108590126037598,0.8938125371932983,0.2672218680381775
135,RIGHT_FOOT_INDEX,0.49807462096214294,0.9121406674385071,-0.5263088345527649
136,NOSE,0.5971238613128662,0.3826439082622528,-0.11997164785861969
136,LEFT_EYE_INNER,0.603759229183197,0.37231379747390747,-0.0921635776758194
136,LEFT_EYE,0.6064590811729431,0.37827160954475403,-0.09225799143314362
136,LEFT_EYE_OUTER,0.606414258480072,0.3824283480644226,-0.09219120442867279
136,RIGHT_EYE_INNER,0.5951122641563416,0.3646056056022644,-0.1012425571680069
136,RIGHT_EYE,0.5918723940849304,0.36188632249832153,-0.10136394202709198
136,RIGHT_EYE_OUTER,0.5972185134887695,0.3698480427265167,-0.101417675614357
136,LEFT_EAR,0.6013299226760864,0.38173964619636536,0.059673041105270386
136,RIGHT_EAR,0.5777661204338074,0.36001965403556824,0.006431033369153738
136,MOUTH_LEFT,0.5880764722824097,0.3990136981010437,-0.0629536584019661
136,MOUTH_RIGHT,0.5830060243606567,0.3881675601005554,-0.07655113935470581
136,LEFT_SHOULDER,0.5753185153007507,0.43126383423805237,0.09244006872177124
136,RIGHT_SHOULDER,0.5074764490127563,0.39156538248062134,0.018812475726008415
136,LEFT_ELBOW,0.5196585059165955,0.41059333086013794,-0.05098111182451248
136,RIGHT_ELBOW,0.4576892852783203,0.3817285895347595,-0.1614849865436554
136,LEFT_WRIST,0.4567348062992096,0.33665794134140015,-0.22819232940673828
136,RIGHT_WRIST,0.4451514780521393,0.334626168012619,-0.40788713097572327
136,LEFT_PINKY,0.4393717646598816,0.3172387480735779,-0.2726866602897644
136,RIGHT_PINKY,0.43939876556396484,0.32334035634994507,-0.46366214752197266
136,LEFT_INDEX,0.4402340352535248,0.31179970502853394,-0.27536115050315857
136,RIGHT_INDEX,0.4461734890937805,0.32093045115470886,-0.45848798751831055
136,LEFT_THUMB,0.4462254047393799,0.3196706771850586,-0.2333528995513916
136,RIGHT_THUMB,0.4635494649410248,0.33218222856521606,-0.4124196469783783
136,LEFT_HIP,0.48131364583969116,0.5979657173156738,0.10983292758464813
136,RIGHT_HIP,0.4324799180030823,0.5845503807067871,-0.11000963300466537
136,LEFT_KNEE,0.5100798606872559,0.7240604162216187,0.1833132803440094
136,RIGHT_KNEE,0.4634714722633362,0.7295869588851929,-0.2917421758174896
136,LEFT_ANKLE,0.46413832902908325,0.844889760017395,0.34217414259910583
136,RIGHT_ANKLE,0.4464685916900635,0.8875712156295776,-0.331851601600647
136,LEFT_HEEL,0.44934073090553284,0.8596154451370239,0.35068243741989136
136,RIGHT_HEEL,0.434447705745697,0.9081707000732422,-0.34225350618362427
136,LEFT_FOOT_INDEX,0.5114988088607788,0.8937298059463501,0.2533424496650696
136,RIGHT_FOOT_INDEX,0.4982283115386963,0.9120955467224121,-0.5203629732131958
137,NOSE,0.5952901244163513,0.3769240081310272,-0.16384318470954895
137,LEFT_EYE_INNER,0.6038182973861694,0.3704729974269867,-0.1359458863735199
137,LEFT_EYE,0.6067468523979187,0.37493959069252014,-0.13605493307113647
137,LEFT_EYE_OUTER,0.6082170605659485,0.3823118209838867,-0.1359969526529312
137,RIGHT_EYE_INNER,0.5942009091377258,0.36171138286590576,-0.1401675045490265
137,RIGHT_EYE,0.5904214978218079,0.3585560917854309,-0.14029154181480408
137,RIGHT_EYE_OUTER,0.5893632173538208,0.3582148253917694,-0.14034932851791382
137,LEFT_EAR,0.6034715175628662,0.38161247968673706,0.01930784061551094
137,RIGHT_EAR,0.5755304098129272,0.35554108023643494,4.125550913158804e-05
137,MOUTH_LEFT,0.5896685719490051,0.3978635370731354,-0.10590320825576782
137,MOUTH_RIGHT,0.5797129273414612,0.3826918303966522,-0.11323840916156769
137,LEFT_SHOULDER,0.5762426853179932,0.430808961391449,0.05575890466570854
137,RIGHT_SHOULDER,0.5074645280838013,0.3895827531814575,0.03190421313047409
137,LEFT_ELBOW,0.5191740393638611,0.40790921449661255,-0.07563547790050507
137,RIGHT_ELBOW,0.4442319869995117,0.3708037734031677,-0.0839051753282547
137,LEFT_WRIST,0.4550873637199402,0.32896676659584045,-0.24136321246623993
137,RIGHT_WRIST,0.4402157664299011,0.3265237510204315,-0.30461394786834717
137,LEFT_PINKY,0.4380841851234436,0.3104005455970764,-0.2892419695854187
137,RIGHT_PINKY,0.43466120958328247,0.30990248918533325,-0.3556562066078186
137,LEFT_INDEX,0.4399973750114441,0.30411607027053833,-0.2935710549354553
137,RIGHT_INDEX,0.43783822655677795,0.3067754805088043,-0.3600708544254303
137,LEFT_THUMB,0.44552749395370483,0.31387609243392944,-0.24683550000190735
137,RIGHT_THUMB,0.44364166259765625,0.3154970109462738,-0.31276261806488037
137,LEFT_HIP,0.4814790189266205,0.5978036522865295,0.10549360513687134
137,RIGHT_HIP,0.432791531085968,0.5844912528991699,-0.10566803067922592
137,LEFT_KNEE,0.5100263357162476,0.7239903211593628,0.1804223507642746
137,RIGHT_KNEE,0.46355968713760376,0.7294214963912964,-0.29012352228164673
137,LEFT_ANKLE,0.46414119005203247,0.8456723093986511,0.3499240577220917
137,RIGHT_ANKLE,0.44647017121315,0.8876674771308899,-0.3136977255344391
137,LEFT_HEEL,0.44942110776901245,0.8602587580680847,0.35929879546165466
137,RIGHT_HEEL,0.43445339798927307,0.9082692861557007,-0.3259887099266052
137,LEFT_FOOT_INDEX,0.5114585161209106,0.8936535120010376,0.2512904405593872
137,RIGHT_FOOT_INDEX,0.4983145296573639,0.9121082425117493,-0.5192256569862366
138,NOSE,0.5907357335090637,0.3723921775817871,-0.17389342188835144
138,LEFT_EYE_INNER,0.6030110120773315,0.37085390090942383,-0.1467362344264984
138,LEFT_EYE,0.6059244275093079,0.3750644326210022,-0.1468401551246643
138,LEFT_EYE_OUTER,0.6080285310745239,0.38073641061782837,-0.1467733085155487
138,RIGHT_EYE_INNER,0.5944252610206604,0.3624417185783386,-0.14633311331272125
138,RIGHT_EYE,0.5908619165420532,0.35949525237083435,-0.14646849036216736
138,RIGHT_EYE_OUTER,0.5899529457092285,0.35796111822128296,-0.1465638279914856
138,LEFT_EAR,0.6045530438423157,0.3815472722053528,-0.0018862129654735327
138,RIGHT_EAR,0.5789942741394043,0.35686877369880676,-0.0025439304299652576
138,MOUTH_LEFT,0.5868446230888367,0.39553678035736084,-0.12079177051782608
138,MOUTH_RIGHT,0.5750815272331238,0.3791121542453766,-0.12168432772159576
138,LEFT_SHOULDER,0.579535186290741,0.43079081177711487,0.0204395093023777
138,RIGHT_SHOULDER,0.5074747800827026,0.3880031704902649,0.04520350322127342
138,LEFT_ELBOW,0.5234468579292297,0.40295273065567017,-0.12161537259817123
138,RIGHT_ELBOW,0.43730148673057556,0.3644382059574127,-0.006392444018274546
138,LEFT_WRIST,0.4555225968360901,0.32411256432533264,-0.26384156942367554
138,RIGHT_WRIST,0.43652859330177307,0.3187628388404846,-0.14518490433692932
138,LEFT_PINKY,0.43810009956359863,0.30544349551200867,-0.3096642792224884
138,RIGHT_PINKY,0.4327012002468109,0.3033055067062378,-0.182885080575943
138,LEFT_INDEX,0.43966713547706604,0.2984568178653717,-0.310720831155777
138,RIGHT_INDEX,0.4355064332485199,0.29708585143089294,-0.18677254021167755
138,LEFT_THUMB,0.4450572431087494,0.3083420395851135,-0.2673705518245697
138,RIGHT_THUMB,0.4397004544734955,0.3090854287147522,-0.15171757340431213
138,LEFT_HIP,0.4817509055137634,0.5977115035057068,0.09879284352064133
138,RIGHT_HIP,0.4327901303768158,0.584083616733551,-0.0990445464849472
138,LEFT_KNEE,0.5100250840187073,0.723871111869812,0.16030026972293854
138,RIGHT_KNEE,0.46357759833335876,0.7294021844863892,-0.29615309834480286
138,LEFT_ANKLE,0.4640483856201172,0.8459208607673645,0.32892662286758423
138,RIGHT_ANKLE,0.44664064049720764,0.888076663017273,-0.3129759430885315
138,LEFT_HEEL,0.4493953585624695,0.8607009053230286,0.33855241537094116
138,RIGHT_HEEL,0.43470102548599243,0.9087491035461426,-0.32530081272125244
138,LEFT_FOOT_INDEX,0.5098870992660522,0.8927022218704224,0.22377364337444305
138,RIGHT_FOOT_INDEX,0.49911361932754517,0.9122637510299683,-0.5168285369873047
139,NOSE,0.591269314289093,0.3731843829154968,-0.1683558225631714
139,LEFT_EYE_INNER,0.6044012308120728,0.3698050379753113,-0.14027796685695648
139,LEFT_EYE,0.6076318621635437,0.37639671564102173,-0.1403658241033554
139,LEFT_EYE_OUTER,0.6090956926345825,0.3808442950248718,-0.14028844237327576
139,RIGHT_EYE_INNER,0.5945302248001099,0.36081236600875854,-0.14683279395103455
139,RIGHT_EYE,0.5912097692489624,0.35756561160087585,-0.14697682857513428
139,RIGHT_EYE_OUTER,0.5895291566848755,0.3546075224876404,-0.14705196022987366
139,LEFT_EAR,0.6048978567123413,0.38148564100265503,0.011144119314849377
139,RIGHT_EAR,0.5830188989639282,0.35766690969467163,-0.01604805514216423
139,MOUTH_LEFT,0.5893857479095459,0.3958231806755066,-0.1116100326180458
139,MOUTH_RIGHT,0.575992226600647,0.37900593876838684,-0.12190890312194824
139,LEFT_SHOULDER,0.5791178345680237,0.43018922209739685,0.05143321678042412
139,RIGHT_SHOULDER,0.5068942308425903,0.3867289423942566,0.016622468829154968
139,LEFT_ELBOW,0.5197551846504211,0.39260539412498474,-0.11628786474466324
139,RIGHT_ELBOW,0.43506842851638794,0.368665874004364,-0.11135147511959076
139,LEFT_WRIST,0.4516044557094574,0.3190786838531494,-0.19584934413433075
139,RIGHT_WRIST,0.4371170103549957,0.313092440366745,-0.32645320892333984
139,LEFT_PINKY,0.436577171087265,0.3014286756515503,-0.23542296886444092
139,RIGHT_PINKY,0.43238043785095215,0.293816477060318,-0.37951719760894775
139,LEFT_INDEX,0.43892747163772583,0.29534393548965454,-0.24586360156536102
139,RIGHT_INDEX,0.43608126044273376,0.29088714718818665,-0.37606826424598694
139,LEFT_THUMB,0.4444959759712219,0.30505961179733276,-0.20240946114063263
139,RIGHT_THUMB,0.4385140538215637,0.29927724599838257,-0.33120566606521606
139,LEFT_HIP,0.48202410340309143,0.5970543622970581,0.10232283920049667
139,RIGHT_HIP,0.43278950452804565,0.5829805135726929,-0.10253782570362091
139,LEFT_KNEE,0.5100545287132263,0.7224171757698059,0.160464346408844
139,RIGHT_KNEE,0.46365031599998474,0.7288273572921753,-0.29518619179725647
139,LEFT_ANKLE,0.46378272771835327,0.8459882736206055,0.3189709782600403
139,RIGHT_ANKLE,0.44694390892982483,0.8880645632743835,-0.3127742111682892
139,LEFT_HEEL,0.4491594731807709,0.8609973788261414,0.32657942175865173
139,RIGHT_HEEL,0.4349905550479889,0.9088203310966492,-0.32520630955696106
139,LEFT_FOOT_INDEX,0.5099747180938721,0.892675518989563,0.21784274280071259
139,RIGHT_FOOT_INDEX,0.49986204504966736,0.9122760891914368,-0.5157023072242737
140,NOSE,0.6038944125175476,0.3821421265602112,-0.11847998201847076
140,LEFT_EYE_INNER,0.6096799373626709,0.3696442246437073,-0.09704120457172394
140,LEFT_EYE,0.6117544770240784,0.3765895962715149,-0.09712134301662445
140,LEFT_EYE_OUTER,0.6124168634414673,0.3804726004600525,-0.0970195084810257
140,RIGHT_EYE_INNER,0.6001613736152649,0.36134445667266846,-0.10966620594263077
140,RIGHT_EYE,0.5963099598884583,0.3583276867866516,-0.10984726995229721
140,RIGHT_EYE_OUTER,0.6008720397949219,0.3595319390296936,-0.10990996658802032
140,LEFT_EAR,0.605870246887207,0.3804331421852112,0.0231942031532526
140,RIGHT_EAR,0.5894702672958374,0.3591987192630768,-0.016830194741487503
140,MOUTH_LEFT,0.5960952043533325,0.3961152136325836,-0.07005615532398224
140,MOUTH_RIGHT,0.591277539730072,0.3850894272327423,-0.08885333687067032
140,LEFT_SHOULDER,0.5782579183578491,0.4278027415275574,0.06469874083995819
140,RIGHT_SHOULDER,0.514223039150238,0.38697510957717896,0.004826322663575411
140,LEFT_ELBOW,0.518379807472229,0.38572224974632263,-0.016226403415203094
140,RIGHT_ELBOW,0.4525476098060608,0.36441266536712646,-0.14573940634727478
140,LEFT_WRIST,0.4501868188381195,0.31793349981307983,-0.1404215693473816
140,RIGHT_WRIST,0.4419724941253662,0.31758591532707214,-0.3405734896659851
140,LEFT_PINKY,0.434512197971344,0.2991825342178345,-0.17397552728652954
140,RIGHT_PINKY,0.43732666969299316,0.30359527468681335,-0.38960886001586914
140,LEFT_INDEX,0.43707865476608276,0.2929045557975769,-0.18570855259895325
140,RIGHT_INDEX,0.4433482587337494,0.30183500051498413,-0.38406068086624146
140,LEFT_THUMB,0.4424980580806732,0.3021145761013031,-0.1479879468679428
140,RIGHT_THUMB,0.44764599204063416,0.30925267934799194,-0.3436821401119232
140,LEFT_HIP,0.4815751612186432,0.5966297388076782,0.10987721383571625
140,RIGHT_HIP,0.43310075998306274,0.5829738974571228,-0.11009909212589264
140,LEFT_KNEE,0.5100549459457397,0.7204076647758484,0.19632193446159363
140,RIGHT_KNEE,0.4641588628292084,0.7287942171096802,-0.2983112037181854
140,LEFT_ANKLE,0.4634439945220947,0.8458847999572754,0.3420838713645935
140,RIGHT_ANKLE,0.4473569989204407,0.8881152272224426,-0.3365476727485657
140,LEFT_HEEL,0.44900232553482056,0.8610131144523621,0.3488997220993042
140,RIGHT_HEEL,0.435419499874115,0.9091120958328247,-0.35113000869750977
140,LEFT_FOOT_INDEX,0.5115483999252319,0.8926576375961304,0.2523457109928131
140,RIGHT_FOOT_INDEX,0.5004976987838745,0.9121848344802856,-0.5280278325080872
141,NOSE,0.6038920879364014,0.38495323061943054,-0.11100741475820541
141,LEFT_EYE_INNER,0.6099655032157898,0.37317830324172974,-0.09139092266559601
141,LEFT_EYE,0.6115893125534058,0.3767816722393036,-0.09148818254470825
141,LEFT_EYE_OUTER,0.6122477054595947,0.3804079592227936,-0.09139276295900345
141,RIGHT_EYE_INNER,0.5987460613250732,0.3612986207008362,-0.09650958329439163
141,RIGHT_EYE,0.5945690870285034,0.3584730327129364,-0.09667491912841797
141,RIGHT_EYE_OUTER,0.6012369394302368,0.36144518852233887,-0.09675666689872742
141,LEFT_EAR,0.6058546304702759,0.380249559879303,0.029598558321595192
141,RIGHT_EAR,0.5896618366241455,0.3611883819103241,0.0030334871262311935
141,MOUTH_LEFT,0.5961564779281616,0.39634910225868225,-0.06692545861005783
141,MOUTH_RIGHT,0.5918052196502686,0.3871513307094574,-0.07527638971805573
141,LEFT_SHOULDER,0.5780795216560364,0.4267306327819824,0.05744059011340141
141,RIGHT_SHOULDER,0.5160874128341675,0.39131203293800354,0.03100438416004181
141,LEFT_ELBOW,0.5180277228355408,0.3818393349647522,-0.06857718527317047
141,RIGHT_ELBOW,0.4623351991176605,0.36790865659713745,0.03523855656385422
141,LEFT_WRIST,0.44815903902053833,0.3131788372993469,-0.22982735931873322
141,RIGHT_WRIST,0.4431639313697815,0.31827130913734436,0.0014335450250655413
141,LEFT_PINKY,0.4323306679725647,0.29421737790107727,-0.27040937542915344
141,RIGHT_PINKY,0.4382474422454834,0.3053921163082123,-0.02074018493294716
141,LEFT_INDEX,0.43414372205734253,0.2866551876068115,-0.27727988362312317
141,RIGHT_INDEX,0.4422850012779236,0.30228304862976074,-0.027528807520866394
141,LEFT_THUMB,0.4395083487033844,0.2967349588871002,-0.23626379668712616
141,RIGHT_THUMB,0.44652658700942993,0.30934393405914307,-0.002710034605115652
141,LEFT_HIP,0.4810502529144287,0.5960702896118164,0.10786318778991699
141,RIGHT_HIP,0.433921754360199,0.583102822303772,-0.1080624908208847
141,LEFT_KNEE,0.5100767612457275,0.719222903251648,0.18807560205459595
141,RIGHT_KNEE,0.46552667021751404,0.728983461856842,-0.29790470004081726
141,LEFT_ANKLE,0.4634284973144531,0.8455802798271179,0.35393548011779785
141,RIGHT_ANKLE,0.4476202130317688,0.8882371783256531,-0.3286454677581787
141,LEFT_HEEL,0.44858813285827637,0.8607902526855469,0.3642895221710205
141,RIGHT_HEEL,0.4356306195259094,0.9094107747077942,-0.3417309522628784
141,LEFT_FOOT_INDEX,0.5116612315177917,0.8926528096199036,0.2694811224937439
141,RIGHT_FOOT_INDEX,0.5009790658950806,0.9121381640434265,-0.5121408700942993
142,NOSE,0.6084412336349487,0.38813287019729614,-0.0602194145321846
142,LEFT_EYE_INNER,0.6118148565292358,0.3731135129928589,-0.044886767864227295
142,LEFT_EYE,0.6131099462509155,0.3756086528301239,-0.04499276354908943
142,LEFT_EYE_OUTER,0.6137040853500366,0.3801077604293823,-0.04489690810441971
142,RIGHT_EYE_INNER,0.6036695241928101,0.363739013671875,-0.06478363275527954
142,RIGHT_EYE,0.599913477897644,0.36141568422317505,-0.06494683772325516
142,RIGHT_EYE_OUTER,0.601148247718811,0.36166518926620483,-0.06502294540405273
142,LEFT_EAR,0.6067668199539185,0.3787060081958771,0.05892257019877434
142,RIGHT_EAR,0.5941182374954224,0.36271151900291443,-0.021623587235808372
142,MOUTH_LEFT,0.5995239019393921,0.39650410413742065,-0.017002791166305542
142,MOUTH_RIGHT,0.5978106260299683,0.3905864655971527,-0.045207928866147995
142,LEFT_SHOULDER,0.5777071714401245,0.4249657094478607,0.10530593246221542
142,RIGHT_SHOULDER,0.5247789025306702,0.39421308040618896,-0.034769222140312195
142,LEFT_ELBOW,0.5169155597686768,0.3839969336986542,0.020442362874746323
142,RIGHT_ELBOW,0.4914328157901764,0.36808085441589355,-0.11967189610004425
142,LEFT_WRIST,0.44862285256385803,0.3129585385322571,-0.14698970317840576
142,RIGHT_WRIST,0.4461374878883362,0.32026830315589905,-0.2317010909318924
142,LEFT_PINKY,0.43275827169418335,0.29558780789375305,-0.1809130609035492
142,RIGHT_PINKY,0.43987664580345154,0.30805131793022156,-0.2779574990272522
142,LEFT_INDEX,0.43449193239212036,0.28802770376205444,-0.19478219747543335
142,RIGHT_INDEX,0.4442368447780609,0.3060030937194824,-0.2764013707637787
142,LEFT_THUMB,0.43991079926490784,0.29669052362442017,-0.15679346024990082
142,RIGHT_THUMB,0.4498637318611145,0.31268078088760376,-0.23673498630523682
142,LEFT_HIP,0.4802853465080261,0.5950544476509094,0.12071435153484344
142,RIGHT_HIP,0.4352053701877594,0.5829397439956665,-0.12085910886526108
142,LEFT_KNEE,0.5100536346435547,0.7174404859542847,0.22549784183502197
142,RIGHT_KNEE,0.466191828250885,0.7284120321273804,-0.3363969624042511
142,LEFT_ANKLE,0.46335864067077637,0.845145583152771,0.3923988938331604
142,RIGHT_ANKLE,0.44767388701438904,0.8882562518119812,-0.4086702764034271
142,LEFT_HEEL,0.4483403265476227,0.8603838086128235,0.4020552635192871
142,RIGHT_HEEL,0.4356456696987152,0.9095025062561035,-0.426124632358551
142,LEFT_FOOT_INDEX,0.5116685628890991,0.891431450843811,0.3149290680885315
142,RIGHT_FOOT_INDEX,0.5015349388122559,0.9121414422988892,-0.6031845808029175
143,NOSE,0.6073784232139587,0.3763170838356018,-0.1242135539650917
143,LEFT_EYE_INNER,0.6124309301376343,0.3727265000343323,-0.10180405527353287
143,LEFT_EYE,0.6133933663368225,0.374443382024765,-0.10189501941204071
143,LEFT_EYE_OUTER,0.6139647364616394,0.3771788477897644,-0.10181313753128052
143,RIGHT_EYE_INNER,0.6075024604797363,0.36390987038612366,-0.10674396902322769
143,RIGHT_EYE,0.6043927073478699,0.3614737391471863,-0.10690440237522125
143,RIGHT_EYE_OUTER,0.6031981706619263,0.36137935519218445,-0.10699085891246796
143,LEFT_EAR,0.6071454286575317,0.3770415186882019,0.024410398676991463
143,RIGHT_EAR,0.5938358902931213,0.3611515462398529,-0.016102824360132217
143,MOUTH_LEFT,0.5992758274078369,0.39409691095352173,-0.0762605220079422
143,MOUTH_RIGHT,0.5931563377380371,0.3824332356452942,-0.08434295654296875
143,LEFT_SHOULDER,0.5775872468948364,0.4235932230949402,0.05384603887796402
143,RIGHT_SHOULDER,0.5235036611557007,0.3897172510623932,0.008914018981158733
143,LEFT_ELBOW,0.5133056044578552,0.3845959007740021,-0.05239080265164375
143,RIGHT_ELBOW,0.46247443556785583,0.3571619391441345,-0.015795229002833366
143,LEFT_WRIST,0.44545191526412964,0.304732084274292,-0.205358624458313
143,RIGHT_WRIST,0.4408751428127289,0.3046836256980896,-0.09615495800971985
143,LEFT_PINKY,0.4309322237968445,0.2843419909477234,-0.24707043170928955
143,RIGHT_PINKY,0.43570011854171753,0.2812599241733551,-0.1294533908367157
143,LEFT_INDEX,0.4333374500274658,0.27454107999801636,-0.2575743794441223
143,RIGHT_INDEX,0.43744969367980957,0.27888792753219604,-0.13489636778831482
143,LEFT_THUMB,0.4379052519798279,0.28718650341033936,-0.2135145664215088
143,RIGHT_THUMB,0.4408106207847595,0.2888142764568329,-0.10189791768789291
143,LEFT_HIP,0.48028039932250977,0.5946442484855652,0.11726417392492294
143,RIGHT_HIP,0.4353063106536865,0.5828912854194641,-0.11741849035024643
143,LEFT_KNEE,0.510096549987793,0.7166904807090759,0.21727311611175537
143,RIGHT_KNEE,0.46649113297462463,0.7284197211265564,-0.3123263120651245
143,LEFT_ANKLE,0.46357259154319763,0.8427407145500183,0.3775767683982849
143,RIGHT_ANKLE,0.44767504930496216,0.8884478807449341,-0.3116300404071808
143,LEFT_HEEL,0.44838014245033264,0.8596653938293457,0.3886358141899109
143,RIGHT_HEEL,0.4356462061405182,0.9098871350288391,-0.32261499762535095
143,LEFT_FOOT_INDEX,0.5117933750152588,0.8914316296577454,0.2904459834098816
143,RIGHT_FOOT_INDEX,0.5020602941513062,0.9123015403747559,-0.503440260887146
144,NOSE,0.606687068939209,0.37700337171554565,-0.12755995988845825
144,LEFT_EYE_INNER,0.612221360206604,0.372237890958786,-0.10547413676977158
144,LEFT_EYE,0.6132307052612305,0.3733231723308563,-0.1055683121085167
144,LEFT_EYE_OUTER,0.6138805150985718,0.37491080164909363,-0.1054794043302536
144,RIGHT_EYE_INNER,0.607297420501709,0.36401256918907166,-0.10892067104578018
144,RIGHT_EYE,0.6046842932701111,0.36174437403678894,-0.10907051712274551
144,RIGHT_EYE_OUTER,0.6031087636947632,0.36152446269989014,-0.10916133970022202
144,LEFT_EAR,0.6075980067253113,0.37461572885513306,0.01517257560044527
144,RIGHT_EAR,0.593664288520813,0.36099010705947876,-0.01101871021091938
144,MOUTH_LEFT,0.5994429588317871,0.39228785037994385,-0.08223356306552887
144,MOUTH_RIGHT,0.5943838357925415,0.38317641615867615,-0.08784347027540207
144,LEFT_SHOULDER,0.5779018402099609,0.42242932319641113,0.04005846381187439
144,RIGHT_SHOULDER,0.522072434425354,0.38881412148475647,0.012233523651957512
144,LEFT_ELBOW,0.5175021886825562,0.37970903515815735,-0.07395138591527939
144,RIGHT_ELBOW,0.4587400555610657,0.35572803020477295,-0.008185225538909435
144,LEFT_WRIST,0.44390231370925903,0.3026652932167053,-0.21962127089500427
144,RIGHT_WRIST,0.4342612326145172,0.3026067614555359,-0.08898484706878662
144,LEFT_PINKY,0.42905980348587036,0.28295743465423584,-0.2636168599128723
144,RIGHT_PINKY,0.42913565039634705,0.2815413773059845,-0.12356430292129517
144,LEFT_INDEX,0.43064531683921814,0.275819331407547,-0.27051877975463867
144,RIGHT_INDEX,0.43107718229293823,0.27869680523872375,-0.13219818472862244
144,LEFT_THUMB,0.43491989374160767,0.28582754731178284,-0.22632555663585663
144,RIGHT_THUMB,0.43377771973609924,0.2876834273338318,-0.09608544409275055
144,LEFT_HIP,0.48028379678726196,0.5940011143684387,0.11632200330495834
144,RIGHT_HIP,0.4357075095176697,0.582836925983429,-0.11654762923717499
144,LEFT_KNEE,0.5103034973144531,0.716806948184967,0.20888666808605194
144,RIGHT_KNEE,0.46707504987716675,0.7288528084754944,-0.2792847454547882
144,LEFT_ANKLE,0.4642091691493988,0.8405370712280273,0.3895629048347473
144,RIGHT_ANKLE,0.44749850034713745,0.8884497880935669,-0.25937339663505554
144,LEFT_HEEL,0.44836077094078064,0.8573725819587708,0.4036131501197815
144,RIGHT_HEEL,0.4353254735469818,0.9097830057144165,-0.26742371916770935
144,LEFT_FOOT_INDEX,0.5119002461433411,0.8916188478469849,0.31293588876724243
144,RIGHT_FOOT_INDEX,0.5015743374824524,0.9123283624649048,-0.4367278516292572
145,NOSE,0.6061339974403381,0.37778908014297485,-0.12608616054058075
145,LEFT_EYE_INNER,0.6120390295982361,0.3717987835407257,-0.10428205877542496
145,LEFT_EYE,0.6130856871604919,0.37252622842788696,-0.10437776148319244
145,LEFT_EYE_OUTER,0.6137572526931763,0.3735671043395996,-0.10429205000400543
145,RIGHT_EYE_INNER,0.6073011159896851,0.3640967011451721,-0.10795770585536957
145,RIGHT_EYE,0.6050167679786682,0.36195820569992065,-0.1081027239561081
145,RIGHT_EYE_OUTER,0.6032333970069885,0.36162927746772766,-0.10819192230701447
145,LEFT_EAR,0.6078897714614868,0.37306931614875793,0.014861012808978558
145,RIGHT_EAR,0.5942100286483765,0.3608512878417969,-0.004767924547195435
145,MOUTH_LEFT,0.5993431806564331,0.38965490460395813,-0.08100231736898422
145,MOUTH_RIGHT,0.5948020219802856,0.3829954266548157,-0.08680249750614166
145,LEFT_SHOULDER,0.57856684923172,0.4208623766899109,0.03855151683092117
145,RIGHT_SHOULDER,0.5229150056838989,0.38731080293655396,0.022499937564134598
145,LEFT_ELBOW,0.5136926770210266,0.36748039722442627,-0.07681506872177124
145,RIGHT_ELBOW,0.4672068953514099,0.34810036420822144,0.06986130774021149
145,LEFT_WRIST,0.44264617562294006,0.2958361506462097,-0.21779179573059082
145,RIGHT_WRIST,0.433403879404068,0.2902597486972809,0.08104116469621658
145,LEFT_PINKY,0.42694908380508423,0.2749941945075989,-0.26151785254478455
145,RIGHT_PINKY,0.4270954132080078,0.2705378532409668,0.059569209814071655
145,LEFT_INDEX,0.4299245774745941,0.26593542098999023,-0.2678985297679901
145,RIGHT_INDEX,0.42974838614463806,0.2603156864643097,0.04571337252855301
145,LEFT_THUMB,0.4341224730014801,0.2756674289703369,-0.22463813424110413
145,RIGHT_THUMB,0.4322020411491394,0.27519491314888,0.07400910556316376
145,LEFT_HIP,0.4804310202598572,0.5932878255844116,0.1127675399184227
145,RIGHT_HIP,0.4362613558769226,0.5826596021652222,-0.11298704147338867
145,LEFT_KNEE,0.5103780031204224,0.7168078422546387,0.18841248750686646
145,RIGHT_KNEE,0.4674152433872223,0.7294636964797974,-0.27757978439331055
145,LEFT_ANKLE,0.46442994475364685,0.8398948907852173,0.3851337432861328
145,RIGHT_ANKLE,0.44743093848228455,0.888658881187439,-0.25440698862075806
145,LEFT_HEEL,0.44786423444747925,0.8571178317070007,0.399822473526001
145,RIGHT_HEEL,0.4351285994052887,0.9098039865493774,-0.26230108737945557
145,LEFT_FOOT_INDEX,0.5110518932342529,0.8924075961112976,0.3066267669200897
145,RIGHT_FOOT_INDEX,0.501398503780365,0.9124018549919128,-0.43699783086776733
146,NOSE,0.6063309907913208,0.3808450400829315,-0.06871594488620758
146,LEFT_EYE_INNER,0.6118977665901184,0.3721545934677124,-0.05029136687517166
146,LEFT_EYE,0.6130465269088745,0.37269729375839233,-0.05038583278656006
146,LEFT_EYE_OUTER,0.6136698126792908,0.3736213445663452,-0.050274502485990524
146,RIGHT_EYE_INNER,0.6076088547706604,0.3667529225349426,-0.06425897777080536
146,RIGHT_EYE,0.6054960489273071,0.36485350131988525,-0.06439889222383499
146,RIGHT_EYE_OUTER,0.6034100651741028,0.3631366789340973,-0.06452704221010208
146,LEFT_EAR,0.6077250838279724,0.37241291999816895,0.04564003646373749
146,RIGHT_EAR,0.594015896320343,0.3614794611930847,-0.0067488350905478
146,MOUTH_LEFT,0.5995981097221375,0.3901979327201843,-0.030996978282928467
146,MOUTH_RIGHT,0.5963425636291504,0.38547223806381226,-0.05050285533070564
146,LEFT_SHOULDER,0.5785611867904663,0.42099127173423767,0.06760117411613464
146,RIGHT_SHOULDER,0.5255618691444397,0.3889899253845215,-0.022637011483311653
146,LEFT_ELBOW,0.5169199109077454,0.37283235788345337,-0.013287065550684929
146,RIGHT_ELBOW,0.48162955045700073,0.3367244601249695,-0.04556094855070114
146,LEFT_WRIST,0.44355401396751404,0.29813534021377563,-0.1564045548439026
146,RIGHT_WRIST,0.43485817313194275,0.27979862689971924,-0.10851176828145981
146,LEFT_PINKY,0.42764583230018616,0.2777608633041382,-0.19365248084068298
146,RIGHT_PINKY,0.42897725105285645,0.26134514808654785,-0.14478129148483276
146,LEFT_INDEX,0.43038755655288696,0.2677779793739319,-0.20513148605823517
146,RIGHT_INDEX,0.4312712550163269,0.2558790445327759,-0.1489805281162262
146,LEFT_THUMB,0.43496817350387573,0.2770111858844757,-0.16544084250926971
146,RIGHT_THUMB,0.43276476860046387,0.2639721930027008,-0.1136748194694519
146,LEFT_HIP,0.4804336130619049,0.5931764245033264,0.11709532886743546
146,RIGHT_HIP,0.4371020197868347,0.5826625227928162,-0.11741204559803009
146,LEFT_KNEE,0.5102896094322205,0.7168423533439636,0.20791813731193542
146,RIGHT_KNEE,0.46814337372779846,0.7294581532478333,-0.2756768465042114
146,LEFT_ANKLE,0.4644295573234558,0.8398642539978027,0.39855656027793884
146,RIGHT_ANKLE,0.44743242859840393,0.8884173631668091,-0.2719627022743225
146,LEFT_HEEL,0.4478655457496643,0.8572134971618652,0.41130322217941284
146,RIGHT_HEEL,0.43512171506881714,0.9088438153266907,-0.2815268039703369
146,LEFT_FOOT_INDEX,0.5110656023025513,0.8937445878982544,0.32659417390823364
146,RIGHT_FOOT_INDEX,0.5009856224060059,0.9123035669326782,-0.44679856300354004
147,NOSE,0.6197587847709656,0.38456517457962036,0.009820195846259594
147,LEFT_EYE_INNER,0.6214462518692017,0.37318527698516846,0.018665090203285217
147,LEFT_EYE,0.6205312013626099,0.3727441728115082,0.0185659509152174
147,LEFT_EYE_OUTER,0.6193094849586487,0.37355393171310425,0.018688039854168892
147,RIGHT_EYE_INNER,0.6210582852363586,0.37105974555015564,-0.01742648519575596
147,RIGHT_EYE,0.6196893453598022,0.36974015831947327,-0.01752539351582527
147,RIGHT_EYE_OUTER,0.6177076101303101,0.36792755126953125,-0.01762734353542328
147,LEFT_EAR,0.6077991724014282,0.3689529299736023,0.07962244749069214
147,RIGHT_EAR,0.6019167900085449,0.3630313575267792,-0.07637834548950195
147,MOUTH_LEFT,0.6106522083282471,0.3902854025363922,0.037445954978466034
147,MOUTH_RIGHT,0.6106358766555786,0.38994842767715454,-0.011691251769661903
147,LEFT_SHOULDER,0.5622268319129944,0.41511693596839905,0.12517032027244568
147,RIGHT_SHOULDER,0.5433791875839233,0.39248964190483093,-0.14545774459838867
147,LEFT_ELBOW,0.49599140882492065,0.369454562664032,0.11249788850545883
147,RIGHT_ELBOW,0.5067639350891113,0.334755003452301,-0.3099256455898285
147,LEFT_WRIST,0.4409724175930023,0.29515668749809265,-0.04569710046052933
147,RIGHT_WRIST,0.4357772767543793,0.2847829759120941,-0.4422023892402649
147,LEFT_PINKY,0.42722195386886597,0.2758229970932007,-0.0781211405992508
147,RIGHT_PINKY,0.4312465190887451,0.264920711517334,-0.5006881356239319
147,LEFT_INDEX,0.43082648515701294,0.2668377757072449,-0.10235919058322906
147,RIGHT_INDEX,0.43389567732810974,0.2614808678627014,-0.4953259527683258
147,LEFT_THUMB,0.434999942779541,0.2752842605113983,-0.06106720119714737
147,RIGHT_THUMB,0.43614569306373596,0.2703624963760376,-0.4440700113773346
147,LEFT_HIP,0.47648850083351135,0.59023517370224,0.1457938849925995
147,RIGHT_HIP,0.4411458969116211,0.582737922668457,-0.14606153964996338
147,LEFT_KNEE,0.5101824998855591,0.7151886224746704,0.27900880575180054
147,RIGHT_KNEE,0.468555748462677,0.7294067144393921,-0.265402615070343
147,LEFT_ANKLE,0.4644339680671692,0.8394611477851868,0.4438325762748718
147,RIGHT_ANKLE,0.4474795460700989,0.888054370880127,-0.28073692321777344
147,LEFT_HEEL,0.4478299021720886,0.8582442998886108,0.4525853097438812
147,RIGHT_HEEL,0.4351097643375397,0.9083242416381836,-0.2907697260379791
147,LEFT_FOOT_INDEX,0.5122052431106567,0.8937084078788757,0.3777841627597809
147,RIGHT_FOOT_INDEX,0.5017787218093872,0.9122300148010254,-0.45182275772094727
148,NOSE,0.6205393671989441,0.3867175579071045,0.046237535774707794
148,LEFT_EYE_INNER,0.621706485748291,0.37370508909225464,0.04661683365702629
148,LEFT_EYE,0.6204997897148132,0.37286320328712463,0.04653143137693405
148,LEFT_EYE_OUTER,0.6191068887710571,0.37309736013412476,0.04668234661221504
148,RIGHT_EYE_INNER,0.6221243143081665,0.3729707598686218,0.016560807824134827
148,RIGHT_EYE,0.6210935711860657,0.3716711401939392,0.016439396888017654
148,RIGHT_EYE_OUTER,0.6196977496147156,0.36986297369003296,0.01632183976471424
148,LEFT_EAR,0.6072909832000732,0.3655461072921753,0.07828463613986969
148,RIGHT_EAR,0.604006826877594,0.36392125487327576,-0.061224449425935745
148,MOUTH_LEFT,0.6111388802528381,0.3904523253440857,0.06307683885097504
148,MOUTH_RIGHT,0.6122680902481079,0.39172735810279846,0.02183333784341812
148,LEFT_SHOULDER,0.5575738549232483,0.40715551376342773,0.1094454899430275
148,RIGHT_SHOULDER,0.54843670129776,0.39664584398269653,-0.12737157940864563
148,LEFT_ELBOW,0.4967935085296631,0.3724115788936615,0.04641104117035866
148,RIGHT_ELBOW,0.5137678384780884,0.34075602889060974,-0.22981178760528564
148,LEFT_WRIST,0.4401683211326599,0.29692164063453674,-0.14526382088661194
148,RIGHT_WRIST,0.4364849030971527,0.28951162099838257,-0.29893559217453003
148,LEFT_PINKY,0.42725950479507446,0.27717047929763794,-0.19316241145133972
148,RIGHT_PINKY,0.43260303139686584,0.2674914598464966,-0.3455449938774109
148,LEFT_INDEX,0.4311090111732483,0.26935845613479614,-0.2233273684978485
148,RIGHT_INDEX,0.435263067483902,0.2642325758934021,-0.3459988832473755
148,LEFT_THUMB,0.4352656304836273,0.2782450318336487,-0.16871662437915802
148,RIGHT_THUMB,0.4374757409095764,0.2716467082500458,-0.30214923620224
148,LEFT_HIP,0.47469764947891235,0.5887519121170044,0.1433354765176773
148,RIGHT_HIP,0.44377803802490234,0.5830284357070923,-0.1436096876859665
148,LEFT_KNEE,0.5101863741874695,0.7153156995773315,0.30456921458244324
148,RIGHT_KNEE,0.4690786898136139,0.729340672492981,-0.2621873617172241
148,LEFT_ANKLE,0.4644322991371155,0.8392108678817749,0.4934445321559906
148,RIGHT_ANKLE,0.4474247992038727,0.8879449963569641,-0.284549742937088
148,LEFT_HEEL,0.44782209396362305,0.8582769632339478,0.5051758885383606
148,RIGHT_HEEL,0.43487539887428284,0.9078243970870972,-0.29426878690719604
148,LEFT_FOOT_INDEX,0.5122289061546326,0.8933005332946777,0.43013253808021545
148,RIGHT_FOOT_INDEX,0.5014533400535583,0.9122657775878906,-0.45981717109680176
149,NOSE,0.6224827170372009,0.3894042372703552,0.05578852817416191
149,LEFT_EYE_INNER,0.6227840781211853,0.3753586411476135,0.05260050296783447
149,LEFT_EYE,0.6210583448410034,0.373580664396286,0.052517104893922806
149,LEFT_EYE_OUTER,0.6191565990447998,0.37322989106178284,0.05264713615179062
149,RIGHT_EYE_INNER,0.6242942810058594,0.37577590346336365,0.018610041588544846
149,RIGHT_EYE,0.623658299446106,0.37459635734558105,0.018518749624490738
149,RIGHT_EYE_OUTER,0.6226818561553955,0.3728793263435364,0.01841500774025917
149,LEFT_EAR,0.606433629989624,0.3648989796638489,0.07216005772352219
149,RIGHT_EAR,0.606278121471405,0.36555665731430054,-0.08479402959346771
149,MOUTH_LEFT,0.6125701665878296,0.3917180895805359,0.06888424605131149
149,MOUTH_RIGHT,0.6147049069404602,0.3945181965827942,0.02278194949030876
149,LEFT_SHOULDER,0.5484761595726013,0.4040113091468811,0.1142585277557373
149,RIGHT_SHOULDER,0.563361406326294,0.3972077965736389,-0.1727980077266693
149,LEFT_ELBOW,0.4921511709690094,0.3640264868736267,0.09198867529630661
149,RIGHT_ELBOW,0.5268250703811646,0.3425319492816925,-0.3031289279460907
149,LEFT_WRIST,0.43983855843544006,0.29373300075531006,-0.08442512899637222
149,RIGHT_WRIST,0.4428374767303467,0.2903082072734833,-0.380752831697464
149,LEFT_PINKY,0.427330881357193,0.2728270888328552,-0.11754468828439713
149,RIGHT_PINKY,0.43483415246009827,0.2694883346557617,-0.4335758090019226
149,LEFT_INDEX,0.43132147192955017,0.2643822133541107,-0.14343908429145813
149,RIGHT_INDEX,0.435811847448349,0.2658493220806122,-0.42932575941085815
149,LEFT_THUMB,0.43555760383605957,0.274147629737854,-0.10168037563562393
149,RIGHT_THUMB,0.43790102005004883,0.273381769657135,-0.3816416263580322
149,LEFT_HIP,0.4694109559059143,0.58649080991745,0.1517992913722992
149,RIGHT_HIP,0.4488247036933899,0.5838236808776855,-0.15206438302993774
149,LEFT_KNEE,0.5097217559814453,0.7153756618499756,0.33616071939468384
149,RIGHT_KNEE,0.469855397939682,0.7294594645500183,-0.2281743735074997
149,LEFT_ANKLE,0.4639877676963806,0.8402182459831238,0.5316346883773804
149,RIGHT_ANKLE,0.44743070006370544,0.8874101638793945,-0.24618308246135712
149,LEFT_HEEL,0.44774383306503296,0.8613795042037964,0.5439842343330383
149,RIGHT_HEEL,0.43472161889076233,0.9073048830032349,-0.25518137216567993
149,LEFT_FOOT_INDEX,0.5128185153007507,0.8932813405990601,0.4719565808773041
149,RIGHT_FOOT_INDEX,0.5024703741073608,0.9122538566589355,-0.3996970057487488
150,NOSE,0.6202636361122131,0.39313262701034546,0.09926942735910416
150,LEFT_EYE_INNER,0.6220945119857788,0.37895360589027405,0.09100064635276794
150,LEFT_EYE,0.6204368472099304,0.3763502538204193,0.09089382737874985
150,LEFT_EYE_OUTER,0.6177132725715637,0.3744892477989197,0.09099926054477692
150,RIGHT_EYE_INNER,0.6222031712532043,0.38043510913848877,0.06479053199291229
150,RIGHT_EYE,0.6230824589729309,0.37561434507369995,0.06470689177513123
150,RIGHT_EYE_OUTER,0.6228655576705933,0.37476181983947754,0.06457336246967316
150,LEFT_EAR,0.604793906211853,0.3653858006000519,0.08174364268779755
150,RIGHT_EAR,0.6094401478767395,0.3708295524120331,-0.06248228996992111
150,MOUTH_LEFT,0.611092746257782,0.39460644125938416,0.1023651733994484
150,MOUTH_RIGHT,0.6122580766677856,0.3976525664329529,0.0666302815079689
150,LEFT_SHOULDER,0.5479039549827576,0.404926061630249,0.10669811815023422
150,RIGHT_SHOULDER,0.5602012872695923,0.3977457880973816,-0.11695598065853119
150,LEFT_ELBOW,0.48619404435157776,0.3670632541179657,0.050369132310152054
150,RIGHT_ELBOW,0.5150645971298218,0.34358128905296326,-0.21856670081615448
150,LEFT_WRIST,0.4403373599052429,0.2921539843082428,-0.10678283870220184
150,RIGHT_WRIST,0.4429621696472168,0.28848111629486084,-0.2955752909183502
150,LEFT_PINKY,0.4279560148715973,0.2711155414581299,-0.1638198047876358
150,RIGHT_PINKY,0.4349666237831116,0.26854678988456726,-0.3538820743560791
150,LEFT_INDEX,0.43329644203186035,0.2637730538845062,-0.20047131180763245
150,RIGHT_INDEX,0.43609195947647095,0.26202452182769775,-0.38213735818862915
150,LEFT_THUMB,0.4371665120124817,0.2734970450401306,-0.13967233896255493
150,RIGHT_THUMB,0.4388224184513092,0.2712496817111969,-0.30483537912368774
150,LEFT_HIP,0.4665604531764984,0.585811972618103,0.14448554813861847
150,RIGHT_HIP,0.45165783166885376,0.584591269493103,-0.14473959803581238
150,LEFT_KNEE,0.5090761184692383,0.7155430316925049,0.2827567756175995
150,RIGHT_KNEE,0.47044187784194946,0.729446291923523,-0.2198503017425537
150,LEFT_ANKLE,0.463641494512558,0.8424603343009949,0.4910984933376312
150,RIGHT_ANKLE,0.44742757081985474,0.8872774243354797,-0.23889371752738953
150,LEFT_HEEL,0.4474430978298187,0.8648980259895325,0.49115315079689026
150,RIGHT_HEEL,0.4345362186431885,0.9069980382919312,-0.24810175597667694
150,LEFT_FOOT_INDEX,0.512214720249176,0.8937061429023743,0.4283636510372162
150,RIGHT_FOOT_INDEX,0.5027090311050415,0.9126391410827637,-0.3894144296646118
151,NOSE,0.6195014119148254,0.39484572410583496,0.09838996827602386
151,LEFT_EYE_INNER,0.6212801933288574,0.38026151061058044,0.09103544801473618
151,LEFT_EYE,0.6198842525482178,0.3776056170463562,0.09094427525997162
151,LEFT_EYE_OUTER,0.6175175905227661,0.3752117455005646,0.09106007218360901
151,RIGHT_EYE_INNER,0.6217866539955139,0.38172417879104614,0.06265974044799805
151,RIGHT_EYE,0.6221590042114258,0.37914222478866577,0.06257772445678711
151,RIGHT_EYE_OUTER,0.621975839138031,0.37789052724838257,0.06245697662234306
151,LEFT_EAR,0.6048033833503723,0.3656698167324066,0.08471253514289856
151,RIGHT_EAR,0.60927814245224,0.3709593415260315,-0.05425326153635979
151,MOUTH_LEFT,0.6102703809738159,0.3962809443473816,0.10303555428981781
151,MOUTH_RIGHT,0.6117516160011292,0.39950859546661377,0.06449373811483383
151,LEFT_SHOULDER,0.5451014041900635,0.40372663736343384,0.10669296979904175
151,RIGHT_SHOULDER,0.562430202960968,0.39821308851242065,-0.12259938567876816
151,LEFT_ELBOW,0.4732615351676941,0.3662634789943695,0.1059591993689537
151,RIGHT_ELBOW,0.5112573504447937,0.3446798324584961,-0.1957678198814392
151,LEFT_WRIST,0.4384081959724426,0.2911495566368103,-0.028408799320459366
151,RIGHT_WRIST,0.44320207834243774,0.2871623635292053,-0.2022457867860794
151,LEFT_PINKY,0.42799919843673706,0.26868176460266113,-0.061430901288986206
151,RIGHT_PINKY,0.4350659251213074,0.26211017370224,-0.2439737766981125
151,LEFT_INDEX,0.4333081841468811,0.2612569034099579,-0.0891825258731842
151,RIGHT_INDEX,0.4364925026893616,0.2579917907714844,-0.2489260733127594
151,LEFT_THUMB,0.43721112608909607,0.2715045213699341,-0.04587562009692192
151,RIGHT_THUMB,0.43947115540504456,0.26908934116363525,-0.20515599846839905
151,LEFT_HIP,0.46506696939468384,0.5851219892501831,0.1435810923576355
151,RIGHT_HIP,0.4531938433647156,0.5849446654319763,-0.14378049969673157
151,LEFT_KNEE,0.5086774826049805,0.7156238555908203,0.26921290159225464
151,RIGHT_KNEE,0.4710227847099304,0.7298646569252014,-0.20581547915935516
151,LEFT_ANKLE,0.46244901418685913,0.8455230593681335,0.44234737753868103
151,RIGHT_ANKLE,0.44744691252708435,0.8872993588447571,-0.22123663127422333
151,LEFT_HEEL,0.4464210867881775,0.8681718111038208,0.4442759156227112
151,RIGHT_HEEL,0.4344998002052307,0.9070125818252563,-0.22966250777244568
151,LEFT_FOOT_INDEX,0.5099700689315796,0.8950249552726746,0.4073067307472229
151,RIGHT_FOOT_INDEX,0.5036951303482056,0.9132741689682007,-0.3639274537563324
152,NOSE,0.6190387010574341,0.3968058228492737,0.13254804909229279
152,LEFT_EYE_INNER,0.6188648343086243,0.3814380466938019,0.11946725845336914
152,LEFT_EYE,0.6164715886116028,0.37847158312797546,0.11939767748117447
152,LEFT_EYE_OUTER,0.6136816740036011,0.37551677227020264,0.11951880156993866
152,RIGHT_EYE_INNER,0.6208168268203735,0.38427385687828064,0.0886302962899208
152,RIGHT_EYE,0.620913028717041,0.3832743465900421,0.08856759965419769
152,RIGHT_EYE_OUTER,0.6209191679954529,0.3824305236339569,0.0884656086564064
152,LEFT_EAR,0.6013748049736023,0.36500048637390137,0.09249160438776016
152,RIGHT_EAR,0.6100285053253174,0.37329041957855225,-0.050827302038669586
152,MOUTH_LEFT,0.6089410185813904,0.39754724502563477,0.13085925579071045
152,MOUTH_RIGHT,0.6105145215988159,0.40207991003990173,0.08894561976194382
152,LEFT_SHOULDER,0.5201773643493652,0.39090192317962646,0.11586955934762955
152,RIGHT_SHOULDER,0.572491466999054,0.40153437852859497,-0.1452990174293518
152,LEFT_ELBOW,0.43426746129989624,0.3546023368835449,0.149924635887146
152,RIGHT_ELBOW,0.5197676420211792,0.3528619408607483,-0.22243037819862366
152,LEFT_WRIST,0.43282145261764526,0.2871156930923462,0.07391641288995743
152,RIGHT_WRIST,0.4483511447906494,0.2887705862522125,-0.23266753554344177
152,LEFT_PINKY,0.4268432557582855,0.2648112177848816,0.057368189096450806
152,RIGHT_PINKY,0.4397827088832855,0.26551133394241333,-0.2662324905395508
152,LEFT_INDEX,0.4329732358455658,0.2578440308570862,0.02767280302941799
152,RIGHT_INDEX,0.4408378005027771,0.261152982711792,-0.26258584856987
152,LEFT_THUMB,0.4363802969455719,0.2675735056400299,0.058232419192790985
152,RIGHT_THUMB,0.44196099042892456,0.2718711495399475,-0.2222377508878708
152,LEFT_HIP,0.45142292976379395,0.5833086371421814,0.1493324637413025
152,RIGHT_HIP,0.4630892276763916,0.587365984916687,-0.14953887462615967
152,LEFT_KNEE,0.5040798187255859,0.7150360345840454,0.2890051603317261
152,RIGHT_KNEE,0.4749775528907776,0.7302454710006714,-0.15944012999534607
152,LEFT_ANKLE,0.46180230379104614,0.8456748723983765,0.4389868676662445
152,RIGHT_ANKLE,0.4478594660758972,0.8871332406997681,-0.16811318695545197
152,LEFT_HEEL,0.4459710121154785,0.8688796162605286,0.44573649764060974
152,RIGHT_HEEL,0.43449869751930237,0.9066570997238159,-0.17351511120796204
152,LEFT_FOOT_INDEX,0.5041106343269348,0.8861191868782043,0.39879390597343445
152,RIGHT_FOOT_INDEX,0.5054348707199097,0.913343071937561,-0.27559709548950195
153,NOSE,0.6187130808830261,0.3977983891963959,0.13364167511463165
153,LEFT_EYE_INNER,0.6180800199508667,0.38206300139427185,0.12173043191432953
153,LEFT_EYE,0.6152337789535522,0.37914732098579407,0.12165452539920807
153,LEFT_EYE_OUTER,0.6123396158218384,0.3759893774986267,0.12174971401691437
153,RIGHT_EYE_INNER,0.6202114224433899,0.38481730222702026,0.0905057042837143
153,RIGHT_EYE,0.6202784776687622,0.3841204047203064,0.09044786542654037
153,RIGHT_EYE_OUTER,0.6203797459602356,0.3833218216896057,0.09035572409629822
153,LEFT_EAR,0.6001789569854736,0.3652770519256592,0.09729313105344772
153,RIGHT_EAR,0.6092396974563599,0.3743528127670288,-0.04881271719932556
153,MOUTH_LEFT,0.606263279914856,0.3994508683681488,0.13277319073677063
153,MOUTH_RIGHT,0.6103845834732056,0.40403422713279724,0.09029863774776459
153,LEFT_SHOULDER,0.5175816416740417,0.3877153992652893,0.11770151555538177
153,RIGHT_SHOULDER,0.571742594242096,0.4030178487300873,-0.14114472270011902
153,LEFT_ELBOW,0.42949289083480835,0.35233163833618164,0.15892885625362396
153,RIGHT_ELBOW,0.526215672492981,0.3553086221218109,-0.23039989173412323
153,LEFT_WRIST,0.43394017219543457,0.2873927354812622,0.0962383896112442
153,RIGHT_WRIST,0.4516940712928772,0.2892373204231262,-0.2777886986732483
153,LEFT_PINKY,0.4269583821296692,0.264431893825531,0.08084985613822937
153,RIGHT_PINKY,0.4433390200138092,0.267488956451416,-0.31807854771614075
153,LEFT_INDEX,0.433361679315567,0.2581976652145386,0.05261804908514023
153,RIGHT_INDEX,0.4431743621826172,0.2634146511554718,-0.3113155961036682
153,LEFT_THUMB,0.436605840921402,0.2682954967021942,0.08142317831516266
153,RIGHT_THUMB,0.4452671408653259,0.2723274230957031,-0.27494075894355774
153,LEFT_HIP,0.449955552816391,0.5827190279960632,0.1478457897901535
153,RIGHT_HIP,0.4648200571537018,0.5881518721580505,-0.14802607893943787
153,LEFT_KNEE,0.5022971034049988,0.7150968313217163,0.2779921293258667
153,RIGHT_KNEE,0.4774051606655121,0.7302737236022949,-0.17506101727485657
153,LEFT_ANKLE,0.460767924785614,0.8466581106185913,0.41377729177474976
153,RIGHT_ANKLE,0.4479242265224457,0.8869131803512573,-0.1911468803882599
153,LEFT_HEEL,0.4446123540401459,0.8702481985092163,0.420144647359848
153,RIGHT_HEEL,0.4342872202396393,0.9065709114074707,-0.19778001308441162
153,LEFT_FOOT_INDEX,0.5046375393867493,0.8886488080024719,0.39231735467910767
153,RIGHT_FOOT_INDEX,0.5058196783065796,0.9133968353271484,-0.30553239583969116
154,NOSE,0.6169472932815552,0.3982372283935547,0.12590691447257996
154,LEFT_EYE_INNER,0.6168408989906311,0.3821346163749695,0.1143161877989769
154,LEFT_EYE,0.6136902570724487,0.3792887330055237,0.11423567682504654
154,LEFT_EYE_OUTER,0.6107364892959595,0.3760554790496826,0.11432329565286636
154,RIGHT_EYE_INNER,0.6198514103889465,0.3847399353981018,0.08415423333644867
154,RIGHT_EYE,0.6197695732116699,0.38410454988479614,0.08408842235803604
154,RIGHT_EYE_OUTER,0.6198248267173767,0.3832889199256897,0.08400093019008636
154,LEFT_EAR,0.5986831188201904,0.3653748333454132,0.09256744384765625
154,RIGHT_EAR,0.6103583574295044,0.3743199408054352,-0.04865988716483116
154,MOUTH_LEFT,0.6028088927268982,0.4005979001522064,0.12515340745449066
154,MOUTH_RIGHT,0.6084465384483337,0.4051283299922943,0.08405793458223343
154,LEFT_SHOULDER,0.522086501121521,0.39145001769065857,0.113658107817173
154,RIGHT_SHOULDER,0.5698106288909912,0.4031936526298523,-0.14071124792099
154,LEFT_ELBOW,0.42823711037635803,0.35194775462150574,0.15298625826835632
154,RIGHT_ELBOW,0.5262925028800964,0.35511457920074463,-0.22680512070655823
154,LEFT_WRIST,0.43403497338294983,0.28818845748901367,0.0956488624215126
154,RIGHT_WRIST,0.45327821373939514,0.290225088596344,-0.27501562237739563
154,LEFT_PINKY,0.42696189880371094,0.2644025385379791,0.08147674053907394
154,RIGHT_PINKY,0.4446019232273102,0.2678930461406708,-0.31496116518974304
154,LEFT_INDEX,0.4333704113960266,0.25904911756515503,0.05426933616399765
154,RIGHT_INDEX,0.4442722797393799,0.2646934986114502,-0.30895373225212097
154,LEFT_THUMB,0.43660569190979004,0.2696828842163086,0.08158592879772186
154,RIGHT_THUMB,0.44606128334999084,0.2738340198993683,-0.2737019658088684
154,LEFT_HIP,0.4507344663143158,0.5816118717193604,0.1462346613407135
154,RIGHT_HIP,0.46423864364624023,0.5880692601203918,-0.14641603827476501
154,LEFT_KNEE,0.5021909475326538,0.714682936668396,0.2760722041130066
154,RIGHT_KNEE,0.4776596128940582,0.7300196290016174,-0.1716986894607544
154,LEFT_ANKLE,0.4608086049556732,0.8465962409973145,0.41286736726760864
154,RIGHT_ANKLE,0.44792717695236206,0.8864959478378296,-0.18574073910713196
154,LEFT_HEEL,0.44457393884658813,0.870460033416748,0.4201461374759674
154,RIGHT_HEEL,0.43389734625816345,0.906399130821228,-0.19213657081127167
154,LEFT_FOOT_INDEX,0.5053727626800537,0.8888208270072937,0.37893590331077576
154,RIGHT_FOOT_INDEX,0.505835235118866,0.913392186164856,-0.29988497495651245
155,NOSE,0.6213565468788147,0.3913416266441345,0.05989484861493111
155,LEFT_EYE_INNER,0.6227815747261047,0.37567031383514404,0.058607131242752075
155,LEFT_EYE,0.6200217008590698,0.3733691871166229,0.05850347876548767
155,LEFT_EYE_OUTER,0.6168745756149292,0.37078410387039185,0.05854563042521477
155,RIGHT_EYE_INNER,0.6253326535224915,0.3778653144836426,0.016222920268774033
155,RIGHT_EYE,0.624945878982544,0.37774932384490967,0.016168830916285515
155,RIGHT_EYE_OUTER,0.6243596076965332,0.3771541118621826,0.016113078221678734
155,LEFT_EAR,0.5997878313064575,0.3605884909629822,0.07414768636226654
155,RIGHT_EAR,0.6101422905921936,0.3688501715660095,-0.10268288850784302
155,MOUTH_LEFT,0.6069143414497375,0.39627617597579956,0.07426506280899048
155,MOUTH_RIGHT,0.6112047433853149,0.40009933710098267,0.017356442287564278
155,LEFT_SHOULDER,0.5232797861099243,0.38673216104507446,0.11459769308567047
155,RIGHT_SHOULDER,0.5667716264724731,0.4027824401855469,-0.18532076478004456
155,LEFT_ELBOW,0.4368586540222168,0.35253459215164185,0.18920251727104187
155,RIGHT_ELBOW,0.5221630334854126,0.3550776243209839,-0.35233649611473083
155,LEFT_WRIST,0.4345950484275818,0.28788530826568604,0.1612538844347
155,RIGHT_WRIST,0.4550493359565735,0.29097288846969604,-0.4961201250553131
155,LEFT_PINKY,0.4270424246788025,0.2632213532924652,0.15349623560905457
155,RIGHT_PINKY,0.4446752071380615,0.26821187138557434,-0.5537270307540894
155,LEFT_INDEX,0.43347588181495667,0.25755825638771057,0.12579050660133362
155,RIGHT_INDEX,0.4446071684360504,0.26439768075942993,-0.5407618284225464
155,LEFT_THUMB,0.43665438890457153,0.26886481046676636,0.14806561172008514
155,RIGHT_THUMB,0.4467114806175232,0.27426016330718994,-0.4953671395778656
155,LEFT_HIP,0.45257678627967834,0.5804682374000549,0.15118983387947083
155,RIGHT_HIP,0.462747186422348,0.5877715945243835,-0.15141604840755463
155,LEFT_KNEE,0.5023719072341919,0.7147256731987,0.30129754543304443
155,RIGHT_KNEE,0.47761350870132446,0.730016827583313,-0.16810503602027893
155,LEFT_ANKLE,0.46083927154541016,0.8476521372795105,0.462482213973999
155,RIGHT_ANKLE,0.44783997535705566,0.8857742547988892,-0.1426580250263214
155,LEFT_HEEL,0.44451338052749634,0.8719774484634399,0.47288408875465393
155,RIGHT_HEEL,0.4332260191440582,0.9062609672546387,-0.1445959508419037
155,LEFT_FOOT_INDEX,0.5084147453308105,0.8938010931015015,0.41488829255104065
155,RIGHT_FOOT_INDEX,0.5058061480522156,0.9134847521781921,-0.25819131731987
156,NOSE,0.6217474937438965,0.38872015476226807,0.04355675354599953
156,LEFT_EYE_INNER,0.6233965158462524,0.3728253245353699,0.043437421321868896
156,LEFT_EYE,0.6208974123001099,0.37088045477867126,0.04334370046854019
156,LEFT_EYE_OUTER,0.617965817451477,0.3687261939048767,0.04341389983892441
156,RIGHT_EYE_INNER,0.6257416605949402,0.3745151162147522,0.004559713415801525
156,RIGHT_EYE,0.6252700686454773,0.3744129240512848,0.00448645232245326
156,RIGHT_EYE_OUTER,0.6245830655097961,0.37386107444763184,0.004411315079778433
156,LEFT_EAR,0.6006197333335876,0.3595168888568878,0.06855034083127975
156,RIGHT_EAR,0.6097942590713501,0.3663208782672882,-0.10072247684001923
156,MOUTH_LEFT,0.6078218221664429,0.39443108439445496,0.0603545717895031
156,MOUTH_RIGHT,0.6114636063575745,0.3974173069000244,0.0074965618550777435
156,LEFT_SHOULDER,0.5288463234901428,0.3887878656387329,0.11262571811676025
156,RIGHT_SHOULDER,0.5655695199966431,0.4010823667049408,-0.17721711099147797
156,LEFT_ELBOW,0.4547181725502014,0.3559033274650574,0.17149420082569122
156,RIGHT_ELBOW,0.5202168226242065,0.3496796488761902,-0.3305659890174866
156,LEFT_WRIST,0.43879836797714233,0.2886452078819275,0.11029165983200073
156,RIGHT_WRIST,0.45485734939575195,0.2898498475551605,-0.46060067415237427
156,LEFT_PINKY,0.4295717775821686,0.2641139626502991,0.09533326327800751
156,RIGHT_PINKY,0.4445655941963196,0.2633529603481293,-0.5171865820884705
156,LEFT_INDEX,0.43567100167274475,0.2582034468650818,0.06686520576477051
156,RIGHT_INDEX,0.4447280764579773,0.2591438591480255,-0.506339430809021
156,LEFT_THUMB,0.4387268126010895,0.2691707909107208,0.09604012966156006
156,RIGHT_THUMB,0.4469096064567566,0.2718143165111542,-0.46039319038391113
156,LEFT_HIP,0.4619479775428772,0.5807512998580933,0.15066859126091003
156,RIGHT_HIP,0.45955172181129456,0.5870782136917114,-0.1508917212486267
156,LEFT_KNEE,0.5059195160865784,0.7143762707710266,0.31562310457229614
156,RIGHT_KNEE,0.47735485434532166,0.7301373481750488,-0.18000057339668274
156,LEFT_ANKLE,0.4611593186855316,0.8476077318191528,0.5036190152168274
156,RIGHT_ANKLE,0.44777074456214905,0.8857472538948059,-0.1806599199771881
156,LEFT_HEEL,0.44452428817749023,0.8715956807136536,0.5161188840866089
156,RIGHT_HEEL,0.4322880208492279,0.906267523765564,-0.18629144132137299
156,LEFT_FOOT_INDEX,0.5089823007583618,0.8952015042304993,0.44719013571739197
156,RIGHT_FOOT_INDEX,0.504547119140625,0.9142664670944214,-0.30928486585617065
157,NOSE,0.6210817694664001,0.38734498620033264,0.03961107134819031
157,LEFT_EYE_INNER,0.6228641271591187,0.37102481722831726,0.035080522298812866
157,LEFT_EYE,0.620513916015625,0.36909812688827515,0.03499716892838478
157,LEFT_EYE_OUTER,0.6177464723587036,0.36695438623428345,0.035078905522823334
157,RIGHT_EYE_INNER,0.6252296566963196,0.37267956137657166,0.0005086251185275614
157,RIGHT_EYE,0.6248347759246826,0.37250691652297974,0.00043386276229284704
157,RIGHT_EYE_OUTER,0.6242488622665405,0.3719652593135834,0.0003618658520281315
157,LEFT_EAR,0.6007312536239624,0.3581365942955017,0.04627402871847153
157,RIGHT_EAR,0.6095441579818726,0.36490291357040405,-0.10921742022037506
157,MOUTH_LEFT,0.6076359748840332,0.39386001229286194,0.052040569484233856
157,MOUTH_RIGHT,0.6109915971755981,0.3963925242424011,0.004450963344424963
157,LEFT_SHOULDER,0.5272951722145081,0.3859333097934723,0.09857142716646194
157,RIGHT_SHOULDER,0.5671848654747009,0.40120893716812134,-0.18944981694221497
157,LEFT_ELBOW,0.4480968117713928,0.3535725772380829,0.17293265461921692
157,RIGHT_ELBOW,0.5249383449554443,0.35148659348487854,-0.3635881245136261
157,LEFT_WRIST,0.4388938546180725,0.28859707713127136,0.15706123411655426
157,RIGHT_WRIST,0.4592891335487366,0.2943270802497864,-0.5256056189537048
157,LEFT_PINKY,0.429910808801651,0.2638149857521057,0.1490001380443573
157,RIGHT_PINKY,0.4659276008605957,0.2733277678489685,-0.5848463773727417
157,LEFT_INDEX,0.43620625138282776,0.2584664225578308,0.1204615980386734
157,RIGHT_INDEX,0.44970718026161194,0.2640446126461029,-0.5701922178268433
157,LEFT_THUMB,0.43925246596336365,0.2692936062812805,0.14439967274665833
157,RIGHT_THUMB,0.4517952501773834,0.2774569094181061,-0.5244060158729553
157,LEFT_HIP,0.46339020133018494,0.5810102224349976,0.1501624882221222
157,RIGHT_HIP,0.45897072553634644,0.5869977474212646,-0.15039661526679993
157,LEFT_KNEE,0.5076746940612793,0.7137261629104614,0.3289160430431366
157,RIGHT_KNEE,0.47712159156799316,0.7306827306747437,-0.1814708262681961
157,LEFT_ANKLE,0.4612722396850586,0.8464488983154297,0.5416994690895081
157,RIGHT_ANKLE,0.4476967453956604,0.8857781291007996,-0.16509810090065002
157,LEFT_HEEL,0.44459962844848633,0.8706369400024414,0.5569815635681152
157,RIGHT_HEEL,0.4317154288291931,0.9064235687255859,-0.16898177564144135
157,LEFT_FOOT_INDEX,0.5040740370750427,0.8864628672599792,0.49178043007850647
157,RIGHT_FOOT_INDEX,0.5043436288833618,0.9147598147392273,-0.2993757426738739
158,NOSE,0.6206284761428833,0.38795584440231323,0.03984411060810089
158,LEFT_EYE_INNER,0.6223355531692505,0.37143009901046753,0.03738272935152054
158,LEFT_EYE,0.6198270320892334,0.3696497082710266,0.03730521351099014
158,LEFT_EYE_OUTER,0.6170488595962524,0.3675622344017029,0.03739328682422638
158,RIGHT_EYE_INNER,0.624954879283905,0.37287551164627075,0.004974496550858021
158,RIGHT_EYE,0.6244890689849854,0.37280455231666565,0.004896378610283136
158,RIGHT_EYE_OUTER,0.6239129900932312,0.3722028136253357,0.004822455812245607
158,LEFT_EAR,0.6007649898529053,0.3586948812007904,0.040383435785770416
158,RIGHT_EAR,0.60894376039505,0.3650497794151306,-0.1050882339477539
158,MOUTH_LEFT,0.6062763929367065,0.3945665657520294,0.05393867567181587
158,MOUTH_RIGHT,0.6099368333816528,0.3975319266319275,0.009201224893331528
158,LEFT_SHOULDER,0.5210997462272644,0.3817949891090393,0.09434214979410172
158,RIGHT_SHOULDER,0.5684356689453125,0.40115317702293396,-0.189011812210083
158,LEFT_ELBOW,0.4502781331539154,0.34623488783836365,0.19557872414588928
158,RIGHT_ELBOW,0.534032940864563,0.35577481985092163,-0.37489834427833557
158,LEFT_WRIST,0.4389035701751709,0.28816497325897217,0.23528459668159485
158,RIGHT_WRIST,0.47098106145858765,0.3054217994213104,-0.5485432147979736
158,LEFT_PINKY,0.4300824999809265,0.26378750801086426,0.23642845451831818
158,RIGHT_PINKY,0.4607253968715668,0.27899324893951416,-0.6063944101333618
158,LEFT_INDEX,0.43631237745285034,0.2586873471736908,0.20924368500709534
158,RIGHT_INDEX,0.4536462724208832,0.273942768573761,-0.5929161906242371
158,LEFT_THUMB,0.43945273756980896,0.2693820595741272,0.22496339678764343
158,RIGHT_THUMB,0.45870739221572876,0.28637200593948364,-0.5477598905563354
158,LEFT_HIP,0.46340131759643555,0.5810539722442627,0.15049414336681366
158,RIGHT_HIP,0.4588961601257324,0.5869821310043335,-0.15074339509010315
158,LEFT_KNEE,0.5081201195716858,0.7137554883956909,0.3380686938762665
158,RIGHT_KNEE,0.47777050733566284,0.7308714389801025,-0.18052682280540466
158,LEFT_ANKLE,0.461292564868927,0.845496654510498,0.5371137261390686
158,RIGHT_ANKLE,0.44768238067626953,0.8857895731925964,-0.17256222665309906
158,LEFT_HEEL,0.4445827901363373,0.8693617582321167,0.5508097410202026
158,RIGHT_HEEL,0.4310651421546936,0.9065138101577759,-0.17708651721477509
158,LEFT_FOOT_INDEX,0.5027896165847778,0.8831268548965454,0.4890206456184387
158,RIGHT_FOOT_INDEX,0.5043305158615112,0.9148974418640137,-0.3019775152206421
159,NOSE,0.6214282512664795,0.38658997416496277,0.011486981995403767
159,LEFT_EYE_INNER,0.6226950883865356,0.3702068328857422,0.012310368940234184
159,LEFT_EYE,0.6204495429992676,0.36852994561195374,0.01223684661090374
159,LEFT_EYE_OUTER,0.617945671081543,0.3666251599788666,0.01229873951524496
159,RIGHT_EYE_INNER,0.6248127222061157,0.37156540155410767,-0.024239465594291687
159,RIGHT_EYE,0.6242179274559021,0.37140387296676636,-0.02430354617536068
159,RIGHT_EYE_OUTER,0.6235644221305847,0.370849072933197,-0.024370798841118813
159,LEFT_EAR,0.6017426252365112,0.35841482877731323,0.04186565428972244
159,RIGHT_EAR,0.608777642250061,0.3640233278274536,-0.12402025610208511
159,MOUTH_LEFT,0.6075942516326904,0.39347052574157715,0.030913030728697777
159,MOUTH_RIGHT,0.610467255115509,0.3958325684070587,-0.01939992420375347
159,LEFT_SHOULDER,0.5255113840103149,0.3846529424190521,0.10060858726501465
159,RIGHT_SHOULDER,0.5654541254043579,0.39835411310195923,-0.20440486073493958
159,LEFT_ELBOW,0.4571765065193176,0.3488680124282837,0.24382975697517395
159,RIGHT_ELBOW,0.5290960073471069,0.3521905541419983,-0.43326592445373535
159,LEFT_WRIST,0.4410244822502136,0.2884454131126404,0.3121843636035919
159,RIGHT_WRIST,0.47081536054611206,0.3006663918495178,-0.6738646626472473
159,LEFT_PINKY,0.4314238429069519,0.2641124129295349,0.3184041380882263
159,RIGHT_PINKY,0.45839008688926697,0.26917919516563416,-0.7445129156112671
159,LEFT_INDEX,0.4371188282966614,0.2587067484855652,0.291615754365921
159,RIGHT_INDEX,0.4532810151576996,0.26665639877319336,-0.7354897260665894
159,LEFT_THUMB,0.4403788447380066,0.2691362500190735,0.3025039732456207
159,RIGHT_THUMB,0.45757031440734863,0.27828267216682434,-0.67708820104599
159,LEFT_HIP,0.46618613600730896,0.5809992551803589,0.15384125709533691
159,RIGHT_HIP,0.45821958780288696,0.5865594148635864,-0.1540972888469696
159,LEFT_KNEE,0.509760320186615,0.7132253646850586,0.33130937814712524
159,RIGHT_KNEE,0.47796693444252014,0.7312145233154297,-0.18166743218898773
159,LEFT_ANKLE,0.46129998564720154,0.8439159393310547,0.5297514796257019
159,RIGHT_ANKLE,0.4474964141845703,0.8860569000244141,-0.16615188121795654
159,LEFT_HEEL,0.4445365369319916,0.8682293891906738,0.5431277751922607
159,RIGHT_HEEL,0.4304155707359314,0.9068654775619507,-0.17008629441261292
159,LEFT_FOOT_INDEX,0.502642810344696,0.8808146715164185,0.4805258810520172
159,RIGHT_FOOT_INDEX,0.5044306516647339,0.9148939251899719,-0.2972005009651184
160,NOSE,0.6247986555099487,0.3813861906528473,-0.0745479092001915
160,LEFT_EYE_INNER,0.6262603998184204,0.36676153540611267,-0.0562295988202095
160,LEFT_EYE,0.6249905824661255,0.365727961063385,-0.0563182607293129
160,LEFT_EYE_OUTER,0.6235483884811401,0.36454838514328003,-0.0562419518828392
160,RIGHT_EYE_INNER,0.6260348558425903,0.36688923835754395,-0.09606891125440598
160,RIGHT_EYE,0.6246446371078491,0.3663068115711212,-0.0961603969335556
160,RIGHT_EYE_OUTER,0.6233824491500854,0.36546990275382996,-0.09621943533420563
160,LEFT_EAR,0.6065990328788757,0.3572165369987488,0.042311884462833405
160,RIGHT_EAR,0.606850266456604,0.35866841673851013,-0.13815870881080627
160,MOUTH_LEFT,0.6125897169113159,0.3893103003501892,-0.03184203803539276
160,MOUTH_RIGHT,0.6122490763664246,0.3892257809638977,-0.0858280211687088
160,LEFT_SHOULDER,0.565930962562561,0.4044719338417053,0.10260355472564697
160,RIGHT_SHOULDER,0.530718982219696,0.3820174038410187,-0.18524174392223358
160,LEFT_ELBOW,0.49110716581344604,0.35848572850227356,0.20066294074058533
160,RIGHT_ELBOW,0.46583908796310425,0.3412167727947235,-0.38041940331459045
160,LEFT_WRIST,0.44993168115615845,0.2908422350883484,0.25241515040397644
160,RIGHT_WRIST,0.45249709486961365,0.2839861214160919,-0.5768494606018066
160,LEFT_PINKY,0.4349525570869446,0.2644355893135071,0.1946834921836853
160,RIGHT_PINKY,0.44688695669174194,0.25333911180496216,-0.6401780843734741
160,LEFT_INDEX,0.4412427842617035,0.258822500705719,0.2057197093963623
160,RIGHT_INDEX,0.44900092482566833,0.24899522960186005,-0.634245753288269
160,LEFT_THUMB,0.44515833258628845,0.27017658948898315,0.2548520267009735
160,RIGHT_THUMB,0.4523452818393707,0.26150497794151306,-0.5797539949417114
160,LEFT_HIP,0.47758039832115173,0.5815285444259644,0.15301236510276794
160,RIGHT_HIP,0.4508574903011322,0.5838801264762878,-0.15327276289463043
160,LEFT_KNEE,0.5111325979232788,0.7137259244918823,0.2471214234828949
160,RIGHT_KNEE,0.4779312014579773,0.731293261051178,-0.22670893371105194
160,LEFT_ANKLE,0.46131524443626404,0.844715416431427,0.4123189449310303
160,RIGHT_ANKLE,0.4471965432167053,0.8863932490348816,-0.21510601043701172
160,LEFT_HEEL,0.4445245862007141,0.8683081865310669,0.42137041687965393
160,RIGHT_HEEL,0.4301605820655823,0.9074046015739441,-0.22205813229084015
160,LEFT_FOOT_INDEX,0.5029716491699219,0.8818413019180298,0.34873902797698975
160,RIGHT_FOOT_INDEX,0.5045170187950134,0.9150490760803223,-0.36220216751098633
161,NOSE,0.6268113255500793,0.3816480040550232,-0.04798784479498863
161,LEFT_EYE_INNER,0.6279681921005249,0.3669367730617523,-0.038601916283369064
161,LEFT_EYE,0.6266525387763977,0.36581510305404663,-0.03867945820093155
161,LEFT_EYE_OUTER,0.6250981092453003,0.36455753445625305,-0.038598932325839996
161,RIGHT_EYE_INNER,0.6277704238891602,0.3672299385070801,-0.07756509631872177
161,RIGHT_EYE,0.6262842416763306,0.3665952980518341,-0.07763488590717316
161,RIGHT_EYE_OUTER,0.6246908903121948,0.36580121517181396,-0.07771001756191254
161,LEFT_EAR,0.6075883507728577,0.35689017176628113,0.03522332012653351
161,RIGHT_EAR,0.6068435311317444,0.35873451828956604,-0.14715269207954407
161,MOUTH_LEFT,0.6144070625305176,0.38916653394699097,-0.015879957005381584
161,MOUTH_RIGHT,0.6141349673271179,0.3893025517463684,-0.06922803819179535
161,LEFT_SHOULDER,0.557721734046936,0.40338411927223206,0.10347829759120941
161,RIGHT_SHOULDER,0.5364672541618347,0.384811133146286,-0.21227601170539856
161,LEFT_ELBOW,0.48286303877830505,0.35847437381744385,0.22606007754802704
161,RIGHT_ELBOW,0.47076496481895447,0.3373766541481018,-0.46094393730163574
161,LEFT_WRIST,0.4488128125667572,0.28917238116264343,0.2559228837490082
161,RIGHT_WRIST,0.45252352952957153,0.2800026535987854,-0.7203428745269775
161,LEFT_PINKY,0.4348393976688385,0.2614101767539978,0.2520011365413666
161,RIGHT_PINKY,0.4468943476676941,0.24436107277870178,-0.7957946062088013
161,LEFT_INDEX,0.4410753846168518,0.25619959831237793,0.2277909219264984
161,RIGHT_INDEX,0.4489501118659973,0.2411942481994629,-0.7871404886245728
161,LEFT_THUMB,0.44484996795654297,0.26774609088897705,0.24604108929634094
161,RIGHT_THUMB,0.45222997665405273,0.25868645310401917,-0.7242103219032288
161,LEFT_HIP,0.4764837622642517,0.5815927982330322,0.15692277252674103
161,RIGHT_HIP,0.4505918025970459,0.5837027430534363,-0.15723095834255219
161,LEFT_KNEE,0.5109990835189819,0.7146008610725403,0.3062288165092468
161,RIGHT_KNEE,0.47828689217567444,0.7318124175071716,-0.2225818634033203
161,LEFT_ANKLE,0.46125513315200806,0.846326470375061,0.48596328496932983
161,RIGHT_ANKLE,0.4471816420555115,0.8866358995437622,-0.21134190261363983
161,LEFT_HEEL,0.44424885511398315,0.8697506785392761,0.4965764582157135
161,RIGHT_HEEL,0.4301071763038635,0.9080513119697571,-0.2176135778427124
161,LEFT_FOOT_INDEX,0.5031691193580627,0.8825410604476929,0.4231458604335785
161,RIGHT_FOOT_INDEX,0.5048680901527405,0.915263295173645,-0.3548504710197449
162,NOSE,0.6267327070236206,0.3796231150627136,-0.030687784776091576
162,LEFT_EYE_INNER,0.6276546716690063,0.36492085456848145,-0.02456073649227619
162,LEFT_EYE,0.6263110041618347,0.3637552261352539,-0.024626443162560463
162,LEFT_EYE_OUTER,0.6247445344924927,0.36253446340560913,-0.0245621670037508
162,RIGHT_EYE_INNER,0.6276141405105591,0.3655721843242645,-0.06322372704744339
162,RIGHT_EYE,0.6261690855026245,0.36503928899765015,-0.06328370422124863
162,RIGHT_EYE_OUTER,0.6245728731155396,0.36441099643707275,-0.06335095316171646
162,LEFT_EAR,0.607563316822052,0.35548871755599976,0.03445003554224968
162,RIGHT_EAR,0.6066951751708984,0.35775962471961975,-0.14596715569496155
162,MOUTH_LEFT,0.6147253513336182,0.3877353072166443,-0.003479784820228815
162,MOUTH_RIGHT,0.6144822835922241,0.38814738392829895,-0.05627167969942093
162,LEFT_SHOULDER,0.5490851998329163,0.40203601121902466,0.11012537777423859
162,RIGHT_SHOULDER,0.5478389859199524,0.38524243235588074,-0.22575893998146057
162,LEFT_ELBOW,0.4713519215583801,0.35674723982810974,0.28436586260795593
162,RIGHT_ELBOW,0.49189314246177673,0.3392041325569153,-0.48250994086265564
162,LEFT_WRIST,0.44749101996421814,0.28908783197402954,0.4009757936000824
162,RIGHT_WRIST,0.4531938135623932,0.2823946475982666,-0.7536736130714417
162,LEFT_PINKY,0.4343513548374176,0.2618696391582489,0.4168432652950287
162,RIGHT_PINKY,0.4469365179538727,0.2497280091047287,-0.8297122120857239
162,LEFT_INDEX,0.44099706411361694,0.25653010606765747,0.38977763056755066
162,RIGHT_INDEX,0.4489949345588684,0.24642381072044373,-0.8206548690795898
162,LEFT_THUMB,0.44469499588012695,0.2680138051509857,0.39243370294570923
162,RIGHT_THUMB,0.452159583568573,0.26183149218559265,-0.7579621076583862
162,LEFT_HIP,0.4756201207637787,0.581623375415802,0.15983697772026062
162,RIGHT_HIP,0.4509967863559723,0.5839201211929321,-0.1601794809103012
162,LEFT_KNEE,0.5109146237373352,0.7161211967468262,0.31587454676628113
162,RIGHT_KNEE,0.4794003367424011,0.733319878578186,-0.17501592636108398
162,LEFT_ANKLE,0.4609273374080658,0.8473191261291504,0.4978705942630768
162,RIGHT_ANKLE,0.4471684396266937,0.8871492147445679,-0.13207568228244781
162,LEFT_HEEL,0.44367989897727966,0.8707965612411499,0.5095966458320618
162,RIGHT_HEEL,0.429810106754303,0.9090273976325989,-0.13290449976921082
162,LEFT_FOOT_INDEX,0.5031400918960571,0.8830251693725586,0.4464566707611084
162,RIGHT_FOOT_INDEX,0.5052393674850464,0.9156595468521118,-0.2522180676460266
163,NOSE,0.6262568235397339,0.37956029176712036,-0.017962178215384483
163,LEFT_EYE_INNER,0.627226710319519,0.36473995447158813,-0.014836385846138
163,LEFT_EYE,0.6258345246315002,0.3635236620903015,-0.014905030839145184
163,LEFT_EYE_OUTER,0.6242212653160095,0.36224135756492615,-0.014831051230430603
163,RIGHT_EYE_INNER,0.6274211406707764,0.3655712604522705,-0.050819478929042816
163,RIGHT_EYE,0.6260941624641418,0.3650946617126465,-0.05088349059224129
163,RIGHT_EYE_OUTER,0.6245948076248169,0.36456212401390076,-0.05094553157687187
163,LEFT_EAR,0.6074303388595581,0.355302095413208,0.02911366894841194
163,RIGHT_EAR,0.6067565679550171,0.35811954736709595,-0.13679109513759613
163,MOUTH_LEFT,0.6143491268157959,0.3875901997089386,0.005301794037222862
163,MOUTH_RIGHT,0.6145768761634827,0.3881818652153015,-0.04402342811226845
163,LEFT_SHOULDER,0.5374036431312561,0.3917558789253235,0.10297958552837372
163,RIGHT_SHOULDER,0.5584801435470581,0.3890779912471771,-0.21500730514526367
163,LEFT_ELBOW,0.4615423083305359,0.35366132855415344,0.23885026574134827
163,RIGHT_ELBOW,0.517304003238678,0.34038245677948,-0.44687968492507935
163,LEFT_WRIST,0.44577664136886597,0.28898632526397705,0.3079531490802765
163,RIGHT_WRIST,0.45449361205101013,0.2837720513343811,-0.6819195747375488
163,LEFT_PINKY,0.433765709400177,0.2621535658836365,0.31351029872894287
163,RIGHT_PINKY,0.4477977752685547,0.25213125348091125,-0.7514194250106812
163,LEFT_INDEX,0.4409278929233551,0.2566051781177521,0.28624534606933594
163,RIGHT_INDEX,0.45040473341941833,0.24906155467033386,-0.7411454916000366
163,LEFT_THUMB,0.4446001648902893,0.2681363821029663,0.2979661226272583
163,RIGHT_THUMB,0.4527033865451813,0.2627430260181427,-0.6845850944519043
163,LEFT_HIP,0.47178372740745544,0.5816656351089478,0.1585339456796646
163,RIGHT_HIP,0.4516974091529846,0.584007978439331,-0.15885813534259796
163,LEFT_KNEE,0.5099303722381592,0.7165454626083374,0.3210951089859009
163,RIGHT_KNEE,0.48042750358581543,0.7334687113761902,-0.1677764654159546
163,LEFT_ANKLE,0.46068692207336426,0.848595917224884,0.49758386611938477
163,RIGHT_ANKLE,0.4471662938594818,0.8875266909599304,-0.1388736069202423
163,LEFT_HEEL,0.443403422832489,0.8719959259033203,0.5090068578720093
163,RIGHT_HEEL,0.4296654164791107,0.9095171689987183,-0.1410285234451294
163,LEFT_FOOT_INDEX,0.5086761713027954,0.896335780620575,0.44754868745803833
163,RIGHT_FOOT_INDEX,0.5057655572891235,0.9158607721328735,-0.25778552889823914
164,NOSE,0.6256629228591919,0.3800530433654785,-0.012728407979011536
164,LEFT_EYE_INNER,0.6266756057739258,0.3651480972766876,-0.010740892961621284
164,LEFT_EYE,0.6252771615982056,0.3638761341571808,-0.010804756544530392
164,LEFT_EYE_OUTER,0.6236842274665833,0.3625222444534302,-0.01073027215898037
164,RIGHT_EYE_INNER,0.6269658207893372,0.3660023510456085,-0.046516455709934235
164,RIGHT_EYE,0.6256760954856873,0.3654710650444031,-0.04658223316073418
164,RIGHT_EYE_OUTER,0.6241967082023621,0.3649129569530487,-0.04663439840078354
164,LEFT_EAR,0.6072070002555847,0.3555317521095276,0.029061922803521156
164,RIGHT_EAR,0.6063305139541626,0.3584243655204773,-0.13740147650241852
164,MOUTH_LEFT,0.6141743063926697,0.38789573311805725,0.009431280195713043
164,MOUTH_RIGHT,0.6144810914993286,0.38846224546432495,-0.039605021476745605
164,LEFT_SHOULDER,0.5236173868179321,0.3831919729709625,0.10564810037612915
164,RIGHT_SHOULDER,0.5651823282241821,0.39319658279418945,-0.22073042392730713
164,LEFT_ELBOW,0.4551069736480713,0.3475225567817688,0.2623580992221832
164,RIGHT_ELBOW,0.5343054533004761,0.34693998098373413,-0.4738622307777405
164,LEFT_WRIST,0.44473201036453247,0.2890227735042572,0.3743666410446167
164,RIGHT_WRIST,0.45903587341308594,0.2895422577857971,-0.7286955714225769
164,LEFT_PINKY,0.43293848633766174,0.2623595595359802,0.38906964659690857
164,RIGHT_PINKY,0.4630891680717468,0.2654725909233093,-0.7978481650352478
164,LEFT_INDEX,0.4408668577671051,0.25672346353530884,0.3626750111579895
164,RIGHT_INDEX,0.4653327465057373,0.2674981951713562,-0.7855678200721741
164,LEFT_THUMB,0.44442540407180786,0.26827868819236755,0.36618202924728394
164,RIGHT_THUMB,0.45629167556762695,0.2742137610912323,-0.7304953932762146
164,LEFT_HIP,0.46408596634864807,0.5808549523353577,0.1604931801557541
164,RIGHT_HIP,0.45440244674682617,0.583959698677063,-0.16084876656532288
164,LEFT_KNEE,0.509417712688446,0.7163073420524597,0.33368656039237976
164,RIGHT_KNEE,0.48105740547180176,0.7341969609260559,-0.16451211273670197
164,LEFT_ANKLE,0.46051153540611267,0.848514199256897,0.5177274942398071
164,RIGHT_ANKLE,0.4471668601036072,0.8884557485580444,-0.14943745732307434
164,LEFT_HEEL,0.44320663809776306,0.8718376159667969,0.5302724242210388
164,RIGHT_HEEL,0.42958998680114746,0.9103846549987793,-0.15281526744365692
164,LEFT_FOOT_INDEX,0.510519802570343,0.8960458636283875,0.47698846459388733
164,RIGHT_FOOT_INDEX,0.5068852305412292,0.9161676168441772,-0.26762881875038147
165,NOSE,0.6248196363449097,0.3800991177558899,0.03331298008561134
165,LEFT_EYE_INNER,0.6256458759307861,0.36510342359542847,0.026871535927057266
165,LEFT_EYE,0.6240875720977783,0.36374443769454956,0.026820102706551552
165,LEFT_EYE_OUTER,0.6223417520523071,0.3623065650463104,0.026914944872260094
165,RIGHT_EYE_INNER,0.626329779624939,0.3661896586418152,-0.00464786309748888
165,RIGHT_EYE,0.6251361966133118,0.3656995892524719,-0.0047295172698795795
165,RIGHT_EYE_OUTER,0.6237310767173767,0.3651767373085022,-0.004789324942976236
165,LEFT_EAR,0.6064943671226501,0.3554399609565735,0.031306810677051544
165,RIGHT_EAR,0.6061236262321472,0.35865387320518494,-0.11347172409296036
165,MOUTH_LEFT,0.6135574579238892,0.3876391351222992,0.043684862554073334
165,MOUTH_RIGHT,0.6141812205314636,0.3885924220085144,0.00020151681383140385
165,LEFT_SHOULDER,0.5206843018531799,0.3803859353065491,0.104885995388031
165,RIGHT_SHOULDER,0.5678204298019409,0.3959619998931885,-0.20570917427539825
165,LEFT_ELBOW,0.4530788064002991,0.3471813499927521,0.24342131614685059
165,RIGHT_ELBOW,0.5321348905563354,0.34713101387023926,-0.39245134592056274
165,LEFT_WRIST,0.44375768303871155,0.28775134682655334,0.2885708510875702
165,RIGHT_WRIST,0.458897203207016,0.2885161340236664,-0.5632565021514893
165,LEFT_PINKY,0.43263140320777893,0.26122888922691345,0.2909510135650635
165,RIGHT_PINKY,0.4621594548225403,0.26533520221710205,-0.6206254959106445
165,LEFT_INDEX,0.44081488251686096,0.2558659613132477,0.2649075388908386
165,RIGHT_INDEX,0.4630505442619324,0.26675868034362793,-0.6111856698989868
165,LEFT_THUMB,0.4443277418613434,0.2671282887458801,0.2785288393497467
165,RIGHT_THUMB,0.4561394155025482,0.27409014105796814,-0.5642292499542236
165,LEFT_HIP,0.46062010526657104,0.5804916024208069,0.16037066280841827
165,RIGHT_HIP,0.45620208978652954,0.5839874148368835,-0.1607046276330948
165,LEFT_KNEE,0.5072778463363647,0.7166343927383423,0.3260194957256317
165,RIGHT_KNEE,0.48125141859054565,0.7347272634506226,-0.16922108829021454
165,LEFT_ANKLE,0.4602743685245514,0.8493772745132446,0.5116907954216003
165,RIGHT_ANKLE,0.4471648335456848,0.8890874981880188,-0.15640053153038025
165,LEFT_HEEL,0.4429609179496765,0.8720904588699341,0.5249531865119934
165,RIGHT_HEEL,0.4294455647468567,0.9110797047615051,-0.15949656069278717
165,LEFT_FOOT_INDEX,0.5105758905410767,0.8981623649597168,0.4622119963169098
165,RIGHT_FOOT_INDEX,0.5074079036712646,0.916656494140625,-0.2821734547615051
166,NOSE,0.6233698725700378,0.3803207278251648,0.02423403039574623
166,LEFT_EYE_INNER,0.624292254447937,0.365258127450943,0.02110571786761284
166,LEFT_EYE,0.622689425945282,0.3638431429862976,0.021044224500656128
166,LEFT_EYE_OUTER,0.6209182143211365,0.36232835054397583,0.02113312855362892
166,RIGHT_EYE_INNER,0.6252461075782776,0.3663930594921112,-0.011758564040064812
166,RIGHT_EYE,0.6241718530654907,0.3658458888530731,-0.011835786513984203
166,RIGHT_EYE_OUTER,0.622883141040802,0.36524251103401184,-0.011898905038833618
166,LEFT_EAR,0.60553377866745,0.3554324805736542,0.030291792005300522
166,RIGHT_EAR,0.6055764555931091,0.35889962315559387,-0.117823027074337
166,MOUTH_LEFT,0.6122462153434753,0.3877648115158081,0.038962796330451965
166,MOUTH_RIGHT,0.6131686568260193,0.38875502347946167,-0.0062516555190086365
166,LEFT_SHOULDER,0.5180401802062988,0.3786078095436096,0.0998583659529686
166,RIGHT_SHOULDER,0.5695816278457642,0.39890894293785095,-0.20525619387626648
166,LEFT_ELBOW,0.44903236627578735,0.34665945172309875,0.23098401725292206
166,RIGHT_ELBOW,0.5296199321746826,0.3471430540084839,-0.3927975296974182
166,LEFT_WRIST,0.44089898467063904,0.2878122329711914,0.2928455173969269
166,RIGHT_WRIST,0.45878833532333374,0.28859224915504456,-0.5700780153274536
166,LEFT_PINKY,0.4296131730079651,0.2614082992076874,0.29867854714393616
166,RIGHT_PINKY,0.46047085523605347,0.26317161321640015,-0.6286831498146057
166,LEFT_INDEX,0.4399125576019287,0.2559348940849304,0.2708744406700134
166,RIGHT_INDEX,0.4622670114040375,0.26694390177726746,-0.6186655759811401
166,LEFT_THUMB,0.44347500801086426,0.26738888025283813,0.282564252614975
166,RIGHT_THUMB,0.45606160163879395,0.27491798996925354,-0.5710443258285522
166,LEFT_HIP,0.4566434323787689,0.5801029205322266,0.159461110830307
166,RIGHT_HIP,0.458991676568985,0.5844429135322571,-0.1597842276096344
166,LEFT_KNEE,0.49977907538414,0.7184654474258423,0.3274783492088318
166,RIGHT_KNEE,0.48251572251319885,0.7350929975509644,-0.16658417880535126
166,LEFT_ANKLE,0.4601966440677643,0.8492533564567566,0.5122363567352295
166,RIGHT_ANKLE,0.4473894536495209,0.8892071843147278,-0.15839742124080658
166,LEFT_HEEL,0.4429153501987457,0.8714946508407593,0.5250449776649475
166,RIGHT_HEEL,0.4294489920139313,0.9112841486930847,-0.16229262948036194
166,LEFT_FOOT_INDEX,0.5107746124267578,0.8978493809700012,0.46963468194007874
166,RIGHT_FOOT_INDEX,0.5082638263702393,0.9168397188186646,-0.2785743772983551
167,NOSE,0.6200957894325256,0.3804042637348175,0.08483187854290009
167,LEFT_EYE_INNER,0.6205796599388123,0.3652970790863037,0.06945439428091049
167,LEFT_EYE,0.6185688376426697,0.36371952295303345,0.0694083571434021
167,LEFT_EYE_OUTER,0.6163811087608337,0.36196383833885193,0.06951875984668732
167,RIGHT_EYE_INNER,0.6228842735290527,0.36649516224861145,0.04343646019697189
167,RIGHT_EYE,0.6223344802856445,0.3659835457801819,0.04334026202559471
167,RIGHT_EYE_OUTER,0.6215723156929016,0.3656306564807892,0.04327549412846565
167,LEFT_EAR,0.60289466381073,0.35511285066604614,0.036949001252651215
167,RIGHT_EAR,0.6055426597595215,0.3599458634853363,-0.08149715512990952
167,MOUTH_LEFT,0.6091870665550232,0.3869243562221527,0.08246483653783798
167,MOUTH_RIGHT,0.6115655899047852,0.38881298899650574,0.04627624526619911
167,LEFT_SHOULDER,0.5153350234031677,0.3780366778373718,0.0958404392004013
167,RIGHT_SHOULDER,0.5730021595954895,0.40083712339401245,-0.1788184940814972
167,LEFT_ELBOW,0.4447019100189209,0.3458264470100403,0.20496296882629395
167,RIGHT_ELBOW,0.5299199819564819,0.34716489911079407,-0.3288971781730652
167,LEFT_WRIST,0.4388181269168854,0.28771695494651794,0.2648050785064697
167,RIGHT_WRIST,0.45881661772727966,0.2886594533920288,-0.46712708473205566
167,LEFT_PINKY,0.42763128876686096,0.26114627718925476,0.2705291211605072
167,RIGHT_PINKY,0.45895200967788696,0.2665696144104004,-0.5184993147850037
167,LEFT_INDEX,0.4381100535392761,0.255343496799469,0.239571213722229
167,RIGHT_INDEX,0.462069571018219,0.2667624354362488,-0.508625864982605
167,LEFT_THUMB,0.4417089521884918,0.2673782706260681,0.25413861870765686
167,RIGHT_THUMB,0.4558836817741394,0.27503183484077454,-0.46714791655540466
167,LEFT_HIP,0.45285922288894653,0.5798479318618774,0.15670783817768097
167,RIGHT_HIP,0.46298733353614807,0.5856884717941284,-0.15699461102485657
167,LEFT_KNEE,0.49623021483421326,0.7191264033317566,0.34930387139320374
167,RIGHT_KNEE,0.4839617609977722,0.7369325757026672,-0.16071616113185883
167,LEFT_ANKLE,0.4599694311618805,0.8490632772445679,0.544782817363739
167,RIGHT_ANKLE,0.4474612772464752,0.8895150423049927,-0.1595289707183838
167,LEFT_HEEL,0.4426555037498474,0.8710654973983765,0.5587496161460876
167,RIGHT_HEEL,0.42945247888565063,0.9118006825447083,-0.1640109121799469
167,LEFT_FOOT_INDEX,0.510650634765625,0.896454930305481,0.5062125325202942
167,RIGHT_FOOT_INDEX,0.5088676810264587,0.9170585870742798,-0.2837284207344055
168,NOSE,0.6190992593765259,0.3805072605609894,0.06323854625225067
168,LEFT_EYE_INNER,0.6197308897972107,0.36539214849472046,0.05261293798685074
168,LEFT_EYE,0.6177513599395752,0.3638264536857605,0.05256826803088188
168,LEFT_EYE_OUTER,0.6156045198440552,0.36207839846611023,0.05267420411109924
168,RIGHT_EYE_INNER,0.6221067309379578,0.3665387034416199,0.024356689304113388
168,RIGHT_EYE,0.6216307878494263,0.36612024903297424,0.024263080209493637
168,RIGHT_EYE_OUTER,0.6209539175033569,0.3658449649810791,0.024209938943386078
168,LEFT_EAR,0.6021544337272644,0.3551088571548462,0.03741668164730072
168,RIGHT_EAR,0.6053146719932556,0.36019763350486755,-0.08826650679111481
168,MOUTH_LEFT,0.607898473739624,0.3870231807231903,0.06823370605707169
168,MOUTH_RIGHT,0.6104049682617188,0.3893054127693176,0.029045384377241135
168,LEFT_SHOULDER,0.5103365182876587,0.3771616816520691,0.09510092437267303
168,RIGHT_SHOULDER,0.5740450620651245,0.4046534597873688,-0.1784106194972992
168,LEFT_ELBOW,0.4354379177093506,0.34728509187698364,0.204896479845047
168,RIGHT_ELBOW,0.5334488153457642,0.3617977499961853,-0.3354499638080597
168,LEFT_WRIST,0.4366026818752289,0.2880473732948303,0.2688033878803253
168,RIGHT_WRIST,0.4795302450656891,0.29280680418014526,-0.4700895845890045
168,LEFT_PINKY,0.4265034794807434,0.2614336609840393,0.2743050158023834
168,RIGHT_PINKY,0.46630343794822693,0.27498504519462585,-0.5177674293518066
168,LEFT_INDEX,0.4377187192440033,0.2559739947319031,0.2469324767589569
168,RIGHT_INDEX,0.46260061860084534,0.2767792344093323,-0.507561981678009
168,LEFT_THUMB,0.44120311737060547,0.26835736632347107,0.2590925097465515
168,RIGHT_THUMB,0.45896226167678833,0.28243449330329895,-0.4693543016910553
168,LEFT_HIP,0.4512365758419037,0.5797571539878845,0.15662814676761627
168,RIGHT_HIP,0.466280996799469,0.5871807336807251,-0.15691395103931427
168,LEFT_KNEE,0.4989503026008606,0.7183293104171753,0.3624143898487091
168,RIGHT_KNEE,0.4872105121612549,0.7376051545143127,-0.16489364206790924
168,LEFT_ANKLE,0.4604564309120178,0.8437672853469849,0.5729724168777466
168,RIGHT_ANKLE,0.447559118270874,0.8894599676132202,-0.18874141573905945
168,LEFT_HEEL,0.44317978620529175,0.8667260408401489,0.5890748500823975
168,RIGHT_HEEL,0.42943960428237915,0.9119003415107727,-0.19533197581768036
168,LEFT_FOOT_INDEX,0.5109152793884277,0.889259934425354,0.5517228841781616
168,RIGHT_FOOT_INDEX,0.5098601579666138,0.9176872968673706,-0.29917111992836
169,NOSE,0.6188862919807434,0.38055524230003357,0.05469825863838196
169,LEFT_EYE_INNER,0.6196737885475159,0.365470826625824,0.04801490530371666
169,LEFT_EYE,0.617773175239563,0.3639064133167267,0.047973740845918655
169,LEFT_EYE_OUTER,0.6156912446022034,0.3621622920036316,0.04807097464799881
169,RIGHT_EYE_INNER,0.6218258142471313,0.36664214730262756,0.017720166593790054
169,RIGHT_EYE,0.6212733387947083,0.3662162125110626,0.017632771283388138
169,RIGHT_EYE_OUTER,0.6205140352249146,0.36589163541793823,0.01758767105638981
169,LEFT_EAR,0.602183997631073,0.3551574647426605,0.049437589943408966
169,RIGHT_EAR,0.6047326326370239,0.3601682484149933,-0.08755706995725632
169,MOUTH_LEFT,0.6075640320777893,0.38714495301246643,0.06422403454780579
169,MOUTH_RIGHT,0.6097738146781921,0.38932058215141296,0.022577406838536263
169,LEFT_SHOULDER,0.5131115317344666,0.3783366084098816,0.0982651561498642
169,RIGHT_SHOULDER,0.573075532913208,0.40435972809791565,-0.170744389295578
169,LEFT_ELBOW,0.43172305822372437,0.3520773947238922,0.21058762073516846
169,RIGHT_ELBOW,0.5271703004837036,0.3604353070259094,-0.2881860136985779
169,LEFT_WRIST,0.43580546975135803,0.28856274485588074,0.2772395610809326
169,RIGHT_WRIST,0.46719884872436523,0.29275259375572205,-0.36949723958969116
169,LEFT_PINKY,0.4262455403804779,0.26286593079566956,0.2814250588417053
169,RIGHT_PINKY,0.46184319257736206,0.27344733476638794,-0.41014280915260315
169,LEFT_INDEX,0.4376583695411682,0.25811198353767395,0.2549458146095276
169,RIGHT_INDEX,0.4620080590248108,0.27470868825912476,-0.40460434556007385
169,LEFT_THUMB,0.4409988522529602,0.2705686092376709,0.2671356797218323
169,RIGHT_THUMB,0.45891451835632324,0.2823544144630432,-0.36956340074539185
169,LEFT_HIP,0.45287951827049255,0.5800219178199768,0.15582861006259918
169,RIGHT_HIP,0.4653535485267639,0.5876724720001221,-0.15609505772590637
169,LEFT_KNEE,0.501794695854187,0.7176352739334106,0.35643917322158813
169,RIGHT_KNEE,0.4877527356147766,0.7378178834915161,-0.17629903554916382
169,LEFT_ANKLE,0.46156615018844604,0.8413658142089844,0.5456447005271912
169,RIGHT_ANKLE,0.44755569100379944,0.8894590139389038,-0.19835855066776276
169,LEFT_HEEL,0.4441721439361572,0.8645954132080078,0.5597966909408569
169,RIGHT_HEEL,0.429384708404541,0.9120807647705078,-0.20485489070415497
169,LEFT_FOOT_INDEX,0.5068216919898987,0.8795076608657837,0.5156245231628418
169,RIGHT_FOOT_INDEX,0.5102162957191467,0.918125331401825,-0.3109384775161743
170,NOSE,0.6188048124313354,0.3809919059276581,0.055425096303224564
170,LEFT_EYE_INNER,0.619632363319397,0.3655056357383728,0.046993471682071686
170,LEFT_EYE,0.6177532076835632,0.36393165588378906,0.04695310816168785
170,LEFT_EYE_OUTER,0.6157077550888062,0.3622080385684967,0.04704499617218971
170,RIGHT_EYE_INNER,0.621788501739502,0.3667786419391632,0.017636124044656754
170,RIGHT_EYE,0.621253252029419,0.3663131892681122,0.01755993627011776
170,RIGHT_EYE_OUTER,0.6205077171325684,0.3659600615501404,0.017516810446977615
170,LEFT_EAR,0.6022061109542847,0.35517996549606323,0.04921721667051315
170,RIGHT_EAR,0.6047323942184448,0.36020100116729736,-0.08944521844387054
170,MOUTH_LEFT,0.6071954965591431,0.3878231942653656,0.06322935968637466
170,MOUTH_RIGHT,0.6093999743461609,0.39039868116378784,0.022817328572273254
170,LEFT_SHOULDER,0.5100353360176086,0.3778112232685089,0.09427972137928009
170,RIGHT_SHOULDER,0.5734803676605225,0.4066142141819,-0.17275089025497437
170,LEFT_ELBOW,0.4219663739204407,0.3546873927116394,0.21064308285713196
170,RIGHT_ELBOW,0.5270726680755615,0.3591686487197876,-0.30028241872787476
170,LEFT_WRIST,0.4346488416194916,0.2884141802787781,0.2909313440322876
170,RIGHT_WRIST,0.4649638533592224,0.29281407594680786,-0.39878618717193604
170,LEFT_PINKY,0.42617473006248474,0.2628921866416931,0.29665106534957886
170,RIGHT_PINKY,0.4612411558628082,0.26726216077804565,-0.44203490018844604
170,LEFT_INDEX,0.4376615881919861,0.258590966463089,0.27047795057296753
170,RIGHT_INDEX,0.4615205228328705,0.27331629395484924,-0.43698054552078247
170,LEFT_THUMB,0.4409261643886566,0.27066880464553833,0.2813574969768524
170,RIGHT_THUMB,0.45959049463272095,0.2813374400138855,-0.39948755502700806
170,LEFT_HIP,0.4533485472202301,0.5800308585166931,0.1556866616010666
170,RIGHT_HIP,0.46556100249290466,0.5891727805137634,-0.15595373511314392
170,LEFT_KNEE,0.5020909309387207,0.7162396907806396,0.35381415486335754
170,RIGHT_KNEE,0.48987525701522827,0.7381787896156311,-0.17442068457603455
170,LEFT_ANKLE,0.4620785117149353,0.8396240472793579,0.5464776754379272
170,RIGHT_ANKLE,0.4475873112678528,0.8896102905273438,-0.19403520226478577
170,LEFT_HEEL,0.4446794092655182,0.8634763956069946,0.5610734820365906
170,RIGHT_HEEL,0.42942652106285095,0.9123047590255737,-0.20026302337646484
170,LEFT_FOOT_INDEX,0.504517674446106,0.8737558126449585,0.5274264216423035
170,RIGHT_FOOT_INDEX,0.5122612714767456,0.9183829426765442,-0.30367717146873474
171,NOSE,0.6184843182563782,0.38201195001602173,0.0597018226981163
171,LEFT_EYE_INNER,0.6194934844970703,0.3660591244697571,0.0510677807033062
171,LEFT_EYE,0.6176371574401855,0.36441001296043396,0.05103940889239311
171,LEFT_EYE_OUTER,0.615625262260437,0.3626020848751068,0.05114249512553215
171,RIGHT_EYE_INNER,0.6216197609901428,0.3675385117530823,0.02266846038401127
171,RIGHT_EYE,0.6210882067680359,0.36710092425346375,0.022585492581129074
171,RIGHT_EYE_OUTER,0.6203533411026001,0.3666839897632599,0.022539112716913223
171,LEFT_EAR,0.6020256876945496,0.3554837107658386,0.05039197951555252
171,RIGHT_EAR,0.6044610738754272,0.3604415953159332,-0.08269953727722168
171,MOUTH_LEFT,0.6063776612281799,0.38897156715393066,0.06705138087272644
171,MOUTH_RIGHT,0.6085334420204163,0.3917069733142853,0.027816787362098694
171,LEFT_SHOULDER,0.5077906847000122,0.37766534090042114,0.09558216482400894
171,RIGHT_SHOULDER,0.5741821527481079,0.40934592485427856,-0.16559681296348572
171,LEFT_ELBOW,0.4165489673614502,0.3562864661216736,0.21532511711120605
171,RIGHT_ELBOW,0.5276085734367371,0.36479711532592773,-0.274194598197937
171,LEFT_WRIST,0.433945894241333,0.28798621892929077,0.30332839488983154
171,RIGHT_WRIST,0.4757457375526428,0.2927699685096741,-0.33367568254470825
171,LEFT_PINKY,0.4262506067752838,0.2627639174461365,0.3098640441894531
171,RIGHT_PINKY,0.4647253155708313,0.2691348195075989,-0.3682594895362854
171,LEFT_INDEX,0.43803825974464417,0.25924426317214966,0.28520891070365906
171,RIGHT_INDEX,0.4613635540008545,0.27245697379112244,-0.36510205268859863
171,LEFT_THUMB,0.4409655034542084,0.2707797586917877,0.2944977283477783
171,RIGHT_THUMB,0.4614073634147644,0.2827824056148529,-0.33381515741348267
171,LEFT_HIP,0.4530966877937317,0.580044150352478,0.1556006371974945
171,RIGHT_HIP,0.46589699387550354,0.5898721814155579,-0.15586812794208527
171,LEFT_KNEE,0.5026609897613525,0.714758038520813,0.3499709367752075
171,RIGHT_KNEE,0.49099287390708923,0.7381162643432617,-0.19140280783176422
171,LEFT_ANKLE,0.4623357653617859,0.8385782241821289,0.5236775875091553
171,RIGHT_ANKLE,0.4475177228450775,0.8896200060844421,-0.22635452449321747
171,LEFT_HEEL,0.4448140263557434,0.8629077672958374,0.5371195673942566
171,RIGHT_HEEL,0.42931419610977173,0.9123446345329285,-0.23414377868175507
171,LEFT_FOOT_INDEX,0.5038076639175415,0.8730109930038452,0.5171364545822144
171,RIGHT_FOOT_INDEX,0.5124604105949402,0.918469250202179,-0.3308369219303131
172,NOSE,0.6175079345703125,0.3839969038963318,0.07981882244348526
172,LEFT_EYE_INNER,0.6186325550079346,0.36700934171676636,0.06512030214071274
172,LEFT_EYE,0.6166892647743225,0.3651179373264313,0.06510920822620392
172,LEFT_EYE_OUTER,0.6146289706230164,0.36308690905570984,0.06525561958551407
172,RIGHT_EYE_INNER,0.6211687326431274,0.3691153824329376,0.04065283387899399
172,RIGHT_EYE,0.6207870244979858,0.36880025267601013,0.04056879132986069
172,RIGHT_EYE_OUTER,0.6201881170272827,0.36843401193618774,0.040498487651348114
172,LEFT_EAR,0.6015836000442505,0.355851948261261,0.04707164689898491
172,RIGHT_EAR,0.6044672727584839,0.3615584075450897,-0.07510359585285187
172,MOUTH_LEFT,0.6048755049705505,0.39061444997787476,0.07907123118638992
172,MOUTH_RIGHT,0.6074627041816711,0.3936541676521301,0.044802501797676086
172,LEFT_SHOULDER,0.5053327679634094,0.37704625725746155,0.0870680958032608
172,RIGHT_SHOULDER,0.5769411325454712,0.4123247563838959,-0.15665557980537415
172,LEFT_ELBOW,0.41203436255455017,0.35652583837509155,0.1840895116329193
172,RIGHT_ELBOW,0.5344159007072449,0.39699435234069824,-0.1906019151210785
172,LEFT_WRIST,0.43407195806503296,0.2867867946624756,0.2591628432273865
172,RIGHT_WRIST,0.5079916715621948,0.33312785625457764,-0.12815245985984802
172,LEFT_PINKY,0.426736056804657,0.2624666094779968,0.26409247517585754
172,RIGHT_PINKY,0.5025114417076111,0.319180428981781,-0.14195188879966736
172,LEFT_INDEX,0.43866363167762756,0.259525865316391,0.24583157896995544
172,RIGHT_INDEX,0.499978244304657,0.3158753216266632,-0.13705572485923767
172,LEFT_THUMB,0.4411470890045166,0.27073612809181213,0.2528931200504303
172,RIGHT_THUMB,0.4998990595340729,0.32205548882484436,-0.12340042740106583
172,LEFT_HIP,0.4507784843444824,0.5800566673278809,0.15497085452079773
172,RIGHT_HIP,0.4677368700504303,0.5912351608276367,-0.15528814494609833
172,LEFT_KNEE,0.5027274489402771,0.7124256491661072,0.3558585047721863
172,RIGHT_KNEE,0.4921455979347229,0.7380964756011963,-0.20033235847949982
172,LEFT_ANKLE,0.4628468155860901,0.8362375497817993,0.5480212569236755
172,RIGHT_ANKLE,0.4475155472755432,0.8896183967590332,-0.24840883910655975
172,LEFT_HEEL,0.4446799159049988,0.8575865626335144,0.5636647939682007
172,RIGHT_HEEL,0.4292430877685547,0.9123384356498718,-0.25740283727645874
172,LEFT_FOOT_INDEX,0.5051054358482361,0.873831570148468,0.5422378778457642
172,RIGHT_FOOT_INDEX,0.5131956934928894,0.9187040328979492,-0.3506571352481842
173,NOSE,0.6175333857536316,0.3840629458427429,0.05547438934445381
173,LEFT_EYE_INNER,0.6186621785163879,0.36703115701675415,0.045475054532289505
173,LEFT_EYE,0.6167219877243042,0.365132600069046,0.04547838121652603
173,LEFT_EYE_OUTER,0.6146516799926758,0.36311644315719604,0.045584362000226974
173,RIGHT_EYE_INNER,0.6211720705032349,0.3691595494747162,0.018629107624292374
173,RIGHT_EYE,0.6207914352416992,0.36883577704429626,0.018556958064436913
173,RIGHT_EYE_OUTER,0.6201943755149841,0.3684539794921875,0.018528643995523453
173,LEFT_EAR,0.6019526720046997,0.3560033142566681,0.04027823358774185
173,RIGHT_EAR,0.6045030951499939,0.36159905791282654,-0.08731706440448761
173,MOUTH_LEFT,0.6048933863639832,0.3906755745410919,0.06090924143791199
173,MOUTH_RIGHT,0.6074355840682983,0.3937327265739441,0.023955533280968666
173,LEFT_SHOULDER,0.5071457624435425,0.377426415681839,0.08721603453159332
173,RIGHT_SHOULDER,0.5761202573776245,0.41171130537986755,-0.16639375686645508
173,LEFT_ELBOW,0.4183806777000427,0.3563542068004608,0.21162381768226624
173,RIGHT_ELBOW,0.5329933762550354,0.3794582188129425,-0.2607126832008362
173,LEFT_WRIST,0.43470677733421326,0.2869802713394165,0.311322420835495
173,RIGHT_WRIST,0.4999781548976898,0.2922273278236389,-0.3084467947483063
173,LEFT_PINKY,0.4273897111415863,0.2634871006011963,0.32046225666999817
173,RIGHT_PINKY,0.4874957501888275,0.2744111716747284,-0.34336963295936584
173,LEFT_INDEX,0.43869489431381226,0.26115721464157104,0.29596656560897827
173,RIGHT_INDEX,0.4834175705909729,0.2863496243953705,-0.33839887380599976
173,LEFT_THUMB,0.4412603974342346,0.27162307500839233,0.30277150869369507
173,RIGHT_THUMB,0.4812769889831543,0.29745662212371826,-0.307669073343277
173,LEFT_HIP,0.4514795243740082,0.5802316069602966,0.15487954020500183
173,RIGHT_HIP,0.46671247482299805,0.5911224484443665,-0.15518763661384583
173,LEFT_KNEE,0.5062958002090454,0.7125241160392761,0.35199540853500366
173,RIGHT_KNEE,0.49328693747520447,0.7387146353721619,-0.186564639210701
173,LEFT_ANKLE,0.46375125646591187,0.8362506628036499,0.5536842942237854
173,RIGHT_ANKLE,0.44747796654701233,0.8896565437316895,-0.20554430782794952
173,LEFT_HEEL,0.44538798928260803,0.8583515882492065,0.56989586353302
173,RIGHT_HEEL,0.4291185736656189,0.9124771356582642,-0.21067743003368378
173,LEFT_FOOT_INDEX,0.5049044489860535,0.8729724884033203,0.5413789749145508
173,RIGHT_FOOT_INDEX,0.5133627653121948,0.9189040064811707,-0.30083733797073364
174,NOSE,0.617496907711029,0.3844427466392517,0.08248721063137054
174,LEFT_EYE_INNER,0.6185921430587769,0.36748504638671875,0.07078738510608673
174,LEFT_EYE,0.6166784167289734,0.3655681908130646,0.0707697719335556
174,LEFT_EYE_OUTER,0.614635705947876,0.36353155970573425,0.07087081670761108
174,RIGHT_EYE_INNER,0.6210731267929077,0.3696548640727997,0.043330688029527664
174,RIGHT_EYE,0.6207007169723511,0.3693448007106781,0.04325111582875252
174,RIGHT_EYE_OUTER,0.6201156377792358,0.36896875500679016,0.0431981161236763
174,LEFT_EAR,0.601933479309082,0.3568459153175354,0.0533805713057518
174,RIGHT_EAR,0.6044720411300659,0.36250072717666626,-0.07381738722324371
174,MOUTH_LEFT,0.6047800779342651,0.39116770029067993,0.08413136750459671
174,MOUTH_RIGHT,0.6073805093765259,0.39412134885787964,0.04632153734564781
174,LEFT_SHOULDER,0.5083945989608765,0.3776537775993347,0.09496920555830002
174,RIGHT_SHOULDER,0.5760424733161926,0.4115121364593506,-0.16118209064006805
174,LEFT_ELBOW,0.42082348465919495,0.3562929928302765,0.22413340210914612
174,RIGHT_ELBOW,0.5328563451766968,0.3589078187942505,-0.25743526220321655
174,LEFT_WRIST,0.43497776985168457,0.2885214686393738,0.30769139528274536
174,RIGHT_WRIST,0.4814632833003998,0.2878665328025818,-0.30335474014282227
174,LEFT_PINKY,0.42727699875831604,0.2662504315376282,0.31620603799819946
174,RIGHT_PINKY,0.4704020619392395,0.258145809173584,-0.3381209969520569
174,LEFT_INDEX,0.43837323784828186,0.26352816820144653,0.2897384762763977
174,RIGHT_INDEX,0.46998652815818787,0.27043282985687256,-0.3326186537742615
174,LEFT_THUMB,0.44107088446617126,0.27385276556015015,0.2981939911842346
174,RIGHT_THUMB,0.4721812605857849,0.2842932343482971,-0.3023279309272766
174,LEFT_HIP,0.4513665735721588,0.5802812576293945,0.15483564138412476
174,RIGHT_HIP,0.4666152000427246,0.59134441614151,-0.15514323115348816
174,LEFT_KNEE,0.5066302418708801,0.7124048471450806,0.3492140769958496
174,RIGHT_KNEE,0.49504008889198303,0.738831639289856,-0.1712903082370758
174,LEFT_ANKLE,0.4642333388328552,0.8354363441467285,0.548235297203064
174,RIGHT_ANKLE,0.44749921560287476,0.8896762132644653,-0.18465864658355713
174,LEFT_HEEL,0.44587889313697815,0.8588213920593262,0.5634729862213135
174,RIGHT_HEEL,0.4291083812713623,0.9124865531921387,-0.1896258443593979
174,LEFT_FOOT_INDEX,0.5047650933265686,0.8719518780708313,0.5277577638626099
174,RIGHT_FOOT_INDEX,0.5137826204299927,0.918918788433075,-0.27996206283569336
175,NOSE,0.6173924207687378,0.38208967447280884,0.03302833437919617
175,LEFT_EYE_INNER,0.6186022758483887,0.3664797246456146,0.03459580987691879
175,LEFT_EYE,0.6167263984680176,0.36494332551956177,0.03454514965415001
175,LEFT_EYE_OUTER,0.6149659752845764,0.36327072978019714,0.03461021929979324
175,RIGHT_EYE_INNER,0.6204978823661804,0.36800095438957214,0.002745685400441289
175,RIGHT_EYE,0.619724690914154,0.3676106333732605,0.0026660340372473
175,RIGHT_EYE_OUTER,0.6186237335205078,0.3671659827232361,0.0026192767545580864
175,LEFT_EAR,0.6035093069076538,0.3580493628978729,0.05464623495936394
175,RIGHT_EAR,0.6027441620826721,0.3623640537261963,-0.07700785249471664
175,MOUTH_LEFT,0.6048394441604614,0.3903713822364807,0.05179779604077339
175,MOUTH_RIGHT,0.6071026921272278,0.392700731754303,0.00849237758666277
175,LEFT_SHOULDER,0.5104494094848633,0.3803821802139282,0.1131543293595314
175,RIGHT_SHOULDER,0.57457035779953,0.4111211895942688,-0.1628391444683075
175,LEFT_ELBOW,0.43146848678588867,0.3562600910663605,0.23979561030864716
175,RIGHT_ELBOW,0.5306231379508972,0.35010457038879395,-0.2760891616344452
175,LEFT_WRIST,0.43874722719192505,0.2898390293121338,0.30114760994911194
175,RIGHT_WRIST,0.47947826981544495,0.2715145945549011,-0.3541054129600525
175,LEFT_PINKY,0.4293154776096344,0.268679678440094,0.3068980574607849
175,RIGHT_PINKY,0.46687763929367065,0.2485380470752716,-0.4032061696052551
175,LEFT_INDEX,0.439340204000473,0.2645178437232971,0.28029826283454895
175,RIGHT_INDEX,0.4647913873195648,0.2507508397102356,-0.3990134298801422
175,LEFT_THUMB,0.4426347315311432,0.2742612659931183,0.2909999191761017
175,RIGHT_THUMB,0.46903443336486816,0.2729647159576416,-0.35588008165359497
175,LEFT_HIP,0.45385241508483887,0.5808083415031433,0.15522314608097076
175,RIGHT_HIP,0.46616047620773315,0.5913354158401489,-0.1555187851190567
175,LEFT_KNEE,0.5077719688415527,0.7120393514633179,0.31015855073928833
175,RIGHT_KNEE,0.4958231449127197,0.7388727068901062,-0.17086997628211975
175,LEFT_ANKLE,0.4649486541748047,0.8329203724861145,0.5197358727455139
175,RIGHT_ANKLE,0.44783124327659607,0.8896414041519165,-0.15500769019126892
175,LEFT_HEEL,0.4462154805660248,0.8566218614578247,0.5366875529289246
175,RIGHT_HEEL,0.42922845482826233,0.9124162793159485,-0.15684595704078674
175,LEFT_FOOT_INDEX,0.5047813057899475,0.8711726069450378,0.5079285502433777
175,RIGHT_FOOT_INDEX,0.5138039588928223,0.9189175367355347,-0.2537059187889099
176,NOSE,0.6175414323806763,0.3822717070579529,-0.06652075052261353
176,LEFT_EYE_INNER,0.6189210414886475,0.36707815527915955,-0.051393646746873856
176,LEFT_EYE,0.6174309253692627,0.36586734652519226,-0.051454681903123856
176,LEFT_EYE_OUTER,0.6161214709281921,0.36458277702331543,-0.05140955373644829
176,RIGHT_EYE_INNER,0.6203104853630066,0.36805370450019836,-0.08865898847579956
176,RIGHT_EYE,0.61909019947052,0.3676484227180481,-0.088736392557621
176,RIGHT_EYE_OUTER,0.6172994375228882,0.3671777844429016,-0.08874061703681946
176,LEFT_EAR,0.6036415696144104,0.3601000905036926,0.038682907819747925
176,RIGHT_EAR,0.5992122292518616,0.3623317778110504,-0.13025197386741638
176,MOUTH_LEFT,0.6052947044372559,0.39173445105552673,-0.027531852945685387
176,MOUTH_RIGHT,0.6069517135620117,0.3930889666080475,-0.07768462598323822
176,LEFT_SHOULDER,0.532307505607605,0.40175938606262207,0.12737858295440674
176,RIGHT_SHOULDER,0.5559428930282593,0.40393584966659546,-0.19299213588237762
176,LEFT_ELBOW,0.44683346152305603,0.3617132604122162,0.2785760462284088
176,RIGHT_ELBOW,0.503638744354248,0.34676408767700195,-0.38749295473098755
176,LEFT_WRIST,0.43944627046585083,0.29508787393569946,0.3691931366920471
176,RIGHT_WRIST,0.4624834954738617,0.2732885181903839,-0.5634832382202148
176,LEFT_PINKY,0.42932891845703125,0.2735264003276825,0.3799246549606323
176,RIGHT_PINKY,0.45389729738235474,0.2503965497016907,-0.621794581413269
176,LEFT_INDEX,0.4392407536506653,0.26979997754096985,0.3559190630912781
176,RIGHT_INDEX,0.4559404253959656,0.25467610359191895,-0.6143884658813477
176,LEFT_THUMB,0.44254422187805176,0.28022265434265137,0.36072635650634766
176,RIGHT_THUMB,0.45992356538772583,0.27399611473083496,-0.5652691125869751
176,LEFT_HIP,0.46097517013549805,0.5826651453971863,0.15951767563819885
176,RIGHT_HIP,0.4634430408477783,0.5920105576515198,-0.15978969633579254
176,LEFT_KNEE,0.5120415091514587,0.7130709886550903,0.2555384933948517
176,RIGHT_KNEE,0.49729833006858826,0.7399212121963501,-0.17181390523910522
176,LEFT_ANKLE,0.4658955931663513,0.8331836462020874,0.4397594928741455
176,RIGHT_ANKLE,0.44835782051086426,0.8896383047103882,-0.13265438377857208
176,LEFT_HEEL,0.4463379979133606,0.8559325933456421,0.4530387818813324
176,RIGHT_HEEL,0.42942628264427185,0.9124129414558411,-0.132073312997818
176,LEFT_FOOT_INDEX,0.5075253248214722,0.8718956112861633,0.4200032353401184
176,RIGHT_FOOT_INDEX,0.5139548778533936,0.9191426038742065,-0.22735288739204407
177,NOSE,0.6196345090866089,0.3838454782962799,-0.05649171024560928
177,LEFT_EYE_INNER,0.6193066239356995,0.36774593591690063,-0.03771425038576126
177,LEFT_EYE,0.6176019906997681,0.36635875701904297,-0.03755277022719383
177,LEFT_EYE_OUTER,0.6161325573921204,0.3648923933506012,-0.03750387579202652
177,RIGHT_EYE_INNER,0.6209773421287537,0.36912164092063904,-0.05816615745425224
177,RIGHT_EYE,0.6198796033859253,0.3688565492630005,-0.058173101395368576
177,RIGHT_EYE_OUTER,0.6183207035064697,0.3685127794742584,-0.05811073258519173
177,LEFT_EAR,0.6021721363067627,0.3603822588920593,0.03958249092102051
177,RIGHT_EAR,0.5996312499046326,0.36405831575393677,-0.11958490312099457
177,MOUTH_LEFT,0.6068658232688904,0.39356932044029236,-0.024974804371595383
177,MOUTH_RIGHT,0.6089035272598267,0.39497891068458557,-0.04975084960460663
177,LEFT_SHOULDER,0.5252898335456848,0.3996197581291199,0.1206851378083229
177,RIGHT_SHOULDER,0.5584165453910828,0.40968433022499084,-0.19719314575195312
177,LEFT_ELBOW,0.4403649866580963,0.3665754497051239,0.22354945540428162
177,RIGHT_ELBOW,0.5181828141212463,0.42791882157325745,-0.3847244083881378
177,LEFT_WRIST,0.43903183937072754,0.29633641242980957,0.25391849875450134
177,RIGHT_WRIST,0.508573055267334,0.3834170997142792,-0.5300337672233582
177,LEFT_PINKY,0.428093284368515,0.2770513892173767,0.25334611535072327
177,RIGHT_PINKY,0.5024254322052002,0.3756604790687561,-0.5801976919174194
177,LEFT_INDEX,0.43800798058509827,0.2730325162410736,0.2319181263446808
177,RIGHT_INDEX,0.5058239698410034,0.3686310648918152,-0.5650795698165894
177,LEFT_THUMB,0.44163280725479126,0.2825165390968323,0.2458394467830658
177,RIGHT_THUMB,0.5078104138374329,0.3731846213340759,-0.5266855359077454
177,LEFT_HIP,0.4592028558254242,0.582619845867157,0.1615416556596756
177,RIGHT_HIP,0.4634900987148285,0.5923151969909668,-0.16178680956363678
177,LEFT_KNEE,0.5137977004051208,0.7121257185935974,0.2677238881587982
177,RIGHT_KNEE,0.500418484210968,0.7401707172393799,-0.1906474381685257
177,LEFT_ANKLE,0.46601027250289917,0.8334439992904663,0.4565625786781311
177,RIGHT_ANKLE,0.44926804304122925,0.8896361589431763,-0.17303064465522766
177,LEFT_HEEL,0.446439653635025,0.8559465408325195,0.47027724981307983
177,RIGHT_HEEL,0.4300156235694885,0.9124100804328918,-0.1745840609073639
177,LEFT_FOOT_INDEX,0.5074994564056396,0.8706180453300476,0.43327564001083374
177,RIGHT_FOOT_INDEX,0.5147567987442017,0.9191360473632812,-0.27022698521614075
178,NOSE,0.6218045353889465,0.38389816880226135,-0.009059460833668709
178,LEFT_EYE_INNER,0.6201783418655396,0.36775046586990356,-0.005908581893891096
178,LEFT_EYE,0.6184374094009399,0.36636292934417725,-0.005868902895599604
178,LEFT_EYE_OUTER,0.6168431043624878,0.36489585041999817,-0.005779956467449665
178,RIGHT_EYE_INNER,0.6215710043907166,0.3691292405128479,-0.033436112105846405
178,RIGHT_EYE,0.620404839515686,0.368877112865448,-0.033493127673864365
178,RIGHT_EYE_OUTER,0.6188152432441711,0.3685465157032013,-0.03350650146603584
178,LEFT_EAR,0.6022940278053284,0.36068183183670044,0.04454481601715088
178,RIGHT_EAR,0.5997238159179688,0.36442872881889343,-0.11418309062719345
178,MOUTH_LEFT,0.6090987324714661,0.3935214877128601,0.00974094308912754
178,MOUTH_RIGHT,0.6105796098709106,0.3950590491294861,-0.026845712214708328
178,LEFT_SHOULDER,0.5243198871612549,0.3970632553100586,0.12045875936746597
178,RIGHT_SHOULDER,0.5605270862579346,0.4115038514137268,-0.19267389178276062
178,LEFT_ELBOW,0.4397955536842346,0.3718700408935547,0.2390294075012207
178,RIGHT_ELBOW,0.5125101804733276,0.40003448724746704,-0.38022711873054504
178,LEFT_WRIST,0.44015949964523315,0.2981424927711487,0.26103007793426514
178,RIGHT_WRIST,0.477743923664093,0.33224982023239136,-0.5682153701782227
178,LEFT_PINKY,0.4292856752872467,0.2795364558696747,0.2674351632595062
178,RIGHT_PINKY,0.47222670912742615,0.3128971457481384,-0.6301525831222534
178,LEFT_INDEX,0.438454806804657,0.27617698907852173,0.2457951009273529
178,RIGHT_INDEX,0.4778616428375244,0.3095136284828186,-0.6201329827308655
178,LEFT_THUMB,0.44193506240844727,0.28523537516593933,0.2557876408100128
178,RIGHT_THUMB,0.4781618118286133,0.3143293857574463,-0.5697965621948242
178,LEFT_HIP,0.45939239859580994,0.5827592015266418,0.16194090247154236
178,RIGHT_HIP,0.463484525680542,0.5940254330635071,-0.16216495633125305
178,LEFT_KNEE,0.5148969888687134,0.7120972871780396,0.27695775032043457
178,RIGHT_KNEE,0.5032321810722351,0.7401564717292786,-0.18291445076465607
178,LEFT_ANKLE,0.46642518043518066,0.8327460289001465,0.4762325882911682
178,RIGHT_ANKLE,0.44997864961624146,0.8894330859184265,-0.14039868116378784
178,LEFT_HEEL,0.44684433937072754,0.8482254147529602,0.49089518189430237
178,RIGHT_HEEL,0.4309808313846588,0.9119623303413391,-0.14003553986549377
178,LEFT_FOOT_INDEX,0.5073963403701782,0.8690060377120972,0.4547436833381653
178,RIGHT_FOOT_INDEX,0.5147179365158081,0.9190906286239624,-0.23748528957366943
179,NOSE,0.621726930141449,0.3842300772666931,-0.003972853533923626
179,LEFT_EYE_INNER,0.619931161403656,0.3681614100933075,-0.002009826945140958
179,LEFT_EYE,0.6181470155715942,0.3667793869972229,-0.0020598245318979025
179,LEFT_EYE_OUTER,0.6164427399635315,0.36532190442085266,-0.002012169687077403
179,RIGHT_EYE_INNER,0.6213014125823975,0.3696051836013794,-0.03554821386933327
179,RIGHT_EYE,0.6201445460319519,0.3694133460521698,-0.03561067953705788
179,RIGHT_EYE_OUTER,0.6186054944992065,0.36915773153305054,-0.03564329072833061
179,LEFT_EAR,0.6016373634338379,0.361767441034317,0.042229946702718735
179,RIGHT_EAR,0.5998631715774536,0.36581775546073914,-0.1216859370470047
179,MOUTH_LEFT,0.6090392470359802,0.39368247985839844,0.01659839227795601
179,MOUTH_RIGHT,0.6105138063430786,0.395372211933136,-0.028837421908974648
179,LEFT_SHOULDER,0.5237070322036743,0.3963932394981384,0.12568406760692596
179,RIGHT_SHOULDER,0.5616322159767151,0.41363492608070374,-0.20960350334644318
179,LEFT_ELBOW,0.44341740012168884,0.37088802456855774,0.2661675810813904
179,RIGHT_ELBOW,0.5143758058547974,0.38841870427131653,-0.46951156854629517
179,LEFT_WRIST,0.44028177857398987,0.30018287897109985,0.3402094542980194
179,RIGHT_WRIST,0.4791634976863861,0.3237910270690918,-0.7336910963058472
179,LEFT_PINKY,0.4292810559272766,0.28436797857284546,0.3509553074836731
179,RIGHT_PINKY,0.4706832766532898,0.30603349208831787,-0.8039576411247253
179,LEFT_INDEX,0.4384159445762634,0.2800639271736145,0.32558098435401917
179,RIGHT_INDEX,0.47215399146080017,0.30162277817726135,-0.7902377843856812
179,LEFT_THUMB,0.4419240951538086,0.28793638944625854,0.33220353722572327
179,RIGHT_THUMB,0.47246113419532776,0.31022724509239197,-0.735316812992096
179,LEFT_HIP,0.4596221446990967,0.5832096338272095,0.16752927005290985
179,RIGHT_HIP,0.46290287375450134,0.5941516757011414,-0.1677417904138565
179,LEFT_KNEE,0.5177409052848816,0.7123677134513855,0.28480952978134155
179,RIGHT_KNEE,0.5063246488571167,0.7390656471252441,-0.18261246383190155
179,LEFT_ANKLE,0.4664071500301361,0.8329559564590454,0.4759903848171234
179,RIGHT_ANKLE,0.4509359896183014,0.8893858790397644,-0.15026594698429108
179,LEFT_HEEL,0.4468451142311096,0.852007269859314,0.4894624650478363
179,RIGHT_HEEL,0.4317030906677246,0.9116984605789185,-0.15127289295196533
179,LEFT_FOOT_INDEX,0.5074142813682556,0.8695131540298462,0.4530276358127594
179,RIGHT_FOOT_INDEX,0.5150865912437439,0.9190885424613953,-0.24820086359977722
180,NOSE,0.6214741468429565,0.38647064566612244,3.2546846341574565e-05
180,LEFT_EYE_INNER,0.6198290586471558,0.370636522769928,0.0005822131643071771
180,LEFT_EYE,0.6180276274681091,0.36923831701278687,0.0005134399398230016
180,LEFT_EYE_OUTER,0.6162427663803101,0.36765509843826294,0.0005426701391115785
180,RIGHT_EYE_INNER,0.6211824417114258,0.3720242381095886,-0.037701454013586044
180,RIGHT_EYE,0.6200394630432129,0.3718363642692566,-0.03773023933172226
180,RIGHT_EYE_OUTER,0.6185355186462402,0.37159591913223267,-0.03777265176177025
180,LEFT_EAR,0.6000178456306458,0.36309972405433655,0.04110977426171303
180,RIGHT_EAR,0.5998576879501343,0.36792317032814026,-0.14148001372814178
180,MOUTH_LEFT,0.6089310050010681,0.3959583640098572,0.020965183153748512
180,MOUTH_RIGHT,0.6103891730308533,0.3971414864063263,-0.030646979808807373
180,LEFT_SHOULDER,0.5233421921730042,0.40201646089553833,0.14391620457172394
180,RIGHT_SHOULDER,0.567220151424408,0.415865421295166,-0.2516935169696808
180,LEFT_ELBOW,0.4446636140346527,0.37161344289779663,0.3238626718521118
180,RIGHT_ELBOW,0.5338792204856873,0.3868662118911743,-0.5909581780433655
180,LEFT_WRIST,0.44022220373153687,0.30385902523994446,0.44705042243003845
180,RIGHT_WRIST,0.5110750198364258,0.3625113070011139,-0.9519490003585815
180,LEFT_PINKY,0.4155879020690918,0.29698190093040466,0.47067999839782715
180,RIGHT_PINKY,0.49499306082725525,0.35811108350753784,-1.039546251296997
180,LEFT_INDEX,0.43816882371902466,0.28295063972473145,0.44204315543174744
180,RIGHT_INDEX,0.5013142824172974,0.3575742840766907,-1.0155208110809326
180,LEFT_THUMB,0.441713809967041,0.29175838828086853,0.4393731653690338
180,RIGHT_THUMB,0.5068851709365845,0.36107781529426575,-0.9513615369796753
180,LEFT_HIP,0.45445090532302856,0.5837584137916565,0.17667827010154724
180,RIGHT_HIP,0.4639529585838318,0.5952945947647095,-0.17692478001117706
180,LEFT_KNEE,0.5172109603881836,0.7129207253456116,0.2417570799589157
180,RIGHT_KNEE,0.5084801912307739,0.7383605241775513,-0.13456115126609802
180,LEFT_ANKLE,0.4660518765449524,0.8467686772346497,0.38475242257118225
180,RIGHT_ANKLE,0.4520050883293152,0.88932865858078,-0.05741729214787483
180,LEFT_HEEL,0.4447876513004303,0.8734528422355652,0.3929690420627594
180,RIGHT_HEEL,0.4319154620170593,0.9116926193237305,-0.05290926620364189
180,LEFT_FOOT_INDEX,0.5085464119911194,0.8758991956710815,0.34917962551116943
180,RIGHT_FOOT_INDEX,0.5164912939071655,0.9190284609794617,-0.1362941712141037
181,NOSE,0.6193837523460388,0.3901236057281494,0.027950679883360863
181,LEFT_EYE_INNER,0.6178387403488159,0.3731958270072937,0.02405925653874874
181,LEFT_EYE,0.6155692338943481,0.3715378940105438,0.02399531751871109
181,LEFT_EYE_OUTER,0.6131852865219116,0.3697572350502014,0.024020541459321976
181,RIGHT_EYE_INNER,0.619937539100647,0.37518998980522156,-0.01164308749139309
181,RIGHT_EYE,0.6189894676208496,0.375163733959198,-0.011688580736517906
181,RIGHT_EYE_OUTER,0.617740273475647,0.37507516145706177,-0.01173665001988411
181,LEFT_EAR,0.5968982577323914,0.3651945888996124,0.047223981469869614
181,RIGHT_EAR,0.5996707677841187,0.3709719479084015,-0.12479277700185776
181,MOUTH_LEFT,0.6063886880874634,0.39843112230300903,0.04289669543504715
181,MOUTH_RIGHT,0.6090728044509888,0.4000260829925537,-0.0057268524542450905
181,LEFT_SHOULDER,0.5231033563613892,0.4085044264793396,0.14528688788414001
181,RIGHT_SHOULDER,0.5686165690422058,0.41921114921569824,-0.22709865868091583
181,LEFT_ELBOW,0.4436068534851074,0.37428557872772217,0.30599266290664673
181,RIGHT_ELBOW,0.5335641503334045,0.3842378556728363,-0.5215820074081421
181,LEFT_WRIST,0.440197229385376,0.3071199059486389,0.40909403562545776
181,RIGHT_WRIST,0.49814867973327637,0.34792739152908325,-0.8443810343742371
181,LEFT_PINKY,0.4090975821018219,0.3001278340816498,0.42770862579345703
181,RIGHT_PINKY,0.48259028792381287,0.35661840438842773,-0.923095703125
181,LEFT_INDEX,0.4373759329319,0.2839260697364807,0.3990463614463806
181,RIGHT_INDEX,0.4869319498538971,0.34655359387397766,-0.9018101692199707
181,LEFT_THUMB,0.44130200147628784,0.29182642698287964,0.40086179971694946
181,RIGHT_THUMB,0.48869553208351135,0.34822481870651245,-0.8442837595939636
181,LEFT_HIP,0.4516445994377136,0.5846449136734009,0.17520566284656525
181,RIGHT_HIP,0.4645475447177887,0.5965568423271179,-0.17545154690742493
181,LEFT_KNEE,0.5170724987983704,0.712643563747406,0.2576180398464203
181,RIGHT_KNEE,0.5108117461204529,0.737288236618042,-0.1415952742099762
181,LEFT_ANKLE,0.46656927466392517,0.8448017239570618,0.4184878468513489
181,RIGHT_ANKLE,0.45280057191848755,0.8891574144363403,-0.0885077565908432
181,LEFT_HEEL,0.4448142945766449,0.8717387914657593,0.4293150305747986
181,RIGHT_HEEL,0.4323638379573822,0.9112123250961304,-0.08619723469018936
181,LEFT_FOOT_INDEX,0.5083443522453308,0.8734664916992188,0.39389508962631226
181,RIGHT_FOOT_INDEX,0.517134428024292,0.9188170433044434,-0.17045070230960846
182,NOSE,0.6186586618423462,0.3920469284057617,0.06815934926271439
182,LEFT_EYE_INNER,0.6167420148849487,0.3754005432128906,0.05526069551706314
182,LEFT_EYE,0.6143297553062439,0.37379714846611023,0.05518393963575363
182,LEFT_EYE_OUTER,0.6118373870849609,0.37203705310821533,0.055175475776195526
182,RIGHT_EYE_INNER,0.6193351745605469,0.37747907638549805,0.01721627451479435
182,RIGHT_EYE,0.6184986233711243,0.37747785449028015,0.017173323780298233
182,RIGHT_EYE_OUTER,0.6173784136772156,0.37736454606056213,0.01704481430351734
182,LEFT_EAR,0.5959445834159851,0.3679499626159668,0.04726798087358475
182,RIGHT_EAR,0.599441409111023,0.3735763430595398,-0.12654685974121094
182,MOUTH_LEFT,0.6053398847579956,0.4003641605377197,0.0713607594370842
182,MOUTH_RIGHT,0.6086134910583496,0.40261298418045044,0.01949325203895569
182,LEFT_SHOULDER,0.5216163396835327,0.40585941076278687,0.1440611034631729
182,RIGHT_SHOULDER,0.568435788154602,0.41939425468444824,-0.2590045928955078
182,LEFT_ELBOW,0.4509352147579193,0.3766394257545471,0.3630051016807556
182,RIGHT_ELBOW,0.5374412536621094,0.38246482610702515,-0.6207014918327332
182,LEFT_WRIST,0.43942609429359436,0.32005390524864197,0.5303945541381836
182,RIGHT_WRIST,0.49874410033226013,0.33812326192855835,-1.0135290622711182
182,LEFT_PINKY,0.4252670407295227,0.29992276430130005,0.5658792853355408
182,RIGHT_PINKY,0.4812728464603424,0.3312399089336395,-1.106070637702942
182,LEFT_INDEX,0.43763723969459534,0.2895009517669678,0.5355437994003296
182,RIGHT_INDEX,0.4815414547920227,0.32565587759017944,-1.0874618291854858
182,LEFT_THUMB,0.4414614737033844,0.2970489263534546,0.5237923264503479
182,RIGHT_THUMB,0.4876479208469391,0.3319123685359955,-1.0166778564453125
182,LEFT_HIP,0.449333518743515,0.5851739048957825,0.17808078229427338
182,RIGHT_HIP,0.46459323167800903,0.5973047018051147,-0.1782965511083603
182,LEFT_KNEE,0.5174037218093872,0.7126464247703552,0.2676648199558258
182,RIGHT_KNEE,0.5140519142150879,0.735873281955719,-0.1296120136976242
182,LEFT_ANKLE,0.4668307900428772,0.8391375541687012,0.43828076124191284
182,RIGHT_ANKLE,0.4536549150943756,0.887680172920227,-0.05028939247131348
182,LEFT_HEEL,0.4448321759700775,0.856725811958313,0.44958338141441345
182,RIGHT_HEEL,0.4333259165287018,0.9094785451889038,-0.04486391693353653
182,LEFT_FOOT_INDEX,0.5094091892242432,0.8749966621398926,0.4123666286468506
182,RIGHT_FOOT_INDEX,0.5176493525505066,0.9165183901786804,-0.13043813407421112
183,NOSE,0.6136630177497864,0.39871886372566223,-0.0238469447940588
183,LEFT_EYE_INNER,0.6131802201271057,0.3801939785480499,-0.014326902106404305
183,LEFT_EYE,0.6112475395202637,0.37885695695877075,-0.014400569722056389
183,LEFT_EYE_OUTER,0.6093096137046814,0.3774542510509491,-0.014401718974113464
183,RIGHT_EYE_INNER,0.6147372722625732,0.38139986991882324,-0.054548364132642746
183,RIGHT_EYE,0.6135923266410828,0.38097748160362244,-0.054567210376262665
183,RIGHT_EYE_OUTER,0.6122575998306274,0.38042163848876953,-0.0546354278922081
183,LEFT_EAR,0.5948173403739929,0.3747290074825287,0.04737032204866409
183,RIGHT_EAR,0.5944068431854248,0.3767828941345215,-0.13219481706619263
183,MOUTH_LEFT,0.6014822721481323,0.40696531534194946,0.007558402605354786
183,MOUTH_RIGHT,0.603958010673523,0.40890488028526306,-0.046769388020038605
183,LEFT_SHOULDER,0.5246204733848572,0.4224015176296234,0.1552634835243225
183,RIGHT_SHOULDER,0.565624475479126,0.421027272939682,-0.24272413551807404
183,LEFT_ELBOW,0.45281410217285156,0.3798259198665619,0.3452278971672058
183,RIGHT_ELBOW,0.5360075235366821,0.36476582288742065,-0.5739960670471191
183,LEFT_WRIST,0.43973955512046814,0.3256712555885315,0.46734851598739624
183,RIGHT_WRIST,0.48371100425720215,0.33266764879226685,-0.9055346250534058
183,LEFT_PINKY,0.4252914786338806,0.3121050298213959,0.49487432837486267
183,RIGHT_PINKY,0.46911096572875977,0.3276546001434326,-0.9885281324386597
183,LEFT_INDEX,0.4391610026359558,0.2989564538002014,0.46635207533836365
183,RIGHT_INDEX,0.4686608910560608,0.3238697648048401,-0.9725245237350464
183,LEFT_THUMB,0.4440653920173645,0.3085663914680481,0.45948538184165955
183,RIGHT_THUMB,0.4736142158508301,0.3253500759601593,-0.908544659614563
183,LEFT_HIP,0.44944700598716736,0.5873457789421082,0.1760692298412323
183,RIGHT_HIP,0.46381324529647827,0.5975285172462463,-0.17627832293510437
183,LEFT_KNEE,0.5181769132614136,0.7165037989616394,0.20418862998485565
183,RIGHT_KNEE,0.5170080661773682,0.7331289052963257,-0.1343039572238922
183,LEFT_ANKLE,0.46486908197402954,0.8515241742134094,0.2859185039997101
183,RIGHT_ANKLE,0.4544164538383484,0.8822296857833862,-0.07643474638462067
183,LEFT_HEEL,0.44237351417541504,0.876370906829834,0.2875874936580658
183,RIGHT_HEEL,0.43393874168395996,0.9053789377212524,-0.07154770195484161
183,LEFT_FOOT_INDEX,0.513381838798523,0.9005436897277832,0.24669308960437775
183,RIGHT_FOOT_INDEX,0.5173701643943787,0.9124922752380371,-0.13602688908576965
184,NOSE,0.6003415584564209,0.39737561345100403,-0.04433918744325638
184,LEFT_EYE_INNER,0.5999252200126648,0.38158369064331055,-0.0404856838285923
184,LEFT_EYE,0.6004108786582947,0.38433751463890076,-0.04057461395859718
184,LEFT_EYE_OUTER,0.6002055406570435,0.38356849551200867,-0.040585387498140335
184,RIGHT_EYE_INNER,0.6006702184677124,0.38172510266304016,-0.07640579342842102
184,RIGHT_EYE,0.599586009979248,0.3811494708061218,-0.07642663270235062
184,RIGHT_EYE_OUTER,0.5985034704208374,0.38054805994033813,-0.07645991444587708
184,LEFT_EAR,0.5914761424064636,0.3821437656879425,0.015213373117148876
184,RIGHT_EAR,0.5880483984947205,0.381722629070282,-0.14964041113853455
184,MOUTH_LEFT,0.5903962850570679,0.41312965750694275,-0.018085774034261703
184,MOUTH_RIGHT,0.5914915800094604,0.40746942162513733,-0.06613246351480484
184,LEFT_SHOULDER,0.5303655862808228,0.4316541254520416,0.08518777787685394
184,RIGHT_SHOULDER,0.5546755790710449,0.42365846037864685,-0.25127992033958435
184,LEFT_ELBOW,0.498715877532959,0.39598819613456726,-0.011960424482822418
184,RIGHT_ELBOW,0.5346659421920776,0.3698175251483917,-0.5901069045066833
184,LEFT_WRIST,0.4617178440093994,0.33560651540756226,-0.21684157848358154
184,RIGHT_WRIST,0.4803532063961029,0.3364907503128052,-0.9211053848266602
184,LEFT_PINKY,0.44863319396972656,0.3215106129646301,-0.2561635971069336
184,RIGHT_PINKY,0.4677261710166931,0.323440283536911,-1.009211540222168
184,LEFT_INDEX,0.4529793858528137,0.31340208649635315,-0.2708970904350281
184,RIGHT_INDEX,0.46856656670570374,0.3233714699745178,-0.9962209463119507
184,LEFT_THUMB,0.45764416456222534,0.32112452387809753,-0.2312108725309372
184,RIGHT_THUMB,0.4718538820743561,0.32748425006866455,-0.926559567451477
184,LEFT_HIP,0.44961467385292053,0.5911047458648682,0.16956833004951477
184,RIGHT_HIP,0.463315486907959,0.600837767124176,-0.1697763353586197
184,LEFT_KNEE,0.5179942846298218,0.7165687084197998,0.23537509143352509
184,RIGHT_KNEE,0.5165851712226868,0.7329834699630737,-0.17481747269630432
184,LEFT_ANKLE,0.4658626616001129,0.8456675410270691,0.37478557229042053
184,RIGHT_ANKLE,0.4544166922569275,0.8825060725212097,-0.15836013853549957
184,LEFT_HEEL,0.44240713119506836,0.8728882670402527,0.38282665610313416
184,RIGHT_HEEL,0.4339240491390228,0.905667781829834,-0.1620722860097885
184,LEFT_FOOT_INDEX,0.5117515921592712,0.874984860420227,0.3415699005126953
184,RIGHT_FOOT_INDEX,0.5170544385910034,0.9121958613395691,-0.26237815618515015
185,NOSE,0.6026276350021362,0.3965408504009247,-0.11764216423034668
185,LEFT_EYE_INNER,0.6030638813972473,0.38072413206100464,-0.09651188552379608
185,LEFT_EYE,0.6028540134429932,0.3825327157974243,-0.09660200774669647
185,LEFT_EYE_OUTER,0.6021435856819153,0.3814966678619385,-0.0965714082121849
185,RIGHT_EYE_INNER,0.6036221385002136,0.38125571608543396,-0.13136683404445648
185,RIGHT_EYE,0.6024132370948792,0.380964457988739,-0.13143184781074524
185,RIGHT_EYE_OUTER,0.6010728478431702,0.3802061378955841,-0.13144494593143463
185,LEFT_EAR,0.591826856136322,0.3792665898799896,0.019656678661704063
185,RIGHT_EAR,0.5874342918395996,0.38135838508605957,-0.14150133728981018
185,MOUTH_LEFT,0.5924086570739746,0.4117533564567566,-0.06872236728668213
185,MOUTH_RIGHT,0.5930120348930359,0.4073519706726074,-0.11468885093927383
185,LEFT_SHOULDER,0.5432776212692261,0.43124327063560486,0.11420585960149765
185,RIGHT_SHOULDER,0.541355550289154,0.4179131090641022,-0.22251662611961365
185,LEFT_ELBOW,0.5100064873695374,0.40551838278770447,0.08355813473463058
185,RIGHT_ELBOW,0.5187445878982544,0.37752625346183777,-0.5122888088226318
185,LEFT_WRIST,0.46300429105758667,0.33997678756713867,-0.049961917102336884
185,RIGHT_WRIST,0.47058263421058655,0.3356945514678955,-0.7513452768325806
185,LEFT_PINKY,0.45032477378845215,0.321967214345932,-0.07320097833871841
185,RIGHT_PINKY,0.4611528515815735,0.3197309374809265,-0.8242964744567871
185,LEFT_INDEX,0.4541196823120117,0.31392115354537964,-0.08171799778938293
185,RIGHT_INDEX,0.462944358587265,0.31867748498916626,-0.8144399523735046
185,LEFT_THUMB,0.4580553472042084,0.3211528956890106,-0.05899506062269211
185,RIGHT_THUMB,0.4653632640838623,0.32528233528137207,-0.7551890015602112
185,LEFT_HIP,0.44966164231300354,0.5906656980514526,0.1693742573261261
185,RIGHT_HIP,0.46421462297439575,0.6018437743186951,-0.1696038395166397
185,LEFT_KNEE,0.5170160531997681,0.716873288154602,0.1783110797405243
185,RIGHT_KNEE,0.5176829695701599,0.7335258722305298,-0.17710332572460175
185,LEFT_ANKLE,0.4654160439968109,0.8451881408691406,0.2794472575187683
185,RIGHT_ANKLE,0.4544151723384857,0.8825748562812805,-0.12708863615989685
185,LEFT_HEEL,0.4403623938560486,0.8766430616378784,0.28355973958969116
185,RIGHT_HEEL,0.43390336632728577,0.9058454632759094,-0.12483420222997665
185,LEFT_FOOT_INDEX,0.5146201848983765,0.8880311846733093,0.24557837843894958
185,RIGHT_FOOT_INDEX,0.5167710185050964,0.9135044813156128,-0.20185570418834686
186,NOSE,0.6035900712013245,0.39600256085395813,-0.13845942914485931
186,LEFT_EYE_INNER,0.6046971082687378,0.3810398280620575,-0.1171889454126358
186,LEFT_EYE,0.6042035818099976,0.38183894753456116,-0.11728136241436005
186,LEFT_EYE_OUTER,0.6033157110214233,0.38088560104370117,-0.11727925390005112
186,RIGHT_EYE_INNER,0.6050082445144653,0.3809412717819214,-0.15375199913978577
186,RIGHT_EYE,0.6037989854812622,0.3804171085357666,-0.1538049280643463
186,RIGHT_EYE_OUTER,0.602426290512085,0.37973180413246155,-0.1538262665271759
186,LEFT_EAR,0.5923961400985718,0.378093421459198,0.0038016685284674168
186,RIGHT_EAR,0.5883604884147644,0.3800279498100281,-0.16201837360858917
186,MOUTH_LEFT,0.5933524966239929,0.41005581617355347,-0.09007210284471512
186,MOUTH_RIGHT,0.5937768220901489,0.40672358870506287,-0.13835272192955017
186,LEFT_SHOULDER,0.5455518960952759,0.4295358657836914,0.11537064611911774
186,RIGHT_SHOULDER,0.5382074117660522,0.4156462252140045,-0.23787982761859894
186,LEFT_ELBOW,0.5103634595870972,0.409609854221344,0.11458224058151245
186,RIGHT_ELBOW,0.5135595798492432,0.3869969844818115,-0.5382945537567139
186,LEFT_WRIST,0.46769124269485474,0.34911325573921204,0.03737812489271164
186,RIGHT_WRIST,0.47084492444992065,0.3388664722442627,-0.8091424107551575
186,LEFT_PINKY,0.4541545808315277,0.3268585503101349,0.02363116666674614
186,RIGHT_PINKY,0.4621772766113281,0.3205777406692505,-0.8849931955337524
186,LEFT_INDEX,0.4576874375343323,0.31997349858283997,0.013720400631427765
186,RIGHT_INDEX,0.4635635018348694,0.3186734616756439,-0.8749446868896484
186,LEFT_THUMB,0.4622218608856201,0.3287173807621002,0.02929641865193844
186,RIGHT_THUMB,0.46600303053855896,0.3278770446777344,-0.8139019012451172
186,LEFT_HIP,0.45190659165382385,0.5904892086982727,0.1692945659160614
186,RIGHT_HIP,0.46420663595199585,0.6017685532569885,-0.16953137516975403
186,LEFT_KNEE,0.5174016952514648,0.7147649526596069,0.2147962599992752
186,RIGHT_KNEE,0.5202788710594177,0.7336050868034363,-0.18665575981140137
186,LEFT_ANKLE,0.4674263000488281,0.8324146270751953,0.33498916029930115
186,RIGHT_ANKLE,0.4547044336795807,0.8823888897895813,-0.14894838631153107
186,LEFT_HEEL,0.44058069586753845,0.8595954179763794,0.34107962250709534
186,RIGHT_HEEL,0.43407124280929565,0.9043051600456238,-0.1497676819562912
186,LEFT_FOOT_INDEX,0.5068165063858032,0.8651624917984009,0.26652613282203674
186,RIGHT_FOOT_INDEX,0.516567051410675,0.9136654734611511,-0.23223046958446503
187,NOSE,0.6038336753845215,0.40182456374168396,0.07476283609867096
187,LEFT_EYE_INNER,0.605404257774353,0.3873944580554962,0.0693812221288681
187,LEFT_EYE,0.6044288277626038,0.3858785629272461,0.0693100243806839
187,LEFT_EYE_OUTER,0.6030911803245544,0.38358601927757263,0.06923578679561615
187,RIGHT_EYE_INNER,0.6060889363288879,0.38977497816085815,0.02899201773107052
187,RIGHT_EYE,0.6047121286392212,0.3895110487937927,0.028936365619301796
187,RIGHT_EYE_OUTER,0.6025965809822083,0.38886141777038574,0.028840506449341774
187,LEFT_EAR,0.5913352370262146,0.3773469924926758,0.07760867476463318
187,RIGHT_EAR,0.5905224680900574,0.38183632493019104,-0.1079607605934143
187,MOUTH_LEFT,0.5930302739143372,0.4092389941215515,0.08419820666313171
187,MOUTH_RIGHT,0.5944770574569702,0.4094974994659424,0.029505601152777672
187,LEFT_SHOULDER,0.5229334831237793,0.42635640501976013,0.16903525590896606
187,RIGHT_SHOULDER,0.5385843515396118,0.424154132604599,-0.22076454758644104
187,LEFT_ELBOW,0.49540621042251587,0.4233533442020416,0.3695245087146759
187,RIGHT_ELBOW,0.5245190262794495,0.41459327936172485,-0.5336369276046753
187,LEFT_WRIST,0.46367231011390686,0.3623122274875641,0.5324863195419312
187,RIGHT_WRIST,0.5120843052864075,0.3457983434200287,-0.7982761859893799
187,LEFT_PINKY,0.4583486020565033,0.3409181237220764,0.568142294883728
187,RIGHT_PINKY,0.5049856901168823,0.3284689784049988,-0.8701620101928711
187,LEFT_INDEX,0.4647318720817566,0.33244800567626953,0.546859622001648
187,RIGHT_INDEX,0.5058074593544006,0.3234425187110901,-0.8579080700874329
187,LEFT_THUMB,0.4700135588645935,0.346402645111084,0.5288058519363403
187,RIGHT_THUMB,0.5084995031356812,0.33122706413269043,-0.8013730049133301
187,LEFT_HIP,0.448772132396698,0.5892486572265625,0.16837956011295319
187,RIGHT_HIP,0.46536985039711,0.6034635305404663,-0.16850610077381134
187,LEFT_KNEE,0.517335057258606,0.7097281217575073,0.24497058987617493
187,RIGHT_KNEE,0.522649347782135,0.7338215112686157,-0.17742665112018585
187,LEFT_ANKLE,0.4666648805141449,0.8273048400878906,0.34525856375694275
187,RIGHT_ANKLE,0.456766277551651,0.8803923726081848,-0.15118259191513062
187,LEFT_HEEL,0.4407607614994049,0.8441149592399597,0.355964720249176
187,RIGHT_HEEL,0.4345545768737793,0.9002417325973511,-0.15297295153141022
187,LEFT_FOOT_INDEX,0.5052928328514099,0.8647705316543579,0.3104054629802704
187,RIGHT_FOOT_INDEX,0.5165501236915588,0.9144665002822876,-0.23696517944335938
188,NOSE,0.6045725345611572,0.4079965054988861,0.07432252913713455
188,LEFT_EYE_INNER,0.6060181856155396,0.3931567966938019,0.0624774768948555
188,LEFT_EYE,0.6049646139144897,0.3909866213798523,0.06239185854792595
188,LEFT_EYE_OUTER,0.6034954786300659,0.38840189576148987,0.06233242154121399
188,RIGHT_EYE_INNER,0.6063627004623413,0.3948909342288971,0.024455402046442032
188,RIGHT_EYE,0.6057456135749817,0.3943791091442108,0.02442893572151661
188,RIGHT_EYE_OUTER,0.6047639846801758,0.3934592604637146,0.0243951715528965
188,LEFT_EAR,0.5912987589836121,0.3792658746242523,0.062019795179367065
188,RIGHT_EAR,0.5927756428718567,0.3850826919078827,-0.11223845183849335
188,MOUTH_LEFT,0.5934654474258423,0.4109799861907959,0.07749344408512115
188,MOUTH_RIGHT,0.5948224067687988,0.41203728318214417,0.02645154297351837
188,LEFT_SHOULDER,0.5113121271133423,0.4213082194328308,0.12383852899074554
188,RIGHT_SHOULDER,0.541488528251648,0.42828503251075745,-0.2255738228559494
188,LEFT_ELBOW,0.48585882782936096,0.43470558524131775,0.1528516709804535
188,RIGHT_ELBOW,0.5284202694892883,0.4266970753669739,-0.5291188955307007
188,LEFT_WRIST,0.4757412075996399,0.3943599462509155,0.10067645460367203
188,RIGHT_WRIST,0.5148664116859436,0.36738795042037964,-0.7906798124313354
188,LEFT_PINKY,0.4720695912837982,0.37878283858299255,0.09178788959980011
188,RIGHT_PINKY,0.5039156079292297,0.3561401963233948,-0.863012433052063
188,LEFT_INDEX,0.477689266204834,0.3732929825782776,0.07164844870567322
188,RIGHT_INDEX,0.5036740303039551,0.35688939690589905,-0.8517199754714966
188,LEFT_THUMB,0.47021445631980896,0.3902246356010437,0.08968385308980942
188,RIGHT_THUMB,0.5091226696968079,0.3657122254371643,-0.7940143346786499
188,LEFT_HIP,0.44664591550827026,0.5890281200408936,0.1583198606967926
188,RIGHT_HIP,0.4657560884952545,0.604870617389679,-0.15826237201690674
188,LEFT_KNEE,0.5162675380706787,0.7035729289054871,0.3097502291202545
188,RIGHT_KNEE,0.5225285291671753,0.7338738441467285,-0.16053493320941925
188,LEFT_ANKLE,0.46663856506347656,0.8029167056083679,0.49037861824035645
188,RIGHT_ANKLE,0.45776814222335815,0.8797067403793335,-0.1702839881181717
188,LEFT_HEEL,0.44130849838256836,0.8151475191116333,0.5041576623916626
188,RIGHT_HEEL,0.4351731836795807,0.8985047340393066,-0.17639869451522827
188,LEFT_FOOT_INDEX,0.5031870603561401,0.8404098749160767,0.4794562757015228
188,RIGHT_FOOT_INDEX,0.5165119767189026,0.9145034551620483,-0.27200236916542053
189,NOSE,0.6049827337265015,0.4099014401435852,0.04102064296603203
189,LEFT_EYE_INNER,0.6064252257347107,0.39486944675445557,0.03396875783801079
189,LEFT_EYE,0.6053028702735901,0.39272403717041016,0.0339139923453331
189,LEFT_EYE_OUTER,0.6037946939468384,0.39025428891181946,0.03386474400758743
189,RIGHT_EYE_INNER,0.6070164442062378,0.3968585133552551,-0.0051467642188072205
189,RIGHT_EYE,0.6063725352287292,0.396347314119339,-0.00518575357273221
189,RIGHT_EYE_OUTER,0.6054033041000366,0.3955060839653015,-0.005236356519162655
189,LEFT_EAR,0.5915681719779968,0.38001686334609985,0.03819575905799866
189,RIGHT_EAR,0.5928422212600708,0.38574546575546265,-0.16471834480762482
189,MOUTH_LEFT,0.5938749313354492,0.41287970542907715,0.051431793719530106
189,MOUTH_RIGHT,0.5951576828956604,0.41526517271995544,0.0006115745636634529
189,LEFT_SHOULDER,0.5131407976150513,0.4208393096923828,0.13582396507263184
189,RIGHT_SHOULDER,0.5447760820388794,0.428236186504364,-0.2833606004714966
189,LEFT_ELBOW,0.4687291979789734,0.4362064003944397,0.47238507866859436
189,RIGHT_ELBOW,0.5379248261451721,0.42546185851097107,-0.5864507555961609
189,LEFT_WRIST,0.4878148138523102,0.4009250998497009,0.7968327403068542
189,RIGHT_WRIST,0.5262962579727173,0.3725581765174866,-0.8593093156814575
189,LEFT_PINKY,0.48601895570755005,0.38779976963996887,0.8631623387336731
189,RIGHT_PINKY,0.5178669691085815,0.3607948124408722,-0.9257631301879883
189,LEFT_INDEX,0.49029335379600525,0.38627707958221436,0.8359376192092896
189,RIGHT_INDEX,0.518750786781311,0.35812681913375854,-0.918343722820282
189,LEFT_THUMB,0.48462390899658203,0.39307230710983276,0.7953885197639465
189,RIGHT_THUMB,0.5213321447372437,0.3645646274089813,-0.8633033633232117
189,LEFT_HIP,0.4470382332801819,0.5892045497894287,0.15866516530513763
189,RIGHT_HIP,0.4640735983848572,0.6051698923110962,-0.1586368978023529
189,LEFT_KNEE,0.5163941383361816,0.7044364809989929,0.3116071820259094
189,RIGHT_KNEE,0.5230939388275146,0.734087347984314,-0.14276885986328125
189,LEFT_ANKLE,0.4664307236671448,0.8119701147079468,0.48568663001060486
189,RIGHT_ANKLE,0.46028709411621094,0.8787871599197388,-0.120904840528965
189,LEFT_HEEL,0.44203582406044006,0.8290939331054688,0.4988947808742523
189,RIGHT_HEEL,0.437134325504303,0.8964287638664246,-0.12096152454614639
189,LEFT_FOOT_INDEX,0.5032238364219666,0.849557101726532,0.4802912771701813
189,RIGHT_FOOT_INDEX,0.5172911882400513,0.9153754115104675,-0.18988727033138275
190,NOSE,0.6049128174781799,0.41418471932411194,-0.015914354473352432
190,LEFT_EYE_INNER,0.6067450046539307,0.3987340033054352,-0.007919389754533768
190,LEFT_EYE,0.6055383682250977,0.39686328172683716,-0.007919489406049252
190,LEFT_EYE_OUTER,0.6039132475852966,0.39472147822380066,-0.007997771725058556
190,RIGHT_EYE_INNER,0.6071518659591675,0.3998223543167114,-0.05619574710726738
190,RIGHT_EYE,0.6063339114189148,0.39891907572746277,-0.05625634267926216
190,RIGHT_EYE_OUTER,0.6053363084793091,0.3976598083972931,-0.05641009286046028
190,LEFT_EAR,0.5917859673500061,0.38351723551750183,0.0411357544362545
190,RIGHT_EAR,0.5920570492744446,0.3873053193092346,-0.17001570761203766
190,MOUTH_LEFT,0.5940069556236267,0.4179900586605072,0.013965541496872902
190,MOUTH_RIGHT,0.5944720506668091,0.41980281472206116,-0.05067602917551994
190,LEFT_SHOULDER,0.5142918825149536,0.4204392433166504,0.1801547110080719
190,RIGHT_SHOULDER,0.5436409711837769,0.43443503975868225,-0.2672157883644104
190,LEFT_ELBOW,0.46105414628982544,0.4545270502567291,0.5131363272666931
190,RIGHT_ELBOW,0.483040988445282,0.45858678221702576,-0.563517153263092
190,LEFT_WRIST,0.4914233088493347,0.4114731252193451,0.8104413747787476
190,RIGHT_WRIST,0.5155054926872253,0.3922251760959625,-0.8291932940483093
190,LEFT_PINKY,0.4919629693031311,0.39963218569755554,0.8786859512329102
190,RIGHT_PINKY,0.5114881992340088,0.37873831391334534,-0.895014762878418
190,LEFT_INDEX,0.4931926131248474,0.40456169843673706,0.854432225227356
190,RIGHT_INDEX,0.5142217874526978,0.3684617578983307,-0.8849123120307922
190,LEFT_THUMB,0.4947749972343445,0.4072524607181549,0.809883713722229
190,RIGHT_THUMB,0.5147453546524048,0.3748887777328491,-0.8313668966293335
190,LEFT_HIP,0.44825315475463867,0.5891420245170593,0.162053644657135
190,RIGHT_HIP,0.46392732858657837,0.6054273843765259,-0.16206113994121552
190,LEFT_KNEE,0.5160592198371887,0.7053360342979431,0.3059366047382355
190,RIGHT_KNEE,0.5233920216560364,0.7345997095108032,-0.2124076783657074
190,LEFT_ANKLE,0.46517524123191833,0.8121898770332336,0.47367414832115173
190,RIGHT_ANKLE,0.4607824385166168,0.8780438303947449,-0.21064603328704834
190,LEFT_HEEL,0.4420638680458069,0.8351535797119141,0.4856719374656677
190,RIGHT_HEEL,0.43743696808815,0.8944879770278931,-0.21313044428825378
190,LEFT_FOOT_INDEX,0.503446638584137,0.8525615930557251,0.47111672163009644
190,RIGHT_FOOT_INDEX,0.517471432685852,0.9158782958984375,-0.2837677597999573
191,NOSE,0.6014431715011597,0.41287797689437866,0.03954523429274559
191,LEFT_EYE_INNER,0.6042500734329224,0.3985403776168823,0.0467010959982872
191,LEFT_EYE,0.6030315160751343,0.39662227034568787,0.04665262624621391
191,LEFT_EYE_OUTER,0.6016449332237244,0.394593745470047,0.04656654968857765
191,RIGHT_EYE_INNER,0.6042544841766357,0.3987930715084076,0.0026713996194303036
191,RIGHT_EYE,0.6031287312507629,0.3976455330848694,0.0026470436714589596
191,RIGHT_EYE_OUTER,0.60191810131073,0.3962845206260681,0.0025604635011404753
191,LEFT_EAR,0.5884548425674438,0.3829304277896881,0.09567619115114212
191,RIGHT_EAR,0.5870941877365112,0.3869081437587738,-0.1026887521147728
191,MOUTH_LEFT,0.5902581214904785,0.4173658788204193,0.06484188139438629
191,MOUTH_RIGHT,0.5899118185043335,0.4187656342983246,0.005922805052250624
191,LEFT_SHOULDER,0.5146342515945435,0.41772323846817017,0.2237991839647293
191,RIGHT_SHOULDER,0.5454791188240051,0.43602538108825684,-0.21441447734832764
191,LEFT_ELBOW,0.4990924894809723,0.44717341661453247,0.5041583776473999
191,RIGHT_ELBOW,0.526922345161438,0.45528942346572876,-0.4898146986961365
191,LEFT_WRIST,0.5414561033248901,0.4080815315246582,0.7548376321792603
191,RIGHT_WRIST,0.5680092573165894,0.41288796067237854,-0.6972576379776001
191,LEFT_PINKY,0.5440934896469116,0.4049656391143799,0.8105118870735168
191,RIGHT_PINKY,0.5751029253005981,0.40499886870384216,-0.7487288117408752
191,LEFT_INDEX,0.5497678518295288,0.404695987701416,0.7837955951690674
191,RIGHT_INDEX,0.5741451382637024,0.3968188166618347,-0.7307314872741699
191,LEFT_THUMB,0.5510436296463013,0.4068542420864105,0.751191258430481
191,RIGHT_THUMB,0.5710445642471313,0.40071946382522583,-0.6943100094795227
191,LEFT_HIP,0.4492427706718445,0.5846377611160278,0.1630343347787857
191,RIGHT_HIP,0.46698492765426636,0.6043559312820435,-0.1629825383424759
191,LEFT_KNEE,0.5140430331230164,0.7055040597915649,0.19408521056175232
191,RIGHT_KNEE,0.5237235426902771,0.734610378742218,-0.20619967579841614
191,LEFT_ANKLE,0.4651319086551666,0.8334503173828125,0.26341867446899414
191,RIGHT_ANKLE,0.46189016103744507,0.8770532608032227,-0.17683087289333344
191,LEFT_HEEL,0.4418879449367523,0.8502724766731262,0.2649069130420685
191,RIGHT_HEEL,0.43873199820518494,0.8920418620109558,-0.17333802580833435
191,LEFT_FOOT_INDEX,0.5045524835586548,0.8734011650085449,0.2289237529039383
191,RIGHT_FOOT_INDEX,0.516537070274353,0.9161657094955444,-0.21842452883720398
192,NOSE,0.5960661768913269,0.40869197249412537,0.040442608296871185
192,LEFT_EYE_INNER,0.6015701293945312,0.3955082595348358,0.048999156802892685
192,LEFT_EYE,0.6007869243621826,0.3943270444869995,0.048943884670734406
192,LEFT_EYE_OUTER,0.5998438000679016,0.39309990406036377,0.048884522169828415
192,RIGHT_EYE_INNER,0.6011158227920532,0.3941434621810913,0.0046049258671700954
192,RIGHT_EYE,0.5999296307563782,0.3928581476211548,0.0045820302329957485
192,RIGHT_EYE_OUTER,0.5985686779022217,0.3913402855396271,0.004558933898806572
192,LEFT_EAR,0.5873734951019287,0.38275378942489624,0.10301622003316879
192,RIGHT_EAR,0.5851958394050598,0.3841501772403717,-0.09778333455324173
192,MOUTH_LEFT,0.5853462219238281,0.41469472646713257,0.06646347790956497
192,MOUTH_RIGHT,0.584213137626648,0.4146661162376404,0.007524100132286549
192,LEFT_SHOULDER,0.5155153870582581,0.41726940870285034,0.2248498499393463
192,RIGHT_SHOULDER,0.540642499923706,0.43288689851760864,-0.19948896765708923
192,LEFT_ELBOW,0.5243733525276184,0.440382182598114,0.44731730222702026
192,RIGHT_ELBOW,0.5570446252822876,0.44385844469070435,-0.35592561960220337
192,LEFT_WRIST,0.5633574724197388,0.39908865094184875,0.604394793510437
192,RIGHT_WRIST,0.5876137614250183,0.39320388436317444,-0.3637215793132782
192,LEFT_PINKY,0.5676277279853821,0.3952265977859497,0.6385946273803711
192,RIGHT_PINKY,0.5964782238006592,0.3831022381782532,-0.3883593678474426
192,LEFT_INDEX,0.5713557600975037,0.3933275640010834,0.6176214814186096
192,RIGHT_INDEX,0.5908983945846558,0.37689700722694397,-0.37919163703918457
192,LEFT_THUMB,0.5713821649551392,0.39593201875686646,0.5982382893562317
192,RIGHT_THUMB,0.5863677263259888,0.3816370368003845,-0.35831159353256226
192,LEFT_HIP,0.45151466131210327,0.58411705493927,0.16185469925403595
192,RIGHT_HIP,0.4686233103275299,0.6031127572059631,-0.16179682314395905
192,LEFT_KNEE,0.5129590034484863,0.7058984041213989,0.20257464051246643
192,RIGHT_KNEE,0.5240602493286133,0.7345640659332275,-0.1918208748102188
192,LEFT_ANKLE,0.46274811029434204,0.8420858383178711,0.28896549344062805
192,RIGHT_ANKLE,0.4623599052429199,0.8783317804336548,-0.19382712244987488
192,LEFT_HEEL,0.4404432773590088,0.8559006452560425,0.2923208177089691
192,RIGHT_HEEL,0.4388948976993561,0.8954735994338989,-0.1982911080121994
192,LEFT_FOOT_INDEX,0.5044928193092346,0.8756438493728638,0.2616839110851288
192,RIGHT_FOOT_INDEX,0.5165334939956665,0.9199503064155579,-0.266620934009552
193,NOSE,0.5935270190238953,0.40684041380882263,0.06083504110574722
193,LEFT_EYE_INNER,0.5995824933052063,0.395413339138031,0.06631588190793991
193,LEFT_EYE,0.5987653136253357,0.39413216710090637,0.06627216190099716
193,LEFT_EYE_OUTER,0.597945511341095,0.3927139341831207,0.06623817980289459
193,RIGHT_EYE_INNER,0.5996603965759277,0.3936205506324768,0.021370137110352516
193,RIGHT_EYE,0.5987896919250488,0.3923946022987366,0.0213391724973917
193,RIGHT_EYE_OUTER,0.5977004766464233,0.3908033072948456,0.02130751684308052
193,LEFT_EAR,0.5859323143959045,0.3814027011394501,0.10975964367389679
193,RIGHT_EAR,0.5853095650672913,0.38274508714675903,-0.09370534867048264
193,MOUTH_LEFT,0.5825245976448059,0.4119485318660736,0.08336746692657471
193,MOUTH_RIGHT,0.5821382999420166,0.4117136597633362,0.023625392466783524
193,LEFT_SHOULDER,0.5160763263702393,0.40697813034057617,0.22979049384593964
193,RIGHT_SHOULDER,0.542559027671814,0.4275725781917572,-0.1994936764240265
193,LEFT_ELBOW,0.5250164270401001,0.432481586933136,0.4449101984500885
193,RIGHT_ELBOW,0.5670498609542847,0.4496343731880188,-0.3139787018299103
193,LEFT_WRIST,0.5700890421867371,0.40684252977371216,0.5798318386077881
193,RIGHT_WRIST,0.5870173573493958,0.39831623435020447,-0.2515052855014801
193,LEFT_PINKY,0.5770236253738403,0.40550845861434937,0.6116660237312317
193,RIGHT_PINKY,0.5935078859329224,0.3889712393283844,-0.2654677629470825
193,LEFT_INDEX,0.5798739194869995,0.4029429852962494,0.5887579321861267
193,RIGHT_INDEX,0.5871156454086304,0.38396477699279785,-0.25732940435409546
193,LEFT_THUMB,0.578741192817688,0.40427035093307495,0.5721218585968018
193,RIGHT_THUMB,0.5831485390663147,0.38784611225128174,-0.24453289806842804
193,LEFT_HIP,0.45253753662109375,0.5841770172119141,0.16206440329551697
193,RIGHT_HIP,0.4686507284641266,0.602234959602356,-0.16195271909236908
193,LEFT_KNEE,0.5129643082618713,0.7067359685897827,0.19397501647472382
193,RIGHT_KNEE,0.5248569846153259,0.7344072461128235,-0.18813396990299225
193,LEFT_ANKLE,0.4623490869998932,0.8476465344429016,0.26629194617271423
193,RIGHT_ANKLE,0.4633235037326813,0.8786528706550598,-0.17714151740074158
193,LEFT_HEEL,0.439769983291626,0.8622690439224243,0.26836609840393066
193,RIGHT_HEEL,0.43996819853782654,0.895571231842041,-0.17979495227336884
193,LEFT_FOOT_INDEX,0.5043252110481262,0.8844229578971863,0.23585669696331024
193,RIGHT_FOOT_INDEX,0.5164335370063782,0.9206668734550476,-0.2551572024822235
194,NOSE,0.5881891846656799,0.3992248773574829,0.01864047721028328
194,LEFT_EYE_INNER,0.595543622970581,0.38939425349235535,0.0393436960875988
194,LEFT_EYE,0.5954500436782837,0.3892531991004944,0.03928326070308685
194,LEFT_EYE_OUTER,0.5953069925308228,0.3889993727207184,0.03930625319480896
194,RIGHT_EYE_INNER,0.5942574739456177,0.38636523485183716,-0.009288616478443146
194,RIGHT_EYE,0.5928150415420532,0.3848225176334381,-0.00927179865539074
194,RIGHT_EYE_OUTER,0.5914977788925171,0.3826020359992981,-0.00922938622534275
194,LEFT_EAR,0.5853951573371887,0.3801860213279724,0.10934446007013321
194,RIGHT_EAR,0.5797540545463562,0.3760468363761902,-0.09394168108701706
194,MOUTH_LEFT,0.5793200731277466,0.4063638150691986,0.07382465898990631
194,MOUTH_RIGHT,0.5775237083435059,0.40379610657691956,0.005576950963586569
194,LEFT_SHOULDER,0.5341874361038208,0.4105817377567291,0.2269299030303955
194,RIGHT_SHOULDER,0.5289747714996338,0.40197935700416565,-0.18639448285102844
194,LEFT_ELBOW,0.5494694113731384,0.464942067861557,0.20179060101509094
194,RIGHT_ELBOW,0.5641220808029175,0.43826088309288025,-0.3038659691810608
194,LEFT_WRIST,0.5673137307167053,0.4281617999076843,0.016366058960556984
194,RIGHT_WRIST,0.5896246433258057,0.4041784703731537,-0.23332922160625458
194,LEFT_PINKY,0.5697453618049622,0.42452311515808105,-0.004134653136134148
194,RIGHT_PINKY,0.5951851606369019,0.4038526117801666,-0.2506031394004822
194,LEFT_INDEX,0.569062352180481,0.4171105921268463,-0.0048917317762970924
194,RIGHT_INDEX,0.5935543775558472,0.4015278220176697,-0.24742400646209717
194,LEFT_THUMB,0.56654292345047,0.4187774062156677,0.008523931726813316
194,RIGHT_THUMB,0.5892196893692017,0.40255990624427795,-0.22779059410095215
194,LEFT_HIP,0.4602015018463135,0.584201991558075,0.15892960131168365
194,RIGHT_HIP,0.46673017740249634,0.5969120860099792,-0.1588537096977234
194,LEFT_KNEE,0.5128970146179199,0.7078328728675842,0.18463273346424103
194,RIGHT_KNEE,0.5246767997741699,0.7329901456832886,-0.18417178094387054
194,LEFT_ANKLE,0.4621535837650299,0.8462529182434082,0.2542615830898285
194,RIGHT_ANKLE,0.4633871018886566,0.8784906268119812,-0.1956431269645691
194,LEFT_HEEL,0.43976131081581116,0.8620890378952026,0.2567094564437866
194,RIGHT_HEEL,0.4400394558906555,0.8959706425666809,-0.2020094394683838
194,LEFT_FOOT_INDEX,0.5043207406997681,0.8829399347305298,0.21854981780052185
194,RIGHT_FOOT_INDEX,0.516403317451477,0.9214633703231812,-0.28368431329727173
195,NOSE,0.5892869234085083,0.3966760039329529,0.015003735199570656
195,LEFT_EYE_INNER,0.5962422490119934,0.3854020833969116,0.03775006905198097
195,LEFT_EYE,0.5957944393157959,0.38501134514808655,0.037683166563510895
195,LEFT_EYE_OUTER,0.5954693555831909,0.3845769464969635,0.03762335702776909
195,RIGHT_EYE_INNER,0.5957983732223511,0.3835483193397522,-0.014721876010298729
195,RIGHT_EYE,0.5946175456047058,0.38226062059402466,-0.014744256623089314
195,RIGHT_EYE_OUTER,0.5935134291648865,0.3805240988731384,-0.014747241511940956
195,LEFT_EAR,0.5870504379272461,0.3761204779148102,0.10961361974477768
195,RIGHT_EAR,0.5811660885810852,0.3721979856491089,-0.1006101593375206
195,MOUTH_LEFT,0.5809615850448608,0.4029587209224701,0.06553922593593597
195,MOUTH_RIGHT,0.5784026384353638,0.4017771780490875,1.4691655451315455e-05
195,LEFT_SHOULDER,0.5412772297859192,0.4108063280582428,0.2325119972229004
195,RIGHT_SHOULDER,0.5290526747703552,0.40003037452697754,-0.19406022131443024
195,LEFT_ELBOW,0.5578327178955078,0.49354076385498047,0.13388624787330627
195,RIGHT_ELBOW,0.5564594864845276,0.48493584990501404,-0.20276999473571777
195,LEFT_WRIST,0.5725778341293335,0.46898937225341797,-0.14738641679286957
195,RIGHT_WRIST,0.5861320495605469,0.4793478548526764,0.019600026309490204
195,LEFT_PINKY,0.5757837295532227,0.4682127833366394,-0.18617849051952362
195,RIGHT_PINKY,0.595765233039856,0.48405519127845764,0.01875471882522106
195,LEFT_INDEX,0.5733507871627808,0.45818886160850525,-0.18197622895240784
195,RIGHT_INDEX,0.5940569043159485,0.4739927351474762,0.008140246383845806
195,LEFT_THUMB,0.5698872804641724,0.45821088552474976,-0.1575121432542801
195,RIGHT_THUMB,0.5867776274681091,0.4725077748298645,0.024690525606274605
195,LEFT_HIP,0.4649674892425537,0.5854547619819641,0.1594487726688385
195,RIGHT_HIP,0.4657205641269684,0.5934118628501892,-0.1594049334526062
195,LEFT_KNEE,0.5118264555931091,0.711649477481842,0.1618930995464325
195,RIGHT_KNEE,0.5217853784561157,0.7316027879714966,-0.1547246128320694
195,LEFT_ANKLE,0.4621517062187195,0.8504096865653992,0.20589539408683777
195,RIGHT_ANKLE,0.4634398818016052,0.8780722618103027,-0.13214175403118134
195,LEFT_HEEL,0.4398426115512848,0.867789089679718,0.20354893803596497
195,RIGHT_HEEL,0.44023337960243225,0.8960832357406616,-0.1349300593137741
195,LEFT_FOOT_INDEX,0.5047576427459717,0.8896691203117371,0.1530458778142929
195,RIGHT_FOOT_INDEX,0.5163620710372925,0.9214709997177124,-0.21561646461486816
196,NOSE,0.5913432836532593,0.39619913697242737,-0.015520161017775536
196,LEFT_EYE_INNER,0.5973377227783203,0.3837369978427887,0.004376135766506195
196,LEFT_EYE,0.5968081951141357,0.38321343064308167,0.004246374126523733
196,LEFT_EYE_OUTER,0.5963547229766846,0.38265958428382874,0.004211099818348885
196,RIGHT_EYE_INNER,0.5968499779701233,0.3823910355567932,-0.046880435198545456
196,RIGHT_EYE,0.5955870151519775,0.3813774287700653,-0.04690495878458023
196,RIGHT_EYE_OUTER,0.5942468047142029,0.3799317479133606,-0.04697108268737793
196,LEFT_EAR,0.5872822999954224,0.37488463521003723,0.09922075271606445
196,RIGHT_EAR,0.5815173983573914,0.37153661251068115,-0.12182365357875824
196,MOUTH_LEFT,0.582239031791687,0.4019467234611511,0.03038749098777771
196,MOUTH_RIGHT,0.5805378556251526,0.4013961851596832,-0.0365222804248333
196,LEFT_SHOULDER,0.5399094820022583,0.4122335910797119,0.24546174705028534
196,RIGHT_SHOULDER,0.5315220952033997,0.40468940138816833,-0.23447759449481964
196,LEFT_ELBOW,0.5626398324966431,0.5058127641677856,0.23893778026103973
196,RIGHT_ELBOW,0.5654511451721191,0.49760228395462036,-0.32875746488571167
196,LEFT_WRIST,0.6048673391342163,0.5462026000022888,0.1123349666595459
196,RIGHT_WRIST,0.5979677438735962,0.5343573093414307,-0.33683890104293823
196,LEFT_PINKY,0.6136161088943481,0.5588608980178833,0.10058299452066422
196,RIGHT_PINKY,0.6234444379806519,0.5316239595413208,-0.3756233751773834
196,LEFT_INDEX,0.6199951171875,0.5494706630706787,0.06659753620624542
196,RIGHT_INDEX,0.6259498596191406,0.5209130644798279,-0.36739757657051086
196,LEFT_THUMB,0.616326630115509,0.545042872428894,0.09130875766277313
196,RIGHT_THUMB,0.6204273700714111,0.5183268189430237,-0.3323110044002533
196,LEFT_HIP,0.46531009674072266,0.5851521492004395,0.159774512052536
196,RIGHT_HIP,0.4656587541103363,0.5908604264259338,-0.15972326695919037
196,LEFT_KNEE,0.5098286867141724,0.7119922041893005,0.1567704677581787
196,RIGHT_KNEE,0.5189789533615112,0.7296149730682373,-0.15708592534065247
196,LEFT_ANKLE,0.46161794662475586,0.8540753126144409,0.21800446510314941
196,RIGHT_ANKLE,0.46334996819496155,0.8774765729904175,-0.13027141988277435
196,LEFT_HEEL,0.4394334852695465,0.8719746470451355,0.2174602746963501
196,RIGHT_HEEL,0.44022685289382935,0.8960553407669067,-0.13222524523735046
196,LEFT_FOOT_INDEX,0.5010976791381836,0.886947751045227,0.1566467136144638
196,RIGHT_FOOT_INDEX,0.5158983469009399,0.9213818311691284,-0.22168509662151337
197,NOSE,0.592418909072876,0.3951628506183624,-0.044255632907152176
197,LEFT_EYE_INNER,0.5978474617004395,0.38325074315071106,-0.02628421224653721
197,LEFT_EYE,0.5973314642906189,0.3827660381793976,-0.026407036930322647
197,LEFT_EYE_OUTER,0.5968436002731323,0.382210910320282,-0.026441190391778946
197,RIGHT_EYE_INNER,0.5972709655761719,0.38200339674949646,-0.07424977421760559
197,RIGHT_EYE,0.5960208177566528,0.38100072741508484,-0.07427095621824265
197,RIGHT_EYE_OUTER,0.5946131944656372,0.3795950412750244,-0.07435792684555054
197,LEFT_EAR,0.587455153465271,0.37431013584136963,0.08129140734672546
197,RIGHT_EAR,0.5820638537406921,0.37062352895736694,-0.13726970553398132
197,MOUTH_LEFT,0.5832077860832214,0.40081602334976196,0.0009122579358518124
197,MOUTH_RIGHT,0.581851065158844,0.40000200271606445,-0.062022335827350616
197,LEFT_SHOULDER,0.5464861392974854,0.41686925292015076,0.23906569182872772
197,RIGHT_SHOULDER,0.5308862924575806,0.3971866965293884,-0.25131112337112427
197,LEFT_ELBOW,0.5691314935684204,0.5125154852867126,0.2651230990886688
197,RIGHT_ELBOW,0.560608983039856,0.49385538697242737,-0.3435823321342468
197,LEFT_WRIST,0.6234030723571777,0.571999192237854,0.1820782572031021
197,RIGHT_WRIST,0.5935495495796204,0.5505106449127197,-0.45263639092445374
197,LEFT_PINKY,0.6427435278892517,0.584886908531189,0.17990835011005402
197,RIGHT_PINKY,0.6180716156959534,0.560832142829895,-0.5151241421699524
197,LEFT_INDEX,0.6526179313659668,0.5782022476196289,0.13804377615451813
197,RIGHT_INDEX,0.6144449710845947,0.5588119626045227,-0.4921107888221741
197,LEFT_THUMB,0.6469953656196594,0.5736986398696899,0.15963028371334076
197,RIGHT_THUMB,0.6095879673957825,0.5565805435180664,-0.4442363381385803
197,LEFT_HIP,0.46904516220092773,0.5851401090621948,0.15757450461387634
197,RIGHT_HIP,0.46427860856056213,0.5857809782028198,-0.15741625428199768
197,LEFT_KNEE,0.5087219476699829,0.7119818925857544,0.15326520800590515
197,RIGHT_KNEE,0.5130859613418579,0.7273014783859253,-0.19485481083393097
197,LEFT_ANKLE,0.4616304039955139,0.8525277972221375,0.2407364845275879
197,RIGHT_ANKLE,0.4632624685764313,0.8764497637748718,-0.17242805659770966
197,LEFT_HEEL,0.4394875168800354,0.8712918162345886,0.2434784173965454
197,RIGHT_HEEL,0.4401765763759613,0.8955798149108887,-0.17691045999526978
197,LEFT_FOOT_INDEX,0.4976128935813904,0.8823121190071106,0.17970779538154602
197,RIGHT_FOOT_INDEX,0.5159105658531189,0.9211127161979675,-0.2913200259208679
198,NOSE,0.5931096076965332,0.3931955099105835,0.010461576282978058
198,LEFT_EYE_INNER,0.5982763767242432,0.3807453513145447,0.02926582656800747
198,LEFT_EYE,0.5976321697235107,0.38043320178985596,0.029187211766839027
198,LEFT_EYE_OUTER,0.5969024896621704,0.3800123333930969,0.029192760586738586
198,RIGHT_EYE_INNER,0.5976275205612183,0.3791842460632324,-0.01804511621594429
198,RIGHT_EYE,0.5962206721305847,0.37806108593940735,-0.018076563253998756
198,RIGHT_EYE_OUTER,0.594515323638916,0.3766673803329468,-0.018185831606388092
198,LEFT_EAR,0.5885207056999207,0.37263423204421997,0.12570397555828094
198,RIGHT_EAR,0.581445574760437,0.36864417791366577,-0.08397822082042694
198,MOUTH_LEFT,0.5834594964981079,0.3995979428291321,0.05400071293115616
198,MOUTH_RIGHT,0.5826465487480164,0.39840367436408997,-0.007509523071348667
198,LEFT_SHOULDER,0.550662636756897,0.4165678024291992,0.28233641386032104
198,RIGHT_SHOULDER,0.5322177410125732,0.3945775330066681,-0.21796035766601562
198,LEFT_ELBOW,0.5674952864646912,0.49789875745773315,0.3338480591773987
198,RIGHT_ELBOW,0.538597583770752,0.48243966698646545,-0.3363441824913025
198,LEFT_WRIST,0.5972284078598022,0.5602205991744995,0.2281053066253662
198,RIGHT_WRIST,0.5831989049911499,0.5495402812957764,-0.41757041215896606
198,LEFT_PINKY,0.6068359613418579,0.5804906487464905,0.22935621440410614
198,RIGHT_PINKY,0.6001116037368774,0.567116916179657,-0.4741028845310211
198,LEFT_INDEX,0.6132928729057312,0.573502242565155,0.19439932703971863
198,RIGHT_INDEX,0.597213625907898,0.5667773485183716,-0.4533233046531677
198,LEFT_THUMB,0.6035928130149841,0.5656737089157104,0.21035155653953552
198,RIGHT_THUMB,0.5928619503974915,0.5592166781425476,-0.40981706976890564
198,LEFT_HIP,0.46847987174987793,0.583634078502655,0.15750065445899963
198,RIGHT_HIP,0.4643423557281494,0.5834945440292358,-0.1573544442653656
198,LEFT_KNEE,0.5003718733787537,0.7123958468437195,0.11578516662120819
198,RIGHT_KNEE,0.5121351480484009,0.7277196645736694,-0.19161398708820343
198,LEFT_ANKLE,0.4613324701786041,0.8543308973312378,0.14630655944347382
198,RIGHT_ANKLE,0.4631761908531189,0.8753465414047241,-0.17023314535617828
198,LEFT_HEEL,0.4397282004356384,0.872685432434082,0.1424664407968521
198,RIGHT_HEEL,0.4401364326477051,0.8949815034866333,-0.17510025203227997
198,LEFT_FOOT_INDEX,0.4977889060974121,0.8833135366439819,0.07332217693328857
198,RIGHT_FOOT_INDEX,0.515938401222229,0.9205291867256165,-0.277864545583725
199,NOSE,0.5906444787979126,0.39361488819122314,0.03460850566625595
199,LEFT_EYE_INNER,0.5968230962753296,0.38165146112442017,0.05262850970029831
199,LEFT_EYE,0.596274733543396,0.3812122046947479,0.052556686103343964
199,LEFT_EYE_OUTER,0.5956276059150696,0.3806181848049164,0.0525629036128521
199,RIGHT_EYE_INNER,0.5967057943344116,0.3799423575401306,0.0062850723043084145
199,RIGHT_EYE,0.5957439541816711,0.3785850405693054,0.006269934121519327
199,RIGHT_EYE_OUTER,0.5944252610206604,0.3769979774951935,0.006194678135216236
199,LEFT_EAR,0.586873471736908,0.37234464287757874,0.1404930055141449
199,RIGHT_EAR,0.5817197561264038,0.36908140778541565,-0.06696727126836777
199,MOUTH_LEFT,0.5812452435493469,0.3998897075653076,0.07333072274923325
199,MOUTH_RIGHT,0.5807815790176392,0.3988732695579529,0.012547214515507221
199,LEFT_SHOULDER,0.5469879508018494,0.4158187508583069,0.2846490144729614
199,RIGHT_SHOULDER,0.5322076082229614,0.39779132604599,-0.1982065737247467
199,LEFT_ELBOW,0.5656046867370605,0.49903005361557007,0.3406626582145691
199,RIGHT_ELBOW,0.5147889256477356,0.4885798990726471,-0.33397176861763
199,LEFT_WRIST,0.5894632339477539,0.5674229860305786,0.24214541912078857
199,RIGHT_WRIST,0.5779700875282288,0.5668420791625977,-0.42470622062683105
199,LEFT_PINKY,0.5966839790344238,0.5827887654304504,0.24515405297279358
199,RIGHT_PINKY,0.5880656242370605,0.5814882516860962,-0.48262906074523926
199,LEFT_INDEX,0.5986526608467102,0.5793786644935608,0.21094462275505066
199,RIGHT_INDEX,0.5920850038528442,0.5767272710800171,-0.4557744562625885
199,LEFT_THUMB,0.5934222340583801,0.5745235681533813,0.2261877804994583
199,RIGHT_THUMB,0.5873115062713623,0.5708724856376648,-0.4192294478416443
199,LEFT_HIP,0.4674920439720154,0.5783053636550903,0.15722933411598206
199,RIGHT_HIP,0.464599072933197,0.5776897668838501,-0.15710075199604034
199,LEFT_KNEE,0.49340492486953735,0.7122096419334412,0.11598668247461319
199,RIGHT_KNEE,0.5105297565460205,0.726233959197998,-0.18848416209220886
199,LEFT_ANKLE,0.46131378412246704,0.8534555435180664,0.13979561626911163
199,RIGHT_ANKLE,0.4641813337802887,0.8727962374687195,-0.19024845957756042
199,LEFT_HEEL,0.4406105875968933,0.8720531463623047,0.1354413479566574
199,RIGHT_HEEL,0.4436522126197815,0.8923877477645874,-0.19723287224769592
199,LEFT_FOOT_INDEX,0.49813413619995117,0.8830534219741821,0.07050423324108124
199,RIGHT_FOOT_INDEX,0.517335057258606,0.9183980226516724,-0.2966804802417755
200,NOSE,0.5909383893013,0.3937046229839325,0.00427590636536479
200,LEFT_EYE_INNER,0.5971425175666809,0.3819616734981537,0.024906987324357033
200,LEFT_EYE,0.59662926197052,0.3813894987106323,0.024864304810762405
200,LEFT_EYE_OUTER,0.596015989780426,0.38070109486579895,0.024911368265748024
200,RIGHT_EYE_INNER,0.5969630479812622,0.3805449604988098,-0.027588263154029846
200,RIGHT_EYE,0.5960077047348022,0.37916913628578186,-0.027608191594481468
200,RIGHT_EYE_OUTER,0.5947037935256958,0.3775649070739746,-0.027686256915330887
200,LEFT_EAR,0.5869681239128113,0.3718411326408386,0.1325085163116455
200,RIGHT_EAR,0.5817561745643616,0.3692312240600586,-0.11582795530557632
200,MOUTH_LEFT,0.5815521478652954,0.40007534623146057,0.044745512306690216
200,MOUTH_RIGHT,0.5809126496315002,0.39915913343429565,-0.02349453791975975
200,LEFT_SHOULDER,0.5463183522224426,0.41386646032333374,0.26078107953071594
200,RIGHT_SHOULDER,0.5260292291641235,0.3980192542076111,-0.240517258644104
200,LEFT_ELBOW,0.5610904693603516,0.49728402495384216,0.33276134729385376
200,RIGHT_ELBOW,0.5041040778160095,0.4988500475883484,-0.34427401423454285
200,LEFT_WRIST,0.5924075245857239,0.5723121762275696,0.24768474698066711
200,RIGHT_WRIST,0.5762901306152344,0.5735238194465637,-0.39501476287841797
200,LEFT_PINKY,0.6036111116409302,0.5877304077148438,0.25129637122154236
200,RIGHT_PINKY,0.5859001874923706,0.5912476778030396,-0.44700199365615845
200,LEFT_INDEX,0.6047457456588745,0.5876476168632507,0.21433794498443604
200,RIGHT_INDEX,0.5882567763328552,0.5873180627822876,-0.42921629548072815
200,LEFT_THUMB,0.597795844078064,0.58220374584198,0.2301594763994217
200,RIGHT_THUMB,0.5846266746520996,0.5808717012405396,-0.3875468671321869
200,LEFT_HIP,0.46667322516441345,0.5764553546905518,0.15769000351428986
200,RIGHT_HIP,0.46296635270118713,0.5786651372909546,-0.15753591060638428
200,LEFT_KNEE,0.48946613073349,0.7099543809890747,0.16547347605228424
200,RIGHT_KNEE,0.510942280292511,0.7262006998062134,-0.18906919658184052
200,LEFT_ANKLE,0.4609321653842926,0.8524673581123352,0.24288460612297058
200,RIGHT_ANKLE,0.4661419987678528,0.8729456663131714,-0.1849721074104309
200,LEFT_HEEL,0.4406290054321289,0.8710176348686218,0.2432483434677124
200,RIGHT_HEEL,0.44622188806533813,0.8925616145133972,-0.19138409197330475
200,LEFT_FOOT_INDEX,0.4986022412776947,0.8790662884712219,0.18224439024925232
200,RIGHT_FOOT_INDEX,0.5206494927406311,0.9173863530158997,-0.2909080386161804
201,NOSE,0.5913745164871216,0.3937045931816101,-0.015731854364275932
201,LEFT_EYE_INNER,0.597222626209259,0.3817082643508911,0.003683891147375107
201,LEFT_EYE,0.5967116951942444,0.3809981644153595,0.0036321780644357204
201,LEFT_EYE_OUTER,0.5960847735404968,0.3800964951515198,0.003653816180303693
201,RIGHT_EYE_INNER,0.5970557928085327,0.3805890679359436,-0.048903707414865494
201,RIGHT_EYE,0.5961804389953613,0.3793014585971832,-0.04893595725297928
201,RIGHT_EYE_OUTER,0.5949646830558777,0.3777971863746643,-0.049042053520679474
201,LEFT_EAR,0.5872392058372498,0.37034156918525696,0.10523565858602524
201,RIGHT_EAR,0.5821695327758789,0.3688195049762726,-0.13808055222034454
201,MOUTH_LEFT,0.5820428133010864,0.3995286524295807,0.024851705878973007
201,MOUTH_RIGHT,0.5813418030738831,0.3984327018260956,-0.043645940721035004
201,LEFT_SHOULDER,0.5451120734214783,0.4123085141181946,0.2524752616882324
201,RIGHT_SHOULDER,0.5252872705459595,0.3990594744682312,-0.26099973917007446
201,LEFT_ELBOW,0.5545616745948792,0.49984556436538696,0.31882816553115845
201,RIGHT_ELBOW,0.5044947862625122,0.5026999711990356,-0.3416743874549866
201,LEFT_WRIST,0.5861454010009766,0.5763975381851196,0.22539456188678741
201,RIGHT_WRIST,0.5744704604148865,0.5778920650482178,-0.3497472107410431
201,LEFT_PINKY,0.5947660207748413,0.6015933156013489,0.23011116683483124
201,RIGHT_PINKY,0.5841025710105896,0.5932270288467407,-0.39524683356285095
201,LEFT_INDEX,0.5969129204750061,0.5997147560119629,0.1899404376745224
201,RIGHT_INDEX,0.5877861976623535,0.5892857313156128,-0.37857067584991455
201,LEFT_THUMB,0.5915952920913696,0.5935475826263428,0.20454835891723633
201,RIGHT_THUMB,0.5840293169021606,0.583991527557373,-0.34137246012687683
201,LEFT_HIP,0.4661691188812256,0.5756262540817261,0.15784940123558044
201,RIGHT_HIP,0.4628084599971771,0.576881468296051,-0.15770570933818817
201,LEFT_KNEE,0.48776260018348694,0.7109512686729431,0.16309987008571625
201,RIGHT_KNEE,0.5080482959747314,0.7249638438224792,-0.18761639297008514
201,LEFT_ANKLE,0.4609489440917969,0.8530417680740356,0.23710589110851288
201,RIGHT_ANKLE,0.4666728973388672,0.8721436262130737,-0.18026943504810333
201,LEFT_HEEL,0.44064635038375854,0.8713372349739075,0.2371007204055786
201,RIGHT_HEEL,0.44617709517478943,0.8921290636062622,-0.18610253930091858
201,LEFT_FOOT_INDEX,0.49879321455955505,0.8815401792526245,0.16874447464942932
201,RIGHT_FOOT_INDEX,0.5204029679298401,0.9174741506576538,-0.2920989394187927
202,NOSE,0.5916580557823181,0.3898923993110657,-0.009980609640479088
202,LEFT_EYE_INNER,0.5975000262260437,0.3774275779724121,0.007329094223678112
202,LEFT_EYE,0.5969977378845215,0.37680885195732117,0.007272679358720779
202,LEFT_EYE_OUTER,0.5964020490646362,0.376067578792572,0.007283437065780163
202,RIGHT_EYE_INNER,0.5972427725791931,0.3767697215080261,-0.042612869292497635
202,RIGHT_EYE,0.5962842702865601,0.3758186995983124,-0.04264383763074875
202,RIGHT_EYE_OUTER,0.5950050354003906,0.37468472123146057,-0.04273436591029167
202,LEFT_EAR,0.5885574221611023,0.36852365732192993,0.10811672359704971
202,RIGHT_EAR,0.582198977470398,0.3664115071296692,-0.1376279890537262
202,MOUTH_LEFT,0.5821228623390198,0.39615997672080994,0.028732914477586746
202,MOUTH_RIGHT,0.5814737677574158,0.39545565843582153,-0.03662234544754028
202,LEFT_SHOULDER,0.5447232723236084,0.4129315912723541,0.26027724146842957
202,RIGHT_SHOULDER,0.5263701677322388,0.3911743760108948,-0.24943247437477112
202,LEFT_ELBOW,0.5496084094047546,0.5079882740974426,0.3162734806537628
202,RIGHT_ELBOW,0.5146307349205017,0.49938106536865234,-0.34624746441841125
202,LEFT_WRIST,0.5816018581390381,0.5815705060958862,0.2285882979631424
202,RIGHT_WRIST,0.5736724734306335,0.5760355591773987,-0.3766438961029053
202,LEFT_PINKY,0.5850785970687866,0.6144367456436157,0.23528532683849335
202,RIGHT_PINKY,0.5829624533653259,0.6025911569595337,-0.4091814458370209
202,LEFT_INDEX,0.5930970907211304,0.613831639289856,0.19568750262260437
202,RIGHT_INDEX,0.5897843837738037,0.5906974077224731,-0.4143359661102295
202,LEFT_THUMB,0.5890567302703857,0.6068535447120667,0.20805363357067108
202,RIGHT_THUMB,0.5838549733161926,0.5833092927932739,-0.37488144636154175
202,LEFT_HIP,0.46667027473449707,0.5747795104980469,0.15679214894771576
202,RIGHT_HIP,0.4619499146938324,0.5744684934616089,-0.15667849779129028
202,LEFT_KNEE,0.48759469389915466,0.710898756980896,0.1406993567943573
202,RIGHT_KNEE,0.5026821494102478,0.72234708070755,-0.1898403912782669
202,LEFT_ANKLE,0.46100911498069763,0.8524402379989624,0.19860276579856873
202,RIGHT_ANKLE,0.46650418639183044,0.8704701662063599,-0.18990230560302734
202,LEFT_HEEL,0.44105228781700134,0.870803952217102,0.19726426899433136
202,RIGHT_HEEL,0.4459066390991211,0.8902947306632996,-0.19728903472423553
202,LEFT_FOOT_INDEX,0.4993041455745697,0.8838688135147095,0.12070391327142715
202,RIGHT_FOOT_INDEX,0.5203160047531128,0.9174945950508118,-0.3148268163204193
203,NOSE,0.5919896364212036,0.39044755697250366,0.042688339948654175
203,LEFT_EYE_INNER,0.5977154970169067,0.37773898243904114,0.0658089891076088
203,LEFT_EYE,0.5972004532814026,0.37695035338401794,0.06574467569589615
203,LEFT_EYE_OUTER,0.5965835452079773,0.3760068416595459,0.06574297696352005
203,RIGHT_EYE_INNER,0.5973030924797058,0.37724950909614563,0.014151854440569878
203,RIGHT_EYE,0.59654700756073,0.3761846423149109,0.01414130162447691
203,RIGHT_EYE_OUTER,0.595537543296814,0.37486082315444946,0.014030268415808678
203,LEFT_EAR,0.5886009335517883,0.3679719567298889,0.15946584939956665
203,RIGHT_EAR,0.5827233791351318,0.3667958676815033,-0.07595924288034439
203,MOUTH_LEFT,0.5823051929473877,0.3963576555252075,0.08138180524110794
203,MOUTH_RIGHT,0.5817639231681824,0.39592665433883667,0.013234841637313366
203,LEFT_SHOULDER,0.5329248905181885,0.41019195318222046,0.2988031208515167
203,RIGHT_SHOULDER,0.5279409885406494,0.3931964039802551,-0.21429209411144257
203,LEFT_ELBOW,0.5408953428268433,0.5098956227302551,0.32970160245895386
203,RIGHT_ELBOW,0.5340710282325745,0.5046847462654114,-0.32803264260292053
203,LEFT_WRIST,0.561634361743927,0.5866008400917053,0.2415838986635208
203,RIGHT_WRIST,0.5735889673233032,0.5829920172691345,-0.37775862216949463
203,LEFT_PINKY,0.5683760643005371,0.6175017356872559,0.2560271918773651
203,RIGHT_PINKY,0.5856907963752747,0.6059118509292603,-0.42433977127075195
203,LEFT_INDEX,0.5770589113235474,0.6184540390968323,0.21385237574577332
203,RIGHT_INDEX,0.5894342660903931,0.600041389465332,-0.40269652009010315
203,LEFT_THUMB,0.5751297473907471,0.6121771931648254,0.2191454917192459
203,RIGHT_THUMB,0.5843838453292847,0.5931845307350159,-0.3683968186378479
203,LEFT_HIP,0.45906496047973633,0.5737665891647339,0.15683874487876892
203,RIGHT_HIP,0.4701615869998932,0.572218120098114,-0.15675880014896393
203,LEFT_KNEE,0.4765613079071045,0.7107151746749878,0.20669367909431458
203,RIGHT_KNEE,0.5041943788528442,0.721798300743103,-0.1885031759738922
203,LEFT_ANKLE,0.46012911200523376,0.8520280122756958,0.31125858426094055
203,RIGHT_ANKLE,0.4690192639827728,0.8697651028633118,-0.1891031116247177
203,LEFT_HEEL,0.4410099983215332,0.8704437017440796,0.31523579359054565
203,RIGHT_HEEL,0.44882678985595703,0.8886025547981262,-0.19566723704338074
203,LEFT_FOOT_INDEX,0.497860848903656,0.883608341217041,0.24925430119037628
203,RIGHT_FOOT_INDEX,0.5202428102493286,0.9178870916366577,-0.30610817670822144
204,NOSE,0.5925475358963013,0.3905535936355591,0.006242801435291767
204,LEFT_EYE_INNER,0.5984896421432495,0.3776276707649231,0.02986466884613037
204,LEFT_EYE,0.5977878570556641,0.3765251636505127,0.029815440997481346
204,LEFT_EYE_OUTER,0.5970059037208557,0.37515491247177124,0.029838019981980324
204,RIGHT_EYE_INNER,0.5988706350326538,0.3775947391986847,-0.027299916371703148
204,RIGHT_EYE,0.5984399914741516,0.3765825927257538,-0.02727772668004036
204,RIGHT_EYE_OUTER,0.5978068709373474,0.3752138018608093,-0.02738885022699833
204,LEFT_EAR,0.5887055397033691,0.36617404222488403,0.11822351068258286
204,RIGHT_EAR,0.58504319190979,0.3670385479927063,-0.13675232231616974
204,MOUTH_LEFT,0.5824873447418213,0.3958835005760193,0.043464504182338715
204,MOUTH_RIGHT,0.5823037028312683,0.3959827721118927,-0.03068961203098297
204,LEFT_SHOULDER,0.5217983722686768,0.39798393845558167,0.267913281917572
204,RIGHT_SHOULDER,0.5345897674560547,0.3962443172931671,-0.27271750569343567
204,LEFT_ELBOW,0.5277347564697266,0.5102605819702148,0.2918679416179657
204,RIGHT_ELBOW,0.5342853665351868,0.5113595724105835,-0.3345229923725128
204,LEFT_WRIST,0.5508154630661011,0.603094220161438,0.21084892749786377
204,RIGHT_WRIST,0.5782264471054077,0.5972542762756348,-0.33595800399780273
204,LEFT_PINKY,0.5554685592651367,0.623150110244751,0.22336360812187195
204,RIGHT_PINKY,0.5875459909439087,0.6255391836166382,-0.382161945104599
204,LEFT_INDEX,0.564620852470398,0.6267648935317993,0.18179304897785187
204,RIGHT_INDEX,0.5939172506332397,0.6219058036804199,-0.35822397470474243
204,LEFT_THUMB,0.5620498061180115,0.6025180816650391,0.18982496857643127
204,RIGHT_THUMB,0.5896832942962646,0.6132310032844543,-0.32470497488975525
204,LEFT_HIP,0.449526309967041,0.5740078687667847,0.16401317715644836
204,RIGHT_HIP,0.4708253741264343,0.5738513469696045,-0.16417895257472992
204,LEFT_KNEE,0.4742492139339447,0.7104305028915405,0.2775399386882782
204,RIGHT_KNEE,0.503821849822998,0.7210296392440796,-0.15678489208221436
204,LEFT_ANKLE,0.4593588709831238,0.8517511487007141,0.43832939863204956
204,RIGHT_ANKLE,0.4690585136413574,0.8698698878288269,-0.1172519102692604
204,LEFT_HEEL,0.4410165250301361,0.8702165484428406,0.4484206736087799
204,RIGHT_HEEL,0.44901958107948303,0.88890141248703,-0.12030743062496185
204,LEFT_FOOT_INDEX,0.4982220530509949,0.8833124041557312,0.39231520891189575
204,RIGHT_FOOT_INDEX,0.5207789540290833,0.9178968667984009,-0.22752085328102112
205,NOSE,0.5933011770248413,0.39021942019462585,0.0066513135097920895
205,LEFT_EYE_INNER,0.5992721319198608,0.37718212604522705,0.029241660609841347
205,LEFT_EYE,0.5984753370285034,0.37589895725250244,0.029183994978666306
205,LEFT_EYE_OUTER,0.5975993871688843,0.37434279918670654,0.0291999913752079
205,RIGHT_EYE_INNER,0.5998646020889282,0.3775712251663208,-0.027239229530096054
205,RIGHT_EYE,0.5994423627853394,0.37671414017677307,-0.027223914861679077
205,RIGHT_EYE_OUTER,0.5988143086433411,0.3755277991294861,-0.02732701040804386
205,LEFT_EAR,0.5888713002204895,0.3649291694164276,0.11636817455291748
205,RIGHT_EAR,0.5858505964279175,0.367130309343338,-0.1330527514219284
205,MOUTH_LEFT,0.5826274156570435,0.39556217193603516,0.04342406615614891
205,MOUTH_RIGHT,0.5828487277030945,0.39573511481285095,-0.028837278485298157
205,LEFT_SHOULDER,0.5206824541091919,0.3934653699398041,0.2591020464897156
205,RIGHT_SHOULDER,0.5368450284004211,0.39884820580482483,-0.2677688002586365
205,LEFT_ELBOW,0.5263866186141968,0.5082756280899048,0.2813739478588104
205,RIGHT_ELBOW,0.5485579967498779,0.5116576552391052,-0.3352365791797638
205,LEFT_WRIST,0.5463062524795532,0.584856390953064,0.20490321516990662
205,RIGHT_WRIST,0.5771306753158569,0.5913416147232056,-0.32279685139656067
205,LEFT_PINKY,0.5477104783058167,0.6226822137832642,0.21668007969856262
205,RIGHT_PINKY,0.5863423347473145,0.6169062256813049,-0.36771833896636963
205,LEFT_INDEX,0.5550855994224548,0.6261739134788513,0.17842836678028107
205,RIGHT_INDEX,0.5922481417655945,0.6129547357559204,-0.3480014204978943
205,LEFT_THUMB,0.5531142950057983,0.617010235786438,0.185223788022995
205,RIGHT_THUMB,0.5880889892578125,0.6049519777297974,-0.31358855962753296
205,LEFT_HIP,0.44725292921066284,0.57151859998703,0.1637767106294632
205,RIGHT_HIP,0.4709044098854065,0.573695957660675,-0.16392548382282257
205,LEFT_KNEE,0.4738010764122009,0.7090352773666382,0.24003355205059052
205,RIGHT_KNEE,0.5028190612792969,0.7187853455543518,-0.17977264523506165
205,LEFT_ANKLE,0.4594172537326813,0.8491207361221313,0.3615175485610962
205,RIGHT_ANKLE,0.46913403272628784,0.868584156036377,-0.15815100073814392
205,LEFT_HEEL,0.4423401355743408,0.8688520193099976,0.36697205901145935
205,RIGHT_HEEL,0.44944825768470764,0.8867298364639282,-0.16427576541900635
205,LEFT_FOOT_INDEX,0.49882349371910095,0.8816682696342468,0.3069937825202942
205,RIGHT_FOOT_INDEX,0.5207363367080688,0.915549099445343,-0.28105324506759644
206,NOSE,0.594818651676178,0.39012789726257324,0.038185663521289825
206,LEFT_EYE_INNER,0.6007649898529053,0.3770063519477844,0.058725785464048386
206,LEFT_EYE,0.5998896956443787,0.37566038966178894,0.05867405980825424
206,LEFT_EYE_OUTER,0.5989391803741455,0.3740459978580475,0.05866760015487671
206,RIGHT_EYE_INNER,0.6013996005058289,0.37753117084503174,0.005665562581270933
206,RIGHT_EYE,0.6008973121643066,0.3767159581184387,0.0056866793893277645
206,RIGHT_EYE_OUTER,0.6002152562141418,0.37562626600265503,0.0055814944207668304
206,LEFT_EAR,0.5891951322555542,0.36419442296028137,0.13522803783416748
206,RIGHT_EAR,0.5867943167686462,0.36667320132255554,-0.1057872548699379
206,MOUTH_LEFT,0.5830866694450378,0.39540138840675354,0.07072718441486359
206,MOUTH_RIGHT,0.5836554169654846,0.3954751193523407,0.0006781303090974689
206,LEFT_SHOULDER,0.5177186727523804,0.39297449588775635,0.2652963101863861
206,RIGHT_SHOULDER,0.5408183336257935,0.3983041048049927,-0.2615339457988739
206,LEFT_ELBOW,0.5219314694404602,0.5087074637413025,0.2883954644203186
206,RIGHT_ELBOW,0.5509322881698608,0.5082538723945618,-0.3352622389793396
206,LEFT_WRIST,0.5401578545570374,0.5902695655822754,0.21315357089042664
206,RIGHT_WRIST,0.5770294070243835,0.5913583040237427,-0.3428574204444885
206,LEFT_PINKY,0.5439320802688599,0.627996563911438,0.2251495122909546
206,RIGHT_PINKY,0.5858773589134216,0.6183256506919861,-0.38843291997909546
206,LEFT_INDEX,0.5518072843551636,0.6322993040084839,0.1875716894865036
206,RIGHT_INDEX,0.5913058519363403,0.6158348917961121,-0.36488327383995056
206,LEFT_THUMB,0.5498241782188416,0.6244497299194336,0.19395938515663147
206,RIGHT_THUMB,0.5873226523399353,0.6058856844902039,-0.3324931561946869
206,LEFT_HIP,0.4438382685184479,0.5679870843887329,0.16366654634475708
206,RIGHT_HIP,0.4718555510044098,0.5705875158309937,-0.16377684473991394
206,LEFT_KNEE,0.4678405821323395,0.707976222038269,0.24229812622070312
206,RIGHT_KNEE,0.5013397932052612,0.7179281115531921,-0.15957596898078918
206,LEFT_ANKLE,0.45939141511917114,0.8491215705871582,0.36238303780555725
206,RIGHT_ANKLE,0.47049957513809204,0.8683565258979797,-0.13587480783462524
206,LEFT_HEEL,0.4424818158149719,0.8687655329704285,0.3679514527320862
206,RIGHT_HEEL,0.45135870575904846,0.886306643486023,-0.14013615250587463
206,LEFT_FOOT_INDEX,0.4988681674003601,0.8816049695014954,0.30652981996536255
206,RIGHT_FOOT_INDEX,0.5206841230392456,0.9152106046676636,-0.2489049881696701
207,NOSE,0.5950296521186829,0.3889369070529938,0.032969068735837936
207,LEFT_EYE_INNER,0.6009078621864319,0.37540918588638306,0.05027889087796211
207,LEFT_EYE,0.6000592112541199,0.3740268349647522,0.05022085830569267
207,LEFT_EYE_OUTER,0.5991219878196716,0.3723844587802887,0.05021732300519943
207,RIGHT_EYE_INNER,0.6014188528060913,0.3762798309326172,-0.001394573482684791
207,RIGHT_EYE,0.6008898019790649,0.375662624835968,-0.0013865054352208972
207,RIGHT_EYE_OUTER,0.600195586681366,0.37481385469436646,-0.0014883868861943483
207,LEFT_EAR,0.5892441868782043,0.3631727695465088,0.12825708091259003
207,RIGHT_EAR,0.5867975354194641,0.3659597933292389,-0.10696272552013397
207,MOUTH_LEFT,0.5832421779632568,0.3949480950832367,0.06653086841106415
207,MOUTH_RIGHT,0.5838276743888855,0.39506834745407104,-0.0015287266578525305
207,LEFT_SHOULDER,0.5203620195388794,0.39397692680358887,0.2635865807533264
207,RIGHT_SHOULDER,0.5426198244094849,0.3985117971897125,-0.25778520107269287
207,LEFT_ELBOW,0.5244829058647156,0.5069342851638794,0.2795277535915375
207,RIGHT_ELBOW,0.5477899312973022,0.5071700811386108,-0.3675103783607483
207,LEFT_WRIST,0.5451815128326416,0.5826273560523987,0.19902785122394562
207,RIGHT_WRIST,0.565204381942749,0.5790916681289673,-0.4316589832305908
207,LEFT_PINKY,0.549094557762146,0.619652509689331,0.2104528397321701
207,RIGHT_PINKY,0.5735682845115662,0.602069616317749,-0.48389261960983276
207,LEFT_INDEX,0.5564420819282532,0.622522234916687,0.17012758553028107
207,RIGHT_INDEX,0.5821489691734314,0.59928959608078,-0.4585117697715759
207,LEFT_THUMB,0.5540086030960083,0.6147496700286865,0.17883756756782532
207,RIGHT_THUMB,0.5711654424667358,0.5914748311042786,-0.4222187101840973
207,LEFT_HIP,0.4458344578742981,0.5672730207443237,0.16198711097240448
207,RIGHT_HIP,0.4728084206581116,0.5694011449813843,-0.16206546127796173
207,LEFT_KNEE,0.4669114649295807,0.7067545056343079,0.2359997034072876
207,RIGHT_KNEE,0.49719399213790894,0.7165945768356323,-0.16053809225559235
207,LEFT_ANKLE,0.45938640832901,0.8467294573783875,0.3257850408554077
207,RIGHT_ANKLE,0.4707270562648773,0.8660856485366821,-0.1441354751586914
207,LEFT_HEEL,0.4427873194217682,0.8666231036186218,0.3265326917171478
207,RIGHT_HEEL,0.4523560404777527,0.8839882016181946,-0.1491321623325348
207,LEFT_FOOT_INDEX,0.49824070930480957,0.8775737881660461,0.2535209059715271
207,RIGHT_FOOT_INDEX,0.5206284523010254,0.9126005172729492,-0.2546989321708679
208,NOSE,0.5960378050804138,0.3888661861419678,0.07254393398761749
208,LEFT_EYE_INNER,0.6015266180038452,0.37553542852401733,0.09047701209783554
208,LEFT_EYE,0.6005134582519531,0.37411513924598694,0.09042689204216003
208,LEFT_EYE_OUTER,0.599419116973877,0.3724243640899658,0.09041168540716171
208,RIGHT_EYE_INNER,0.6023890972137451,0.3764544427394867,0.04025784134864807
208,RIGHT_EYE,0.6019061803817749,0.37580257654190063,0.04025374725461006
208,RIGHT_EYE_OUTER,0.6012592911720276,0.3748463988304138,0.0401485338807106
208,LEFT_EAR,0.5893553495407104,0.3633241653442383,0.15771326422691345
208,RIGHT_EAR,0.5879350900650024,0.36610931158065796,-0.06985905021429062
208,MOUTH_LEFT,0.5834571123123169,0.3947621285915375,0.10143724828958511
208,MOUTH_RIGHT,0.5843833684921265,0.39509516954421997,0.03504769876599312
208,LEFT_SHOULDER,0.5204579830169678,0.3944166302680969,0.27642855048179626
208,RIGHT_SHOULDER,0.543350100517273,0.3978423774242401,-0.22175681591033936
208,LEFT_ELBOW,0.5256375670433044,0.5069767236709595,0.28537365794181824
208,RIGHT_ELBOW,0.5458315014839172,0.5069037079811096,-0.3494492769241333
208,LEFT_WRIST,0.5476750135421753,0.5947283506393433,0.20791761577129364
208,RIGHT_WRIST,0.5625160932540894,0.5774811506271362,-0.4136351943016052
208,LEFT_PINKY,0.5513046979904175,0.6181734204292297,0.2189611941576004
208,RIGHT_PINKY,0.5702115297317505,0.6006752252578735,-0.46212267875671387
208,LEFT_INDEX,0.5586575865745544,0.6206902265548706,0.18035882711410522
208,RIGHT_INDEX,0.5790171027183533,0.5991533994674683,-0.44705072045326233
208,LEFT_THUMB,0.5562098622322083,0.6134665012359619,0.18841880559921265
208,RIGHT_THUMB,0.572040855884552,0.5917593836784363,-0.4061700403690338
208,LEFT_HIP,0.44593295454978943,0.5669599175453186,0.15931136906147003
208,RIGHT_HIP,0.4743180274963379,0.569177508354187,-0.15935221314430237
208,LEFT_KNEE,0.4622519016265869,0.7063556909561157,0.2017396241426468
208,RIGHT_KNEE,0.49703121185302734,0.7163168787956238,-0.16031566262245178
208,LEFT_ANKLE,0.4587632119655609,0.8466140031814575,0.2740413248538971
208,RIGHT_ANKLE,0.47193461656570435,0.8640788197517395,-0.14849606156349182
208,LEFT_HEEL,0.44279390573501587,0.8662737607955933,0.2744646668434143
208,RIGHT_HEEL,0.4549591541290283,0.8812419176101685,-0.15495344996452332
208,LEFT_FOOT_INDEX,0.49588561058044434,0.8775612711906433,0.20189328491687775
208,RIGHT_FOOT_INDEX,0.5206227898597717,0.9112107157707214,-0.26018795371055603
209,NOSE,0.5984773635864258,0.38860422372817993,-0.07242770493030548
209,LEFT_EYE_INNER,0.6031767129898071,0.37543147802352905,-0.051704782992601395
209,LEFT_EYE,0.6021511554718018,0.3739866614341736,-0.05177563428878784
209,LEFT_EYE_OUTER,0.6010164022445679,0.37231290340423584,-0.05176927521824837
209,RIGHT_EYE_INNER,0.6037819981575012,0.37646710872650146,-0.1025981679558754
209,RIGHT_EYE,0.6030905246734619,0.37585538625717163,-0.1026216521859169
209,RIGHT_EYE_OUTER,0.602197527885437,0.3749557137489319,-0.10271726548671722
209,LEFT_EAR,0.5906437635421753,0.36343085765838623,0.04096168279647827
209,RIGHT_EAR,0.5881925821304321,0.36619728803634644,-0.18913184106349945
209,MOUTH_LEFT,0.586101233959198,0.3940219283103943,-0.03298167511820793
209,MOUTH_RIGHT,0.5864402651786804,0.39446747303009033,-0.10005076974630356
209,LEFT_SHOULDER,0.5269561409950256,0.39537906646728516,0.18596892058849335
209,RIGHT_SHOULDER,0.5428556799888611,0.39811548590660095,-0.3015858829021454
209,LEFT_ELBOW,0.5372413396835327,0.5068669319152832,0.21041397750377655
209,RIGHT_ELBOW,0.5409594178199768,0.5060194730758667,-0.37225744128227234
209,LEFT_WRIST,0.5574716329574585,0.5961049199104309,0.12527009844779968
209,RIGHT_WRIST,0.5632113218307495,0.5796237587928772,-0.3725505769252777
209,LEFT_PINKY,0.5599580407142639,0.6162301301956177,0.1342107355594635
209,RIGHT_PINKY,0.5714031457901001,0.6032662391662598,-0.4201757311820984
209,LEFT_INDEX,0.5681030750274658,0.6188380122184753,0.09184025228023529
209,RIGHT_INDEX,0.5793493390083313,0.5993577241897583,-0.40055927634239197
209,LEFT_THUMB,0.566236138343811,0.6122031807899475,0.1041577011346817
209,RIGHT_THUMB,0.5729314088821411,0.5925443768501282,-0.3636665940284729
209,LEFT_HIP,0.4465552270412445,0.5665498375892639,0.1581932157278061
209,RIGHT_HIP,0.4738962650299072,0.569390058517456,-0.15826985239982605
209,LEFT_KNEE,0.46458369493484497,0.7063707709312439,0.22908847033977509
209,RIGHT_KNEE,0.4961306154727936,0.7166566848754883,-0.15616276860237122
209,LEFT_ANKLE,0.45864778757095337,0.8451156616210938,0.35529273748397827
209,RIGHT_ANKLE,0.4731704592704773,0.8643206357955933,-0.11882901191711426
209,LEFT_HEEL,0.4435700476169586,0.8636101484298706,0.3611711263656616
209,RIGHT_HEEL,0.4586101472377777,0.8804703950881958,-0.12269048392772675
209,LEFT_FOOT_INDEX,0.49265509843826294,0.8774800300598145,0.2895491421222687
209,RIGHT_FOOT_INDEX,0.5204101800918579,0.9097594022750854,-0.23348984122276306
210,NOSE,0.5993845462799072,0.387849897146225,-0.029228653758764267
210,LEFT_EYE_INNER,0.6039629578590393,0.37509050965309143,-0.011508551426231861
210,LEFT_EYE,0.603054404258728,0.3736651539802551,-0.01157205831259489
210,LEFT_EYE_OUTER,0.6020441055297852,0.3720396161079407,-0.011571004986763
210,RIGHT_EYE_INNER,0.6044658422470093,0.37615638971328735,-0.06150924414396286
210,RIGHT_EYE,0.6037556529045105,0.37557491660118103,-0.061525531113147736
210,RIGHT_EYE_OUTER,0.6028063893318176,0.37470370531082153,-0.061632297933101654
210,LEFT_EAR,0.592227041721344,0.3635086119174957,0.06157875806093216
210,RIGHT_EAR,0.5891771912574768,0.3662756681442261,-0.16298805177211761
210,MOUTH_LEFT,0.5881877541542053,0.3929225504398346,0.004307495895773172
210,MOUTH_RIGHT,0.5877920389175415,0.3934018015861511,-0.061560697853565216
210,LEFT_SHOULDER,0.5270567536354065,0.39327916502952576,0.1887679398059845
210,RIGHT_SHOULDER,0.5472318530082703,0.396828830242157,-0.28565049171447754
210,LEFT_ELBOW,0.5389001369476318,0.5015645027160645,0.21270425617694855
210,RIGHT_ELBOW,0.5397133231163025,0.5017686486244202,-0.3710009455680847
210,LEFT_WRIST,0.5576092004776001,0.5956512093544006,0.13610567152500153
210,RIGHT_WRIST,0.5623661279678345,0.5764439105987549,-0.3744773268699646
210,LEFT_PINKY,0.559739351272583,0.6042407751083374,0.14805521070957184
210,RIGHT_PINKY,0.5720787644386292,0.5991199016571045,-0.4213144779205322
210,LEFT_INDEX,0.5682229995727539,0.6070111393928528,0.10781098902225494
210,RIGHT_INDEX,0.5796138048171997,0.5951692461967468,-0.40267062187194824
210,LEFT_THUMB,0.5671952962875366,0.6019600629806519,0.11641585826873779
210,RIGHT_THUMB,0.5735222697257996,0.5883464217185974,-0.3662683367729187
210,LEFT_HIP,0.4472125470638275,0.5613712072372437,0.1579325944185257
210,RIGHT_HIP,0.4735548496246338,0.565747857093811,-0.15801656246185303
210,LEFT_KNEE,0.4645845890045166,0.7061545252799988,0.22362232208251953
210,RIGHT_KNEE,0.4948946535587311,0.7166290283203125,-0.158889502286911
210,LEFT_ANKLE,0.45853352546691895,0.8436371088027954,0.3353431522846222
210,RIGHT_ANKLE,0.4754774570465088,0.8642752766609192,-0.13071811199188232
210,LEFT_HEEL,0.4438941478729248,0.8622716069221497,0.33958980441093445
210,RIGHT_HEEL,0.460512638092041,0.8802453875541687,-0.13352921605110168
210,LEFT_FOOT_INDEX,0.49175316095352173,0.8759905695915222,0.2720133364200592
210,RIGHT_FOOT_INDEX,0.5212002396583557,0.9090940356254578,-0.24153533577919006
211,NOSE,0.5999347567558289,0.388374000787735,0.13318468630313873
211,LEFT_EYE_INNER,0.6044161319732666,0.3753730058670044,0.13613930344581604
211,LEFT_EYE,0.6034902930259705,0.37375086545944214,0.1360962837934494
211,LEFT_EYE_OUTER,0.6024438142776489,0.37212684750556946,0.13608300685882568
211,RIGHT_EYE_INNER,0.6050524711608887,0.3770119547843933,0.09462040662765503
211,RIGHT_EYE,0.6044292449951172,0.37661680579185486,0.09458158165216446
211,RIGHT_EYE_OUTER,0.6035962104797363,0.37604498863220215,0.0944427028298378
211,LEFT_EAR,0.5921599864959717,0.36358991265296936,0.13526186347007751
211,RIGHT_EAR,0.5898188352584839,0.3681572377681732,-0.04894339293241501
211,MOUTH_LEFT,0.5889536738395691,0.39330530166625977,0.13838845491409302
211,MOUTH_RIGHT,0.5888553857803345,0.39418140053749084,0.0841110423207283
211,LEFT_SHOULDER,0.5152774453163147,0.3760136663913727,0.1998293399810791
211,RIGHT_SHOULDER,0.5548864006996155,0.4121665358543396,-0.1866787225008011
211,LEFT_ELBOW,0.5219573974609375,0.47274360060691833,0.21113181114196777
211,RIGHT_ELBOW,0.540286660194397,0.5093448758125305,-0.20948147773742676
211,LEFT_WRIST,0.5515320897102356,0.5581135153770447,0.1419457048177719
211,RIGHT_WRIST,0.5628370046615601,0.5762222409248352,-0.11122167110443115
211,LEFT_PINKY,0.5595819354057312,0.5555452108383179,0.14733275771141052
211,RIGHT_PINKY,0.5726228952407837,0.5996724963188171,-0.12914370000362396
211,LEFT_INDEX,0.5683246850967407,0.5569812059402466,0.11819080263376236
211,RIGHT_INDEX,0.5797089338302612,0.5945384502410889,-0.1191011294722557
211,LEFT_THUMB,0.5676140189170837,0.5544630885124207,0.125808447599411
211,RIGHT_THUMB,0.5735011696815491,0.5871609449386597,-0.10400877147912979
211,LEFT_HIP,0.43911877274513245,0.5570321083068848,0.1453753411769867
211,RIGHT_HIP,0.4780346751213074,0.5665337443351746,-0.14548595249652863
211,LEFT_KNEE,0.4597134590148926,0.7035681009292603,0.17829467356204987
211,RIGHT_KNEE,0.49450451135635376,0.7158747911453247,-0.12037372589111328
211,LEFT_ANKLE,0.45860832929611206,0.8401461839675903,0.2313358336687088
211,RIGHT_ANKLE,0.4764584004878998,0.861968994140625,-0.09480760246515274
211,LEFT_HEEL,0.44545793533325195,0.8594489097595215,0.23036758601665497
211,RIGHT_HEEL,0.46291691064834595,0.8782721757888794,-0.09704306721687317
211,LEFT_FOOT_INDEX,0.48800140619277954,0.8686010241508484,0.16446980834007263
211,RIGHT_FOOT_INDEX,0.520332932472229,0.9052799344062805,-0.1824856549501419
212,NOSE,0.6007416844367981,0.38822537660598755,0.15654321014881134
212,LEFT_EYE_INNER,0.6050901412963867,0.3752043843269348,0.1509728729724884
212,LEFT_EYE,0.6041834354400635,0.37342318892478943,0.15102437138557434
212,LEFT_EYE_OUTER,0.603093683719635,0.3714638650417328,0.15104220807552338
212,RIGHT_EYE_INNER,0.6056903600692749,0.3770231604576111,0.11717192828655243
212,RIGHT_EYE,0.6051136255264282,0.3766464591026306,0.11712993681430817
212,RIGHT_EYE_OUTER,0.6043366193771362,0.37605658173561096,0.11704473197460175
212,LEFT_EAR,0.5920311808586121,0.3624930679798126,0.1326555758714676
212,RIGHT_EAR,0.590636670589447,0.3684995174407959,-0.018578724935650826
212,MOUTH_LEFT,0.5898800492286682,0.3928748369216919,0.15661363303661346
212,MOUTH_RIGHT,0.5897195935249329,0.39412713050842285,0.11209064722061157
212,LEFT_SHOULDER,0.5047690272331238,0.3666888177394867,0.1910201460123062
212,RIGHT_SHOULDER,0.5640579462051392,0.42626112699508667,-0.13872429728507996
212,LEFT_ELBOW,0.474762499332428,0.37447410821914673,0.3600615859031677
212,RIGHT_ELBOW,0.5475696325302124,0.5186859369277954,-0.06132856756448746
212,LEFT_WRIST,0.5366911292076111,0.3973260223865509,0.5627023577690125
212,RIGHT_WRIST,0.5619298219680786,0.5697994828224182,0.18981704115867615
212,LEFT_PINKY,0.5440884232521057,0.39300692081451416,0.6065224409103394
212,RIGHT_PINKY,0.5697689056396484,0.5848492383956909,0.21193094551563263
212,LEFT_INDEX,0.5550976991653442,0.39409536123275757,0.5914098620414734
212,RIGHT_INDEX,0.5627779960632324,0.5711816549301147,0.21456284821033478
212,LEFT_THUMB,0.5555054545402527,0.39852967858314514,0.560869038105011
212,RIGHT_THUMB,0.5600978136062622,0.5677918791770935,0.20176592469215393
212,LEFT_HIP,0.43102923035621643,0.5576798915863037,0.12211169302463531
212,RIGHT_HIP,0.4813501834869385,0.5670002102851868,-0.12259390205144882
212,LEFT_KNEE,0.456744521856308,0.703130841255188,0.17659500241279602
212,RIGHT_KNEE,0.49489083886146545,0.7152539491653442,-0.07395473122596741
212,LEFT_ANKLE,0.4591095447540283,0.8406052589416504,0.2571840286254883
212,RIGHT_ANKLE,0.4784705638885498,0.8620150685310364,-0.05318848416209221
212,LEFT_HEEL,0.447601318359375,0.8598290681838989,0.26248517632484436
212,RIGHT_HEEL,0.46715840697288513,0.8783820867538452,-0.051180899143218994
212,LEFT_FOOT_INDEX,0.4836932122707367,0.8696896433830261,0.19687248766422272
212,RIGHT_FOOT_INDEX,0.5190535187721252,0.9054535627365112,-0.10141915082931519
213,NOSE,0.6006563901901245,0.38863182067871094,0.18925677239894867
213,LEFT_EYE_INNER,0.6050907373428345,0.3764292895793915,0.1782441884279251
213,LEFT_EYE,0.6042042374610901,0.37426236271858215,0.17830514907836914
213,LEFT_EYE_OUTER,0.6031172871589661,0.3718259930610657,0.17832991480827332
213,RIGHT_EYE_INNER,0.6057653427124023,0.3790237605571747,0.15032263100147247
213,RIGHT_EYE,0.6052843332290649,0.37900084257125854,0.15029498934745789
213,RIGHT_EYE_OUTER,0.6046580076217651,0.3788782060146332,0.1502453237771988
213,LEFT_EAR,0.5919163227081299,0.3625582456588745,0.1374177783727646
213,RIGHT_EAR,0.5918624997138977,0.37159866094589233,0.013547992333769798
213,MOUTH_LEFT,0.5898377895355225,0.39297857880592346,0.18189778923988342
213,MOUTH_RIGHT,0.589654803276062,0.39438000321388245,0.1448754072189331
213,LEFT_SHOULDER,0.5005725622177124,0.3634195327758789,0.17932161688804626
213,RIGHT_SHOULDER,0.5692392587661743,0.4277885854244232,-0.10832162201404572
213,LEFT_ELBOW,0.4626449644565582,0.36308228969573975,0.35609787702560425
213,RIGHT_ELBOW,0.5519285202026367,0.5190142393112183,-0.03735744580626488
213,LEFT_WRIST,0.5177126526832581,0.3834032416343689,0.5534351468086243
213,RIGHT_WRIST,0.5749849677085876,0.569694995880127,0.19659005105495453
213,LEFT_PINKY,0.5252731442451477,0.38065704703330994,0.5936874747276306
213,RIGHT_PINKY,0.5889612436294556,0.5834307670593262,0.2150987684726715
213,LEFT_INDEX,0.5364631414413452,0.38210850954055786,0.5752877593040466
213,RIGHT_INDEX,0.5955981016159058,0.5737295746803284,0.22134259343147278
213,LEFT_THUMB,0.536644458770752,0.38610973954200745,0.5509831309318542
213,RIGHT_THUMB,0.5843863487243652,0.5692003965377808,0.20945265889167786
213,LEFT_HIP,0.4284190535545349,0.5570746660232544,0.11290262639522552
213,RIGHT_HIP,0.48240700364112854,0.5673970580101013,-0.1134592667222023
213,LEFT_KNEE,0.45538538694381714,0.6999342441558838,0.14523808658123016
213,RIGHT_KNEE,0.4944588243961334,0.7127297520637512,-0.0642862394452095
213,LEFT_ANKLE,0.4590950906276703,0.8389774560928345,0.21289488673210144
213,RIGHT_ANKLE,0.47912248969078064,0.8616043329238892,-0.05181185156106949
213,LEFT_HEEL,0.44786420464515686,0.858536422252655,0.21970613300800323
213,RIGHT_HEEL,0.46775442361831665,0.8780556917190552,-0.04979948699474335
213,LEFT_FOOT_INDEX,0.4804565906524658,0.8697302937507629,0.18811926245689392
213,RIGHT_FOOT_INDEX,0.5183438062667847,0.9050610661506653,-0.09237075597047806
214,NOSE,0.6006798148155212,0.38878950476646423,0.17254139482975006
214,LEFT_EYE_INNER,0.6053369045257568,0.37660083174705505,0.1645975112915039
214,LEFT_EYE,0.604608952999115,0.3745449483394623,0.16460266709327698
214,LEFT_EYE_OUTER,0.6037045121192932,0.37224501371383667,0.1646103709936142
214,RIGHT_EYE_INNER,0.6057389974594116,0.3790402114391327,0.132546067237854
214,RIGHT_EYE,0.6052248477935791,0.3789891302585602,0.1324918419122696
214,RIGHT_EYE_OUTER,0.6046069264411926,0.37884482741355896,0.13234339654445648
214,LEFT_EAR,0.5922573208808899,0.3634708821773529,0.13608908653259277
214,RIGHT_EAR,0.5917685627937317,0.3715460002422333,-0.006433749105781317
214,MOUTH_LEFT,0.5899491906166077,0.39312225580215454,0.16869546473026276
214,MOUTH_RIGHT,0.589630126953125,0.39441460371017456,0.12630628049373627
214,LEFT_SHOULDER,0.502383291721344,0.3698849081993103,0.17287687957286835
214,RIGHT_SHOULDER,0.5682750940322876,0.42393630743026733,-0.13416320085525513
214,LEFT_ELBOW,0.47497063875198364,0.4131377339363098,0.29866263270378113
214,RIGHT_ELBOW,0.5502984523773193,0.5017176866531372,-0.1420935094356537
214,LEFT_WRIST,0.519113302230835,0.43904513120651245,0.39832454919815063
214,RIGHT_WRIST,0.5508440136909485,0.5286562442779541,-0.019964780658483505
214,LEFT_PINKY,0.5243353843688965,0.44388532638549805,0.4246463179588318
214,RIGHT_PINKY,0.5506983995437622,0.5395738482475281,-0.016923751682043076
214,LEFT_INDEX,0.5351470708847046,0.4423277974128723,0.4093863070011139
214,RIGHT_INDEX,0.5506591796875,0.5326534509658813,-0.013535003177821636
214,LEFT_THUMB,0.5361126065254211,0.4422546923160553,0.3929756283760071
214,RIGHT_THUMB,0.5473295450210571,0.527802586555481,-0.012632700614631176
214,LEFT_HIP,0.4305860996246338,0.557804524898529,0.11849696934223175
214,RIGHT_HIP,0.4815146327018738,0.5675989389419556,-0.11877560615539551
214,LEFT_KNEE,0.45602792501449585,0.7003839612007141,0.14606215059757233
214,RIGHT_KNEE,0.4942716658115387,0.712884247303009,-0.0780135840177536
214,LEFT_ANKLE,0.45908981561660767,0.8377351760864258,0.2451207935810089
214,RIGHT_ANKLE,0.47900715470314026,0.8604174852371216,-0.06172033026814461
214,LEFT_HEEL,0.4477299153804779,0.8580045700073242,0.25031524896621704
214,RIGHT_HEEL,0.4665133059024811,0.877234160900116,-0.061488110572099686
214,LEFT_FOOT_INDEX,0.4815368056297302,0.8702695965766907,0.19478173553943634
214,RIGHT_FOOT_INDEX,0.5176869034767151,0.9042519330978394,-0.11720167100429535
215,NOSE,0.5997516512870789,0.39206141233444214,0.3438408672809601
215,LEFT_EYE_INNER,0.6051492691040039,0.38039907813072205,0.32255852222442627
215,LEFT_EYE,0.6042025685310364,0.3779368996620178,0.3225864768028259
215,LEFT_EYE_OUTER,0.603005051612854,0.37510889768600464,0.3226203918457031
215,RIGHT_EYE_INNER,0.6058326363563538,0.38402336835861206,0.3020191192626953
215,RIGHT_EYE,0.6055672764778137,0.3844107389450073,0.30197134613990784
215,RIGHT_EYE_OUTER,0.60529625415802,0.38471361994743347,0.3018953800201416
215,LEFT_EAR,0.5922462344169617,0.3667634129524231,0.2344973087310791
215,RIGHT_EAR,0.5944647789001465,0.3781331479549408,0.14241747558116913
215,MOUTH_LEFT,0.5882145166397095,0.393710196018219,0.3183949589729309
215,MOUTH_RIGHT,0.5893195867538452,0.3967306315898895,0.2903974652290344
215,LEFT_SHOULDER,0.5045726895332336,0.36828720569610596,0.20101499557495117
215,RIGHT_SHOULDER,0.5721895694732666,0.4290286898612976,0.014388786628842354
215,LEFT_ELBOW,0.4856434464454651,0.4078471064567566,0.2541857063770294
215,RIGHT_ELBOW,0.5502287149429321,0.5008043646812439,-0.010731005109846592
215,LEFT_WRIST,0.5230618715286255,0.40898042917251587,0.3400285840034485
215,RIGHT_WRIST,0.5296767354011536,0.5071233510971069,0.08335599303245544
215,LEFT_PINKY,0.5260424613952637,0.4082714021205902,0.35839900374412537
215,RIGHT_PINKY,0.5239121913909912,0.5135645270347595,0.09290768951177597
215,LEFT_INDEX,0.5365943312644958,0.40760311484336853,0.356840580701828
215,RIGHT_INDEX,0.519539475440979,0.505968451499939,0.09276290237903595
215,LEFT_THUMB,0.5380191206932068,0.4099254608154297,0.3880906105041504
215,RIGHT_THUMB,0.5176820158958435,0.5026022791862488,0.08786584436893463
215,LEFT_HIP,0.4288036823272705,0.5575910210609436,0.09951188415288925
215,RIGHT_HIP,0.4832942485809326,0.5678426027297974,-0.09983303397893906
215,LEFT_KNEE,0.45505291223526,0.6998410820960999,0.14182087779045105
215,RIGHT_KNEE,0.49452027678489685,0.7130814790725708,-0.04223422333598137
215,LEFT_ANKLE,0.45896750688552856,0.836932361125946,0.14180061221122742
215,RIGHT_ANKLE,0.4796997010707855,0.8605154752731323,-0.08034546673297882
215,LEFT_HEEL,0.44770097732543945,0.8574817776679993,0.13960136473178864
215,RIGHT_HEEL,0.46721920371055603,0.8776426315307617,-0.0802629142999649
215,LEFT_FOOT_INDEX,0.47857674956321716,0.8705248832702637,0.09973461180925369
215,RIGHT_FOOT_INDEX,0.51643306016922,0.9045499563217163,-0.1442166417837143
216,NOSE,0.6027489304542542,0.39912453293800354,0.42061686515808105
216,LEFT_EYE_INNER,0.6080406904220581,0.38753965497016907,0.39926713705062866
216,LEFT_EYE,0.6066679358482361,0.38512930274009705,0.39935749769210815
216,LEFT_EYE_OUTER,0.6050924062728882,0.3822977840900421,0.39937710762023926
216,RIGHT_EYE_INNER,0.6098867654800415,0.39091819524765015,0.3816857933998108
216,RIGHT_EYE,0.609907329082489,0.39116260409355164,0.3816297948360443
216,RIGHT_EYE_OUTER,0.6098166704177856,0.3912779688835144,0.38162216544151306
216,LEFT_EAR,0.5943611860275269,0.37275761365890503,0.30299100279808044
216,RIGHT_EAR,0.599637508392334,0.38371366262435913,0.2229831963777542
216,MOUTH_LEFT,0.589647650718689,0.3987315893173218,0.3918144106864929
216,MOUTH_RIGHT,0.5918235778808594,0.40261784195899963,0.3671909272670746
216,LEFT_SHOULDER,0.5059210658073425,0.37073197960853577,0.27126404643058777
216,RIGHT_SHOULDER,0.5742965340614319,0.4344295859336853,0.09295640140771866
216,LEFT_ELBOW,0.48460856080055237,0.37559348344802856,0.4138367176055908
216,RIGHT_ELBOW,0.5495238304138184,0.49665799736976624,0.10900010913610458
216,LEFT_WRIST,0.5269817113876343,0.4002757966518402,0.6454058885574341
216,RIGHT_WRIST,0.5174362659454346,0.4879702925682068,0.24789659678936005
216,LEFT_PINKY,0.5348314046859741,0.39760643243789673,0.6890774965286255
216,RIGHT_PINKY,0.5095029473304749,0.4925662875175476,0.2701944410800934
216,LEFT_INDEX,0.5488353967666626,0.39988356828689575,0.68650221824646
216,RIGHT_INDEX,0.505571722984314,0.4861770570278168,0.2722014784812927
216,LEFT_THUMB,0.5493000745773315,0.40246033668518066,0.6509215235710144
216,RIGHT_THUMB,0.5046208500862122,0.4832499027252197,0.25526395440101624
216,LEFT_HIP,0.42925864458084106,0.5579431653022766,0.09139023721218109
216,RIGHT_HIP,0.484369695186615,0.5680215358734131,-0.09161341190338135
216,LEFT_KNEE,0.45629262924194336,0.6999813914299011,0.15834678709506989
216,RIGHT_KNEE,0.49460306763648987,0.7132224440574646,-0.05679529905319214
216,LEFT_ANKLE,0.45900481939315796,0.8373128771781921,0.12779149413108826
216,RIGHT_ANKLE,0.47959908843040466,0.8611242175102234,-0.18575507402420044
216,LEFT_HEEL,0.4477840065956116,0.8575642704963684,0.12180435657501221
216,RIGHT_HEEL,0.4666934907436371,0.8786961436271667,-0.19900622963905334
216,LEFT_FOOT_INDEX,0.47819653153419495,0.8737046122550964,0.0924147516489029
216,RIGHT_FOOT_INDEX,0.5145577192306519,0.9052618741989136,-0.24724993109703064
217,NOSE,0.6027384996414185,0.3985467255115509,0.28716596961021423
217,LEFT_EYE_INNER,0.6080260872840881,0.3867075443267822,0.27204662561416626
217,LEFT_EYE,0.6067135334014893,0.38435742259025574,0.27207568287849426
217,LEFT_EYE_OUTER,0.6051357984542847,0.38163262605667114,0.27209237217903137
217,RIGHT_EYE_INNER,0.6096728444099426,0.39000293612480164,0.2465057373046875
217,RIGHT_EYE,0.6095637083053589,0.3902287781238556,0.24646823108196259
217,RIGHT_EYE_OUTER,0.6093255281448364,0.39026349782943726,0.24640636146068573
217,LEFT_EAR,0.5943635702133179,0.3726763129234314,0.22182023525238037
217,RIGHT_EAR,0.5986930727958679,0.3819273114204407,0.1008315235376358
217,MOUTH_LEFT,0.5900849103927612,0.3985632061958313,0.2748146653175354
217,MOUTH_RIGHT,0.5919009447097778,0.4020960330963135,0.23922646045684814
217,LEFT_SHOULDER,0.5069040060043335,0.3792646825313568,0.25225502252578735
217,RIGHT_SHOULDER,0.5739852786064148,0.43204617500305176,-0.025605902075767517
217,LEFT_ELBOW,0.4831431806087494,0.3660505414009094,0.3682171702384949
217,RIGHT_ELBOW,0.5550368428230286,0.41182488203048706,-0.12786513566970825
217,LEFT_WRIST,0.5293728709220886,0.3960176110267639,0.5071249008178711
217,RIGHT_WRIST,0.5213100910186768,0.4101857542991638,-0.20292317867279053
217,LEFT_PINKY,0.5360540151596069,0.39443525671958923,0.5394840836524963
217,RIGHT_PINKY,0.5278338193893433,0.4162921905517578,-0.2141302078962326
217,LEFT_INDEX,0.5493660569190979,0.39813125133514404,0.5212758779525757
217,RIGHT_INDEX,0.5257476568222046,0.4145596921443939,-0.1965799778699875
217,LEFT_THUMB,0.5496872663497925,0.40065091848373413,0.5038975477218628
217,RIGHT_THUMB,0.522148609161377,0.4122801721096039,-0.19372665882110596
217,LEFT_HIP,0.4304603636264801,0.558249831199646,0.10451458394527435
217,RIGHT_HIP,0.4845418334007263,0.5680652260780334,-0.10473767668008804
217,LEFT_KNEE,0.4569113850593567,0.7012541890144348,0.13034136593341827
217,RIGHT_KNEE,0.4936293661594391,0.7135672569274902,-0.10379352420568466
217,LEFT_ANKLE,0.4597622752189636,0.8412073254585266,0.11922799050807953
217,RIGHT_ANKLE,0.47939610481262207,0.8623616099357605,-0.18636536598205566
217,LEFT_HEEL,0.44851937890052795,0.8623757362365723,0.11462782323360443
217,RIGHT_HEEL,0.4662032723426819,0.8805387616157532,-0.19377151131629944
217,LEFT_FOOT_INDEX,0.4791507124900818,0.8764870762825012,0.06316906213760376
217,RIGHT_FOOT_INDEX,0.514468789100647,0.9057022333145142,-0.2595193386077881
218,NOSE,0.6050255298614502,0.40065938234329224,0.2563830614089966
218,LEFT_EYE_INNER,0.610846996307373,0.38842102885246277,0.2421269714832306
218,LEFT_EYE,0.6095381379127502,0.3864600956439972,0.24215002357959747
218,LEFT_EYE_OUTER,0.60804283618927,0.3842788338661194,0.24216918647289276
218,RIGHT_EYE_INNER,0.6123397350311279,0.39095598459243774,0.21711573004722595
218,RIGHT_EYE,0.6120901107788086,0.3910136818885803,0.21707084774971008
218,RIGHT_EYE_OUTER,0.6116892695426941,0.39098989963531494,0.217016339302063
218,LEFT_EAR,0.5965616703033447,0.3765481114387512,0.20333556830883026
218,RIGHT_EAR,0.6000036001205444,0.38330501317977905,0.0754491314291954
218,MOUTH_LEFT,0.5917618274688721,0.40140286087989807,0.24430713057518005
218,MOUTH_RIGHT,0.5933109521865845,0.4043276906013489,0.20944765210151672
218,LEFT_SHOULDER,0.5076018571853638,0.3800850212574005,0.19057264924049377
218,RIGHT_SHOULDER,0.572312593460083,0.43053609132766724,-0.046384554356336594
218,LEFT_ELBOW,0.46867242455482483,0.384164422750473,0.327921062707901
218,RIGHT_ELBOW,0.5357626080513,0.44703760743141174,-0.1928691565990448
218,LEFT_WRIST,0.5186082124710083,0.39877644181251526,0.48363423347473145
218,RIGHT_WRIST,0.5137022137641907,0.4648454189300537,-0.3024706244468689
218,LEFT_PINKY,0.5249171257019043,0.3992934823036194,0.5143656134605408
218,RIGHT_PINKY,0.5093986392021179,0.4742278456687927,-0.32433056831359863
218,LEFT_INDEX,0.5366418957710266,0.402555376291275,0.4983757436275482
218,RIGHT_INDEX,0.5121680498123169,0.47052961587905884,-0.3125653862953186
218,LEFT_THUMB,0.5367952585220337,0.4045569896697998,0.48113101720809937
218,RIGHT_THUMB,0.5116055011749268,0.46679243445396423,-0.29834622144699097
218,LEFT_HIP,0.43076959252357483,0.558454155921936,0.10989350080490112
218,RIGHT_HIP,0.48384889960289,0.5685386657714844,-0.1101255789399147
218,LEFT_KNEE,0.4571400582790375,0.7021961212158203,0.12576253712177277
218,RIGHT_KNEE,0.4926932454109192,0.7138011455535889,-0.10456651449203491
218,LEFT_ANKLE,0.461503803730011,0.8437314033508301,0.15206561982631683
218,RIGHT_ANKLE,0.47924190759658813,0.8624333143234253,-0.18165263533592224
218,LEFT_HEEL,0.4490106701850891,0.8645451664924622,0.1516006886959076
218,RIGHT_HEEL,0.4660765528678894,0.8809109926223755,-0.18467076122760773
218,LEFT_FOOT_INDEX,0.4876134395599365,0.8779973983764648,0.10457052290439606
218,RIGHT_FOOT_INDEX,0.5169891715049744,0.9057943224906921,-0.21729473769664764
219,NOSE,0.6073169112205505,0.40460705757141113,0.09343884140253067
219,LEFT_EYE_INNER,0.6130587458610535,0.391865074634552,0.0913727656006813
219,LEFT_EYE,0.611558735370636,0.38998347520828247,0.09140182286500931
219,LEFT_EYE_OUTER,0.6099207997322083,0.38794058561325073,0.09144078195095062
219,RIGHT_EYE_INNER,0.614777684211731,0.3942037522792816,0.05976620316505432
219,RIGHT_EYE,0.6144407987594604,0.39420464634895325,0.05976966768503189
219,RIGHT_EYE_OUTER,0.6139452457427979,0.3941774368286133,0.05967603251338005
219,LEFT_EAR,0.598730206489563,0.38166874647140503,0.08839637041091919
219,RIGHT_EAR,0.6020343899726868,0.3880631923675537,-0.05186416581273079
219,MOUTH_LEFT,0.593437910079956,0.4053116738796234,0.09905651956796646
219,MOUTH_RIGHT,0.5949763059616089,0.40835753083229065,0.05751364305615425
219,LEFT_SHOULDER,0.5095304250717163,0.37978845834732056,0.13281503319740295
219,RIGHT_SHOULDER,0.5709284543991089,0.4330957531929016,-0.1622765213251114
219,LEFT_ELBOW,0.47203025221824646,0.38244229555130005,0.2965354919433594
219,RIGHT_ELBOW,0.511728048324585,0.48924723267555237,-0.22287830710411072
219,LEFT_WRIST,0.511573851108551,0.3944714069366455,0.47710317373275757
219,RIGHT_WRIST,0.49196022748947144,0.588128924369812,-0.21792788803577423
219,LEFT_PINKY,0.5143555402755737,0.39557644724845886,0.5138112902641296
219,RIGHT_PINKY,0.4852217137813568,0.6155097484588623,-0.23478977382183075
219,LEFT_INDEX,0.5261909365653992,0.3986693024635315,0.49287062883377075
219,RIGHT_INDEX,0.4884658455848694,0.6179413795471191,-0.23135800659656525
219,LEFT_THUMB,0.528591513633728,0.4015773832798004,0.47231703996658325
219,RIGHT_THUMB,0.48958101868629456,0.6081032752990723,-0.21315014362335205
219,LEFT_HIP,0.43121346831321716,0.557774543762207,0.1113528236746788
219,RIGHT_HIP,0.4818405508995056,0.5686022043228149,-0.11176659166812897
219,LEFT_KNEE,0.45722299814224243,0.7031561136245728,0.09464745223522186
219,RIGHT_KNEE,0.4923330843448639,0.714637041091919,-0.08588473498821259
219,LEFT_ANKLE,0.46224385499954224,0.8442544937133789,0.13258323073387146
219,RIGHT_ANKLE,0.4785003662109375,0.8625237345695496,-0.060888998210430145
219,LEFT_HEEL,0.4491099417209625,0.8655173182487488,0.13192428648471832
219,RIGHT_HEEL,0.46403375267982483,0.8809520602226257,-0.060978420078754425
219,LEFT_FOOT_INDEX,0.490933358669281,0.8781186938285828,0.07396428287029266
219,RIGHT_FOOT_INDEX,0.5169768333435059,0.9059593081474304,-0.11855880171060562
220,NOSE,0.6091147065162659,0.40726155042648315,0.21890440583229065
220,LEFT_EYE_INNER,0.6148512959480286,0.3952074944972992,0.20515108108520508
220,LEFT_EYE,0.6135566234588623,0.39377832412719727,0.2051902711391449
220,LEFT_EYE_OUTER,0.6122161746025085,0.3923572897911072,0.2052445113658905
220,RIGHT_EYE_INNER,0.6166754961013794,0.3969948887825012,0.18268336355686188
220,RIGHT_EYE,0.6165779829025269,0.39695990085601807,0.18264448642730713
220,RIGHT_EYE_OUTER,0.6163858771324158,0.3969767689704895,0.18262477219104767
220,LEFT_EAR,0.6026808023452759,0.3879370093345642,0.15724022686481476
220,RIGHT_EAR,0.605133056640625,0.39145636558532715,0.05529289320111275
220,MOUTH_LEFT,0.5961487293243408,0.4087887406349182,0.20865222811698914
220,MOUTH_RIGHT,0.5976536870002747,0.411456435918808,0.17701075971126556
220,LEFT_SHOULDER,0.5117806792259216,0.38123998045921326,0.16711339354515076
220,RIGHT_SHOULDER,0.572465717792511,0.4325471818447113,-0.06122984364628792
220,LEFT_ELBOW,0.4753485321998596,0.3508474826812744,0.3052328824996948
220,RIGHT_ELBOW,0.5210106372833252,0.4683697819709778,-0.20463927090168
220,LEFT_WRIST,0.5161920189857483,0.38898035883903503,0.4965593218803406
220,RIGHT_WRIST,0.5092023611068726,0.48399028182029724,-0.298534095287323
220,LEFT_PINKY,0.5164929032325745,0.38977861404418945,0.5308127403259277
220,RIGHT_PINKY,0.5039869546890259,0.4926510751247406,-0.3176824748516083
220,LEFT_INDEX,0.5276495218276978,0.3942139148712158,0.5130348205566406
220,RIGHT_INDEX,0.5073570013046265,0.49123460054397583,-0.30506783723831177
220,LEFT_THUMB,0.5322502255439758,0.3963910937309265,0.4939157962799072
220,RIGHT_THUMB,0.5071641206741333,0.4882456660270691,-0.2929893732070923
220,LEFT_HIP,0.43142956495285034,0.5578145980834961,0.11350127309560776
220,RIGHT_HIP,0.481682151556015,0.5698526501655579,-0.1138613373041153
220,LEFT_KNEE,0.4568367898464203,0.7042604684829712,0.11796711385250092
220,RIGHT_KNEE,0.4925457537174225,0.7163708806037903,-0.10795339196920395
220,LEFT_ANKLE,0.46115589141845703,0.8437644839286804,0.14054767787456512
220,RIGHT_ANKLE,0.47841423749923706,0.8633265495300293,-0.1507653146982193
220,LEFT_HEEL,0.44841232895851135,0.8653247952461243,0.13919022679328918
220,RIGHT_HEEL,0.46311211585998535,0.8814355134963989,-0.15535910427570343
220,LEFT_FOOT_INDEX,0.4893861413002014,0.8758332133293152,0.09603427350521088
220,RIGHT_FOOT_INDEX,0.5182852149009705,0.9067800641059875,-0.20402391254901886
221,NOSE,0.6097713708877563,0.41033273935317993,0.24363939464092255
221,LEFT_EYE_INNER,0.6157337427139282,0.39680755138397217,0.23018300533294678
221,LEFT_EYE,0.6143631935119629,0.3950369954109192,0.23021641373634338
221,LEFT_EYE_OUTER,0.6129282712936401,0.39336150884628296,0.23029322922229767
221,RIGHT_EYE_INNER,0.6183149814605713,0.39974144101142883,0.2036697119474411
221,RIGHT_EYE,0.6186224818229675,0.40000230073928833,0.20364180207252502
221,RIGHT_EYE_OUTER,0.6187735795974731,0.40029582381248474,0.2035895138978958
221,LEFT_EAR,0.6040716767311096,0.38952940702438354,0.18283836543560028
221,RIGHT_EAR,0.6091488003730774,0.3954194486141205,0.06271320581436157
221,MOUTH_LEFT,0.5971388816833496,0.41129904985427856,0.23390421271324158
221,MOUTH_RIGHT,0.5994839668273926,0.4150907099246979,0.1969662606716156
221,LEFT_SHOULDER,0.5122154951095581,0.3815137445926666,0.178074449300766
221,RIGHT_SHOULDER,0.57506263256073,0.4332497715950012,-0.06480466574430466
221,LEFT_ELBOW,0.47848621010780334,0.34271711111068726,0.3062084913253784
221,RIGHT_ELBOW,0.5416158437728882,0.44904130697250366,-0.2180561125278473
221,LEFT_WRIST,0.5302025079727173,0.37572595477104187,0.4681193232536316
221,RIGHT_WRIST,0.5138627290725708,0.4598076343536377,-0.28637024760246277
221,LEFT_PINKY,0.5404645204544067,0.37759238481521606,0.5009986162185669
221,RIGHT_PINKY,0.5051839351654053,0.4654916226863861,-0.2984672784805298
221,LEFT_INDEX,0.5531241297721863,0.3900621235370636,0.48226362466812134
221,RIGHT_INDEX,0.5061302185058594,0.46615615487098694,-0.28146427869796753
221,LEFT_THUMB,0.5470591187477112,0.3867358863353729,0.4640030264854431
221,RIGHT_THUMB,0.5070583820343018,0.4647800922393799,-0.27720627188682556
221,LEFT_HIP,0.431380033493042,0.5580130815505981,0.11574982106685638
221,RIGHT_HIP,0.48156023025512695,0.570654034614563,-0.11637097597122192
221,LEFT_KNEE,0.4551580846309662,0.7044177055358887,0.14490532875061035
221,RIGHT_KNEE,0.49258503317832947,0.7177351713180542,-0.12003909051418304
221,LEFT_ANKLE,0.46070510149002075,0.8434492945671082,0.1548394411802292
221,RIGHT_ANKLE,0.477874219417572,0.8645346760749817,-0.180772602558136
221,LEFT_HEEL,0.4478801190853119,0.8643301725387573,0.15311011672019958
221,RIGHT_HEEL,0.46207141876220703,0.8822512626647949,-0.186452716588974
221,LEFT_FOOT_INDEX,0.48764151334762573,0.8713780641555786,0.13069067895412445
221,RIGHT_FOOT_INDEX,0.5193368792533875,0.9072917103767395,-0.23566436767578125
222,NOSE,0.6139160394668579,0.4201585650444031,0.11140410602092743
222,LEFT_EYE_INNER,0.6186996102333069,0.4052125811576843,0.11073821783065796
222,LEFT_EYE,0.6169701814651489,0.40234270691871643,0.11076103150844574
222,LEFT_EYE_OUTER,0.6152786016464233,0.3997363746166229,0.11081614345312119
222,RIGHT_EYE_INNER,0.6214956045150757,0.40882110595703125,0.07788585126399994
222,RIGHT_EYE,0.6215859651565552,0.4084927439689636,0.07781510055065155
222,RIGHT_EYE_OUTER,0.6215304136276245,0.4081001877784729,0.07776369154453278
222,LEFT_EAR,0.6060923337936401,0.39356014132499695,0.13002921640872955
222,RIGHT_EAR,0.6111934185028076,0.3992472290992737,-0.023200396448373795
222,MOUTH_LEFT,0.6005375981330872,0.41771143674850464,0.12509451806545258
222,MOUTH_RIGHT,0.6025640964508057,0.4215176999568939,0.07914553582668304
222,LEFT_SHOULDER,0.5233719348907471,0.39434128999710083,0.16787853837013245
222,RIGHT_SHOULDER,0.5747386813163757,0.4314565062522888,-0.10071671009063721
222,LEFT_ELBOW,0.49477148056030273,0.36211973428726196,0.2896195948123932
222,RIGHT_ELBOW,0.5324063301086426,0.41687607765197754,-0.2855830788612366
222,LEFT_WRIST,0.5383754968643188,0.39222949743270874,0.38350844383239746
222,RIGHT_WRIST,0.5176985859870911,0.43282508850097656,-0.39400362968444824
222,LEFT_PINKY,0.5469460487365723,0.39253494143486023,0.4049287736415863
222,RIGHT_PINKY,0.5111536383628845,0.44158118963241577,-0.41981419920921326
222,LEFT_INDEX,0.555196225643158,0.39911502599716187,0.3831075429916382
222,RIGHT_INDEX,0.5077543258666992,0.44238191843032837,-0.4023383557796478
222,LEFT_THUMB,0.5512492656707764,0.3997417390346527,0.3766307830810547
222,RIGHT_THUMB,0.5088276267051697,0.4395298957824707,-0.38611412048339844
222,LEFT_HIP,0.4345976412296295,0.5589824914932251,0.12035836279392242
222,RIGHT_HIP,0.48045212030410767,0.5713016986846924,-0.1208379864692688
222,LEFT_KNEE,0.45537447929382324,0.7048100829124451,0.14965784549713135
222,RIGHT_KNEE,0.49128174781799316,0.7177309989929199,-0.12886375188827515
222,LEFT_ANKLE,0.4613466262817383,0.8434193730354309,0.1830611228942871
222,RIGHT_ANKLE,0.47768521308898926,0.8639342188835144,-0.1663978397846222
222,LEFT_HEEL,0.4481363296508789,0.8630469441413879,0.1821420043706894
222,RIGHT_HEEL,0.46210843324661255,0.8809914588928223,-0.17156223952770233
222,LEFT_FOOT_INDEX,0.4880611300468445,0.8724767565727234,0.13242733478546143
222,RIGHT_FOOT_INDEX,0.5189360976219177,0.9071751832962036,-0.24062661826610565
223,NOSE,0.6153267621994019,0.4198959469795227,0.1882571280002594
223,LEFT_EYE_INNER,0.6204640865325928,0.4053414463996887,0.15818063914775848
223,LEFT_EYE,0.618468701839447,0.4025038778781891,0.15830977261066437
223,LEFT_EYE_OUTER,0.6164486408233643,0.39967963099479675,0.15844649076461792
223,RIGHT_EYE_INNER,0.6247957348823547,0.40974316000938416,0.13901959359645844
223,RIGHT_EYE,0.6255776882171631,0.40995317697525024,0.1389468014240265
223,RIGHT_EYE_OUTER,0.6261318922042847,0.41003626585006714,0.13894757628440857
223,LEFT_EAR,0.6076035499572754,0.3936249315738678,0.13145795464515686
223,RIGHT_EAR,0.6167840361595154,0.4037230908870697,-0.0032480035442858934
223,MOUTH_LEFT,0.6020111441612244,0.4191397726535797,0.1685536801815033
223,MOUTH_RIGHT,0.6047948002815247,0.4238432049751282,0.13853877782821655
223,LEFT_SHOULDER,0.5220658779144287,0.39266639947891235,0.14731773734092712
223,RIGHT_SHOULDER,0.5785679221153259,0.4375304579734802,-0.10220357030630112
223,LEFT_ELBOW,0.49404701590538025,0.3544562757015228,0.2904503643512726
223,RIGHT_ELBOW,0.5489295721054077,0.43277090787887573,-0.24801135063171387
223,LEFT_WRIST,0.545864462852478,0.38656607270240784,0.46334999799728394
223,RIGHT_WRIST,0.5307405591011047,0.4273952841758728,-0.27216827869415283
223,LEFT_PINKY,0.5578566789627075,0.38794347643852234,0.500369668006897
223,RIGHT_PINKY,0.5243944525718689,0.4310646951198578,-0.2623426914215088
223,LEFT_INDEX,0.5661855936050415,0.39513063430786133,0.47620004415512085
223,RIGHT_INDEX,0.5220800638198853,0.4284089505672455,-0.2448519766330719
223,LEFT_THUMB,0.5627150535583496,0.3965337872505188,0.4582482874393463
223,RIGHT_THUMB,0.5218013525009155,0.4270976185798645,-0.2567395865917206
223,LEFT_HIP,0.43310418725013733,0.5623171925544739,0.1204308420419693
223,RIGHT_HIP,0.4803011417388916,0.577322244644165,-0.1208878606557846
223,LEFT_KNEE,0.4544246196746826,0.7062407732009888,0.1715208739042282
223,RIGHT_KNEE,0.49029237031936646,0.7209421992301941,-0.12353327125310898
223,LEFT_ANKLE,0.4613870680332184,0.8451820611953735,0.2178788185119629
223,RIGHT_ANKLE,0.4762660562992096,0.8649910688400269,-0.15968596935272217
223,LEFT_HEEL,0.4484682083129883,0.8644527196884155,0.22031955420970917
223,RIGHT_HEEL,0.461667537689209,0.8820958137512207,-0.16383099555969238
223,LEFT_FOOT_INDEX,0.48731303215026855,0.87444007396698,0.18765927851200104
223,RIGHT_FOOT_INDEX,0.5171405076980591,0.9079817533493042,-0.2399267703294754
224,NOSE,0.6208590269088745,0.42123809456825256,0.1933586746454239
224,LEFT_EYE_INNER,0.6248425245285034,0.40681615471839905,0.15979823470115662
224,LEFT_EYE,0.6225578784942627,0.4037742614746094,0.15988531708717346
224,LEFT_EYE_OUTER,0.6202394366264343,0.40070977807044983,0.15997809171676636
224,RIGHT_EYE_INNER,0.6294698119163513,0.4114519953727722,0.14749228954315186
224,RIGHT_EYE,0.6300238966941833,0.4115803837776184,0.14740964770317078
224,RIGHT_EYE_OUTER,0.6303345561027527,0.4115750789642334,0.14740760624408722
224,LEFT_EAR,0.6111457347869873,0.39491257071495056,0.13660076260566711
224,RIGHT_EAR,0.6202777624130249,0.4051350951194763,0.008210801519453526
224,MOUTH_LEFT,0.6063054800033569,0.4198033809661865,0.16977599263191223
224,MOUTH_RIGHT,0.6093807220458984,0.4246595501899719,0.14684006571769714
224,LEFT_SHOULDER,0.5266300439834595,0.39404773712158203,0.14767685532569885
224,RIGHT_SHOULDER,0.5797118544578552,0.43848395347595215,-0.08494122326374054
224,LEFT_ELBOW,0.49017006158828735,0.37002307176589966,0.28167855739593506
224,RIGHT_ELBOW,0.5365124940872192,0.4361193776130676,-0.24743381142616272
224,LEFT_WRIST,0.538871169090271,0.39154252409935,0.43989771604537964
224,RIGHT_WRIST,0.5056207180023193,0.4518131613731384,-0.384201318025589
224,LEFT_PINKY,0.5471572875976562,0.3918673098087311,0.4676886200904846
224,RIGHT_PINKY,0.49658623337745667,0.45892104506492615,-0.41303038597106934
224,LEFT_INDEX,0.5551613569259644,0.3973477780818939,0.44674497842788696
224,RIGHT_INDEX,0.49946123361587524,0.4569064676761627,-0.40334630012512207
224,LEFT_THUMB,0.5538318753242493,0.3992069661617279,0.43564361333847046
224,RIGHT_THUMB,0.5007298588752747,0.45429396629333496,-0.38118821382522583
224,LEFT_HIP,0.43314188718795776,0.5622668862342834,0.11349836736917496
224,RIGHT_HIP,0.478596031665802,0.5770063996315002,-0.11375944316387177
224,LEFT_KNEE,0.4545895457267761,0.7069259881973267,0.10642974078655243
224,RIGHT_KNEE,0.4875294268131256,0.7208362817764282,-0.09915433824062347
224,LEFT_ANKLE,0.4620940685272217,0.846385657787323,0.12278126180171967
224,RIGHT_ANKLE,0.4738154411315918,0.8642603158950806,-0.10603717714548111
224,LEFT_HEEL,0.44953060150146484,0.865200400352478,0.12140963971614838
224,RIGHT_HEEL,0.46049660444259644,0.8810890913009644,-0.10743643343448639
224,LEFT_FOOT_INDEX,0.48668113350868225,0.8884456753730774,0.07228781282901764
224,RIGHT_FOOT_INDEX,0.5111255645751953,0.907917857170105,-0.1680285930633545
225,NOSE,0.6238206624984741,0.4200665354728699,0.20680277049541473
225,LEFT_EYE_INNER,0.627800464630127,0.4056908190250397,0.17381812632083893
225,LEFT_EYE,0.6255744695663452,0.40278735756874084,0.1738709658384323
225,LEFT_EYE_OUTER,0.6232903003692627,0.3998400568962097,0.17394447326660156
225,RIGHT_EYE_INNER,0.6324625015258789,0.4105759561061859,0.15912871062755585
225,RIGHT_EYE,0.6331166625022888,0.4110240042209625,0.15905223786830902
225,RIGHT_EYE_OUTER,0.633567214012146,0.4114307463169098,0.15902860462665558
225,LEFT_EAR,0.613223671913147,0.3938295245170593,0.12675252556800842
225,RIGHT_EAR,0.622500479221344,0.4053843021392822,0.011600141413509846
225,MOUTH_LEFT,0.6096780300140381,0.41966599225997925,0.18199649453163147
225,MOUTH_RIGHT,0.6128677725791931,0.4247519075870514,0.15686093270778656
225,LEFT_SHOULDER,0.5315735936164856,0.3934682607650757,0.1323065459728241
225,RIGHT_SHOULDER,0.5827819108963013,0.439964234828949,-0.09352382272481918
225,LEFT_ELBOW,0.4898747503757477,0.3713686764240265,0.2736545205116272
225,RIGHT_ELBOW,0.5392542481422424,0.43804898858070374,-0.2824220657348633
225,LEFT_WRIST,0.5385888814926147,0.38849684596061707,0.42678704857826233
225,RIGHT_WRIST,0.5103858113288879,0.4332384467124939,-0.4224587082862854
225,LEFT_PINKY,0.5469691157341003,0.3895849585533142,0.4557482600212097
225,RIGHT_PINKY,0.5021443963050842,0.43655651807785034,-0.4500415325164795
225,LEFT_INDEX,0.5533508062362671,0.3953189253807068,0.4333854615688324
225,RIGHT_INDEX,0.5037685632705688,0.43396836519241333,-0.4381473958492279
225,LEFT_THUMB,0.5526812672615051,0.39754295349121094,0.42197299003601074
225,RIGHT_THUMB,0.5044584274291992,0.4329436421394348,-0.4187176823616028
225,LEFT_HIP,0.43202194571495056,0.5620999932289124,0.11393797397613525
225,RIGHT_HIP,0.4763336181640625,0.5767214894294739,-0.11415692418813705
225,LEFT_KNEE,0.45397576689720154,0.7063543796539307,0.14987754821777344
225,RIGHT_KNEE,0.4874548017978668,0.7200267910957336,-0.1004645824432373
225,LEFT_ANKLE,0.4607190191745758,0.8368584513664246,0.19048424065113068
225,RIGHT_ANKLE,0.4738007187843323,0.860034167766571,-0.10769041627645493
225,LEFT_HEEL,0.449055016040802,0.8572589159011841,0.19182473421096802
225,RIGHT_HEEL,0.4608505368232727,0.8787175416946411,-0.10778852552175522
225,LEFT_FOOT_INDEX,0.487344890832901,0.8714283108711243,0.14930683374404907
225,RIGHT_FOOT_INDEX,0.5165749788284302,0.8995311856269836,-0.17764846980571747
226,NOSE,0.6263359189033508,0.4259597361087799,0.1743645966053009
226,LEFT_EYE_INNER,0.6307865381240845,0.4123377203941345,0.16270606219768524
226,LEFT_EYE,0.6287513971328735,0.40963825583457947,0.16272231936454773
226,LEFT_EYE_OUTER,0.6267302632331848,0.4069586396217346,0.16274842619895935
226,RIGHT_EYE_INNER,0.6346709728240967,0.4166109561920166,0.13761740922927856
226,RIGHT_EYE,0.634950578212738,0.4168105125427246,0.13756892085075378
226,RIGHT_EYE_OUTER,0.6350537538528442,0.41692981123924255,0.13756129145622253
226,LEFT_EAR,0.6167356371879578,0.39930179715156555,0.13236944377422333
226,RIGHT_EAR,0.6242884993553162,0.4102771282196045,0.013764659874141216
226,MOUTH_LEFT,0.6123905777931213,0.4251960217952728,0.17085139453411102
226,MOUTH_RIGHT,0.6152726411819458,0.4293442666530609,0.1350526064634323
226,LEFT_SHOULDER,0.5385482907295227,0.39592650532722473,0.15540342032909393
226,RIGHT_SHOULDER,0.5815581679344177,0.43956050276756287,-0.09356234222650528
226,LEFT_ELBOW,0.5015595555305481,0.3618057370185852,0.3349667191505432
226,RIGHT_ELBOW,0.529701828956604,0.4371243417263031,-0.3269626498222351
226,LEFT_WRIST,0.5312610864639282,0.36422091722488403,0.5332455635070801
226,RIGHT_WRIST,0.5101085305213928,0.4320046901702881,-0.5641433000564575
226,LEFT_PINKY,0.5301079750061035,0.3614698648452759,0.5691283941268921
226,RIGHT_PINKY,0.503227174282074,0.4347003996372223,-0.6083961725234985
226,LEFT_INDEX,0.5357218384742737,0.3660101294517517,0.5484384298324585
226,RIGHT_INDEX,0.5062239170074463,0.4302656054496765,-0.5972414016723633
226,LEFT_THUMB,0.5380176305770874,0.36915695667266846,0.5298235416412354
226,RIGHT_THUMB,0.5069361925125122,0.4293995499610901,-0.562789797782898
226,LEFT_HIP,0.43184804916381836,0.5620844960212708,0.11911885440349579
226,RIGHT_HIP,0.47329264879226685,0.5766617059707642,-0.11927209049463272
226,LEFT_KNEE,0.45408743619918823,0.7066373229026794,0.14082449674606323
226,RIGHT_KNEE,0.48660358786582947,0.7201110124588013,-0.09933040291070938
226,LEFT_ANKLE,0.46011775732040405,0.8372231721878052,0.17008712887763977
226,RIGHT_ANKLE,0.4738016128540039,0.8603163957595825,-0.11779402196407318
226,LEFT_HEEL,0.4485388398170471,0.8577147722244263,0.1699516624212265
226,RIGHT_HEEL,0.4608073830604553,0.8788525462150574,-0.11989788711071014
226,LEFT_FOOT_INDEX,0.48883217573165894,0.8747722506523132,0.12208817154169083
226,RIGHT_FOOT_INDEX,0.5185819864273071,0.899966835975647,-0.18350225687026978
227,NOSE,0.6242309808731079,0.4308742582798004,0.19422774016857147
227,LEFT_EYE_INNER,0.6293513178825378,0.41576066613197327,0.1714300960302353
227,LEFT_EYE,0.6274584531784058,0.41234007477760315,0.17141401767730713
227,LEFT_EYE_OUTER,0.6255763173103333,0.4092186391353607,0.17144988477230072
227,RIGHT_EYE_INNER,0.6332206726074219,0.42178472876548767,0.15404421091079712
227,RIGHT_EYE,0.6337122321128845,0.42234501242637634,0.15401111543178558
227,RIGHT_EYE_OUTER,0.6340681910514832,0.42283836007118225,0.15400829911231995
227,LEFT_EAR,0.6165792346000671,0.40098920464515686,0.12657298147678375
227,RIGHT_EAR,0.6241822242736816,0.41479453444480896,0.020472673699259758
227,MOUTH_LEFT,0.6106047034263611,0.42816996574401855,0.17704614996910095
227,MOUTH_RIGHT,0.6135358214378357,0.4341192841529846,0.15130086243152618
227,LEFT_SHOULDER,0.5362447500228882,0.39559412002563477,0.11997897922992706
227,RIGHT_SHOULDER,0.5819364190101624,0.4412108063697815,-0.08324574679136276
227,LEFT_ELBOW,0.49970611929893494,0.3555513620376587,0.2374117374420166
227,RIGHT_ELBOW,0.536599338054657,0.4410329759120941,-0.30142858624458313
227,LEFT_WRIST,0.5288578867912292,0.3619747757911682,0.37019193172454834
227,RIGHT_WRIST,0.5121318101882935,0.4395383298397064,-0.5111600756645203
227,LEFT_PINKY,0.5305805802345276,0.36015185713768005,0.38726896047592163
227,RIGHT_PINKY,0.5047369003295898,0.44253748655319214,-0.5537274479866028
227,LEFT_INDEX,0.5361751317977905,0.3659443259239197,0.36812812089920044
227,RIGHT_INDEX,0.5068864822387695,0.43967825174331665,-0.54264897108078
227,LEFT_THUMB,0.5370933413505554,0.36914947628974915,0.3650442659854889
227,RIGHT_THUMB,0.5078343152999878,0.4387134611606598,-0.5097998976707458
227,LEFT_HIP,0.4294106066226959,0.5620574355125427,0.10378707945346832
227,RIGHT_HIP,0.473482608795166,0.5765323042869568,-0.10394762456417084
227,LEFT_KNEE,0.4536738395690918,0.7066299915313721,0.10642556101083755
227,RIGHT_KNEE,0.48595181107521057,0.7200382947921753,-0.061820436269044876
227,LEFT_ANKLE,0.45910248160362244,0.8368808627128601,0.1314486414194107
227,RIGHT_ANKLE,0.47386473417282104,0.858841598033905,-0.05838199332356453
227,LEFT_HEEL,0.4485560953617096,0.8576752543449402,0.13192859292030334
227,RIGHT_HEEL,0.4610236585140228,0.8768151998519897,-0.05821433663368225
227,LEFT_FOOT_INDEX,0.4887886941432953,0.8770656585693359,0.08175846189260483
227,RIGHT_FOOT_INDEX,0.5169615745544434,0.8988800048828125,-0.11193716526031494
228,NOSE,0.6230913400650024,0.4276111125946045,0.2976399064064026
228,LEFT_EYE_INNER,0.6286841630935669,0.4123442769050598,0.27493101358413696
228,LEFT_EYE,0.6272846460342407,0.4078880250453949,0.27492836117744446
228,LEFT_EYE_OUTER,0.624711275100708,0.40414881706237793,0.27491092681884766
228,RIGHT_EYE_INNER,0.631990909576416,0.41938477754592896,0.26165300607681274
228,RIGHT_EYE,0.6327603459358215,0.41889357566833496,0.2616116404533386
228,RIGHT_EYE_OUTER,0.6334486603736877,0.4189457297325134,0.2616133987903595
228,LEFT_EAR,0.6156195998191833,0.40043511986732483,0.19519540667533875
228,RIGHT_EAR,0.6249765157699585,0.4128592908382416,0.13210588693618774
228,MOUTH_LEFT,0.6095854043960571,0.4258846640586853,0.2750292420387268
228,MOUTH_RIGHT,0.6128333806991577,0.43165406584739685,0.25557467341423035
228,LEFT_SHOULDER,0.535111665725708,0.3954938054084778,0.17595092952251434
228,RIGHT_SHOULDER,0.5825482606887817,0.44615858793258667,0.011986926198005676
228,LEFT_ELBOW,0.49689847230911255,0.3600446283817291,0.30236342549324036
228,RIGHT_ELBOW,0.5357202887535095,0.4728640615940094,-0.22001783549785614
228,LEFT_WRIST,0.5191982984542847,0.3606506288051605,0.4986644387245178
228,RIGHT_WRIST,0.5079642534255981,0.46821117401123047,-0.45195531845092773
228,LEFT_PINKY,0.5177129507064819,0.3553248941898346,0.5295969843864441
228,RIGHT_PINKY,0.4992142617702484,0.4689900875091553,-0.49665170907974243
228,LEFT_INDEX,0.5274192094802856,0.35990792512893677,0.512523353099823
228,RIGHT_INDEX,0.5003057718276978,0.4625222682952881,-0.48245102167129517
228,LEFT_THUMB,0.530332088470459,0.3650798201560974,0.4967760443687439
228,RIGHT_THUMB,0.502316415309906,0.46192246675491333,-0.45101189613342285
228,LEFT_HIP,0.42745423316955566,0.5631111860275269,0.10024793446063995
228,RIGHT_HIP,0.4731671214103699,0.5779841542243958,-0.10037897527217865
228,LEFT_KNEE,0.45207318663597107,0.7056750059127808,0.12949571013450623
228,RIGHT_KNEE,0.48538222908973694,0.7200239896774292,-0.05932120233774185
228,LEFT_ANKLE,0.45587486028671265,0.8359947204589844,0.20929639041423798
228,RIGHT_ANKLE,0.47651219367980957,0.8591181039810181,-0.04308127611875534
228,LEFT_HEEL,0.4491826593875885,0.8526360392570496,0.2166796624660492
228,RIGHT_HEEL,0.4647037386894226,0.8760766983032227,-0.041145388036966324
228,LEFT_FOOT_INDEX,0.48631882667541504,0.8753120303153992,0.17736363410949707
228,RIGHT_FOOT_INDEX,0.5178199410438538,0.8975985646247864,-0.0980171263217926
229,NOSE,0.622543215751648,0.42651844024658203,0.33183926343917847
229,LEFT_EYE_INNER,0.6281015276908875,0.411461740732193,0.30942919850349426
229,LEFT_EYE,0.627041220664978,0.40587982535362244,0.30944204330444336
229,LEFT_EYE_OUTER,0.6243919134140015,0.40146604180336,0.3094012141227722
229,RIGHT_EYE_INNER,0.6313306093215942,0.4169195294380188,0.29033344984054565
229,RIGHT_EYE,0.6322499513626099,0.4166834354400635,0.29028892517089844
229,RIGHT_EYE_OUTER,0.633074939250946,0.41694244742393494,0.29026859998703003
229,LEFT_EAR,0.6147671341896057,0.3994239270687103,0.23120756447315216
229,RIGHT_EAR,0.625038743019104,0.4119637608528137,0.14130428433418274
229,MOUTH_LEFT,0.6089850068092346,0.42492714524269104,0.31063312292099
229,MOUTH_RIGHT,0.6121190786361694,0.42971330881118774,0.28295281529426575
229,LEFT_SHOULDER,0.5342509746551514,0.3982401490211487,0.22673435509204865
229,RIGHT_SHOULDER,0.5831919312477112,0.4463063180446625,0.009905360639095306
229,LEFT_ELBOW,0.5100803971290588,0.39045172929763794,0.366561621427536
229,RIGHT_ELBOW,0.5558067560195923,0.4500264525413513,-0.26449650526046753
229,LEFT_WRIST,0.5291004776954651,0.36984893679618835,0.491996705532074
229,RIGHT_WRIST,0.5280060768127441,0.41844063997268677,-0.5443025827407837
229,LEFT_PINKY,0.5237666964530945,0.36240947246551514,0.5207220911979675
229,RIGHT_PINKY,0.520340085029602,0.41389918327331543,-0.6028164625167847
229,LEFT_INDEX,0.5299973487854004,0.36931270360946655,0.49957722425460815
229,RIGHT_INDEX,0.518913745880127,0.41024771332740784,-0.5868682265281677
229,LEFT_THUMB,0.5358280539512634,0.36811426281929016,0.4876697063446045
229,RIGHT_THUMB,0.5184763669967651,0.4115872383117676,-0.5445839166641235
229,LEFT_HIP,0.42452168464660645,0.563081681728363,0.09737135469913483
229,RIGHT_HIP,0.47316789627075195,0.5778671503067017,-0.09741304814815521
229,LEFT_KNEE,0.45098280906677246,0.7040208578109741,0.13856135308742523
229,RIGHT_KNEE,0.484823614358902,0.720008373260498,-0.04651636257767677
229,LEFT_ANKLE,0.4557369351387024,0.82994544506073,0.1870182752609253
229,RIGHT_ANKLE,0.4780126214027405,0.8591817617416382,-0.042965199798345566
229,LEFT_HEEL,0.45023974776268005,0.8527542948722839,0.18986716866493225
229,RIGHT_HEEL,0.4680686891078949,0.875038743019104,-0.0425788052380085
229,LEFT_FOOT_INDEX,0.4816828668117523,0.8753390312194824,0.13634654879570007
229,RIGHT_FOOT_INDEX,0.5181868672370911,0.8964275121688843,-0.11126649379730225
230,NOSE,0.6215085387229919,0.4198555052280426,0.40590977668762207
230,LEFT_EYE_INNER,0.6269474625587463,0.40675774216651917,0.383146196603775
230,LEFT_EYE,0.6256334185600281,0.4015253484249115,0.38318660855293274
230,LEFT_EYE_OUTER,0.6231076121330261,0.3973803222179413,0.3831377327442169
230,RIGHT_EYE_INNER,0.6311491131782532,0.4155542254447937,0.36893904209136963
230,RIGHT_EYE,0.6317297220230103,0.41657933592796326,0.3689029812812805
230,RIGHT_EYE_OUTER,0.6324344277381897,0.41611218452453613,0.3689139485359192
230,LEFT_EAR,0.6142677068710327,0.3955855071544647,0.2930644154548645
230,RIGHT_EAR,0.6246877908706665,0.4107239246368408,0.2254919558763504
230,MOUTH_LEFT,0.6087421178817749,0.4191410541534424,0.3796223998069763
230,MOUTH_RIGHT,0.6116833090782166,0.4274645447731018,0.35872936248779297
230,LEFT_SHOULDER,0.5369672775268555,0.3948664367198944,0.26563307642936707
230,RIGHT_SHOULDER,0.5850580334663391,0.445620059967041,0.09923233091831207
230,LEFT_ELBOW,0.5298725366592407,0.4009639620780945,0.34530025720596313
230,RIGHT_ELBOW,0.5574802160263062,0.42505913972854614,-0.1796606481075287
230,LEFT_WRIST,0.5513431429862976,0.38937878608703613,0.3972408175468445
230,RIGHT_WRIST,0.526569664478302,0.3898273706436157,-0.46367472410202026
230,LEFT_PINKY,0.550258219242096,0.3816694915294647,0.41596126556396484
230,RIGHT_PINKY,0.5194162130355835,0.38396865129470825,-0.5112113952636719
230,LEFT_INDEX,0.5554351210594177,0.3845933973789215,0.40129318833351135
230,RIGHT_INDEX,0.5169315934181213,0.38080745935440063,-0.49680742621421814
230,LEFT_THUMB,0.5589507818222046,0.3892422318458557,0.39386940002441406
230,RIGHT_THUMB,0.5154131054878235,0.3828449249267578,-0.46370774507522583
230,LEFT_HIP,0.4240548014640808,0.5594524145126343,0.08476193994283676
230,RIGHT_HIP,0.4732360243797302,0.5757483243942261,-0.08491365611553192
230,LEFT_KNEE,0.45062193274497986,0.7030121088027954,0.16469410061836243
230,RIGHT_KNEE,0.48454052209854126,0.7189890742301941,-0.02780255675315857
230,LEFT_ANKLE,0.45501357316970825,0.8300485610961914,0.11710552126169205
230,RIGHT_ANKLE,0.4787394106388092,0.8592228889465332,-0.10702334344387054
230,LEFT_HEEL,0.4512843191623688,0.8534515500068665,0.1080823540687561
230,RIGHT_HEEL,0.4705875515937805,0.8748205900192261,-0.11899560689926147
230,LEFT_FOOT_INDEX,0.48122745752334595,0.8800719380378723,0.04840961843729019
230,RIGHT_FOOT_INDEX,0.5156601667404175,0.8968440294265747,-0.1960233747959137
231,NOSE,0.6164218187332153,0.41151347756385803,0.4113859236240387
231,LEFT_EYE_INNER,0.6222379803657532,0.39992815256118774,0.39213767647743225
231,LEFT_EYE,0.6207754015922546,0.3957987129688263,0.39221855998039246
231,LEFT_EYE_OUTER,0.618545651435852,0.3923070728778839,0.3921406865119934
231,RIGHT_EYE_INNER,0.6278039216995239,0.40946531295776367,0.3744845390319824
231,RIGHT_EYE,0.6292649507522583,0.4117666184902191,0.37441232800483704
231,RIGHT_EYE_OUTER,0.6308059692382812,0.41319960355758667,0.37440431118011475
231,LEFT_EAR,0.6113766431808472,0.3903041183948517,0.31710177659988403
231,RIGHT_EAR,0.6240063905715942,0.41007786989212036,0.23283176124095917
231,MOUTH_LEFT,0.6050616502761841,0.41221553087234497,0.39007604122161865
231,MOUTH_RIGHT,0.609052300453186,0.4217549264431,0.3639495372772217
231,LEFT_SHOULDER,0.5357678532600403,0.39008820056915283,0.3142879009246826
231,RIGHT_SHOULDER,0.5844898819923401,0.4454020857810974,0.09051745384931564
231,LEFT_ELBOW,0.5290696620941162,0.3973326086997986,0.5208684206008911
231,RIGHT_ELBOW,0.5476670861244202,0.4319961667060852,-0.2065015286207199
231,LEFT_WRIST,0.5521931648254395,0.38595786690711975,0.7476844787597656
231,RIGHT_WRIST,0.5211974382400513,0.40505510568618774,-0.529800295829773
231,LEFT_PINKY,0.5506192445755005,0.3762827515602112,0.799026370048523
231,RIGHT_PINKY,0.5143717527389526,0.40068960189819336,-0.5847010612487793
231,LEFT_INDEX,0.5583218336105347,0.37853866815567017,0.7801014184951782
231,RIGHT_INDEX,0.5131128430366516,0.39529532194137573,-0.568572461605072
231,LEFT_THUMB,0.5627540349960327,0.384730726480484,0.7473868131637573
231,RIGHT_THUMB,0.5118783712387085,0.3968144655227661,-0.5306458473205566
231,LEFT_HIP,0.4241292476654053,0.5557381510734558,0.08987898379564285
231,RIGHT_HIP,0.47340139746665955,0.5743669271469116,-0.08997650444507599
231,LEFT_KNEE,0.44910725951194763,0.7023210525512695,0.16104833781719208
231,RIGHT_KNEE,0.4840112328529358,0.7189281582832336,-0.03921177610754967
231,LEFT_ANKLE,0.4518924653530121,0.8309971690177917,0.11037901788949966
231,RIGHT_ANKLE,0.4797905385494232,0.8593311309814453,-0.10609332472085953
231,LEFT_HEEL,0.45122772455215454,0.8519115447998047,0.10384546220302582
231,RIGHT_HEEL,0.47179046273231506,0.8744609951972961,-0.11490766704082489
231,LEFT_FOOT_INDEX,0.46633511781692505,0.8682442903518677,0.04558442533016205
231,RIGHT_FOOT_INDEX,0.5140315294265747,0.8972870111465454,-0.18578186631202698
232,NOSE,0.6164730787277222,0.40553775429725647,0.35006603598594666
232,LEFT_EYE_INNER,0.6222285032272339,0.39448094367980957,0.3267877399921417
232,LEFT_EYE,0.6207314729690552,0.39096206426620483,0.3268933892250061
232,LEFT_EYE_OUTER,0.6185247898101807,0.3876529335975647,0.32698625326156616
232,RIGHT_EYE_INNER,0.6277694702148438,0.40321651101112366,0.3057207465171814
232,RIGHT_EYE,0.6292064189910889,0.4055958688259125,0.3056679368019104
232,RIGHT_EYE_OUTER,0.6307029128074646,0.4077567160129547,0.305658757686615
232,LEFT_EAR,0.6113187074661255,0.38473817706108093,0.2538887858390808
232,RIGHT_EAR,0.6241593956947327,0.4081113338470459,0.15812033414840698
232,MOUTH_LEFT,0.6051509976387024,0.4060751795768738,0.32770833373069763
232,MOUTH_RIGHT,0.6093188524246216,0.4154600203037262,0.2973989248275757
232,LEFT_SHOULDER,0.5372641682624817,0.38935643434524536,0.2547757923603058
232,RIGHT_SHOULDER,0.583861231803894,0.44563788175582886,0.036244217306375504
232,LEFT_ELBOW,0.5296496152877808,0.3678876459598541,0.4228552281856537
232,RIGHT_ELBOW,0.5480760335922241,0.45737242698669434,-0.2925729751586914
232,LEFT_WRIST,0.5298342704772949,0.3218376636505127,0.620702862739563
232,RIGHT_WRIST,0.5244795083999634,0.40811729431152344,-0.629670262336731
232,LEFT_PINKY,0.5117448568344116,0.2822243571281433,0.6583927273750305
232,RIGHT_PINKY,0.5175379514694214,0.4159744381904602,-0.6908471584320068
232,LEFT_INDEX,0.5211734771728516,0.2887226939201355,0.6433239579200745
232,RIGHT_INDEX,0.5170554518699646,0.4115961492061615,-0.6764506101608276
232,LEFT_THUMB,0.531059741973877,0.306706041097641,0.6199371814727783
232,RIGHT_THUMB,0.5182833671569824,0.41233739256858826,-0.6322081089019775
232,LEFT_HIP,0.4243684411048889,0.5560052394866943,0.0984092429280281
232,RIGHT_HIP,0.4733988642692566,0.5743531584739685,-0.09854587912559509
232,LEFT_KNEE,0.44927096366882324,0.7024002075195312,0.12177674472332001
232,RIGHT_KNEE,0.4840274453163147,0.7192512154579163,-0.05021076649427414
232,LEFT_ANKLE,0.45202428102493286,0.8316159248352051,0.14803308248519897
232,RIGHT_ANKLE,0.48031726479530334,0.8594291806221008,-0.018729904666543007
232,LEFT_HEEL,0.45123353600502014,0.8525094985961914,0.15363368391990662
232,RIGHT_HEEL,0.4713675081729889,0.8746153116226196,-0.014004252851009369
232,LEFT_FOOT_INDEX,0.4665929675102234,0.863132655620575,0.07199875265359879
232,RIGHT_FOOT_INDEX,0.5179262161254883,0.8976338505744934,-0.08692608028650284
233,NOSE,0.608126699924469,0.40076884627342224,0.2916242480278015
233,LEFT_EYE_INNER,0.6149454712867737,0.3896777629852295,0.2686588168144226
233,LEFT_EYE,0.6135348081588745,0.38695400953292847,0.2686239182949066
233,LEFT_EYE_OUTER,0.6117398142814636,0.3842693865299225,0.26862192153930664
233,RIGHT_EYE_INNER,0.620082437992096,0.39692240953445435,0.2547265887260437
233,RIGHT_EYE,0.6216321587562561,0.3990309238433838,0.25456565618515015
233,RIGHT_EYE_OUTER,0.6232262849807739,0.4011576175689697,0.2545059323310852
233,LEFT_EAR,0.6067487597465515,0.38294559717178345,0.19851286709308624
233,RIGHT_EAR,0.6199026107788086,0.40415969491004944,0.13253822922706604
233,MOUTH_LEFT,0.5971267223358154,0.40248245000839233,0.27330443263053894
233,MOUTH_RIGHT,0.6021402478218079,0.410716712474823,0.2527438998222351
233,LEFT_SHOULDER,0.5362366437911987,0.3894023597240448,0.2013363540172577
233,RIGHT_SHOULDER,0.5821934938430786,0.4455253481864929,0.015444241464138031
233,LEFT_ELBOW,0.5255823731422424,0.3563660979270935,0.3166506886482239
233,RIGHT_ELBOW,0.5525485873222351,0.4571611285209656,-0.2405581921339035
233,LEFT_WRIST,0.49778375029563904,0.2846561074256897,0.4131236970424652
233,RIGHT_WRIST,0.5326589345932007,0.40593022108078003,-0.47583359479904175
233,LEFT_PINKY,0.49477648735046387,0.25816506147384644,0.43302494287490845
233,RIGHT_PINKY,0.5259934067726135,0.3991624712944031,-0.5272787809371948
233,LEFT_INDEX,0.5022622346878052,0.25685185194015503,0.4175935685634613
233,RIGHT_INDEX,0.5265620946884155,0.3884426951408386,-0.5048327445983887
233,LEFT_THUMB,0.5037582516670227,0.26720887422561646,0.4103011190891266
233,RIGHT_THUMB,0.5281509160995483,0.3909105658531189,-0.4734669327735901
233,LEFT_HIP,0.4230358600616455,0.5569693446159363,0.09759676456451416
233,RIGHT_HIP,0.4725547432899475,0.5745506882667542,-0.0978158712387085
233,LEFT_KNEE,0.44792652130126953,0.702460527420044,0.12704208493232727
233,RIGHT_KNEE,0.4839739203453064,0.719118595123291,-0.04504750669002533
233,LEFT_ANKLE,0.45166271924972534,0.8301811218261719,0.21225497126579285
233,RIGHT_ANKLE,0.4818989336490631,0.8589235544204712,0.020771048963069916
233,LEFT_HEEL,0.45040908455848694,0.8529797792434692,0.22082605957984924
233,RIGHT_HEEL,0.47354188561439514,0.8739926218986511,0.028185700997710228
233,LEFT_FOOT_INDEX,0.4597224295139313,0.8630433082580566,0.15987113118171692
233,RIGHT_FOOT_INDEX,0.5186084508895874,0.897697925567627,-0.04145541042089462
234,NOSE,0.5989306569099426,0.38988763093948364,-0.07257281243801117
234,LEFT_EYE_INNER,0.6100594997406006,0.3871474862098694,-0.05808375030755997
234,LEFT_EYE,0.6103700399398804,0.38739755749702454,-0.0582168810069561
234,LEFT_EYE_OUTER,0.6103472113609314,0.38496994972229004,-0.05828068405389786
234,RIGHT_EYE_INNER,0.6099103689193726,0.3842124938964844,-0.046769868582487106
234,RIGHT_EYE,0.609941303730011,0.38333800435066223,-0.04684893414378166
234,RIGHT_EYE_OUTER,0.609851062297821,0.38264453411102295,-0.04689592868089676
234,LEFT_EAR,0.6068049669265747,0.39200359582901,0.013554212637245655
234,RIGHT_EAR,0.6064534187316895,0.3902566432952881,0.06600084155797958
234,MOUTH_LEFT,0.5910607576370239,0.40027469396591187,-0.04651481658220291
234,MOUTH_RIGHT,0.590832531452179,0.3957112431526184,-0.03228837996721268
234,LEFT_SHOULDER,0.5590635538101196,0.4311648905277252,-0.020561248064041138
234,RIGHT_SHOULDER,0.5425896644592285,0.41573086380958557,0.10747162997722626
234,LEFT_ELBOW,0.5324541330337524,0.38196897506713867,-0.13985395431518555
234,RIGHT_ELBOW,0.518653929233551,0.36127012968063354,0.15232649445533752
234,LEFT_WRIST,0.502479076385498,0.28781983256340027,-0.25155743956565857
234,RIGHT_WRIST,0.5058846473693848,0.27817368507385254,0.13850735127925873
234,LEFT_PINKY,0.49880725145339966,0.2592812180519104,-0.2956404387950897
234,RIGHT_PINKY,0.5068129301071167,0.2529752552509308,0.11814292520284653
234,LEFT_INDEX,0.5052093267440796,0.25734221935272217,-0.2945897579193115
234,RIGHT_INDEX,0.5100097060203552,0.24938642978668213,0.09761221706867218
234,LEFT_THUMB,0.5060204267501831,0.2650616765022278,-0.2550729811191559
234,RIGHT_THUMB,0.5108891725540161,0.2569901943206787,0.12536905705928802
234,LEFT_HIP,0.4495999217033386,0.5670812726020813,0.02932571806013584
234,RIGHT_HIP,0.4449242949485779,0.5727874636650085,-0.029408294707536697
234,LEFT_KNEE,0.4619843363761902,0.7083155512809753,-0.002262303838506341
234,RIGHT_KNEE,0.46877989172935486,0.7186037302017212,-0.04997634142637253
234,LEFT_ANKLE,0.47156769037246704,0.8514668345451355,0.08768059313297272
234,RIGHT_ANKLE,0.4716794490814209,0.8533961176872253,0.03985747694969177
234,LEFT_HEEL,0.46861639618873596,0.8635961413383484,0.09155929088592529
234,RIGHT_HEEL,0.46757787466049194,0.8720136880874634,0.043159425258636475
234,LEFT_FOOT_INDEX,0.5140963792800903,0.888781726360321,-0.023390881717205048
234,RIGHT_FOOT_INDEX,0.4936428964138031,0.8974116444587708,-0.0714583694934845
235,NOSE,0.591316819190979,0.3824923038482666,0.08439993858337402
235,LEFT_EYE_INNER,0.6028788685798645,0.38026148080825806,0.07574274390935898
235,LEFT_EYE,0.6031362414360046,0.38114628195762634,0.07567698508501053
235,LEFT_EYE_OUTER,0.6032606363296509,0.38111117482185364,0.07569528371095657
235,RIGHT_EYE_INNER,0.6040493249893188,0.37905052304267883,0.08446070551872253
235,RIGHT_EYE,0.6049270033836365,0.3793293833732605,0.08435077965259552
235,RIGHT_EYE_OUTER,0.6055821776390076,0.37979501485824585,0.0842515230178833
235,LEFT_EAR,0.6037651896476746,0.3919535279273987,0.05078815668821335
235,RIGHT_EAR,0.604117751121521,0.38967615365982056,0.0764637142419815
235,MOUTH_LEFT,0.584237813949585,0.39417457580566406,0.07758340984582901
235,MOUTH_RIGHT,0.5855218172073364,0.3923293948173523,0.08834902942180634
235,LEFT_SHOULDER,0.559910237789154,0.4331340789794922,0.011141333729028702
235,RIGHT_SHOULDER,0.5512293577194214,0.42218512296676636,0.07886054366827011
235,LEFT_ELBOW,0.5351730585098267,0.3850213289260864,-0.15718771517276764
235,RIGHT_ELBOW,0.5208763480186462,0.3628537058830261,0.046552710235118866
235,LEFT_WRIST,0.5087435245513916,0.29395073652267456,-0.3665107488632202
235,RIGHT_WRIST,0.503806471824646,0.2637109160423279,-0.039952196180820465
235,LEFT_PINKY,0.5165805220603943,0.29332417249679565,-0.4106176793575287
235,RIGHT_PINKY,0.5025755167007446,0.24080944061279297,-0.0738791674375534
235,LEFT_INDEX,0.5125558972358704,0.2689083218574524,-0.41833099722862244
235,RIGHT_INDEX,0.506449282169342,0.23774871230125427,-0.08440449088811874
235,LEFT_THUMB,0.5151310563087463,0.2828022837638855,-0.37590691447257996
235,RIGHT_THUMB,0.5079227685928345,0.24559926986694336,-0.05005553364753723
235,LEFT_HIP,0.4447699189186096,0.5678529143333435,0.04269099608063698
235,RIGHT_HIP,0.4461973309516907,0.5718486905097961,-0.042929284274578094
235,LEFT_KNEE,0.4627496302127838,0.7094945311546326,0.024380002170801163
235,RIGHT_KNEE,0.46638545393943787,0.7182655334472656,-0.050501901656389236
235,LEFT_ANKLE,0.47033724188804626,0.8555172085762024,0.08424117416143417
235,RIGHT_ANKLE,0.47078198194503784,0.851951003074646,-0.0033620272297412157
235,LEFT_HEEL,0.46517640352249146,0.87370765209198,0.08512524515390396
235,RIGHT_HEEL,0.4670945107936859,0.8713394403457642,-0.0036642751656472683
235,LEFT_FOOT_INDEX,0.5059736967086792,0.8944703340530396,-0.019525526091456413
235,RIGHT_FOOT_INDEX,0.4954775273799896,0.8968768119812012,-0.0956365317106247
236,NOSE,0.5954439043998718,0.38536307215690613,0.13960912823677063
236,LEFT_EYE_INNER,0.6038095951080322,0.3782573640346527,0.12766188383102417
236,LEFT_EYE,0.6030986309051514,0.37753552198410034,0.1278207004070282
236,LEFT_EYE_OUTER,0.6022323369979858,0.3765856921672821,0.12769678235054016
236,RIGHT_EYE_INNER,0.6067851781845093,0.3814743459224701,0.12300007045269012
236,RIGHT_EYE,0.6078837513923645,0.3827134966850281,0.12310510873794556
236,RIGHT_EYE_OUTER,0.6087589859962463,0.3840125501155853,0.12328848987817764
236,LEFT_EAR,0.601029098033905,0.3842596411705017,0.09535270184278488
236,RIGHT_EAR,0.6060737371444702,0.3913392424583435,0.06125466898083687
236,MOUTH_LEFT,0.5869109630584717,0.39187103509902954,0.13086964190006256
236,MOUTH_RIGHT,0.5891783833503723,0.39584463834762573,0.12382632493972778
236,LEFT_SHOULDER,0.5411109924316406,0.4195811152458191,0.08929776400327682
236,RIGHT_SHOULDER,0.5626985430717468,0.4282371997833252,-0.023969953879714012
236,LEFT_ELBOW,0.517412006855011,0.3401319980621338,0.09649346023797989
236,RIGHT_ELBOW,0.5571642518043518,0.4086664617061615,-0.17981626093387604
236,LEFT_WRIST,0.5068454146385193,0.25913119316101074,0.04922773689031601
236,RIGHT_WRIST,0.5403186082839966,0.3230421245098114,-0.385390043258667
236,LEFT_PINKY,0.5046434998512268,0.24028444290161133,0.037839606404304504
236,RIGHT_PINKY,0.5350602865219116,0.3174622058868408,-0.4456121325492859
236,LEFT_INDEX,0.5081475973129272,0.2359502613544464,0.01241402979940176
236,RIGHT_INDEX,0.5368112921714783,0.31588250398635864,-0.43668994307518005
236,LEFT_THUMB,0.5101600289344788,0.24530725181102753,0.038152918219566345
236,RIGHT_THUMB,0.5384994149208069,0.3190913796424866,-0.3883844017982483
236,LEFT_HIP,0.4391934275627136,0.5676587820053101,0.07840728014707565
236,RIGHT_HIP,0.44867435097694397,0.5721645951271057,-0.07878271490335464
236,LEFT_KNEE,0.4610874056816101,0.7093507051467896,0.038009002804756165
236,RIGHT_KNEE,0.4691525101661682,0.7177536487579346,-0.052509479224681854
236,LEFT_ANKLE,0.46144336462020874,0.8529015779495239,0.11531446129083633
236,RIGHT_ANKLE,0.47837963700294495,0.852637767791748,-0.019250204786658287
236,LEFT_HEEL,0.4647347927093506,0.8697099685668945,0.11713062226772308
236,RIGHT_HEEL,0.47219300270080566,0.8715621829032898,-0.019324559718370438
236,LEFT_FOOT_INDEX,0.5024577975273132,0.887489914894104,0.011425326578319073
236,RIGHT_FOOT_INDEX,0.5125362277030945,0.8964279294013977,-0.10032273828983307
237,NOSE,0.5949413776397705,0.3865794539451599,0.1883636862039566
237,LEFT_EYE_INNER,0.602415144443512,0.3787456154823303,0.15078163146972656
237,LEFT_EYE,0.60155189037323,0.377768874168396,0.15083111822605133
237,LEFT_EYE_OUTER,0.6006402373313904,0.3768044114112854,0.1510578989982605
237,RIGHT_EYE_INNER,0.606101930141449,0.3824710249900818,0.1581563651561737
237,RIGHT_EYE,0.6075263619422913,0.3838289678096771,0.15805301070213318
237,RIGHT_EYE_OUTER,0.6088265180587769,0.38537198305130005,0.15797384083271027
237,LEFT_EAR,0.5995955467224121,0.3835034668445587,0.1001531109213829
237,RIGHT_EAR,0.6067087650299072,0.3923085331916809,0.07308162748813629
237,MOUTH_LEFT,0.5867831707000732,0.3932172656059265,0.14623253047466278
237,MOUTH_RIGHT,0.5897586941719055,0.39763644337654114,0.1461566984653473
237,LEFT_SHOULDER,0.5411236882209778,0.4154244065284729,0.07099653035402298
237,RIGHT_SHOULDER,0.566310703754425,0.4291647970676422,-0.008113352581858635
237,LEFT_ELBOW,0.5149569511413574,0.33938953280448914,0.06353544443845749
237,RIGHT_ELBOW,0.5535473227500916,0.37771302461624146,0.031603969633579254
237,LEFT_WRIST,0.5088663697242737,0.25693097710609436,-0.02570079267024994
237,RIGHT_WRIST,0.5261939764022827,0.2785821855068207,0.09142087399959564
237,LEFT_PINKY,0.5051288604736328,0.23654524981975555,-0.04585319012403488
237,RIGHT_PINKY,0.5210645794868469,0.2534465789794922,0.06997648626565933
237,LEFT_INDEX,0.510296106338501,0.23564966022968292,-0.0704379752278328
237,RIGHT_INDEX,0.5227732062339783,0.24638383090496063,0.06186485290527344
237,LEFT_THUMB,0.5122830271720886,0.24468472599983215,-0.038953058421611786
237,RIGHT_THUMB,0.5234860181808472,0.2562847435474396,0.08759263157844543
237,LEFT_HIP,0.43588748574256897,0.567219614982605,0.07227425277233124
237,RIGHT_HIP,0.44885826110839844,0.5725637674331665,-0.0725809708237648
237,LEFT_KNEE,0.45803436636924744,0.709265410900116,0.05134888365864754
237,RIGHT_KNEE,0.47102028131484985,0.7173171639442444,-0.05012241750955582
237,LEFT_ANKLE,0.45480480790138245,0.850719153881073,0.10195206105709076
237,RIGHT_ANKLE,0.4790634512901306,0.8509324789047241,-0.01904132589697838
237,LEFT_HEEL,0.4637904167175293,0.8689410090446472,0.10414035618305206
237,RIGHT_HEEL,0.47239232063293457,0.8716074824333191,-0.019612185657024384
237,LEFT_FOOT_INDEX,0.49687647819519043,0.887311577796936,0.02026725746691227
237,RIGHT_FOOT_INDEX,0.5123618841171265,0.8909470438957214,-0.10812864452600479
238,NOSE,0.5929701328277588,0.3820410966873169,0.12493963539600372
238,LEFT_EYE_INNER,0.6004767417907715,0.375380277633667,0.09681721031665802
238,LEFT_EYE,0.5997558832168579,0.37477487325668335,0.09676233679056168
238,LEFT_EYE_OUTER,0.5990471243858337,0.37433844804763794,0.09683429449796677
238,RIGHT_EYE_INNER,0.6036021113395691,0.3776457607746124,0.10484687983989716
238,RIGHT_EYE,0.6049144268035889,0.37853050231933594,0.10472899675369263
238,RIGHT_EYE_OUTER,0.6062354445457458,0.37987595796585083,0.10461036115884781
238,LEFT_EAR,0.5987607836723328,0.3814238905906677,0.004134442191570997
238,RIGHT_EAR,0.6056998372077942,0.38953930139541626,0.03676969185471535
238,MOUTH_LEFT,0.5860573649406433,0.39020413160324097,0.0954866111278534
238,MOUTH_RIGHT,0.5888971090316772,0.3933124840259552,0.10437313467264175
238,LEFT_SHOULDER,0.5413638949394226,0.4129943251609802,-0.02754128910601139
238,RIGHT_SHOULDER,0.571208655834198,0.43633121252059937,-0.003889771644026041
238,LEFT_ELBOW,0.5165918469429016,0.3381655812263489,-0.037739936262369156
238,RIGHT_ELBOW,0.5527483820915222,0.3666684627532959,0.09370892494916916
238,LEFT_WRIST,0.510760486125946,0.2559967339038849,-0.08261092752218246
238,RIGHT_WRIST,0.5253985524177551,0.28635770082473755,0.1935557723045349
238,LEFT_PINKY,0.5072457194328308,0.23230412602424622,-0.09990093111991882
238,RIGHT_PINKY,0.5202054977416992,0.2613881230354309,0.18732431530952454
238,LEFT_INDEX,0.5124650597572327,0.2315252721309662,-0.11825674772262573
238,RIGHT_INDEX,0.5223937630653381,0.24954397976398468,0.17237061262130737
238,LEFT_THUMB,0.5143588781356812,0.24149687588214874,-0.09109713137149811
238,RIGHT_THUMB,0.5225826501846313,0.2641252279281616,0.18818950653076172
238,LEFT_HIP,0.43568629026412964,0.5667685866355896,0.05097457766532898
238,RIGHT_HIP,0.4522620141506195,0.5726240873336792,-0.051261644810438156
238,LEFT_KNEE,0.4574083685874939,0.7083234786987305,0.04314253106713295
238,RIGHT_KNEE,0.4721176028251648,0.7168421745300293,-0.024874038994312286
238,LEFT_ANKLE,0.45385369658470154,0.8501380681991577,0.08668015897274017
238,RIGHT_ANKLE,0.4792342185974121,0.8513878583908081,0.011664767749607563
238,LEFT_HEEL,0.45766955614089966,0.8677576780319214,0.08930835127830505
238,RIGHT_HEEL,0.4731270670890808,0.871873676776886,0.01148768700659275
238,LEFT_FOOT_INDEX,0.4946563243865967,0.8869961500167847,0.012096389196813107
238,RIGHT_FOOT_INDEX,0.514401912689209,0.8917338252067566,-0.07529256492853165
239,NOSE,0.5939785838127136,0.3826097249984741,0.15677107870578766
239,LEFT_EYE_INNER,0.6007048487663269,0.3747682571411133,0.13761349022388458
239,LEFT_EYE,0.599722683429718,0.37355828285217285,0.13758352398872375
239,LEFT_EYE_OUTER,0.5985904932022095,0.37239110469818115,0.1376185119152069
239,RIGHT_EYE_INNER,0.6044915914535522,0.37829169631004333,0.11610090732574463
239,RIGHT_EYE,0.6059438586235046,0.3793398141860962,0.1159195527434349
239,RIGHT_EYE_OUTER,0.6073009371757507,0.3806580603122711,0.11556084454059601
239,LEFT_EAR,0.5979107618331909,0.378123015165329,0.028527939692139626
239,RIGHT_EAR,0.6062809824943542,0.38867682218551636,0.05763198807835579
239,MOUTH_LEFT,0.5866803526878357,0.3894611597061157,0.13881662487983704
239,MOUTH_RIGHT,0.5898798108100891,0.3936397135257721,0.13237491250038147
239,LEFT_SHOULDER,0.5360945463180542,0.4041939675807953,-0.006433621048927307
239,RIGHT_SHOULDER,0.5888867378234863,0.45375555753707886,0.026781415566802025
239,LEFT_ELBOW,0.5078851580619812,0.33326730132102966,0.023057224228978157
239,RIGHT_ELBOW,0.5983215570449829,0.45714622735977173,0.23391947150230408
239,LEFT_WRIST,0.5115665793418884,0.2510206401348114,0.059361714869737625
239,RIGHT_WRIST,0.5892616510391235,0.3953152000904083,0.5112046003341675
239,LEFT_PINKY,0.5087315440177917,0.23000068962574005,0.055725984275341034
239,RIGHT_PINKY,0.603566586971283,0.36570948362350464,0.5376477837562561
239,LEFT_INDEX,0.5139604210853577,0.22946138679981232,0.03830442577600479
239,RIGHT_INDEX,0.5990902781486511,0.3553987741470337,0.5262140035629272
239,LEFT_THUMB,0.5159114599227905,0.2379927635192871,0.05335099622607231
239,RIGHT_THUMB,0.5950865745544434,0.360805869102478,0.5133041143417358
239,LEFT_HIP,0.4313794672489166,0.5662485361099243,0.04304812476038933
239,RIGHT_HIP,0.45733824372291565,0.5729867815971375,-0.043618131428956985
239,LEFT_KNEE,0.4547231197357178,0.7069695591926575,0.04201507568359375
239,RIGHT_KNEE,0.47232359647750854,0.7165412306785583,0.0028215141501277685
239,LEFT_ANKLE,0.4535510540008545,0.8477820158004761,0.036833953112363815
239,RIGHT_ANKLE,0.4830407500267029,0.8517023324966431,0.006582812871783972
239,LEFT_HEEL,0.45759955048561096,0.8649280667304993,0.038849685341119766
239,RIGHT_HEEL,0.48491865396499634,0.8753744959831238,0.005819310434162617
239,LEFT_FOOT_INDEX,0.4824572503566742,0.8856981992721558,-0.01867126114666462
239,RIGHT_FOOT_INDEX,0.5122864246368408,0.8931854367256165,-0.06200222298502922
240,NOSE,0.5930463075637817,0.3826506733894348,0.16902616620063782
240,LEFT_EYE_INNER,0.5990627408027649,0.3740372955799103,0.14235259592533112
240,LEFT_EYE,0.5978819131851196,0.37250304222106934,0.14232130348682404
240,LEFT_EYE_OUTER,0.5966955423355103,0.3711937963962555,0.1423669159412384
240,RIGHT_EYE_INNER,0.6032272577285767,0.37800389528274536,0.13931706547737122
240,RIGHT_EYE,0.6048562526702881,0.37920206785202026,0.1391943395137787
240,RIGHT_EYE_OUTER,0.6062804460525513,0.38052308559417725,0.13903117179870605
240,LEFT_EAR,0.5965715050697327,0.3761640191078186,0.03382144123315811
240,RIGHT_EAR,0.6060124635696411,0.3877100944519043,0.058950114995241165
240,MOUTH_LEFT,0.5859655141830444,0.38888922333717346,0.1420091688632965
240,MOUTH_RIGHT,0.5898684859275818,0.3941228687763214,0.14382775127887726
240,LEFT_SHOULDER,0.5346020460128784,0.4025825560092926,0.0034768707118928432
240,RIGHT_SHOULDER,0.58583003282547,0.4453100562095642,0.023821059614419937
240,LEFT_ELBOW,0.4990764260292053,0.3360263705253601,0.05478023365139961
240,RIGHT_ELBOW,0.5800879001617432,0.39804863929748535,0.11914172023534775
240,LEFT_WRIST,0.5122013092041016,0.24985916912555695,0.07849355041980743
240,RIGHT_WRIST,0.565699577331543,0.2937934398651123,0.2354358732700348
240,LEFT_PINKY,0.5097105503082275,0.22742526233196259,0.07702972739934921
240,RIGHT_PINKY,0.5669646859169006,0.2875194251537323,0.23534837365150452
240,LEFT_INDEX,0.5147159695625305,0.2268306463956833,0.056967608630657196
240,RIGHT_INDEX,0.5696786046028137,0.26986879110336304,0.22684094309806824
240,LEFT_THUMB,0.5168715119361877,0.23650629818439484,0.0718950405716896
240,RIGHT_THUMB,0.5636988878250122,0.27233898639678955,0.23431634902954102
240,LEFT_HIP,0.4294012486934662,0.5653030872344971,0.03363896906375885
240,RIGHT_HIP,0.4639361798763275,0.5736891031265259,-0.034237705171108246
240,LEFT_KNEE,0.4496244788169861,0.7042005658149719,0.05454664304852486
240,RIGHT_KNEE,0.47254547476768494,0.7160868644714355,0.031627852469682693
240,LEFT_ANKLE,0.4406258463859558,0.8389781713485718,0.04551994055509567
240,RIGHT_ANKLE,0.4867691099643707,0.8519402742385864,0.020206259563565254
240,LEFT_HEEL,0.45634135603904724,0.8547075986862183,0.045682393014431
240,RIGHT_HEEL,0.48759204149246216,0.8736518025398254,0.018833547830581665
240,LEFT_FOOT_INDEX,0.4550437927246094,0.885382354259491,-0.007717640604823828
240,RIGHT_FOOT_INDEX,0.507992148399353,0.891291618347168,-0.036688629537820816
241,NOSE,0.5931685566902161,0.3834790587425232,0.21965663135051727
241,LEFT_EYE_INNER,0.5998872518539429,0.37454354763031006,0.18238823115825653
241,LEFT_EYE,0.5986887216567993,0.3728609085083008,0.1823417842388153
241,LEFT_EYE_OUTER,0.5975313186645508,0.3713871240615845,0.18238919973373413
241,RIGHT_EYE_INNER,0.6041473150253296,0.3786981999874115,0.18454119563102722
241,RIGHT_EYE,0.6057730913162231,0.37973400950431824,0.18447430431842804
241,RIGHT_EYE_OUTER,0.607170581817627,0.38102132081985474,0.1843957155942917
241,LEFT_EAR,0.5970565676689148,0.3744864761829376,0.060381222516298294
241,RIGHT_EAR,0.6062012910842896,0.38761308789253235,0.06386905908584595
241,MOUTH_LEFT,0.5867118835449219,0.3886262774467468,0.182614266872406
241,MOUTH_RIGHT,0.5908406376838684,0.39401015639305115,0.18564888834953308
241,LEFT_SHOULDER,0.5325012803077698,0.3917059302330017,0.012068474665284157
241,RIGHT_SHOULDER,0.592979371547699,0.4468228816986084,0.03281465545296669
241,LEFT_ELBOW,0.5009083151817322,0.3265322744846344,0.05786723643541336
241,RIGHT_ELBOW,0.5997803807258606,0.41925540566444397,0.13567733764648438
241,LEFT_WRIST,0.5138222575187683,0.24767577648162842,0.09034297615289688
241,RIGHT_WRIST,0.5832542777061462,0.29729723930358887,0.2895337641239166
241,LEFT_PINKY,0.5134878754615784,0.22505328059196472,0.08855269849300385
241,RIGHT_PINKY,0.5830162763595581,0.3019803762435913,0.2956770062446594
241,LEFT_INDEX,0.5185073018074036,0.2260427176952362,0.07123680412769318
241,RIGHT_INDEX,0.5775159597396851,0.28737738728523254,0.2876444458961487
241,LEFT_THUMB,0.5191028714179993,0.2347927987575531,0.08471888303756714
241,RIGHT_THUMB,0.5747193098068237,0.2885133624076843,0.2899963855743408
241,LEFT_HIP,0.4294129014015198,0.5625926852226257,0.031307853758335114
241,RIGHT_HIP,0.4676631987094879,0.5737309455871582,-0.031866781413555145
241,LEFT_KNEE,0.4492756426334381,0.7042079567909241,0.04880016669631004
241,RIGHT_KNEE,0.47396308183670044,0.7160939574241638,0.024851318448781967
241,LEFT_ANKLE,0.4413985311985016,0.8387274742126465,0.04154100641608238
241,RIGHT_ANKLE,0.48772650957107544,0.8520873188972473,0.026794975623488426
241,LEFT_HEEL,0.45623698830604553,0.852739155292511,0.043196357786655426
241,RIGHT_HEEL,0.4964529871940613,0.8736957311630249,0.02703801356256008
241,LEFT_FOOT_INDEX,0.455777645111084,0.8856526613235474,-0.0022980626672506332
241,RIGHT_FOOT_INDEX,0.5070214867591858,0.8917281031608582,-0.02186780981719494
242,NOSE,0.5940119028091431,0.38291531801223755,0.2274857461452484
242,LEFT_EYE_INNER,0.6001740097999573,0.37387707829475403,0.18825320899486542
242,LEFT_EYE,0.5990029573440552,0.3721444606781006,0.18819579482078552
242,LEFT_EYE_OUTER,0.5977784991264343,0.3706020712852478,0.18823234736919403
242,RIGHT_EYE_INNER,0.6040888428688049,0.3778563141822815,0.19357052445411682
242,RIGHT_EYE,0.6054595112800598,0.37858444452285767,0.19352738559246063
242,RIGHT_EYE_OUTER,0.6066079139709473,0.37954002618789673,0.19347354769706726
242,LEFT_EAR,0.5966152548789978,0.37262627482414246,0.05981651693582535
242,RIGHT_EAR,0.6058087348937988,0.3846603333950043,0.07285565882921219
242,MOUTH_LEFT,0.5871585607528687,0.3871540427207947,0.18911857903003693
242,MOUTH_RIGHT,0.5911949276924133,0.39205941557884216,0.19501222670078278
242,LEFT_SHOULDER,0.5314032435417175,0.38480979204177856,-0.017500292509794235
242,RIGHT_SHOULDER,0.5904718637466431,0.4410930275917053,0.050703518092632294
242,LEFT_ELBOW,0.49899595975875854,0.32000935077667236,0.01664995402097702
242,RIGHT_ELBOW,0.6279647350311279,0.44305405020713806,0.16133570671081543
242,LEFT_WRIST,0.5140944123268127,0.2462128847837448,0.08034085482358932
242,RIGHT_WRIST,0.5950164794921875,0.3878231346607208,0.32842206954956055
242,LEFT_PINKY,0.5140727162361145,0.22630877792835236,0.08185971528291702
242,RIGHT_PINKY,0.6019620895385742,0.35189521312713623,0.3435629606246948
242,LEFT_INDEX,0.5197908282279968,0.22804705798625946,0.07168576866388321
242,RIGHT_INDEX,0.5953678488731384,0.34217751026153564,0.3348008394241333
242,LEFT_THUMB,0.5197075605392456,0.2358287274837494,0.07891170680522919
242,RIGHT_THUMB,0.592310905456543,0.34644967317581177,0.329395055770874
242,LEFT_HIP,0.43094485998153687,0.5580889582633972,0.007503724191337824
242,RIGHT_HIP,0.4697747230529785,0.571425199508667,-0.008155563846230507
242,LEFT_KNEE,0.4483388364315033,0.7032057046890259,0.027560848742723465
242,RIGHT_KNEE,0.4741237759590149,0.7137017250061035,0.05287480354309082
242,LEFT_ANKLE,0.44334402680397034,0.837680995464325,-0.021770242601633072
242,RIGHT_ANKLE,0.48708048462867737,0.8505104780197144,0.02478862553834915
242,LEFT_HEEL,0.4555240273475647,0.8518165349960327,-0.022988591343164444
242,RIGHT_HEEL,0.49199992418289185,0.8687053918838501,0.023242561146616936
242,LEFT_FOOT_INDEX,0.4555891156196594,0.8861319422721863,-0.060928381979465485
242,RIGHT_FOOT_INDEX,0.49932336807250977,0.8934212923049927,-0.014602060429751873
243,NOSE,0.5943230986595154,0.38146477937698364,0.22434775531291962
243,LEFT_EYE_INNER,0.60028076171875,0.3723503649234772,0.17809049785137177
243,LEFT_EYE,0.5991581678390503,0.3707715570926666,0.17803876101970673
243,LEFT_EYE_OUTER,0.5979785919189453,0.36940327286720276,0.17809967696666718
243,RIGHT_EYE_INNER,0.604139506816864,0.3762322962284088,0.18499042093753815
243,RIGHT_EYE,0.6054354310035706,0.37696370482444763,0.18491597473621368
243,RIGHT_EYE_OUTER,0.6065212488174438,0.37795108556747437,0.1847916543483734
243,LEFT_EAR,0.5964048504829407,0.37155991792678833,0.057712338864803314
243,RIGHT_EAR,0.6054033637046814,0.38283583521842957,0.07001440227031708
243,MOUTH_LEFT,0.5872344374656677,0.38625746965408325,0.180331751704216
243,MOUTH_RIGHT,0.591224193572998,0.39105749130249023,0.18954184651374817
243,LEFT_SHOULDER,0.5315678119659424,0.38561466336250305,0.00787271000444889
243,RIGHT_SHOULDER,0.5902740359306335,0.441056489944458,0.0474669449031353
243,LEFT_ELBOW,0.5036404132843018,0.32424837350845337,0.04312422126531601
243,RIGHT_ELBOW,0.6043148040771484,0.4401164948940277,0.10391255468130112
243,LEFT_WRIST,0.5168374180793762,0.24875526130199432,0.1204596534371376
243,RIGHT_WRIST,0.5799471139907837,0.3570482134819031,0.22323831915855408
243,LEFT_PINKY,0.516063392162323,0.22929564118385315,0.12724152207374573
243,RIGHT_PINKY,0.5821054577827454,0.33385324478149414,0.22590236365795135
243,LEFT_INDEX,0.5238370299339294,0.23281387984752655,0.11487586796283722
243,RIGHT_INDEX,0.5766383409500122,0.32384926080703735,0.21737122535705566
243,LEFT_THUMB,0.5229803919792175,0.24060718715190887,0.11776832491159439
243,RIGHT_THUMB,0.5743972063064575,0.3297831118106842,0.2230391800403595
243,LEFT_HIP,0.4346908926963806,0.5577285289764404,0.024659423157572746
243,RIGHT_HIP,0.46611958742141724,0.5691340565681458,-0.025155309587717056
243,LEFT_KNEE,0.4501177668571472,0.7028154134750366,0.021059371531009674
243,RIGHT_KNEE,0.47313839197158813,0.711113691329956,0.03682747110724449
243,LEFT_ANKLE,0.45051923394203186,0.8366325497627258,0.01363848615437746
243,RIGHT_ANKLE,0.4841320514678955,0.8460201025009155,0.006396184209734201
243,LEFT_HEEL,0.4676778316497803,0.8518674969673157,0.014191964641213417
243,RIGHT_HEEL,0.4891809821128845,0.8638566136360168,0.004505677614361048
243,LEFT_FOOT_INDEX,0.4607184827327728,0.8857256770133972,-0.0357951745390892
243,RIGHT_FOOT_INDEX,0.49486392736434937,0.8918501734733582,-0.017050012946128845
244,NOSE,0.5915166139602661,0.372264564037323,0.1933475285768509
244,LEFT_EYE_INNER,0.5977386832237244,0.36504465341567993,0.14930227398872375
244,LEFT_EYE,0.5966988205909729,0.36402738094329834,0.1492597609758377
244,LEFT_EYE_OUTER,0.5955727696418762,0.36312904953956604,0.14925791323184967
244,RIGHT_EYE_INNER,0.6017348766326904,0.36791253089904785,0.17557378113269806
244,RIGHT_EYE,0.6031948328018188,0.3687365651130676,0.17553064227104187
244,RIGHT_EYE_OUTER,0.6044517755508423,0.36981043219566345,0.17550478875637054
244,LEFT_EAR,0.5948328971862793,0.36674821376800537,0.008498046547174454
244,RIGHT_EAR,0.6042665243148804,0.37663912773132324,0.10488531738519669
244,MOUTH_LEFT,0.5848042964935303,0.3778838813304901,0.1465253382921219
244,MOUTH_RIGHT,0.5892283320426941,0.38147789239883423,0.1821981966495514
244,LEFT_SHOULDER,0.5317656397819519,0.38637134432792664,-0.0830225721001625
244,RIGHT_SHOULDER,0.5876582264900208,0.43431344628334045,0.12252627313137054
244,LEFT_ELBOW,0.5000144839286804,0.3216403126716614,-0.0594620406627655
244,RIGHT_ELBOW,0.5893876552581787,0.42472442984580994,0.2974255681037903
244,LEFT_WRIST,0.5168943405151367,0.24794992804527283,0.04250093549489975
244,RIGHT_WRIST,0.5721880793571472,0.3409239649772644,0.47309941053390503
244,LEFT_PINKY,0.5171800851821899,0.23097185790538788,0.04399091750383377
244,RIGHT_PINKY,0.5745309591293335,0.32079988718032837,0.49821415543556213
244,LEFT_INDEX,0.5259701013565063,0.2353309690952301,0.037025511264801025
244,RIGHT_INDEX,0.5711477994918823,0.3137410283088684,0.48549920320510864
244,LEFT_THUMB,0.5247542858123779,0.24134497344493866,0.04446609690785408
244,RIGHT_THUMB,0.5684510469436646,0.32005390524864197,0.47156399488449097
244,LEFT_HIP,0.43466177582740784,0.5571063160896301,-0.0329350009560585
244,RIGHT_HIP,0.4666293263435364,0.567907452583313,0.032300353050231934
244,LEFT_KNEE,0.44870591163635254,0.7018964886665344,0.005503409076482058
244,RIGHT_KNEE,0.4738028943538666,0.7102136611938477,0.10036294162273407
244,LEFT_ANKLE,0.4464307725429535,0.8316400647163391,-0.06067921966314316
244,RIGHT_ANKLE,0.4887630343437195,0.8440521359443665,0.0599609799683094
244,LEFT_HEEL,0.4588833451271057,0.8447005152702332,-0.06280732154846191
244,RIGHT_HEEL,0.49563470482826233,0.8610810041427612,0.05883421376347542
244,LEFT_FOOT_INDEX,0.4605289101600647,0.8691791296005249,-0.10583208501338959
244,RIGHT_FOOT_INDEX,0.4965537190437317,0.8919024467468262,0.03105499967932701
245,NOSE,0.5903321504592896,0.36673349142074585,0.021002888679504395
245,LEFT_EYE_INNER,0.5979406833648682,0.36121681332588196,0.010118288919329643
245,LEFT_EYE,0.597297728061676,0.3614358901977539,0.01010836847126484
245,LEFT_EYE_OUTER,0.5960419178009033,0.36164146661758423,0.010096062906086445
245,RIGHT_EYE_INNER,0.599612832069397,0.36073434352874756,0.0393572561442852
245,RIGHT_EYE,0.6002334356307983,0.3606092631816864,0.03927009180188179
245,RIGHT_EYE_OUTER,0.6006344556808472,0.3606526553630829,0.039215102791786194
245,LEFT_EAR,0.595319390296936,0.3671152591705322,-0.02532241679728031
245,RIGHT_EAR,0.6003550887107849,0.36755800247192383,0.10159982740879059
245,MOUTH_LEFT,0.5845471620559692,0.37546366453170776,0.010117347352206707
245,MOUTH_RIGHT,0.5860240459442139,0.3749813437461853,0.0477922260761261
245,LEFT_SHOULDER,0.552268385887146,0.4004635214805603,-0.09739693254232407
245,RIGHT_SHOULDER,0.5659486651420593,0.4120994210243225,0.14887896180152893
245,LEFT_ELBOW,0.5185734629631042,0.3418233394622803,-0.18218982219696045
245,RIGHT_ELBOW,0.5154412388801575,0.33936941623687744,0.19829264283180237
245,LEFT_WRIST,0.5196946859359741,0.25190046429634094,-0.19916513562202454
245,RIGHT_WRIST,0.5257712602615356,0.25143834948539734,0.24045875668525696
245,LEFT_PINKY,0.5203028321266174,0.23567619919776917,-0.22806057333946228
245,RIGHT_PINKY,0.5311297178268433,0.2413431704044342,0.20979967713356018
245,LEFT_INDEX,0.5301642417907715,0.23782233893871307,-0.2209334671497345
245,RIGHT_INDEX,0.5398052930831909,0.24000832438468933,0.19391444325447083
245,LEFT_THUMB,0.5273653864860535,0.24509243667125702,-0.19744716584682465
245,RIGHT_THUMB,0.5374462604522705,0.24518141150474548,0.2133544683456421
245,LEFT_HIP,0.4532574713230133,0.5573393106460571,-0.045522306114435196
245,RIGHT_HIP,0.4534800052642822,0.5626205205917358,0.045290861278772354
245,LEFT_KNEE,0.45935988426208496,0.7023849487304688,-0.05623709037899971
245,RIGHT_KNEE,0.46793875098228455,0.7089641690254211,0.056588102132081985
245,LEFT_ANKLE,0.48739805817604065,0.8373740911483765,-0.011704441159963608
245,RIGHT_ANKLE,0.47880497574806213,0.8407444953918457,0.09112280607223511
245,LEFT_HEEL,0.4927828907966614,0.8531420826911926,-0.009895717725157738
245,RIGHT_HEEL,0.4853905141353607,0.8584354519844055,0.0944567397236824
245,LEFT_FOOT_INDEX,0.492177814245224,0.8940643072128296,-0.09631548821926117
245,RIGHT_FOOT_INDEX,0.48469486832618713,0.8795124888420105,0.011015103198587894
246,NOSE,0.590929388999939,0.3698580861091614,0.21034196019172668
246,LEFT_EYE_INNER,0.597428560256958,0.36254069209098816,0.17442627251148224
246,LEFT_EYE,0.5965086221694946,0.3617602586746216,0.1744123250246048
246,LEFT_EYE_OUTER,0.5951905250549316,0.3610471785068512,0.17442958056926727
246,RIGHT_EYE_INNER,0.6000179052352905,0.3643495440483093,0.1862494945526123
246,RIGHT_EYE,0.6008791923522949,0.3646974563598633,0.18619126081466675
246,RIGHT_EYE_OUTER,0.6015058159828186,0.3651767373085022,0.18614044785499573
246,LEFT_EAR,0.5932204127311707,0.36418095231056213,0.04805835708975792
246,RIGHT_EAR,0.6007737517356873,0.3709712028503418,0.11098595708608627
246,MOUTH_LEFT,0.5846728086471558,0.37656670808792114,0.17415310442447662
246,MOUTH_RIGHT,0.5866202116012573,0.3787812888622284,0.18815487623214722
246,LEFT_SHOULDER,0.5390973091125488,0.38161343336105347,-0.01799781620502472
246,RIGHT_SHOULDER,0.5678785443305969,0.41795259714126587,0.10148880630731583
246,LEFT_ELBOW,0.5057221055030823,0.31933292746543884,0.08408290147781372
246,RIGHT_ELBOW,0.5609834790229797,0.3883063495159149,0.2197888344526291
246,LEFT_WRIST,0.5216122269630432,0.2480747252702713,0.21885807812213898
246,RIGHT_WRIST,0.564826488494873,0.2832266092300415,0.4101196825504303
246,LEFT_PINKY,0.5229547619819641,0.23326559364795685,0.2348591834306717
246,RIGHT_PINKY,0.569488525390625,0.2657475173473358,0.4303463399410248
246,LEFT_INDEX,0.5320132970809937,0.23757126927375793,0.22424229979515076
246,RIGHT_INDEX,0.5688201189041138,0.25420835614204407,0.4245825409889221
246,LEFT_THUMB,0.5303521752357483,0.24288728833198547,0.21976463496685028
246,RIGHT_THUMB,0.5639979243278503,0.2625066637992859,0.4126567244529724
246,LEFT_HIP,0.4444900155067444,0.5539668798446655,-0.026429619640111923
246,RIGHT_HIP,0.46235665678977966,0.5612634420394897,0.027630139142274857
246,LEFT_KNEE,0.45342034101486206,0.701981246471405,0.00530617218464613
246,RIGHT_KNEE,0.4744618535041809,0.7092715501785278,0.04583881422877312
246,LEFT_ANKLE,0.47578662633895874,0.8290448188781738,-0.002645317930728197
246,RIGHT_ANKLE,0.48973536491394043,0.8418146967887878,0.08480788767337799
246,LEFT_HEEL,0.47013530135154724,0.8497776985168457,-0.0023574756924062967
246,RIGHT_HEEL,0.49572163820266724,0.8595867156982422,0.08816838264465332
246,LEFT_FOOT_INDEX,0.4726336598396301,0.8695732355117798,-0.06983891129493713
246,RIGHT_FOOT_INDEX,0.5047701597213745,0.8809239268302917,-0.003347212914377451
247,NOSE,0.5913312435150146,0.37172457575798035,0.23060700297355652
247,LEFT_EYE_INNER,0.5972909331321716,0.36349138617515564,0.1949271857738495
247,LEFT_EYE,0.5961180329322815,0.3619846701622009,0.19493219256401062
247,LEFT_EYE_OUTER,0.5945912599563599,0.3604206442832947,0.19497047364711761
247,RIGHT_EYE_INNER,0.6004418730735779,0.3663381040096283,0.19995510578155518
247,RIGHT_EYE,0.6013858914375305,0.36683303117752075,0.199904665350914
247,RIGHT_EYE_OUTER,0.6020951867103577,0.3674831986427307,0.1998744159936905
247,LEFT_EAR,0.5919764637947083,0.36148789525032043,0.07366249710321426
247,RIGHT_EAR,0.6008609533309937,0.3719851076602936,0.10482338815927505
247,MOUTH_LEFT,0.584538459777832,0.3775708079338074,0.19730159640312195
247,MOUTH_RIGHT,0.5870646238327026,0.3808085024356842,0.20238375663757324
247,LEFT_SHOULDER,0.5290060639381409,0.3742692172527313,0.0026657867711037397
247,RIGHT_SHOULDER,0.5700415968894958,0.4185613691806793,0.08994762599468231
247,LEFT_ELBOW,0.48577237129211426,0.3103521764278412,0.09762589633464813
247,RIGHT_ELBOW,0.5834125280380249,0.3925893306732178,0.17235487699508667
247,LEFT_WRIST,0.52149498462677,0.2477099448442459,0.21753260493278503
247,RIGHT_WRIST,0.5701016187667847,0.34381502866744995,0.2918168306350708
247,LEFT_PINKY,0.5239134430885315,0.23338381946086884,0.2287387102842331
247,RIGHT_PINKY,0.5710604786872864,0.2868935167789459,0.30202099680900574
247,LEFT_INDEX,0.5332196950912476,0.2378641813993454,0.21807551383972168
247,RIGHT_INDEX,0.5627726912498474,0.2779393792152405,0.2969881296157837
247,LEFT_THUMB,0.5314399003982544,0.24366848170757294,0.2168109118938446
247,RIGHT_THUMB,0.557303786277771,0.27987128496170044,0.29332607984542847
247,LEFT_HIP,0.43887415528297424,0.5525073409080505,-0.012148736976087093
247,RIGHT_HIP,0.4654892086982727,0.5619492530822754,0.013081925921142101
247,LEFT_KNEE,0.4510286748409271,0.7020034193992615,0.012748685665428638
247,RIGHT_KNEE,0.4756956100463867,0.709459662437439,0.04165720194578171
247,LEFT_ANKLE,0.47227901220321655,0.8269816637039185,-0.009577123448252678
247,RIGHT_ANKLE,0.49161845445632935,0.8425337672233582,0.07981925457715988
247,LEFT_HEEL,0.46297651529312134,0.8493070602416992,-0.00906098447740078
247,RIGHT_HEEL,0.4961816668510437,0.8604442477226257,0.08476699888706207
247,LEFT_FOOT_INDEX,0.4544335901737213,0.87628173828125,-0.05310457944869995
247,RIGHT_FOOT_INDEX,0.5110889077186584,0.8861654996871948,-0.006006999406963587
248,NOSE,0.5914010405540466,0.37282106280326843,0.23082050681114197
248,LEFT_EYE_INNER,0.5975555777549744,0.36388060450553894,0.1989554613828659
248,LEFT_EYE,0.5964213013648987,0.361974835395813,0.19897089898586273
248,LEFT_EYE_OUTER,0.5949541330337524,0.3600732386112213,0.1990131437778473
248,RIGHT_EYE_INNER,0.6006561517715454,0.36737149953842163,0.2017868310213089
248,RIGHT_EYE,0.6016175746917725,0.36795392632484436,0.20172321796417236
248,RIGHT_EYE_OUTER,0.6023555994033813,0.36868077516555786,0.20171432197093964
248,LEFT_EAR,0.5917576551437378,0.35938599705696106,0.08551720529794693
248,RIGHT_EAR,0.6010106801986694,0.3715982735157013,0.10200772434473038
248,MOUTH_LEFT,0.5846988558769226,0.3779676556587219,0.199256032705307
248,MOUTH_RIGHT,0.5872901678085327,0.3818292021751404,0.20121578872203827
248,LEFT_SHOULDER,0.5255762338638306,0.3686930537223816,0.014536184258759022
248,RIGHT_SHOULDER,0.5709501504898071,0.41918715834617615,0.08153913915157318
248,LEFT_ELBOW,0.478797972202301,0.30602961778640747,0.1094154492020607
248,RIGHT_ELBOW,0.5657078623771667,0.3838062882423401,0.17820869386196136
248,LEFT_WRIST,0.5210380554199219,0.24507124722003937,0.22002975642681122
248,RIGHT_WRIST,0.5354001522064209,0.2691972255706787,0.3237888514995575
248,LEFT_PINKY,0.524260401725769,0.23094463348388672,0.22631296515464783
248,RIGHT_PINKY,0.5420588254928589,0.24603083729743958,0.3385795056819916
248,LEFT_INDEX,0.533535361289978,0.2350398600101471,0.21613280475139618
248,RIGHT_INDEX,0.5467413663864136,0.24291975796222687,0.32677820324897766
248,LEFT_THUMB,0.5315811634063721,0.2402217835187912,0.21927902102470398
248,RIGHT_THUMB,0.5430899262428284,0.24821920692920685,0.3232789635658264
248,LEFT_HIP,0.43337854743003845,0.5523048639297485,-0.0036999923177063465
248,RIGHT_HIP,0.4685116410255432,0.5621393918991089,0.004385128617286682
248,LEFT_KNEE,0.4466884136199951,0.7018126249313354,0.06223008781671524
248,RIGHT_KNEE,0.4794507622718811,0.7096003890037537,0.06392106413841248
248,LEFT_ANKLE,0.45771464705467224,0.8272470235824585,0.039096649736166
248,RIGHT_ANKLE,0.49721065163612366,0.843321681022644,0.07247905433177948
248,LEFT_HEEL,0.455951988697052,0.8497050404548645,0.04118954762816429
248,RIGHT_HEEL,0.5010695457458496,0.8611477017402649,0.07539667934179306
248,LEFT_FOOT_INDEX,0.45625370740890503,0.8626196980476379,0.012639070861041546
248,RIGHT_FOOT_INDEX,0.5163162350654602,0.8909037709236145,0.034047648310661316
249,NOSE,0.5904623866081238,0.36834028363227844,0.23935937881469727
249,LEFT_EYE_INNER,0.5960603952407837,0.35955503582954407,0.20651967823505402
249,LEFT_EYE,0.5944477319717407,0.35735419392585754,0.2065374106168747
249,LEFT_EYE_OUTER,0.5925377607345581,0.355131059885025,0.20656593143939972
249,RIGHT_EYE_INNER,0.6001356840133667,0.36412015557289124,0.21449382603168488
249,RIGHT_EYE,0.6012822389602661,0.36509156227111816,0.2144298255443573
249,RIGHT_EYE_OUTER,0.6021695733070374,0.3661218583583832,0.21444246172904968
249,LEFT_EAR,0.5885542631149292,0.3549078702926636,0.08381243795156479
249,RIGHT_EAR,0.6001020073890686,0.36958080530166626,0.11876684427261353
249,MOUTH_LEFT,0.5823270082473755,0.3723999559879303,0.20323291420936584
249,MOUTH_RIGHT,0.5863498449325562,0.37769046425819397,0.21205250918865204
249,LEFT_SHOULDER,0.521868109703064,0.3712768852710724,0.01304257195442915
249,RIGHT_SHOULDER,0.571036159992218,0.4199952185153961,0.10411462932825089
249,LEFT_ELBOW,0.4750577509403229,0.3055899441242218,0.09558477252721786
249,RIGHT_ELBOW,0.5429455041885376,0.36530551314353943,0.24303694069385529
249,LEFT_WRIST,0.5170010328292847,0.24506911635398865,0.2080862820148468
249,RIGHT_WRIST,0.527057945728302,0.2644442021846771,0.4079516530036926
249,LEFT_PINKY,0.5238572359085083,0.2309119999408722,0.2152685821056366
249,RIGHT_PINKY,0.5324259996414185,0.2451932430267334,0.4286196231842041
249,LEFT_INDEX,0.5331166982650757,0.23450414836406708,0.2044813185930252
249,RIGHT_INDEX,0.5393443703651428,0.241756409406662,0.4190607964992523
249,LEFT_THUMB,0.5307199358940125,0.24006971716880798,0.20780465006828308
249,RIGHT_THUMB,0.5355221033096313,0.24822998046875,0.4086003303527832
249,LEFT_HIP,0.43048152327537537,0.5524293780326843,-0.005351980682462454
249,RIGHT_HIP,0.47379040718078613,0.5622786283493042,0.004988702945411205
249,LEFT_KNEE,0.44447413086891174,0.7020236849784851,0.06999881565570831
249,RIGHT_KNEE,0.4818827509880066,0.7097493410110474,0.10504794120788574
249,LEFT_ANKLE,0.454756498336792,0.827979564666748,0.037212323397397995
249,RIGHT_ANKLE,0.5006474256515503,0.8435046076774597,0.09366752207279205
249,LEFT_HEEL,0.45218634605407715,0.8506965637207031,0.038703035563230515
249,RIGHT_HEEL,0.5048762559890747,0.8601880073547363,0.09574650228023529
249,LEFT_FOOT_INDEX,0.4585064947605133,0.8610943555831909,0.007289599627256393
249,RIGHT_FOOT_INDEX,0.5150636434555054,0.8913726806640625,0.06524281948804855
250,NOSE,0.5839877724647522,0.3613535761833191,0.2219938486814499
250,LEFT_EYE_INNER,0.5900492072105408,0.35344916582107544,0.1773873120546341
250,LEFT_EYE,0.5886684656143188,0.3518959879875183,0.17736604809761047
250,LEFT_EYE_OUTER,0.5870922803878784,0.3503379225730896,0.1773492991924286
250,RIGHT_EYE_INNER,0.5944249033927917,0.3573337495326996,0.21054032444953918
250,RIGHT_EYE,0.5960160493850708,0.3585767149925232,0.21040840446949005
250,RIGHT_EYE_OUTER,0.5973442792892456,0.3598797917366028,0.21023575961589813
250,LEFT_EAR,0.5852781534194946,0.3537314534187317,0.03174058347940445
250,RIGHT_EAR,0.5971735119819641,0.3661913275718689,0.11698516458272934
250,MOUTH_LEFT,0.5763006210327148,0.3675486445426941,0.1703498512506485
250,MOUTH_RIGHT,0.5810075402259827,0.3725234866142273,0.20805640518665314
250,LEFT_SHOULDER,0.5231257677078247,0.37351614236831665,-0.04697031527757645
250,RIGHT_SHOULDER,0.5715758204460144,0.42090243101119995,0.12281610071659088
250,LEFT_ELBOW,0.47789430618286133,0.30879658460617065,0.005242637824267149
250,RIGHT_ELBOW,0.5383926630020142,0.3748682737350464,0.315295547246933
250,LEFT_WRIST,0.5160354375839233,0.24583777785301208,0.1383039355278015
250,RIGHT_WRIST,0.5262349843978882,0.286297082901001,0.5151672959327698
250,LEFT_PINKY,0.5237020254135132,0.23197193443775177,0.14489318430423737
250,RIGHT_PINKY,0.5260509848594666,0.26482275128364563,0.5452998280525208
250,LEFT_INDEX,0.5330885052680969,0.2355576455593109,0.1357070505619049
250,RIGHT_INDEX,0.537153422832489,0.25377458333969116,0.5313302278518677
250,LEFT_THUMB,0.5305531024932861,0.24119088053703308,0.14130595326423645
250,RIGHT_THUMB,0.5306965112686157,0.26457247138023376,0.5142683386802673
250,LEFT_HIP,0.42989128828048706,0.5525712370872498,-0.01640169322490692
250,RIGHT_HIP,0.47620195150375366,0.5625187158584595,0.015709538012742996
250,LEFT_KNEE,0.44297561049461365,0.7017747163772583,0.07234814763069153
250,RIGHT_KNEE,0.4827903211116791,0.7097252011299133,0.13035772740840912
250,LEFT_ANKLE,0.45165586471557617,0.8253417015075684,0.02512620948255062
250,RIGHT_ANKLE,0.5022502541542053,0.8401778340339661,0.10384706407785416
250,LEFT_HEEL,0.4502829909324646,0.8499759435653687,0.023955058306455612
250,RIGHT_HEEL,0.5068712830543518,0.8568021655082703,0.10491619259119034
250,LEFT_FOOT_INDEX,0.4568365216255188,0.862284779548645,0.0020070450846105814
250,RIGHT_FOOT_INDEX,0.5149686932563782,0.8894850015640259,0.08111999928951263
251,NOSE,0.5850754380226135,0.3637252449989319,0.2954580783843994
251,LEFT_EYE_INNER,0.5907949209213257,0.355479896068573,0.26211076974868774
251,LEFT_EYE,0.5892964601516724,0.35372063517570496,0.2621314227581024
251,LEFT_EYE_OUTER,0.5876280665397644,0.35194990038871765,0.262159138917923
251,RIGHT_EYE_INNER,0.5952763557434082,0.3595764935016632,0.26666659116744995
251,RIGHT_EYE,0.5968080759048462,0.36071717739105225,0.2665991187095642
251,RIGHT_EYE_OUTER,0.5980953574180603,0.36193493008613586,0.26658350229263306
251,LEFT_EAR,0.5846882462501526,0.3540160655975342,0.13164813816547394
251,RIGHT_EAR,0.597035825252533,0.36685436964035034,0.14744624495506287
251,MOUTH_LEFT,0.5769344568252563,0.36969342827796936,0.2555422782897949
251,MOUTH_RIGHT,0.581737220287323,0.374250590801239,0.25952136516571045
251,LEFT_SHOULDER,0.5197498798370361,0.3728368580341339,0.05349808186292648
251,RIGHT_SHOULDER,0.5719143152236938,0.4215048849582672,0.11171211302280426
251,LEFT_ELBOW,0.47692903876304626,0.3109605312347412,0.14192745089530945
251,RIGHT_ELBOW,0.5418238043785095,0.3784109055995941,0.2379886656999588
251,LEFT_WRIST,0.5136055946350098,0.2471066266298294,0.24554923176765442
251,RIGHT_WRIST,0.5227903127670288,0.2898198068141937,0.3892623782157898
251,LEFT_PINKY,0.5231375098228455,0.23258836567401886,0.25467073917388916
251,RIGHT_PINKY,0.52680504322052,0.2724113464355469,0.4057730734348297
251,LEFT_INDEX,0.532275915145874,0.23569247126579285,0.2406129539012909
251,RIGHT_INDEX,0.5316717624664307,0.2623191475868225,0.3970544934272766
251,LEFT_THUMB,0.528538167476654,0.24148133397102356,0.24340057373046875
251,RIGHT_THUMB,0.5285799503326416,0.2678981423377991,0.3898603022098541
251,LEFT_HIP,0.42790356278419495,0.5528939962387085,0.0018316457280889153
251,RIGHT_HIP,0.47671955823898315,0.562832236289978,-0.002658385317772627
251,LEFT_KNEE,0.4422425627708435,0.7017872929573059,0.06746736913919449
251,RIGHT_KNEE,0.4842124879360199,0.7097878456115723,0.10156355798244476
251,LEFT_ANKLE,0.45131468772888184,0.8256574869155884,0.031665463000535965
251,RIGHT_ANKLE,0.5035693049430847,0.8404890298843384,0.084950752556324
251,LEFT_HEEL,0.4485913813114166,0.8517534136772156,0.03112700581550598
251,RIGHT_HEEL,0.5047599673271179,0.8575847744941711,0.08432736247777939
251,LEFT_FOOT_INDEX,0.45800861716270447,0.8640904426574707,-0.0004878275212831795
251,RIGHT_FOOT_INDEX,0.5196025967597961,0.8889816403388977,0.04552401229739189
252,NOSE,0.5858140587806702,0.364207923412323,0.27550026774406433
252,LEFT_EYE_INNER,0.5914678573608398,0.3567202389240265,0.2475965917110443
252,LEFT_EYE,0.5899626016616821,0.3550080358982086,0.24763497710227966
252,LEFT_EYE_OUTER,0.5882807374000549,0.3532232344150543,0.24768264591693878
252,RIGHT_EYE_INNER,0.5958581566810608,0.36072272062301636,0.24313879013061523
252,RIGHT_EYE,0.5972970724105835,0.36186903715133667,0.2430819272994995
252,RIGHT_EYE_OUTER,0.5984861850738525,0.3630993664264679,0.24309150874614716
252,LEFT_EAR,0.5842519402503967,0.3534826636314392,0.13989827036857605
252,RIGHT_EAR,0.5965294241905212,0.36668860912323,0.14461687207221985
252,MOUTH_LEFT,0.5774884819984436,0.3709286153316498,0.24503883719444275
252,MOUTH_RIGHT,0.5821772217750549,0.375289648771286,0.2375989854335785
252,LEFT_SHOULDER,0.5138343572616577,0.36837536096572876,0.07355020195245743
252,RIGHT_SHOULDER,0.570982813835144,0.4156707227230072,0.07317978143692017
252,LEFT_ELBOW,0.4650139808654785,0.30775970220565796,0.17974939942359924
252,RIGHT_ELBOW,0.5331186652183533,0.3639417290687561,0.17516927421092987
252,LEFT_WRIST,0.5113711953163147,0.24759933352470398,0.2825067639350891
252,RIGHT_WRIST,0.5228675007820129,0.2709432542324066,0.3514252305030823
252,LEFT_PINKY,0.52197265625,0.23317666351795197,0.29462748765945435
252,RIGHT_PINKY,0.5307556986808777,0.25438323616981506,0.3873909115791321
252,LEFT_INDEX,0.531399130821228,0.23615586757659912,0.2796911597251892
252,RIGHT_INDEX,0.534583568572998,0.25185054540634155,0.3786797523498535
252,LEFT_THUMB,0.5265401005744934,0.24208888411521912,0.27985066175460815
252,RIGHT_THUMB,0.5311385989189148,0.2571481764316559,0.3675682246685028
252,LEFT_HIP,0.4273809790611267,0.5531080961227417,0.021465862169861794
252,RIGHT_HIP,0.477760374546051,0.562904953956604,-0.022333091124892235
252,LEFT_KNEE,0.4426650404930115,0.7016460299491882,0.12038891017436981
252,RIGHT_KNEE,0.4873628616333008,0.7098406553268433,0.1015593409538269
252,LEFT_ANKLE,0.44970616698265076,0.8262589573860168,0.06325269490480423
252,RIGHT_ANKLE,0.5072168111801147,0.8411339521408081,0.07423214614391327
252,LEFT_HEEL,0.4450002610683441,0.8510730862617493,0.06190123036503792
252,RIGHT_HEEL,0.505988597869873,0.857876181602478,0.07439979910850525
252,LEFT_FOOT_INDEX,0.45816001296043396,0.8627272844314575,0.03865528106689453
252,RIGHT_FOOT_INDEX,0.5209160447120667,0.8855018615722656,0.04133882001042366
253,NOSE,0.5842915773391724,0.35848602652549744,0.24770721793174744
253,LEFT_EYE_INNER,0.5910170674324036,0.35350778698921204,0.2194199115037918
253,LEFT_EYE,0.5898295640945435,0.3526591956615448,0.2195674479007721
253,LEFT_EYE_OUTER,0.5884268283843994,0.3516755998134613,0.21957597136497498
253,RIGHT_EYE_INNER,0.5943588614463806,0.35554707050323486,0.230617493391037
253,RIGHT_EYE,0.5954405069351196,0.3562435805797577,0.23050399124622345
253,RIGHT_EYE_OUTER,0.5963838696479797,0.3570514917373657,0.2303207814693451
253,LEFT_EAR,0.5844048261642456,0.3535477817058563,0.11466596275568008
253,RIGHT_EAR,0.5952733755111694,0.36271101236343384,0.15179754793643951
253,MOUTH_LEFT,0.5759812593460083,0.36498376727104187,0.21631035208702087
253,MOUTH_RIGHT,0.5800784826278687,0.3670734763145447,0.22342804074287415
253,LEFT_SHOULDER,0.5157206058502197,0.3703609108924866,-0.010387365706264973
253,RIGHT_SHOULDER,0.5698394775390625,0.4124036431312561,0.17041853070259094
253,LEFT_ELBOW,0.46453437209129333,0.3075089156627655,0.057710450142621994
253,RIGHT_ELBOW,0.5254013538360596,0.3546886444091797,0.31763529777526855
253,LEFT_WRIST,0.5094950795173645,0.24794301390647888,0.22026140987873077
253,RIGHT_WRIST,0.5236572027206421,0.26713889837265015,0.46976810693740845
253,LEFT_PINKY,0.5219253301620483,0.23322752118110657,0.2287149876356125
253,RIGHT_PINKY,0.5326809883117676,0.25413012504577637,0.4967043995857239
253,LEFT_INDEX,0.5313187837600708,0.23742206394672394,0.21365495026111603
253,RIGHT_INDEX,0.5361901521682739,0.25192707777023315,0.4896825850009918
253,LEFT_THUMB,0.5263981223106384,0.24245893955230713,0.21725022792816162
253,RIGHT_THUMB,0.5327137112617493,0.2560790181159973,0.47162556648254395
253,LEFT_HIP,0.42850416898727417,0.5530494451522827,-0.04471556842327118
253,RIGHT_HIP,0.479818731546402,0.5635495781898499,0.04394001513719559
253,LEFT_KNEE,0.4429643154144287,0.7025682926177979,0.06295197457075119
253,RIGHT_KNEE,0.48676055669784546,0.7101386785507202,0.14762799441814423
253,LEFT_ANKLE,0.4503105580806732,0.8306993246078491,-0.029211709275841713
253,RIGHT_ANKLE,0.5074232816696167,0.84315025806427,0.10597755759954453
253,LEFT_HEEL,0.45134487748146057,0.8538864850997925,-0.03133445605635643
253,RIGHT_HEEL,0.5085708498954773,0.8606996536254883,0.1061980277299881
253,LEFT_FOOT_INDEX,0.45864182710647583,0.8636948466300964,-0.05086566135287285
253,RIGHT_FOOT_INDEX,0.5198034048080444,0.8920793533325195,0.08831252157688141
254,NOSE,0.5776452422142029,0.35069018602371216,0.12223800271749496
254,LEFT_EYE_INNER,0.5861222743988037,0.34736204147338867,0.08999784290790558
254,LEFT_EYE,0.5849149227142334,0.3469623327255249,0.09003722667694092
254,LEFT_EYE_OUTER,0.5835376977920532,0.3464184105396271,0.09002674371004105
254,RIGHT_EYE_INNER,0.5895277857780457,0.34907883405685425,0.12684504687786102
254,RIGHT_EYE,0.5906357765197754,0.3499410152435303,0.12681901454925537
254,RIGHT_EYE_OUTER,0.591684103012085,0.35081231594085693,0.12697464227676392
254,LEFT_EAR,0.5806123614311218,0.3521222472190857,-0.020358942449092865
254,RIGHT_EAR,0.5914384126663208,0.35911884903907776,0.13995376229286194
254,MOUTH_LEFT,0.5685180425643921,0.3566345274448395,0.08857265114784241
254,MOUTH_RIGHT,0.5730817914009094,0.3592342436313629,0.13529512286186218
254,LEFT_SHOULDER,0.5128749012947083,0.3715280592441559,-0.1432221531867981
254,RIGHT_SHOULDER,0.567283034324646,0.41132912039756775,0.21703357994556427
254,LEFT_ELBOW,0.4597381055355072,0.3077629506587982,-0.10249825567007065
254,RIGHT_ELBOW,0.527127742767334,0.35367351770401,0.40307432413101196
254,LEFT_WRIST,0.5096116065979004,0.24828776717185974,0.09619710594415665
254,RIGHT_WRIST,0.5261141061782837,0.2698426842689514,0.5482301115989685
254,LEFT_PINKY,0.5225220322608948,0.23434336483478546,0.09264682233333588
254,RIGHT_PINKY,0.5330445766448975,0.25785738229751587,0.5876774191856384
254,LEFT_INDEX,0.5318918228149414,0.23973599076271057,0.0955638736486435
254,RIGHT_INDEX,0.538171648979187,0.2555147409439087,0.5712587237358093
254,LEFT_THUMB,0.5270453095436096,0.24427612125873566,0.10336592048406601
254,RIGHT_THUMB,0.5348715782165527,0.25965243577957153,0.545349657535553
254,LEFT_HIP,0.4292040765285492,0.5531565546989441,-0.11355797201395035
254,RIGHT_HIP,0.48187056183815,0.5636619329452515,0.11294223368167877
254,LEFT_KNEE,0.44260525703430176,0.7024447321891785,-0.02054089680314064
254,RIGHT_KNEE,0.4866641163825989,0.7098921537399292,0.23742632567882538
254,LEFT_ANKLE,0.4511731266975403,0.8307130932807922,-0.151780366897583
254,RIGHT_ANKLE,0.5085266828536987,0.8431782722473145,0.15472719073295593
254,LEFT_HEEL,0.45721203088760376,0.8513218760490417,-0.1567908376455307
254,RIGHT_HEEL,0.5139288902282715,0.8595070838928223,0.15122510492801666
254,LEFT_FOOT_INDEX,0.455960214138031,0.8648238182067871,-0.17740896344184875
254,RIGHT_FOOT_INDEX,0.5106653571128845,0.8919442296028137,0.14952224493026733
255,NOSE,0.5733421444892883,0.34941115975379944,0.13510502874851227
255,LEFT_EYE_INNER,0.5828100442886353,0.34508395195007324,0.10115598142147064
255,LEFT_EYE,0.5817097425460815,0.34461942315101624,0.1011841669678688
255,LEFT_EYE_OUTER,0.5804672241210938,0.34405675530433655,0.10117661952972412
255,RIGHT_EYE_INNER,0.5864840745925903,0.3470074236392975,0.1352100670337677
255,RIGHT_EYE,0.5878927707672119,0.34795284271240234,0.13518069684505463
255,RIGHT_EYE_OUTER,0.5892755389213562,0.34892401099205017,0.1353062242269516
255,LEFT_EAR,0.5787173509597778,0.3505721986293793,-0.015577773563563824
255,RIGHT_EAR,0.5903828144073486,0.35773831605911255,0.13962805271148682
255,MOUTH_LEFT,0.5649741888046265,0.35514432191848755,0.09992722421884537
255,MOUTH_RIGHT,0.5697265267372131,0.35800114274024963,0.1432749330997467
255,LEFT_SHOULDER,0.5123711824417114,0.3717019557952881,-0.13308098912239075
255,RIGHT_SHOULDER,0.5673173666000366,0.4117961525917053,0.21910569071769714
255,LEFT_ELBOW,0.45694151520729065,0.3084993362426758,-0.07690700888633728
255,RIGHT_ELBOW,0.5306435227394104,0.35543638467788696,0.40769463777542114
255,LEFT_WRIST,0.5075713396072388,0.25297611951828003,0.1232035905122757
255,RIGHT_WRIST,0.5274395942687988,0.2714206576347351,0.5538349151611328
255,LEFT_PINKY,0.5223495960235596,0.24057655036449432,0.12499754130840302
255,RIGHT_PINKY,0.5341644287109375,0.2599021792411804,0.5921118259429932
255,LEFT_INDEX,0.5318714380264282,0.2457263022661209,0.12354469299316406
255,RIGHT_INDEX,0.5384818315505981,0.25769490003585815,0.5768630504608154
255,LEFT_THUMB,0.5269759297370911,0.2509881854057312,0.12885591387748718
255,RIGHT_THUMB,0.5350301265716553,0.2620384097099304,0.5514885187149048
255,LEFT_HIP,0.4292823374271393,0.5536606311798096,-0.11457429081201553
255,RIGHT_HIP,0.4822145104408264,0.5640348196029663,0.1139058843255043
255,LEFT_KNEE,0.4426361918449402,0.7028740644454956,-0.03741740807890892
255,RIGHT_KNEE,0.48823267221450806,0.7099530100822449,0.23213152587413788
255,LEFT_ANKLE,0.4523494243621826,0.8362892270088196,-0.1721915304660797
255,RIGHT_ANKLE,0.5107433795928955,0.8451730608940125,0.14465773105621338
255,LEFT_HEEL,0.45928987860679626,0.8544909358024597,-0.17853102087974548
255,RIGHT_HEEL,0.5166052579879761,0.8609454035758972,0.14079631865024567
255,LEFT_FOOT_INDEX,0.45406660437583923,0.8671964406967163,-0.20889826118946075
255,RIGHT_FOOT_INDEX,0.5099642276763916,0.8917210698127747,0.13651107251644135
256,NOSE,0.5674663782119751,0.3484375774860382,0.15495972335338593
256,LEFT_EYE_INNER,0.5769020318984985,0.34339669346809387,0.12058086693286896
256,LEFT_EYE,0.5756164789199829,0.34275028109550476,0.12060147523880005
256,LEFT_EYE_OUTER,0.5742495059967041,0.3420315384864807,0.1205970048904419
256,RIGHT_EYE_INNER,0.5817664861679077,0.3461921513080597,0.15189960598945618
256,RIGHT_EYE,0.5837036371231079,0.3475162982940674,0.1518658995628357
256,RIGHT_EYE_OUTER,0.5855679512023926,0.3488231599330902,0.1519584357738495
256,LEFT_EAR,0.5742502808570862,0.34976840019226074,-0.00015743043331895024
256,RIGHT_EAR,0.5876836180686951,0.3581835627555847,0.1512119472026825
256,MOUTH_LEFT,0.5591069459915161,0.3542608916759491,0.11865895986557007
256,MOUTH_RIGHT,0.5646330714225769,0.35787293314933777,0.15809184312820435
256,LEFT_SHOULDER,0.5123437643051147,0.371816486120224,-0.108265720307827
256,RIGHT_SHOULDER,0.5676087141036987,0.4125538468360901,0.22272798418998718
256,LEFT_ELBOW,0.4584910273551941,0.30906209349632263,-0.03714369982481003
256,RIGHT_ELBOW,0.5313117504119873,0.3561939001083374,0.4209746718406677
256,LEFT_WRIST,0.5070987939834595,0.2581366002559662,0.1734161078929901
256,RIGHT_WRIST,0.5276080369949341,0.27454155683517456,0.5816619396209717
256,LEFT_PINKY,0.5223844051361084,0.24694529175758362,0.1846410632133484
256,RIGHT_PINKY,0.5348219275474548,0.262165904045105,0.6199737787246704
256,LEFT_INDEX,0.5319505929946899,0.2524465024471283,0.1786988526582718
256,RIGHT_INDEX,0.5393712520599365,0.2578034996986389,0.6089318990707397
256,LEFT_THUMB,0.527008056640625,0.25786030292510986,0.17988990247249603
256,RIGHT_THUMB,0.5356578826904297,0.262851744890213,0.5815551280975342
256,LEFT_HIP,0.4293452203273773,0.5546175241470337,-0.10267220437526703
256,RIGHT_HIP,0.4824555516242981,0.5642518997192383,0.10186903178691864
256,LEFT_KNEE,0.4426572322845459,0.7028747797012329,-0.023826323449611664
256,RIGHT_KNEE,0.4897949695587158,0.7099195122718811,0.22611036896705627
256,LEFT_ANKLE,0.45328640937805176,0.8379470705986023,-0.18483950197696686
256,RIGHT_ANKLE,0.5119479894638062,0.8451275825500488,0.12159482389688492
256,LEFT_HEEL,0.46005305647850037,0.8551532626152039,-0.1942446380853653
256,RIGHT_HEEL,0.5173832178115845,0.8603790402412415,0.12825703620910645
256,LEFT_FOOT_INDEX,0.45105981826782227,0.8680394291877747,-0.22940734028816223
256,RIGHT_FOOT_INDEX,0.5098797082901001,0.8868282437324524,0.10184817016124725
257,NOSE,0.570049524307251,0.34617921710014343,0.004409824963659048
257,LEFT_EYE_INNER,0.5792567133903503,0.3427605628967285,-0.016940614208579063
257,LEFT_EYE,0.577625572681427,0.3429374396800995,-0.01692623272538185
257,LEFT_EYE_OUTER,0.5752518773078918,0.3428938388824463,-0.016897302120923996
257,RIGHT_EYE_INNER,0.5830091834068298,0.34286075830459595,0.018977953121066093
257,RIGHT_EYE,0.5842045545578003,0.3431372344493866,0.01890186220407486
257,RIGHT_EYE_OUTER,0.5852276682853699,0.3433830142021179,0.018933270126581192
257,LEFT_EAR,0.5768668055534363,0.350372850894928,-0.08580536395311356
257,RIGHT_EAR,0.5868775248527527,0.3530327379703522,0.07882578670978546
257,MOUTH_LEFT,0.5621568560600281,0.3545774221420288,-0.017887528985738754
257,MOUTH_RIGHT,0.5660067200660706,0.35402077436447144,0.02830301783978939
257,LEFT_SHOULDER,0.5220924019813538,0.38038644194602966,-0.18684588372707367
257,RIGHT_SHOULDER,0.5630733966827393,0.4100501537322998,0.1899643838405609
257,LEFT_ELBOW,0.46917909383773804,0.3190784156322479,-0.25924307107925415
257,RIGHT_ELBOW,0.5135711431503296,0.3527352511882782,0.3527633547782898
257,LEFT_WRIST,0.5151225924491882,0.26366308331489563,-0.20325572788715363
257,RIGHT_WRIST,0.523615300655365,0.27441269159317017,0.5063179731369019
257,LEFT_PINKY,0.5281652212142944,0.2503872215747833,-0.22370672225952148
257,RIGHT_PINKY,0.534288763999939,0.2630860209465027,0.5330405831336975
257,LEFT_INDEX,0.5349016785621643,0.2545437812805176,-0.2244950234889984
257,RIGHT_INDEX,0.5387498140335083,0.2587360143661499,0.5284460783004761
257,LEFT_THUMB,0.5306744575500488,0.26055872440338135,-0.203156977891922
257,RIGHT_THUMB,0.5349067449569702,0.2637346088886261,0.5059768557548523
257,LEFT_HIP,0.4330853521823883,0.554311215877533,-0.09260960668325424
257,RIGHT_HIP,0.4761931300163269,0.5643309354782104,0.0921957716345787
257,LEFT_KNEE,0.44773826003074646,0.7035480737686157,-0.039961814880371094
257,RIGHT_KNEE,0.4836421608924866,0.7103124856948853,0.14198759198188782
257,LEFT_ANKLE,0.462934672832489,0.8375444412231445,-0.17449423670768738
257,RIGHT_ANKLE,0.5070031881332397,0.8495016098022461,0.12674696743488312
257,LEFT_HEEL,0.4723754823207855,0.8533834218978882,-0.1559741199016571
257,RIGHT_HEEL,0.5085875391960144,0.8611142039299011,0.12791791558265686
257,LEFT_FOOT_INDEX,0.4687838554382324,0.8831971287727356,-0.15096813440322876
257,RIGHT_FOOT_INDEX,0.49695897102355957,0.8969826698303223,0.09166623651981354
258,NOSE,0.5655168294906616,0.3447555899620056,0.09184907376766205
258,LEFT_EYE_INNER,0.5755006074905396,0.34084218740463257,0.06522847712039948
258,LEFT_EYE,0.5748707056045532,0.34078019857406616,0.06524676829576492
258,LEFT_EYE_OUTER,0.5739096999168396,0.34072333574295044,0.06524388492107391
258,RIGHT_EYE_INNER,0.5784404277801514,0.34213948249816895,0.09491856396198273
258,RIGHT_EYE,0.5798143148422241,0.3428279757499695,0.09486809372901917
258,RIGHT_EYE_OUTER,0.5811365842819214,0.3435395359992981,0.09491919726133347
258,LEFT_EAR,0.5767413377761841,0.3494833707809448,-0.027595365419983864
258,RIGHT_EAR,0.5846104025840759,0.3534162640571594,0.1120004877448082
258,MOUTH_LEFT,0.5593018531799316,0.3525872230529785,0.06336034834384918
258,MOUTH_RIGHT,0.5624507069587708,0.35371240973472595,0.10104221105575562
258,LEFT_SHOULDER,0.5252605676651001,0.38163867592811584,-0.12230908870697021
258,RIGHT_SHOULDER,0.5601953268051147,0.4080922603607178,0.19298534095287323
258,LEFT_ELBOW,0.4692910313606262,0.32042166590690613,-0.11260843276977539
258,RIGHT_ELBOW,0.5050293207168579,0.3561871647834778,0.3419928550720215
258,LEFT_WRIST,0.5163109302520752,0.26599058508872986,0.04590471088886261
258,RIGHT_WRIST,0.516882598400116,0.2760660648345947,0.4730347990989685
258,LEFT_PINKY,0.5299697518348694,0.2550545632839203,0.05966417118906975
258,RIGHT_PINKY,0.531056821346283,0.26354867219924927,0.4928598403930664
258,LEFT_INDEX,0.5361831784248352,0.259141743183136,0.048366181552410126
258,RIGHT_INDEX,0.5367516279220581,0.26177793741226196,0.4919118881225586
258,LEFT_THUMB,0.5320556163787842,0.2639746069908142,0.05041525885462761
258,RIGHT_THUMB,0.5315960049629211,0.2661491334438324,0.4733736515045166
258,LEFT_HIP,0.43309035897254944,0.5528995394706726,-0.08417287468910217
258,RIGHT_HIP,0.4762297570705414,0.5642287135124207,0.08361869305372238
258,LEFT_KNEE,0.44769659638404846,0.7033606767654419,-0.03897327929735184
258,RIGHT_KNEE,0.48491185903549194,0.7104711532592773,0.14259104430675507
258,LEFT_ANKLE,0.4618179202079773,0.8372937440872192,-0.15183191001415253
258,RIGHT_ANKLE,0.5078588128089905,0.8486982583999634,0.08507449179887772
258,LEFT_HEEL,0.469651997089386,0.8532142639160156,-0.15734466910362244
258,RIGHT_HEEL,0.5126131176948547,0.8611541986465454,0.08138475567102432
258,LEFT_FOOT_INDEX,0.46298637986183167,0.8813449740409851,-0.21253278851509094
258,RIGHT_FOOT_INDEX,0.49740228056907654,0.8949945569038391,0.049549710005521774
259,NOSE,0.5627104043960571,0.3422362208366394,0.016624247655272484
259,LEFT_EYE_INNER,0.5730077028274536,0.33848708868026733,-0.007956216111779213
259,LEFT_EYE,0.5729683637619019,0.3386203944683075,-0.007929544895887375
259,LEFT_EYE_OUTER,0.5727184414863586,0.3387994170188904,-0.007935630157589912
259,RIGHT_EYE_INNER,0.575140118598938,0.3394828736782074,0.031983841210603714
259,RIGHT_EYE,0.5764817595481873,0.3401373326778412,0.03191790357232094
259,RIGHT_EYE_OUTER,0.5777536630630493,0.3408207297325134,0.03199458122253418
259,LEFT_EAR,0.5767006278038025,0.34894490242004395,-0.08532211184501648
259,RIGHT_EAR,0.5823429226875305,0.35136839747428894,0.09529208391904831
259,MOUTH_LEFT,0.5575670599937439,0.35053443908691406,-0.007865377701818943
259,MOUTH_RIGHT,0.5596002340316772,0.351078063249588,0.043554436415433884
259,LEFT_SHOULDER,0.5289973020553589,0.38349786400794983,-0.1867014467716217
259,RIGHT_SHOULDER,0.5583683848381042,0.4054567813873291,0.19598427414894104
259,LEFT_ELBOW,0.46994084119796753,0.3229691982269287,-0.1981528401374817
259,RIGHT_ELBOW,0.5016840696334839,0.3567393124103546,0.37515339255332947
259,LEFT_WRIST,0.5169117450714111,0.2689194977283478,-0.059186190366744995
259,RIGHT_WRIST,0.5161505937576294,0.2763814628124237,0.5086992383003235
259,LEFT_PINKY,0.5293134450912476,0.2585875391960144,-0.06879148632287979
259,RIGHT_PINKY,0.5272268056869507,0.26499682664871216,0.5360226035118103
259,LEFT_INDEX,0.5360575318336487,0.2628844380378723,-0.07219013571739197
259,RIGHT_INDEX,0.5339410901069641,0.2667202651500702,0.5279234647750854
259,LEFT_THUMB,0.5323318243026733,0.2674289047718048,-0.05655933544039726
259,RIGHT_THUMB,0.5297591090202332,0.2711045444011688,0.5068151354789734
259,LEFT_HIP,0.43507736921310425,0.5511572957038879,-0.10786515474319458
259,RIGHT_HIP,0.47609996795654297,0.5634590983390808,0.10757148265838623
259,LEFT_KNEE,0.4480096399784088,0.7033666372299194,-0.07804834097623825
259,RIGHT_KNEE,0.4847669005393982,0.71055668592453,0.142257422208786
259,LEFT_ANKLE,0.46338018774986267,0.8371034860610962,-0.12423191964626312
259,RIGHT_ANKLE,0.5070701837539673,0.8488133549690247,0.13468964397907257
259,LEFT_HEEL,0.46892112493515015,0.8526785969734192,-0.12623056769371033
259,RIGHT_HEEL,0.5122939348220825,0.862941563129425,0.1353599727153778
259,LEFT_FOOT_INDEX,0.4604582190513611,0.8858089447021484,-0.18322525918483734
259,RIGHT_FOOT_INDEX,0.49725204706192017,0.8946646451950073,0.09786132723093033
260,NOSE,0.563300371170044,0.3444055914878845,0.17509642243385315
260,LEFT_EYE_INNER,0.572080671787262,0.3396458029747009,0.14170603454113007
260,LEFT_EYE,0.5712955594062805,0.33921754360198975,0.141725555062294
260,LEFT_EYE_OUTER,0.570351243019104,0.3387719690799713,0.14170685410499573
260,RIGHT_EYE_INNER,0.5759127736091614,0.34146231412887573,0.17152473330497742
260,RIGHT_EYE,0.5776466131210327,0.34212106466293335,0.1714865267276764
260,RIGHT_EYE_OUTER,0.5792692303657532,0.3426721692085266,0.17154887318611145
260,LEFT_EAR,0.5732592940330505,0.34756729006767273,0.02180654928088188
260,RIGHT_EAR,0.5831388235092163,0.35237616300582886,0.15922792255878448
260,MOUTH_LEFT,0.5575056672096252,0.3519025444984436,0.13858672976493835
260,MOUTH_RIGHT,0.5612167119979858,0.35322970151901245,0.1765507161617279
260,LEFT_SHOULDER,0.52051842212677,0.3832935094833374,-0.07840920239686966
260,RIGHT_SHOULDER,0.5626855492591858,0.4083766043186188,0.21072253584861755
260,LEFT_ELBOW,0.46060267090797424,0.32350462675094604,0.007751888129860163
260,RIGHT_ELBOW,0.514783501625061,0.3742317855358124,0.39728671312332153
260,LEFT_WRIST,0.5091898441314697,0.2697323262691498,0.2108933925628662
260,RIGHT_WRIST,0.5168265104293823,0.28244006633758545,0.5543140172958374
260,LEFT_PINKY,0.5209488272666931,0.2595570385456085,0.22316360473632812
260,RIGHT_PINKY,0.5282367467880249,0.2711019515991211,0.5830217003822327
260,LEFT_INDEX,0.5310848355293274,0.26424098014831543,0.20838169753551483
260,RIGHT_INDEX,0.5344772338867188,0.2722800076007843,0.5729637742042542
260,LEFT_THUMB,0.5282714366912842,0.2690391540527344,0.21247315406799316
260,RIGHT_THUMB,0.5304449200630188,0.27645987272262573,0.5534287691116333
260,LEFT_HIP,0.4336640238761902,0.5512678623199463,-0.09353020042181015
260,RIGHT_HIP,0.47791871428489685,0.5640261173248291,0.0932866632938385
260,LEFT_KNEE,0.4475409984588623,0.7032365202903748,-0.04492415860295296
260,RIGHT_KNEE,0.48766177892684937,0.7105683088302612,0.15405355393886566
260,LEFT_ANKLE,0.46151551604270935,0.8372967839241028,-0.14405734837055206
260,RIGHT_ANKLE,0.5103136301040649,0.8489671945571899,0.08862213045358658
260,LEFT_HEEL,0.4657449722290039,0.8531547784805298,-0.1500367820262909
260,RIGHT_HEEL,0.5156939625740051,0.8632704615592957,0.08438658714294434
260,LEFT_FOOT_INDEX,0.4559310972690582,0.8806678652763367,-0.1975889652967453
260,RIGHT_FOOT_INDEX,0.5098784565925598,0.894457221031189,0.061344414949417114
261,NOSE,0.5648371577262878,0.3456491529941559,0.12408997863531113
261,LEFT_EYE_INNER,0.5735169053077698,0.340615838766098,0.0884222537279129
261,LEFT_EYE,0.5727146863937378,0.34012264013290405,0.08842375129461288
261,LEFT_EYE_OUTER,0.5717380046844482,0.33962616324424744,0.08838900923728943
261,RIGHT_EYE_INNER,0.5771401524543762,0.3426111340522766,0.1262076497077942
261,RIGHT_EYE,0.5787208676338196,0.3433401882648468,0.12618450820446014
261,RIGHT_EYE_OUTER,0.5801703929901123,0.34400948882102966,0.12631851434707642
261,LEFT_EAR,0.5738784074783325,0.34797030687332153,-0.02665843442082405
261,RIGHT_EAR,0.5835656523704529,0.3532586991786957,0.1547519713640213
261,MOUTH_LEFT,0.5586903691291809,0.3528759777545929,0.0888918861746788
261,MOUTH_RIGHT,0.5624799728393555,0.3545920252799988,0.13780325651168823
261,LEFT_SHOULDER,0.5180785059928894,0.3826783299446106,-0.13873688876628876
261,RIGHT_SHOULDER,0.5647023916244507,0.40856871008872986,0.20463471114635468
261,LEFT_ELBOW,0.4533872604370117,0.3242148160934448,-0.09857457131147385
261,RIGHT_ELBOW,0.5196859240531921,0.37587836384773254,0.40474265813827515
261,LEFT_WRIST,0.5034283399581909,0.27350717782974243,0.10287616401910782
261,RIGHT_WRIST,0.5169382691383362,0.28716471791267395,0.5675435662269592
261,LEFT_PINKY,0.5147653818130493,0.2626451253890991,0.10288413614034653
261,RIGHT_PINKY,0.5283840894699097,0.275235116481781,0.6020544767379761
261,LEFT_INDEX,0.52651047706604,0.26738864183425903,0.09401154518127441
261,RIGHT_INDEX,0.5346006155014038,0.27745169401168823,0.5878738164901733
261,LEFT_THUMB,0.5240840911865234,0.272373765707016,0.10757718235254288
261,RIGHT_THUMB,0.53065425157547,0.2812262177467346,0.5650896430015564
261,LEFT_HIP,0.433115154504776,0.5511907339096069,-0.09208788722753525
261,RIGHT_HIP,0.4783990979194641,0.5640671849250793,0.09164026379585266
261,LEFT_KNEE,0.44750428199768066,0.7030889987945557,-0.03916231170296669
261,RIGHT_KNEE,0.48822084069252014,0.7105952501296997,0.17121317982673645
261,LEFT_ANKLE,0.46071696281433105,0.8371955752372742,-0.12229245901107788
261,RIGHT_ANKLE,0.5119588971138,0.8491379618644714,0.11814413964748383
261,LEFT_HEEL,0.464266300201416,0.8530689477920532,-0.12688833475112915
261,RIGHT_HEEL,0.5171143412590027,0.8636685609817505,0.11676496267318726
261,LEFT_FOOT_INDEX,0.4558631479740143,0.8774240612983704,-0.18448801338672638
261,RIGHT_FOOT_INDEX,0.5137010216712952,0.8944522142410278,0.10320893675088882
262,NOSE,0.5679386258125305,0.34652194380760193,0.06976845115423203
262,LEFT_EYE_INNER,0.5756325721740723,0.34176138043403625,0.03964054957032204
262,LEFT_EYE,0.5752838850021362,0.34185129404067993,0.039664410054683685
262,LEFT_EYE_OUTER,0.574723482131958,0.3418962359428406,0.03963866084814072
262,RIGHT_EYE_INNER,0.5777406692504883,0.34323203563690186,0.07567807286977768
262,RIGHT_EYE,0.5788249969482422,0.3440919518470764,0.07563456892967224
262,RIGHT_EYE_OUTER,0.5805680155754089,0.3447379767894745,0.07575742155313492
262,LEFT_EAR,0.5754224061965942,0.34864503145217896,-0.05480038374662399
262,RIGHT_EAR,0.5839220881462097,0.35327425599098206,0.11212871223688126
262,MOUTH_LEFT,0.5629113912582397,0.35461005568504333,0.04159931093454361
262,MOUTH_RIGHT,0.565076470375061,0.3552913963794708,0.08759541809558868
262,LEFT_SHOULDER,0.5235422849655151,0.3832138478755951,-0.1646958291530609
262,RIGHT_SHOULDER,0.5686333179473877,0.40888696908950806,0.19660642743110657
262,LEFT_ELBOW,0.456118643283844,0.33209365606307983,-0.14590255916118622
262,RIGHT_ELBOW,0.5226126909255981,0.37490373849868774,0.3848285675048828
262,LEFT_WRIST,0.504023551940918,0.28094300627708435,0.031643323600292206
262,RIGHT_WRIST,0.5207423567771912,0.2870945632457733,0.5361837148666382
262,LEFT_PINKY,0.5156024098396301,0.2691081166267395,0.0265200138092041
262,RIGHT_PINKY,0.5320630073547363,0.27573373913764954,0.5670171976089478
262,LEFT_INDEX,0.5269470810890198,0.27241048216819763,0.02378050424158573
262,RIGHT_INDEX,0.5375421643257141,0.27773919701576233,0.5534306168556213
262,LEFT_THUMB,0.5243980288505554,0.27732887864112854,0.03632716089487076
262,RIGHT_THUMB,0.5338689088821411,0.2815869450569153,0.532954216003418
262,LEFT_HIP,0.4343080520629883,0.5490625500679016,-0.09955143928527832
262,RIGHT_HIP,0.4789082109928131,0.5626304745674133,0.09916699677705765
262,LEFT_KNEE,0.4474756717681885,0.7027379274368286,-0.03736044466495514
262,RIGHT_KNEE,0.48812437057495117,0.710419774055481,0.1651151329278946
262,LEFT_ANKLE,0.4606696665287018,0.8365527987480164,-0.1117178425192833
262,RIGHT_ANKLE,0.5114715099334717,0.8487390279769897,0.1428535133600235
262,LEFT_HEEL,0.4641845226287842,0.8518708348274231,-0.11228801310062408
262,RIGHT_HEEL,0.5164390802383423,0.8635929822921753,0.14406391978263855
262,LEFT_FOOT_INDEX,0.4558851718902588,0.8765472173690796,-0.1588728129863739
262,RIGHT_FOOT_INDEX,0.5132744312286377,0.8944600224494934,0.12010824680328369
263,NOSE,0.569581925868988,0.34788060188293457,0.08972473442554474
263,LEFT_EYE_INNER,0.5758109092712402,0.3420329988002777,0.05734997242689133
263,LEFT_EYE,0.5756239891052246,0.3421335220336914,0.05736401677131653
263,LEFT_EYE_OUTER,0.5751113891601562,0.3421308696269989,0.057337842881679535
263,RIGHT_EYE_INNER,0.5787407159805298,0.3434734642505646,0.09305513650178909
263,RIGHT_EYE,0.5802966356277466,0.3443375527858734,0.09301634132862091
263,RIGHT_EYE_OUTER,0.5825045704841614,0.3449590802192688,0.09312455356121063
263,LEFT_EAR,0.5757430195808411,0.34850695729255676,-0.046865709125995636
263,RIGHT_EAR,0.58610600233078,0.3536151945590973,0.1176239401102066
263,MOUTH_LEFT,0.5648025274276733,0.3555164337158203,0.05880619212985039
263,MOUTH_RIGHT,0.5685716271400452,0.35664868354797363,0.1033419519662857
263,LEFT_SHOULDER,0.5261639356613159,0.38294023275375366,-0.16583915054798126
263,RIGHT_SHOULDER,0.5726557970046997,0.4094069004058838,0.22019632160663605
263,LEFT_ELBOW,0.45765677094459534,0.33459651470184326,-0.12876051664352417
263,RIGHT_ELBOW,0.5158189535140991,0.3745519518852234,0.39518141746520996
263,LEFT_WRIST,0.5029653906822205,0.2855079770088196,0.04184958338737488
263,RIGHT_WRIST,0.5214496850967407,0.2932184338569641,0.5219699144363403
263,LEFT_PINKY,0.5131805539131165,0.2730809152126312,0.03667357191443443
263,RIGHT_PINKY,0.5301513671875,0.2812334895133972,0.5521061420440674
263,LEFT_INDEX,0.5252624750137329,0.27621376514434814,0.05337792634963989
263,RIGHT_INDEX,0.5364408493041992,0.28206899762153625,0.5392395853996277
263,LEFT_THUMB,0.5229809284210205,0.2815571427345276,0.06099753454327583
263,RIGHT_THUMB,0.5326140522956848,0.28731733560562134,0.5196354389190674
263,LEFT_HIP,0.43463677167892456,0.5486752986907959,-0.11040836572647095
263,RIGHT_HIP,0.47993868589401245,0.5621600151062012,0.1099873036146164
263,LEFT_KNEE,0.4474262595176697,0.7027451395988464,-0.038247738033533096
263,RIGHT_KNEE,0.4881983697414398,0.7104000449180603,0.19177323579788208
263,LEFT_ANKLE,0.4606249928474426,0.8365976214408875,-0.1248919740319252
263,RIGHT_ANKLE,0.5110837817192078,0.8477710485458374,0.15163563191890717
263,LEFT_HEEL,0.4648677408695221,0.8523275256156921,-0.1284305304288864
263,RIGHT_HEEL,0.5161120295524597,0.8624199628829956,0.1510118842124939
263,LEFT_FOOT_INDEX,0.45596304535865784,0.876491367816925,-0.17233505845069885
263,RIGHT_FOOT_INDEX,0.5129282474517822,0.8927386403083801,0.1301342397928238
264,NOSE,0.5706483721733093,0.34852829575538635,0.09791526198387146
264,LEFT_EYE_INNER,0.5758991837501526,0.3424064815044403,0.06605826318264008
264,LEFT_EYE,0.5759148001670837,0.3423437178134918,0.06606801599264145
264,LEFT_EYE_OUTER,0.5753903985023499,0.3421216607093811,0.0660439059138298
264,RIGHT_EYE_INNER,0.5803312659263611,0.34377408027648926,0.09973816573619843
264,RIGHT_EYE,0.5826353430747986,0.3445136547088623,0.09969459474086761
264,RIGHT_EYE_OUTER,0.5854331254959106,0.3450496792793274,0.09978142380714417
264,LEFT_EAR,0.5758723020553589,0.3478892743587494,-0.04726061597466469
264,RIGHT_EAR,0.5891513824462891,0.3538626432418823,0.1224653571844101
264,MOUTH_LEFT,0.5655582547187805,0.356065571308136,0.06722409278154373
264,MOUTH_RIGHT,0.5705834627151489,0.3579687774181366,0.103754423558712
264,LEFT_SHOULDER,0.5273215174674988,0.382743775844574,-0.17406770586967468
264,RIGHT_SHOULDER,0.5736433863639832,0.41228705644607544,0.22678644955158234
264,LEFT_ELBOW,0.4569724500179291,0.3378928303718567,-0.11413754522800446
264,RIGHT_ELBOW,0.5037941932678223,0.3862144351005554,0.384367972612381
264,LEFT_WRIST,0.4974547326564789,0.2893754839897156,0.11019901931285858
264,RIGHT_WRIST,0.5080546140670776,0.3053842782974243,0.4767967760562897
264,LEFT_PINKY,0.5061565637588501,0.27765771746635437,0.10905896127223969
264,RIGHT_PINKY,0.5138298869132996,0.29108577966690063,0.5030767321586609
264,LEFT_INDEX,0.5190700888633728,0.2814013957977295,0.11203955113887787
264,RIGHT_INDEX,0.5200340747833252,0.2936079204082489,0.4842487871646881
264,LEFT_THUMB,0.5172983407974243,0.2864706814289093,0.12044860422611237
264,RIGHT_THUMB,0.5206764936447144,0.2988338768482208,0.4700205326080322
264,LEFT_HIP,0.4350315034389496,0.5495429039001465,-0.11690744012594223
264,RIGHT_HIP,0.479909747838974,0.5625572800636292,0.11649151146411896
264,LEFT_KNEE,0.4481651186943054,0.7033394575119019,-0.04309955984354019
264,RIGHT_KNEE,0.48884883522987366,0.7104058265686035,0.205917090177536
264,LEFT_ANKLE,0.4608141779899597,0.8369466066360474,-0.12134639173746109
264,RIGHT_ANKLE,0.5113087892532349,0.8453863859176636,0.19799616932868958
264,LEFT_HEEL,0.46682220697402954,0.8528610467910767,-0.12002710998058319
264,RIGHT_HEEL,0.517288327217102,0.8600199818611145,0.2007579803466797
264,LEFT_FOOT_INDEX,0.4560220241546631,0.8763958215713501,-0.16716720163822174
264,RIGHT_FOOT_INDEX,0.5116780996322632,0.889657199382782,0.17977842688560486
265,NOSE,0.5709905624389648,0.3487938642501831,0.08044474571943283
265,LEFT_EYE_INNER,0.576252281665802,0.34184685349464417,0.04490039125084877
265,LEFT_EYE,0.5761899948120117,0.34135425090789795,0.04490985348820686
265,LEFT_EYE_OUTER,0.5754377245903015,0.3407646119594574,0.04487836733460426
265,RIGHT_EYE_INNER,0.5814171433448792,0.3439114987850189,0.08505626767873764
265,RIGHT_EYE,0.5843057036399841,0.3447794020175934,0.08501987159252167
265,RIGHT_EYE_OUTER,0.5875076055526733,0.3454722464084625,0.08514180779457092
265,LEFT_EAR,0.5758132934570312,0.34623607993125916,-0.06404207646846771
265,RIGHT_EAR,0.5907002687454224,0.3540225625038147,0.11930248886346817
265,MOUTH_LEFT,0.5657166242599487,0.3561685383319855,0.048786286264657974
265,MOUTH_RIGHT,0.5715567469596863,0.35810333490371704,0.09831693023443222
265,LEFT_SHOULDER,0.5295878052711487,0.381955087184906,-0.19076994061470032
265,RIGHT_SHOULDER,0.573976993560791,0.41286325454711914,0.23118248581886292
265,LEFT_ELBOW,0.4551011919975281,0.3409363329410553,-0.1241212710738182
265,RIGHT_ELBOW,0.4961884021759033,0.3845577538013458,0.38970714807510376
265,LEFT_WRIST,0.4988386631011963,0.29356902837753296,0.12241701781749725
265,RIGHT_WRIST,0.5014184713363647,0.3083122670650482,0.4808564782142639
265,LEFT_PINKY,0.5081769824028015,0.2808606028556824,0.12412885576486588
265,RIGHT_PINKY,0.5105018019676208,0.2938290238380432,0.5095194578170776
265,LEFT_INDEX,0.5203964710235596,0.2849263846874237,0.12483707815408707
265,RIGHT_INDEX,0.5081090927124023,0.3006928265094757,0.49239903688430786
265,LEFT_THUMB,0.518363893032074,0.28992655873298645,0.13170447945594788
265,RIGHT_THUMB,0.5150554180145264,0.3015970289707184,0.4749837815761566
265,LEFT_HIP,0.43558159470558167,0.5495790243148804,-0.12523852288722992
265,RIGHT_HIP,0.4798003137111664,0.562608003616333,0.12486124038696289
265,LEFT_KNEE,0.4490773677825928,0.704299807548523,-0.0418284609913826
265,RIGHT_KNEE,0.48885756731033325,0.7104080319404602,0.22139468789100647
265,LEFT_ANKLE,0.4608910083770752,0.8373144268989563,-0.121568962931633
265,RIGHT_ANKLE,0.5112890601158142,0.8444282412528992,0.19492793083190918
265,LEFT_HEEL,0.46838289499282837,0.8531984090805054,-0.12368083000183105
265,RIGHT_HEEL,0.517763614654541,0.8588292002677917,0.19573913514614105
265,LEFT_FOOT_INDEX,0.4565733075141907,0.8767188787460327,-0.1698828935623169
265,RIGHT_FOOT_INDEX,0.5084401965141296,0.889072060585022,0.17437578737735748
266,NOSE,0.5709319710731506,0.3453735113143921,0.014419826678931713
266,LEFT_EYE_INNER,0.5765587091445923,0.33866646885871887,-0.017513729631900787
266,LEFT_EYE,0.5763782262802124,0.3383067548274994,-0.017519760876893997
266,LEFT_EYE_OUTER,0.5755766034126282,0.33793529868125916,-0.017554543912410736
266,RIGHT_EYE_INNER,0.5815643072128296,0.3404649496078491,0.02361881546676159
266,RIGHT_EYE,0.5843385457992554,0.3413577377796173,0.02360057272017002
266,RIGHT_EYE_OUTER,0.5875140428543091,0.34228986501693726,0.023747317492961884
266,LEFT_EAR,0.5759438276290894,0.34507694840431213,-0.10502471029758453
266,RIGHT_EAR,0.5906703472137451,0.35195061564445496,0.08007240295410156
266,MOUTH_LEFT,0.5652679204940796,0.35333341360092163,-0.010061254724860191
266,MOUTH_RIGHT,0.5712062120437622,0.3556526303291321,0.04212900623679161
266,LEFT_SHOULDER,0.5303717851638794,0.38188156485557556,-0.2250872552394867
266,RIGHT_SHOULDER,0.5737234354019165,0.4121397137641907,0.22125470638275146
266,LEFT_ELBOW,0.4471290111541748,0.342634916305542,-0.1633814573287964
266,RIGHT_ELBOW,0.4997327923774719,0.38577309250831604,0.38322341442108154
266,LEFT_WRIST,0.49660539627075195,0.29420480132102966,0.12006033957004547
266,RIGHT_WRIST,0.5045655369758606,0.3062639832496643,0.4576682150363922
266,LEFT_PINKY,0.5074564218521118,0.28251129388809204,0.11924461275339127
266,RIGHT_PINKY,0.513668954372406,0.2936825752258301,0.4871888756752014
266,LEFT_INDEX,0.5191465616226196,0.2883639335632324,0.1232094019651413
266,RIGHT_INDEX,0.5147743821144104,0.298866331577301,0.46906429529190063
266,LEFT_THUMB,0.5168615579605103,0.29401299357414246,0.12281755357980728
266,RIGHT_THUMB,0.5180479288101196,0.3028557598590851,0.4511459767818451
266,LEFT_HIP,0.43649163842201233,0.549656867980957,-0.1315654218196869
266,RIGHT_HIP,0.4792068600654602,0.5626479387283325,0.13132774829864502
266,LEFT_KNEE,0.45097607374191284,0.7055647373199463,-0.04816049709916115
266,RIGHT_KNEE,0.48781800270080566,0.7104544043540955,0.21136195957660675
266,LEFT_ANKLE,0.4645259976387024,0.8384968638420105,-0.1205616220831871
266,RIGHT_ANKLE,0.509148120880127,0.8444777727127075,0.19151011109352112
266,LEFT_HEEL,0.47544169425964355,0.8517934679985046,-0.12099580466747284
266,RIGHT_HEEL,0.517134964466095,0.8589507341384888,0.1925271451473236
266,LEFT_FOOT_INDEX,0.4600771963596344,0.8780714273452759,-0.1585884839296341
266,RIGHT_FOOT_INDEX,0.4967647194862366,0.8917056322097778,0.16921381652355194
267,NOSE,0.5703911185264587,0.3451875150203705,0.03607160225510597
267,LEFT_EYE_INNER,0.5763019323348999,0.33799421787261963,0.018451575189828873
267,LEFT_EYE,0.575771689414978,0.33744603395462036,0.01847969926893711
267,LEFT_EYE_OUTER,0.5747586488723755,0.3368982970714569,0.018487200140953064
267,RIGHT_EYE_INNER,0.5812962651252747,0.3402706980705261,0.04068577289581299
267,RIGHT_EYE,0.5839357972145081,0.34130918979644775,0.04060491546988487
267,RIGHT_EYE_OUTER,0.5868974328041077,0.3424050509929657,0.040737465023994446
267,LEFT_EAR,0.5755470991134644,0.3439820110797882,-0.0761890858411789
267,RIGHT_EAR,0.5903106927871704,0.35181766748428345,0.0967651829123497
267,MOUTH_LEFT,0.5647748708724976,0.352701872587204,0.019757959991693497
267,MOUTH_RIGHT,0.5706223845481873,0.3558318018913269,0.05138201639056206
267,LEFT_SHOULDER,0.5299578905105591,0.3798675239086151,-0.19894221425056458
267,RIGHT_SHOULDER,0.5741398334503174,0.41247352957725525,0.23375093936920166
267,LEFT_ELBOW,0.44869309663772583,0.34784752130508423,-0.14647474884986877
267,RIGHT_ELBOW,0.5082103610038757,0.40439504384994507,0.42627763748168945
267,LEFT_WRIST,0.4965914785861969,0.29504457116127014,0.11598338186740875
267,RIGHT_WRIST,0.5055155754089355,0.3100115656852722,0.5642791986465454
267,LEFT_PINKY,0.5066916942596436,0.28126606345176697,0.11150240898132324
267,RIGHT_PINKY,0.5156459212303162,0.30235975980758667,0.6024112105369568
267,LEFT_INDEX,0.5181299448013306,0.28633400797843933,0.11104214191436768
267,RIGHT_INDEX,0.517667293548584,0.29981687664985657,0.5861109495162964
267,LEFT_THUMB,0.5156229734420776,0.2926235795021057,0.11600792407989502
267,RIGHT_THUMB,0.5195533633232117,0.3048562705516815,0.5597756505012512
267,LEFT_HIP,0.4364323616027832,0.5496969819068909,-0.12677715718746185
267,RIGHT_HIP,0.4795454144477844,0.5628131628036499,0.1263924539089203
267,LEFT_KNEE,0.45091333985328674,0.7057755589485168,-0.046259500086307526
267,RIGHT_KNEE,0.488475501537323,0.7105560302734375,0.2174760103225708
267,LEFT_ANKLE,0.4640868604183197,0.8385465741157532,-0.12894214689731598
267,RIGHT_ANKLE,0.510057270526886,0.8445134162902832,0.18227820098400116
267,LEFT_HEEL,0.4718257784843445,0.8522262573242188,-0.13177490234375
267,RIGHT_HEEL,0.5178698897361755,0.8590478897094727,0.1822456568479538
267,LEFT_FOOT_INDEX,0.4582206606864929,0.8778771162033081,-0.169880211353302
267,RIGHT_FOOT_INDEX,0.49895405769348145,0.8912664651870728,0.16494408249855042
268,NOSE,0.5706804990768433,0.34497374296188354,0.05815653130412102
268,LEFT_EYE_INNER,0.5763767957687378,0.3372661769390106,0.025515004992485046
268,LEFT_EYE,0.5758845806121826,0.3365519344806671,0.02551494911313057
268,LEFT_EYE_OUTER,0.5748774409294128,0.3358593285083771,0.0254824198782444
268,RIGHT_EYE_INNER,0.5815118551254272,0.33991628885269165,0.06248079985380173
268,RIGHT_EYE,0.5841750502586365,0.3410550057888031,0.062439870089292526
268,RIGHT_EYE_OUTER,0.5870925188064575,0.34231996536254883,0.06255172938108444
268,LEFT_EAR,0.575505793094635,0.3427914083003998,-0.08275028318166733
268,RIGHT_EAR,0.5903118848800659,0.3518179655075073,0.10133622586727142
268,MOUTH_LEFT,0.5648397207260132,0.35249119997024536,0.029301336035132408
268,MOUTH_RIGHT,0.5706493854522705,0.3560298979282379,0.0760086253285408
268,LEFT_SHOULDER,0.5299901962280273,0.37887102365493774,-0.20819535851478577
268,RIGHT_SHOULDER,0.574301540851593,0.4120238423347473,0.23198585212230682
268,LEFT_ELBOW,0.4487478733062744,0.35160011053085327,-0.15815705060958862
268,RIGHT_ELBOW,0.5085471868515015,0.40891361236572266,0.42806071043014526
268,LEFT_WRIST,0.4961843490600586,0.29712843894958496,0.08991693705320358
268,RIGHT_WRIST,0.5078281164169312,0.3140404224395752,0.5682841539382935
268,LEFT_PINKY,0.5057562589645386,0.2863318622112274,0.0924365296959877
268,RIGHT_PINKY,0.5164536237716675,0.30250388383865356,0.6083068251609802
268,LEFT_INDEX,0.5175337791442871,0.2913057506084442,0.09367027133703232
268,RIGHT_INDEX,0.5199607610702515,0.30370962619781494,0.592025876045227
268,LEFT_THUMB,0.514882504940033,0.29677996039390564,0.09726817905902863
268,RIGHT_THUMB,0.5196739435195923,0.3079887926578522,0.5640305876731873
268,LEFT_HIP,0.43647193908691406,0.5497889518737793,-0.13246703147888184
268,RIGHT_HIP,0.4795699715614319,0.5628445744514465,0.13207751512527466
268,LEFT_KNEE,0.4507908821105957,0.7057368755340576,-0.05264253169298172
268,RIGHT_KNEE,0.4884881377220154,0.7104541063308716,0.22724679112434387
268,LEFT_ANKLE,0.4637186527252197,0.838522732257843,-0.13434496521949768
268,RIGHT_ANKLE,0.5100885033607483,0.844206690788269,0.19377973675727844
268,LEFT_HEEL,0.47119030356407166,0.8524029850959778,-0.13745740056037903
268,RIGHT_HEEL,0.5180050730705261,0.8587014079093933,0.1939508467912674
268,LEFT_FOOT_INDEX,0.45634645223617554,0.8773142695426941,-0.17868177592754364
268,RIGHT_FOOT_INDEX,0.5000250935554504,0.8878599405288696,0.17895565927028656
269,NOSE,0.5707228183746338,0.34474968910217285,0.08253432810306549
269,LEFT_EYE_INNER,0.5765769481658936,0.33719849586486816,0.04249159246683121
269,LEFT_EYE,0.5759560465812683,0.33643630146980286,0.042497970163822174
269,LEFT_EYE_OUTER,0.5748339891433716,0.3356967568397522,0.04245154559612274
269,RIGHT_EYE_INNER,0.5816053748130798,0.3399132192134857,0.08502312004566193
269,RIGHT_EYE,0.5842095017433167,0.3410645127296448,0.08500301837921143
269,RIGHT_EYE_OUTER,0.5870947241783142,0.34237322211265564,0.08513880521059036
269,LEFT_EAR,0.5751539468765259,0.3425256013870239,-0.07565786689519882
269,RIGHT_EAR,0.5902173519134521,0.3518216013908386,0.11688367277383804
269,MOUTH_LEFT,0.5648238658905029,0.35206639766693115,0.04829416051506996
269,MOUTH_RIGHT,0.5706383585929871,0.3560100197792053,0.10157237201929092
269,LEFT_SHOULDER,0.5288139581680298,0.37808957695961,-0.19604893028736115
269,RIGHT_SHOULDER,0.5742623805999756,0.41191262006759644,0.24168595671653748
269,LEFT_ELBOW,0.4432041049003601,0.35607558488845825,-0.14605829119682312
269,RIGHT_ELBOW,0.5056011080741882,0.41490620374679565,0.4247213900089264
269,LEFT_WRIST,0.4951108396053314,0.2980842590332031,0.09827406704425812
269,RIGHT_WRIST,0.504219114780426,0.31642088294029236,0.557765007019043
269,LEFT_PINKY,0.5042434930801392,0.28633037209510803,0.10134229809045792
269,RIGHT_PINKY,0.5157333612442017,0.30286532640457153,0.5975740551948547
269,LEFT_INDEX,0.5165731310844421,0.29186108708381653,0.10591636598110199
269,RIGHT_INDEX,0.5199965834617615,0.30532747507095337,0.5832847356796265
269,LEFT_THUMB,0.5140302181243896,0.2976524531841278,0.10872037708759308
269,RIGHT_THUMB,0.5182669758796692,0.309466689825058,0.5544735193252563
269,LEFT_HIP,0.43651169538497925,0.5498422384262085,-0.13104364275932312
269,RIGHT_HIP,0.4797526001930237,0.5628700256347656,0.13067665696144104
269,LEFT_KNEE,0.450702428817749,0.7057939171791077,-0.05192539840936661
269,RIGHT_KNEE,0.4885784089565277,0.7104610204696655,0.2360902577638626
269,LEFT_ANKLE,0.4636135995388031,0.8384860157966614,-0.13368847966194153
269,RIGHT_ANKLE,0.5105500817298889,0.8435989618301392,0.20715562999248505
269,LEFT_HEEL,0.47004762291908264,0.8524209856987,-0.1365453600883484
269,RIGHT_HEEL,0.5182884335517883,0.8580476641654968,0.20814278721809387
269,LEFT_FOOT_INDEX,0.4555813670158386,0.8763847351074219,-0.16895678639411926
269,RIGHT_FOOT_INDEX,0.5010485649108887,0.8878651857376099,0.19469952583312988
270,NOSE,0.5708733797073364,0.3447701930999756,0.04121536761522293
270,LEFT_EYE_INNER,0.5771987438201904,0.33719170093536377,0.0058187032118439674
270,LEFT_EYE,0.5765396356582642,0.33651870489120483,0.0058125280775129795
270,LEFT_EYE_OUTER,0.5754233598709106,0.33586281538009644,0.005771805997937918
270,RIGHT_EYE_INNER,0.5820144414901733,0.33955925703048706,0.04772346466779709
270,RIGHT_EYE,0.5845047235488892,0.340562105178833,0.047689538449048996
270,RIGHT_EYE_OUTER,0.5872499942779541,0.3417418599128723,0.047811806201934814
270,LEFT_EAR,0.5761483907699585,0.3427201807498932,-0.09630460292100906
270,RIGHT_EAR,0.5904300212860107,0.35180070996284485,0.09231589734554291
270,MOUTH_LEFT,0.5649491548538208,0.3522709310054779,0.01194989774376154
270,MOUTH_RIGHT,0.5706310868263245,0.35607388615608215,0.06514836847782135
270,LEFT_SHOULDER,0.5287589430809021,0.3781920075416565,-0.21908637881278992
270,RIGHT_SHOULDER,0.5748047828674316,0.4122527241706848,0.2383999526500702
270,LEFT_ELBOW,0.4434105455875397,0.3582198917865753,-0.18144479393959045
270,RIGHT_ELBOW,0.5066443681716919,0.41079312562942505,0.4138485789299011
270,LEFT_WRIST,0.49417200684547424,0.2985250949859619,0.05143975466489792
270,RIGHT_WRIST,0.5053390860557556,0.314806193113327,0.5427759885787964
270,LEFT_PINKY,0.5021844506263733,0.28596583008766174,0.04972181096673012
270,RIGHT_PINKY,0.5149165987968445,0.3023279309272766,0.5791506767272949
270,LEFT_INDEX,0.5146824717521667,0.2911069393157959,0.05182097479701042
270,RIGHT_INDEX,0.5203512907028198,0.30422836542129517,0.563910722732544
270,LEFT_THUMB,0.5124087929725647,0.2969362139701843,0.060494281351566315
270,RIGHT_THUMB,0.5174592137336731,0.3090682625770569,0.5388677716255188
270,LEFT_HIP,0.4366588592529297,0.5501745939254761,-0.13225576281547546
270,RIGHT_HIP,0.4797572195529938,0.5628902912139893,0.13194945454597473
270,LEFT_KNEE,0.4507119655609131,0.7057716250419617,-0.04954511299729347
270,RIGHT_KNEE,0.48854368925094604,0.7103993892669678,0.22468164563179016
270,LEFT_ANKLE,0.46337229013442993,0.8382142782211304,-0.10291755199432373
270,RIGHT_ANKLE,0.510513424873352,0.8439757227897644,0.2152169644832611
270,LEFT_HEEL,0.46983757615089417,0.8523727655410767,-0.10254628956317902
270,RIGHT_HEEL,0.5186085104942322,0.8581153750419617,0.21786494553089142
270,LEFT_FOOT_INDEX,0.45596781373023987,0.8758573532104492,-0.1407502293586731
270,RIGHT_FOOT_INDEX,0.5011587738990784,0.8880499601364136,0.19784007966518402
271,NOSE,0.570167601108551,0.34162285923957825,-0.007056192960590124
271,LEFT_EYE_INNER,0.5772568583488464,0.33573243021965027,-0.03587896749377251
271,LEFT_EYE,0.5769057273864746,0.3356550335884094,-0.035903822630643845
271,LEFT_EYE_OUTER,0.5764285326004028,0.335530161857605,-0.035960983484983444
271,RIGHT_EYE_INNER,0.5813711881637573,0.3365001082420349,0.005719880107790232
271,RIGHT_EYE,0.5832456350326538,0.33703818917274475,0.005687730386853218
271,RIGHT_EYE_OUTER,0.5851827263832092,0.33772727847099304,0.005821770988404751
271,LEFT_EAR,0.5783862471580505,0.34277284145355225,-0.11292723566293716
271,RIGHT_EAR,0.5892105102539062,0.3490167260169983,0.07333008199930191
271,MOUTH_LEFT,0.5646700859069824,0.35074132680892944,-0.02806796133518219
271,MOUTH_RIGHT,0.56806480884552,0.35203224420547485,0.02467907778918743
271,LEFT_SHOULDER,0.5292340517044067,0.37827202677726746,-0.22673514485359192
271,RIGHT_SHOULDER,0.5745620131492615,0.4122246205806732,0.23454108834266663
271,LEFT_ELBOW,0.44350942969322205,0.35994789004325867,-0.1766137182712555
271,RIGHT_ELBOW,0.5049297213554382,0.4064164161682129,0.41235342621803284
271,LEFT_WRIST,0.4925808310508728,0.30087268352508545,0.06134243682026863
271,RIGHT_WRIST,0.504836916923523,0.3148575723171234,0.5154286623001099
271,LEFT_PINKY,0.5002727508544922,0.28789615631103516,0.06248018890619278
271,RIGHT_PINKY,0.5134987831115723,0.30231472849845886,0.5468489527702332
271,LEFT_INDEX,0.5135321021080017,0.2932661175727844,0.06452588737010956
271,RIGHT_INDEX,0.5207152366638184,0.30597662925720215,0.5298369526863098
271,LEFT_THUMB,0.5111401677131653,0.29907459020614624,0.0695534199476242
271,RIGHT_THUMB,0.5175255537033081,0.3100515305995941,0.5096399784088135
271,LEFT_HIP,0.4369634687900543,0.5502004027366638,-0.135939821600914
271,RIGHT_HIP,0.47929149866104126,0.5624392628669739,0.13571862876415253
271,LEFT_KNEE,0.45075973868370056,0.7057686448097229,-0.05932913348078728
271,RIGHT_KNEE,0.48823317885398865,0.7102726101875305,0.21472454071044922
271,LEFT_ANKLE,0.46391868591308594,0.8381847143173218,-0.09943686425685883
271,RIGHT_ANKLE,0.5106656551361084,0.8439397811889648,0.20897606015205383
271,LEFT_HEEL,0.4755186438560486,0.8534734845161438,-0.09910532832145691
271,RIGHT_HEEL,0.519113302230835,0.8579521179199219,0.2117590457201004
271,LEFT_FOOT_INDEX,0.4559907913208008,0.8752089738845825,-0.14285819232463837
271,RIGHT_FOOT_INDEX,0.49872320890426636,0.8874608278274536,0.18830808997154236
272,NOSE,0.5683230757713318,0.33465564250946045,-0.02347453311085701
272,LEFT_EYE_INNER,0.5771321654319763,0.3313879370689392,-0.05237262696027756
272,LEFT_EYE,0.5769470930099487,0.33196350932121277,-0.052396923303604126
272,LEFT_EYE_OUTER,0.5765812397003174,0.3325353264808655,-0.05246875807642937
272,RIGHT_EYE_INNER,0.5794734954833984,0.3310844898223877,-0.010476156137883663
272,RIGHT_EYE,0.5807216763496399,0.33151084184646606,-0.010502583347260952
272,RIGHT_EYE_OUTER,0.581940770149231,0.33202385902404785,-0.010364340618252754
272,LEFT_EAR,0.579584538936615,0.3425913453102112,-0.12702521681785583
272,RIGHT_EAR,0.587188184261322,0.3443293869495392,0.06070733815431595
272,MOUTH_LEFT,0.5630154013633728,0.3450765609741211,-0.04401804134249687
272,MOUTH_RIGHT,0.5641846060752869,0.3448001444339752,0.009235317818820477
272,LEFT_SHOULDER,0.5302374958992004,0.37836936116218567,-0.23842167854309082
272,RIGHT_SHOULDER,0.5722544193267822,0.4107147753238678,0.21934528648853302
272,LEFT_ELBOW,0.44210171699523926,0.36131197214126587,-0.18292644619941711
272,RIGHT_ELBOW,0.5045692324638367,0.40530523657798767,0.40354427695274353
272,LEFT_WRIST,0.491707980632782,0.30422908067703247,0.06761331856250763
272,RIGHT_WRIST,0.5056697726249695,0.3177355229854584,0.5081660151481628
272,LEFT_PINKY,0.4987982213497162,0.29038888216018677,0.0634399950504303
272,RIGHT_PINKY,0.5141109824180603,0.3060167729854584,0.5384224653244019
272,LEFT_INDEX,0.5130964517593384,0.29628056287765503,0.0693717747926712
272,RIGHT_INDEX,0.5212292075157166,0.30924105644226074,0.5220199823379517
272,LEFT_THUMB,0.5109826922416687,0.302640438079834,0.07401041686534882
272,RIGHT_THUMB,0.5178448557853699,0.31321778893470764,0.5026187300682068
272,LEFT_HIP,0.43725213408470154,0.5507022142410278,-0.13767755031585693
272,RIGHT_HIP,0.47767895460128784,0.5623942017555237,0.13756145536899567
272,LEFT_KNEE,0.4519346356391907,0.706316351890564,-0.07407759130001068
272,RIGHT_KNEE,0.4870471954345703,0.7102124691009521,0.1938653290271759
272,LEFT_ANKLE,0.4677654802799225,0.8392330408096313,-0.08686492592096329
272,RIGHT_ANKLE,0.5106595754623413,0.8440309762954712,0.21035976707935333
272,LEFT_HEEL,0.48473554849624634,0.8543699383735657,-0.0842888355255127
272,RIGHT_HEEL,0.5199394226074219,0.8579936027526855,0.21448655426502228
272,LEFT_FOOT_INDEX,0.45849379897117615,0.875200629234314,-0.12867718935012817
272,RIGHT_FOOT_INDEX,0.4983993172645569,0.8875852823257446,0.18858298659324646
273,NOSE,0.5683940052986145,0.3359777331352234,-0.0003035104018636048
273,LEFT_EYE_INNER,0.5775774717330933,0.33205968141555786,-0.03427128493785858
273,LEFT_EYE,0.5773491859436035,0.3324461877346039,-0.03429589420557022
273,LEFT_EYE_OUTER,0.5769213438034058,0.3328774571418762,-0.034360457211732864
273,RIGHT_EYE_INNER,0.5799652934074402,0.33226025104522705,0.009426353499293327
273,RIGHT_EYE,0.5812541246414185,0.3328177332878113,0.009393315762281418
273,RIGHT_EYE_OUTER,0.5825006365776062,0.3335070312023163,0.00951862521469593
273,LEFT_EAR,0.5795761942863464,0.3426942229270935,-0.12787877023220062
273,RIGHT_EAR,0.5876095294952393,0.34520143270492554,0.06852994859218597
273,MOUTH_LEFT,0.5630730986595154,0.345441997051239,-0.026808520779013634
273,MOUTH_RIGHT,0.564552903175354,0.34603235125541687,0.02869270369410515
273,LEFT_SHOULDER,0.5302339792251587,0.37833157181739807,-0.23859266936779022
273,RIGHT_SHOULDER,0.5723044872283936,0.41066592931747437,0.21913199126720428
273,LEFT_ELBOW,0.4430913031101227,0.3649091124534607,-0.16974414885044098
273,RIGHT_ELBOW,0.5070565938949585,0.40634584426879883,0.4158248007297516
273,LEFT_WRIST,0.4896000921726227,0.3080989420413971,0.10892926156520844
273,RIGHT_WRIST,0.5048938393592834,0.3201327621936798,0.5355807542800903
273,LEFT_PINKY,0.4947628974914551,0.2944386303424835,0.11099027097225189
273,RIGHT_PINKY,0.5126617550849915,0.30819451808929443,0.5690714120864868
273,LEFT_INDEX,0.5099123120307922,0.2993742823600769,0.10741560161113739
273,RIGHT_INDEX,0.5204325914382935,0.30986422300338745,0.5476318597793579
273,LEFT_THUMB,0.5091397166252136,0.3056811988353729,0.11641477048397064
273,RIGHT_THUMB,0.5177270174026489,0.31372326612472534,0.5285485982894897
273,LEFT_HIP,0.4370906949043274,0.5529823303222656,-0.14101478457450867
273,RIGHT_HIP,0.4776662290096283,0.5624892115592957,0.14080604910850525
273,LEFT_KNEE,0.45183658599853516,0.7066103219985962,-0.06907843798398972
273,RIGHT_KNEE,0.4874998927116394,0.7102066874504089,0.20951923727989197
273,LEFT_ANKLE,0.46676260232925415,0.8395347595214844,-0.09203000366687775
273,RIGHT_ANKLE,0.5115796327590942,0.8434484601020813,0.22853514552116394
273,LEFT_HEEL,0.4840219020843506,0.8563679456710815,-0.09139810502529144
273,RIGHT_HEEL,0.5205339193344116,0.8575395345687866,0.2334684580564499
273,LEFT_FOOT_INDEX,0.4528326988220215,0.8748321533203125,-0.13483908772468567
273,RIGHT_FOOT_INDEX,0.49908989667892456,0.8850064277648926,0.21815483272075653
274,NOSE,0.5687100887298584,0.33683452010154724,0.016879906877875328
274,LEFT_EYE_INNER,0.5776001214981079,0.33223864436149597,-0.017799459397792816
274,LEFT_EYE,0.5773588418960571,0.33255240321159363,-0.017810605466365814
274,LEFT_EYE_OUTER,0.5767719745635986,0.332935631275177,-0.01786416582763195
274,RIGHT_EYE_INNER,0.580619215965271,0.33281517028808594,0.024442344903945923
274,RIGHT_EYE,0.582251250743866,0.33361467719078064,0.02440827526152134
274,RIGHT_EYE_OUTER,0.5839515924453735,0.3347116708755493,0.024532075971364975
274,LEFT_EAR,0.5782449245452881,0.3427887558937073,-0.12196826934814453
274,RIGHT_EAR,0.5882560610771179,0.34665074944496155,0.06985963135957718
274,MOUTH_LEFT,0.5631070733070374,0.3462357819080353,-0.012461674399673939
274,MOUTH_RIGHT,0.5649775862693787,0.347960501909256,0.04143905267119408
274,LEFT_SHOULDER,0.5294655561447144,0.378295361995697,-0.23029610514640808
274,RIGHT_SHOULDER,0.5749649405479431,0.4111348092556,0.20305636525154114
274,LEFT_ELBOW,0.4434230327606201,0.36886781454086304,-0.17543628811836243
274,RIGHT_ELBOW,0.5279868841171265,0.4095953404903412,0.4375392496585846
274,LEFT_WRIST,0.4897572994232178,0.3109319806098938,0.05020936578512192
274,RIGHT_WRIST,0.5196582078933716,0.32629936933517456,0.6257750988006592
274,LEFT_PINKY,0.494999498128891,0.29702624678611755,0.050195418298244476
274,RIGHT_PINKY,0.5279790163040161,0.31493616104125977,0.6690803170204163
274,LEFT_INDEX,0.5096770524978638,0.30150723457336426,0.04458485171198845
274,RIGHT_INDEX,0.5306665897369385,0.3162629306316376,0.6502490639686584
274,LEFT_THUMB,0.5089026689529419,0.30769410729408264,0.05585632473230362
274,RIGHT_THUMB,0.5274032354354858,0.319442480802536,0.6218699812889099
274,LEFT_HIP,0.43661394715309143,0.5541327595710754,-0.1375560462474823
274,RIGHT_HIP,0.4789343774318695,0.5625810623168945,0.13729411363601685
274,LEFT_KNEE,0.45143502950668335,0.7065913677215576,-0.06586486846208572
274,RIGHT_KNEE,0.4889150559902191,0.7096298336982727,0.22472870349884033
274,LEFT_ANKLE,0.46212953329086304,0.8389073610305786,-0.11107232421636581
274,RIGHT_ANKLE,0.5141986608505249,0.8417905569076538,0.21824419498443604
274,LEFT_HEEL,0.4778711199760437,0.8554433584213257,-0.11161956936120987
274,RIGHT_HEEL,0.5224205255508423,0.8526395559310913,0.2212546318769455
274,LEFT_FOOT_INDEX,0.4475829601287842,0.8734725117683411,-0.15122878551483154
274,RIGHT_FOOT_INDEX,0.5044369697570801,0.8807852864265442,0.20876307785511017
275,NOSE,0.5684123039245605,0.33737996220588684,0.018120888620615005
275,LEFT_EYE_INNER,0.5773433446884155,0.3325946629047394,-0.01610678806900978
275,LEFT_EYE,0.5769954323768616,0.33282071352005005,-0.01611296460032463
275,LEFT_EYE_OUTER,0.5763301253318787,0.33313021063804626,-0.01616557501256466
275,RIGHT_EYE_INNER,0.5805469751358032,0.3332887291908264,0.026280248537659645
275,RIGHT_EYE,0.5822380185127258,0.3340640068054199,0.02624780312180519
275,RIGHT_EYE_OUTER,0.5839633345603943,0.33513322472572327,0.026377329602837563
275,LEFT_EAR,0.577511191368103,0.34267398715019226,-0.11731761693954468
275,RIGHT_EAR,0.5881752967834473,0.3468855917453766,0.072941854596138
275,MOUTH_LEFT,0.5623611211776733,0.34658533334732056,-0.011309703812003136
275,MOUTH_RIGHT,0.5648238062858582,0.34829550981521606,0.04269327595829964
275,LEFT_SHOULDER,0.5288861989974976,0.37782683968544006,-0.22683076560497284
275,RIGHT_SHOULDER,0.5754173398017883,0.4111470580101013,0.20521238446235657
275,LEFT_ELBOW,0.4435381293296814,0.3709142506122589,-0.18179330229759216
275,RIGHT_ELBOW,0.528372585773468,0.4099957048892975,0.44901448488235474
275,LEFT_WRIST,0.4896458089351654,0.3105536997318268,0.04124082997441292
275,RIGHT_WRIST,0.5214428305625916,0.32839539647102356,0.6382790803909302
275,LEFT_PINKY,0.49443966150283813,0.29645681381225586,0.04246890917420387
275,RIGHT_PINKY,0.5272797346115112,0.31611570715904236,0.6829918622970581
275,LEFT_INDEX,0.5092760324478149,0.30080386996269226,0.03794638812541962
275,RIGHT_INDEX,0.530425488948822,0.31746479868888855,0.6673860549926758
275,LEFT_THUMB,0.5084854960441589,0.30697101354599,0.04736953228712082
275,RIGHT_THUMB,0.5271684527397156,0.32032352685928345,0.6356788873672485
275,LEFT_HIP,0.436605304479599,0.5543366074562073,-0.13659979403018951
275,RIGHT_HIP,0.4793407917022705,0.5625109076499939,0.1362830400466919
275,LEFT_KNEE,0.4513992667198181,0.706579327583313,-0.06315363943576813
275,RIGHT_KNEE,0.490184485912323,0.7096403241157532,0.22148379683494568
275,LEFT_ANKLE,0.45945829153060913,0.8388493657112122,-0.12243127822875977
275,RIGHT_ANKLE,0.5157471299171448,0.8420170545578003,0.21395179629325867
275,LEFT_HEEL,0.47668856382369995,0.8555787205696106,-0.12395840883255005
275,RIGHT_HEEL,0.5246900320053101,0.8555215001106262,0.2173198014497757
275,LEFT_FOOT_INDEX,0.44563454389572144,0.8722713589668274,-0.1656152456998825
275,RIGHT_FOOT_INDEX,0.508701503276825,0.8810759782791138,0.1993362456560135
276,NOSE,0.5683833360671997,0.33783087134361267,0.0462997630238533
276,LEFT_EYE_INNER,0.5772820711135864,0.33275189995765686,0.008166814222931862
276,LEFT_EYE,0.5768078565597534,0.33299753069877625,0.0081659946590662
276,LEFT_EYE_OUTER,0.576003909111023,0.3333019018173218,0.008097156882286072
276,RIGHT_EYE_INNER,0.5806188583374023,0.3334198594093323,0.05084501579403877
276,RIGHT_EYE,0.5823009014129639,0.3342219591140747,0.05081748217344284
276,RIGHT_EYE_OUTER,0.5840157866477966,0.33532124757766724,0.050938259810209274
276,LEFT_EAR,0.577175498008728,0.34258028864860535,-0.10743645578622818
276,RIGHT_EAR,0.5881842374801636,0.34711119532585144,0.08609507977962494
276,MOUTH_LEFT,0.5622226595878601,0.34693241119384766,0.012878445908427238
276,MOUTH_RIGHT,0.5649982690811157,0.3487256169319153,0.06716873496770859
276,LEFT_SHOULDER,0.5287250280380249,0.3768938481807709,-0.22342777252197266
276,RIGHT_SHOULDER,0.5758852958679199,0.4115239083766937,0.22010537981987
276,LEFT_ELBOW,0.4424715042114258,0.373467355966568,-0.1638202965259552
276,RIGHT_ELBOW,0.5227886438369751,0.4173489212989807,0.43550747632980347
276,LEFT_WRIST,0.4887293875217438,0.31322622299194336,0.10209296643733978
276,RIGHT_WRIST,0.5117622017860413,0.33075615763664246,0.5951676368713379
276,LEFT_PINKY,0.4952471852302551,0.2994314432144165,0.10966616868972778
276,RIGHT_PINKY,0.5195149779319763,0.31682637333869934,0.6332796812057495
276,LEFT_INDEX,0.5095945000648499,0.3031522333621979,0.1077699214220047
276,RIGHT_INDEX,0.5254025459289551,0.3180205821990967,0.6167773008346558
276,LEFT_THUMB,0.5084761381149292,0.3096308708190918,0.11091630160808563
276,RIGHT_THUMB,0.5224093198776245,0.3217574954032898,0.5912858247756958
276,LEFT_HIP,0.4365990161895752,0.5540822744369507,-0.1385011523962021
276,RIGHT_HIP,0.4809640347957611,0.5624452829360962,0.13823117315769196
276,LEFT_KNEE,0.45137882232666016,0.7062743306159973,-0.0677221268415451
276,RIGHT_KNEE,0.49095478653907776,0.7096686959266663,0.2195618599653244
276,LEFT_ANKLE,0.458304226398468,0.8405604362487793,-0.14074133336544037
276,RIGHT_ANKLE,0.5186772346496582,0.8452590703964233,0.2049969732761383
276,LEFT_HEEL,0.4745218753814697,0.8608086705207825,-0.14370621740818024
276,RIGHT_HEEL,0.5269373059272766,0.8621138334274292,0.20694053173065186
276,LEFT_FOOT_INDEX,0.44556012749671936,0.8723026514053345,-0.18812817335128784
276,RIGHT_FOOT_INDEX,0.5099402666091919,0.8812475204467773,0.19867739081382751
277,NOSE,0.5687605738639832,0.33813437819480896,0.055899787694215775
277,LEFT_EYE_INNER,0.5773930549621582,0.3329845070838928,0.01717657968401909
277,LEFT_EYE,0.576819658279419,0.3330758213996887,0.01717875897884369
277,LEFT_EYE_OUTER,0.5759329199790955,0.33319610357284546,0.01711728610098362
277,RIGHT_EYE_INNER,0.5813614130020142,0.33383098244667053,0.057641368359327316
277,RIGHT_EYE,0.583219587802887,0.3346310555934906,0.057609040290117264
277,RIGHT_EYE_OUTER,0.5850218534469604,0.33571070432662964,0.057718079537153244
277,LEFT_EAR,0.576606273651123,0.34156638383865356,-0.10011640936136246
277,RIGHT_EAR,0.5885021686553955,0.3471818268299103,0.08612166345119476
277,MOUTH_LEFT,0.5623752474784851,0.34673959016799927,0.02247627079486847
277,MOUTH_RIGHT,0.5660619139671326,0.34891194105148315,0.07379119843244553
277,LEFT_SHOULDER,0.5284572243690491,0.37482568621635437,-0.22124934196472168
277,RIGHT_SHOULDER,0.5765790939331055,0.41144949197769165,0.21959605813026428
277,LEFT_ELBOW,0.4419969916343689,0.3757960796356201,-0.15770718455314636
277,RIGHT_ELBOW,0.519490659236908,0.4199455678462982,0.41690492630004883
277,LEFT_WRIST,0.4868756830692291,0.31545430421829224,0.10868874937295914
277,RIGHT_WRIST,0.5055185556411743,0.3309490978717804,0.5588496923446655
277,LEFT_PINKY,0.4946644902229309,0.30121901631355286,0.1163463443517685
277,RIGHT_PINKY,0.513752818107605,0.31651806831359863,0.5972638130187988
277,LEFT_INDEX,0.508576512336731,0.30439555644989014,0.11544270813465118
277,RIGHT_INDEX,0.5199924111366272,0.31740427017211914,0.5815850496292114
277,LEFT_THUMB,0.5073100328445435,0.31093984842300415,0.11779574304819107
277,RIGHT_THUMB,0.5177741646766663,0.32177960872650146,0.5547459125518799
277,LEFT_HIP,0.43660473823547363,0.5537285208702087,-0.13932198286056519
277,RIGHT_HIP,0.48159417510032654,0.5622629523277283,0.13907937705516815
277,LEFT_KNEE,0.4513305723667145,0.7059577703475952,-0.06800208985805511
277,RIGHT_KNEE,0.4916725158691406,0.7097104787826538,0.2188214510679245
277,LEFT_ANKLE,0.4575047492980957,0.8413561582565308,-0.13208769261837006
277,RIGHT_ANKLE,0.5198873281478882,0.8471534848213196,0.20614619553089142
277,LEFT_HEEL,0.46887022256851196,0.8619879484176636,-0.13422861695289612
277,RIGHT_HEEL,0.5279644727706909,0.8652702569961548,0.20881986618041992
277,LEFT_FOOT_INDEX,0.4456142783164978,0.8723169565200806,-0.1777268350124359
277,RIGHT_FOOT_INDEX,0.5114994049072266,0.8814747929573059,0.1989138275384903
278,NOSE,0.5689762830734253,0.3382608890533447,0.06482114642858505
278,LEFT_EYE_INNER,0.5776048898696899,0.3331206142902374,0.02692081592977047
278,LEFT_EYE,0.5768943428993225,0.3332226276397705,0.02691894769668579
278,LEFT_EYE_OUTER,0.5759362578392029,0.3332863450050354,0.02685743011534214
278,RIGHT_EYE_INNER,0.5818385481834412,0.33392030000686646,0.0653657391667366
278,RIGHT_EYE,0.5836917757987976,0.33473166823387146,0.0653330534696579
278,RIGHT_EYE_OUTER,0.5854447484016418,0.3358396589756012,0.06544924527406693
278,LEFT_EAR,0.5761364102363586,0.34087762236595154,-0.08584415167570114
278,RIGHT_EAR,0.5885084867477417,0.3472987711429596,0.08821910619735718
278,MOUTH_LEFT,0.5624064207077026,0.3469140827655792,0.032671310007572174
278,MOUTH_RIGHT,0.5662221908569336,0.34905368089675903,0.08145663142204285
278,LEFT_SHOULDER,0.5279750227928162,0.37232014536857605,-0.2109525501728058
278,RIGHT_SHOULDER,0.5765456557273865,0.41125091910362244,0.21943290531635284
278,LEFT_ELBOW,0.44225555658340454,0.37592828273773193,-0.14598138630390167
278,RIGHT_ELBOW,0.5152563452720642,0.4273378252983093,0.41536983847618103
278,LEFT_WRIST,0.4870890974998474,0.315341055393219,0.1150977835059166
278,RIGHT_WRIST,0.5051816701889038,0.3351692259311676,0.5609725713729858
278,LEFT_PINKY,0.49511584639549255,0.3012431263923645,0.12374259531497955
278,RIGHT_PINKY,0.5124194622039795,0.31919723749160767,0.6014162302017212
278,LEFT_INDEX,0.5089209675788879,0.30442604422569275,0.12386022508144379
278,RIGHT_INDEX,0.5188941359519958,0.3193243145942688,0.5875389575958252
278,LEFT_THUMB,0.5075808763504028,0.31116852164268494,0.12457207590341568
278,RIGHT_THUMB,0.5164960622787476,0.32437142729759216,0.5579352974891663
278,LEFT_HIP,0.43649426102638245,0.5535162687301636,-0.138413667678833
278,RIGHT_HIP,0.48160606622695923,0.5622591376304626,0.13816949725151062
278,LEFT_KNEE,0.4513005316257477,0.7059054374694824,-0.06628365814685822
278,RIGHT_KNEE,0.4918648302555084,0.7097944021224976,0.2178758829832077
278,LEFT_ANKLE,0.45712631940841675,0.8414965867996216,-0.12977465987205505
278,RIGHT_ANKLE,0.5200427770614624,0.8482621908187866,0.20580124855041504
278,LEFT_HEEL,0.4661550521850586,0.862295925617218,-0.13199669122695923
278,RIGHT_HEEL,0.5280168056488037,0.8666812181472778,0.2085307091474533
278,LEFT_FOOT_INDEX,0.4459296762943268,0.8721634745597839,-0.17455610632896423
278,RIGHT_FOOT_INDEX,0.513282299041748,0.8817383050918579,0.1960110068321228
279,NOSE,0.569036066532135,0.339521586894989,0.08932546526193619
279,LEFT_EYE_INNER,0.5776180028915405,0.3337560296058655,0.0495697483420372
279,LEFT_EYE,0.5769063234329224,0.333641916513443,0.04956529662013054
279,LEFT_EYE_OUTER,0.5759161710739136,0.33353525400161743,0.049498286098241806
279,RIGHT_EYE_INNER,0.5819689035415649,0.3349625766277313,0.08611656725406647
279,RIGHT_EYE,0.5838646292686462,0.33579221367836,0.08608709275722504
279,RIGHT_EYE_OUTER,0.5856584906578064,0.3369252383708954,0.08619476854801178
279,LEFT_EAR,0.5756415128707886,0.3409174382686615,-0.07154914736747742
279,RIGHT_EAR,0.5885337591171265,0.34766846895217896,0.09324301034212112
279,MOUTH_LEFT,0.5624342560768127,0.34766119718551636,0.053946953266859055
279,MOUTH_RIGHT,0.5662937760353088,0.3501550555229187,0.10040785372257233
279,LEFT_SHOULDER,0.5274090766906738,0.3715137839317322,-0.19764220714569092
279,RIGHT_SHOULDER,0.5769637823104858,0.41132020950317383,0.2178608924150467
279,LEFT_ELBOW,0.4423447251319885,0.37729039788246155,-0.13832226395606995
279,RIGHT_ELBOW,0.5168830752372742,0.43231305480003357,0.4154340326786041
279,LEFT_WRIST,0.4863235056400299,0.31527432799339294,0.10719970613718033
279,RIGHT_WRIST,0.5056581497192383,0.3370516300201416,0.5804803371429443
279,LEFT_PINKY,0.4951481819152832,0.30142727494239807,0.1139589175581932
279,RIGHT_PINKY,0.512478232383728,0.32311683893203735,0.6231356859207153
279,LEFT_INDEX,0.5087335705757141,0.30441781878471375,0.1140328049659729
279,RIGHT_INDEX,0.5190132260322571,0.3226805627346039,0.6100732088088989
279,LEFT_THUMB,0.5071077346801758,0.3110089898109436,0.11605854332447052
279,RIGHT_THUMB,0.5166756510734558,0.32734501361846924,0.5785403251647949
279,LEFT_HIP,0.43646398186683655,0.5534171462059021,-0.13707292079925537
279,RIGHT_HIP,0.48167380690574646,0.5622459650039673,0.13683179020881653
279,LEFT_KNEE,0.45127755403518677,0.7058815956115723,-0.06675632297992706
279,RIGHT_KNEE,0.49197372794151306,0.7098907232284546,0.21753749251365662
279,LEFT_ANKLE,0.4569665789604187,0.8414918780326843,-0.13169603049755096
279,RIGHT_ANKLE,0.5202685594558716,0.8491632342338562,0.20486541092395782
279,LEFT_HEEL,0.46478766202926636,0.8623520135879517,-0.1336149126291275
279,RIGHT_HEEL,0.5281692743301392,0.8678183555603027,0.20778122544288635
279,LEFT_FOOT_INDEX,0.44620856642723083,0.8720175623893738,-0.17484770715236664
279,RIGHT_FOOT_INDEX,0.5158869028091431,0.8818936347961426,0.19436964392662048
280,NOSE,0.5689756870269775,0.3396502733230591,0.009767015464603901
280,LEFT_EYE_INNER,0.577670156955719,0.33386436104774475,-0.0219288170337677
280,LEFT_EYE,0.5771859288215637,0.3338880240917206,-0.021946527063846588
280,LEFT_EYE_OUTER,0.5765260457992554,0.33395835757255554,-0.022011851891875267
280,RIGHT_EYE_INNER,0.5815628170967102,0.33511966466903687,0.015164625830948353
280,RIGHT_EYE,0.5831165313720703,0.3358253538608551,0.015133386477828026
280,RIGHT_EYE_OUTER,0.5844861268997192,0.3367044925689697,0.01524594146758318
280,LEFT_EAR,0.5765786170959473,0.34113141894340515,-0.10613496601581573
280,RIGHT_EAR,0.5873745083808899,0.3465316891670227,0.05924513190984726
280,MOUTH_LEFT,0.56244295835495,0.3481086790561676,-0.012897332198917866
280,MOUTH_RIGHT,0.5660903453826904,0.350256085395813,0.034150734543800354
280,LEFT_SHOULDER,0.5274274945259094,0.37179189920425415,-0.2170068472623825
280,RIGHT_SHOULDER,0.5770389437675476,0.41102442145347595,0.2062147855758667
280,LEFT_ELBOW,0.4418126046657562,0.3777918517589569,-0.1899423897266388
280,RIGHT_ELBOW,0.5182797312736511,0.4281485676765442,0.42182374000549316
280,LEFT_WRIST,0.4833328127861023,0.3155444264411926,0.020307699218392372
280,RIGHT_WRIST,0.5059341788291931,0.3368454575538635,0.6006108522415161
280,LEFT_PINKY,0.492037832736969,0.3013353943824768,0.02279532700777054
280,RIGHT_PINKY,0.512724757194519,0.32297101616859436,0.6460021734237671
280,LEFT_INDEX,0.5062407851219177,0.3040117621421814,0.023273343220353127
280,RIGHT_INDEX,0.5193076729774475,0.3227546215057373,0.633571982383728
280,LEFT_THUMB,0.5043571591377258,0.31064051389694214,0.028218423947691917
280,RIGHT_THUMB,0.5168056488037109,0.32748883962631226,0.5995242595672607
280,LEFT_HIP,0.43681710958480835,0.5534093379974365,-0.13679379224777222
280,RIGHT_HIP,0.48169469833374023,0.562204122543335,0.13654395937919617
280,LEFT_KNEE,0.4512383043766022,0.706203818321228,-0.06744502484798431
280,RIGHT_KNEE,0.4925653338432312,0.7102496027946472,0.21661832928657532
280,LEFT_ANKLE,0.45692119002342224,0.8421093821525574,-0.11941558122634888
280,RIGHT_ANKLE,0.5205367803573608,0.8497381210327148,0.21943151950836182
280,LEFT_HEEL,0.4645138680934906,0.8633719682693481,-0.12025562673807144
280,RIGHT_HEEL,0.5280101299285889,0.8683245778083801,0.22345098853111267
280,LEFT_FOOT_INDEX,0.44645625352859497,0.872658908367157,-0.16079162061214447
280,RIGHT_FOOT_INDEX,0.5170164108276367,0.8817904591560364,0.21243111789226532
281,NOSE,0.5685517191886902,0.3398591876029968,0.009646671824157238
281,LEFT_EYE_INNER,0.5776002407073975,0.33390578627586365,-0.02237429842352867
281,LEFT_EYE,0.5771844387054443,0.3339276611804962,-0.02240392565727234
281,LEFT_EYE_OUTER,0.576541006565094,0.33404484391212463,-0.022478865459561348
281,RIGHT_EYE_INNER,0.5807658433914185,0.33524128794670105,0.0146320266649127
281,RIGHT_EYE,0.5820931196212769,0.3359263241291046,0.014608033001422882
281,RIGHT_EYE_OUTER,0.583229660987854,0.33676230907440186,0.014719250611960888
281,LEFT_EAR,0.5767823457717896,0.341178834438324,-0.1046377569437027
281,RIGHT_EAR,0.5864056944847107,0.3461049795150757,0.06117308884859085
281,MOUTH_LEFT,0.5624669790267944,0.3484492897987366,-0.011578774079680443
281,MOUTH_RIGHT,0.5659624338150024,0.3503461480140686,0.035256654024124146
281,LEFT_SHOULDER,0.5274240374565125,0.3716866374015808,-0.20803697407245636
281,RIGHT_SHOULDER,0.5780625343322754,0.41102367639541626,0.20724168419837952
281,LEFT_ELBOW,0.44191431999206543,0.37792035937309265,-0.18040671944618225
281,RIGHT_ELBOW,0.5267903804779053,0.42815741896629333,0.4500010013580322
281,LEFT_WRIST,0.48081153631210327,0.3158556818962097,0.04093289002776146
281,RIGHT_WRIST,0.5147088170051575,0.34207144379615784,0.6488618850708008
281,LEFT_PINKY,0.4886861741542816,0.30147069692611694,0.044597260653972626
281,RIGHT_PINKY,0.5207646489143372,0.3280455470085144,0.6957201957702637
281,LEFT_INDEX,0.5032408833503723,0.30374449491500854,0.044010646641254425
281,RIGHT_INDEX,0.5228278040885925,0.32622456550598145,0.681599497795105
281,LEFT_THUMB,0.5012950301170349,0.3105207085609436,0.04879464581608772
281,RIGHT_THUMB,0.5193434357643127,0.3310524821281433,0.6477423310279846
281,LEFT_HIP,0.4369328022003174,0.5526511669158936,-0.13194943964481354
281,RIGHT_HIP,0.4816792905330658,0.5617300868034363,0.13165724277496338
281,LEFT_KNEE,0.45126229524612427,0.7062468528747559,-0.07255549728870392
281,RIGHT_KNEE,0.4927734434604645,0.7102919816970825,0.19887307286262512
281,LEFT_ANKLE,0.4569644033908844,0.8422719240188599,-0.11933449655771255
281,RIGHT_ANKLE,0.5205858945846558,0.8496345281600952,0.20545193552970886
281,LEFT_HEEL,0.4646845757961273,0.863804042339325,-0.1199125275015831
281,RIGHT_HEEL,0.5276386737823486,0.8680302500724792,0.20912547409534454
281,LEFT_FOOT_INDEX,0.44880175590515137,0.872346043586731,-0.16030973196029663
281,RIGHT_FOOT_INDEX,0.5198429822921753,0.8819095492362976,0.1939062774181366
282,NOSE,0.5681537389755249,0.3390381932258606,0.0026899008080363274
282,LEFT_EYE_INNER,0.5776218175888062,0.3333788216114044,-0.02876271866261959
282,LEFT_EYE,0.5774009227752686,0.3335418105125427,-0.028789211064577103
282,LEFT_EYE_OUTER,0.5770450830459595,0.33378663659095764,-0.028865739703178406
282,RIGHT_EYE_INNER,0.5804239511489868,0.33386892080307007,0.009043918922543526
282,RIGHT_EYE,0.5816259980201721,0.3341466188430786,0.009014403447508812
282,RIGHT_EYE_OUTER,0.582680344581604,0.33455899357795715,0.0091093759983778
282,LEFT_EAR,0.5778681635856628,0.34116944670677185,-0.11244568973779678
282,RIGHT_EAR,0.5861015915870667,0.34383317828178406,0.05642424896359444
282,MOUTH_LEFT,0.5624818801879883,0.34808653593063354,-0.020152438431978226
282,MOUTH_RIGHT,0.5651004314422607,0.34899401664733887,0.027920344844460487
282,LEFT_SHOULDER,0.5272108316421509,0.3710682988166809,-0.21133582293987274
282,RIGHT_SHOULDER,0.5785855054855347,0.40972384810447693,0.19852378964424133
282,LEFT_ELBOW,0.4421517252922058,0.38049185276031494,-0.20855887234210968
282,RIGHT_ELBOW,0.5312232971191406,0.42879757285118103,0.44093769788742065
282,LEFT_WRIST,0.4801522195339203,0.31558459997177124,-0.054263465106487274
282,RIGHT_WRIST,0.5252655744552612,0.3507384657859802,0.6318392157554626
282,LEFT_PINKY,0.4880031645298004,0.3009932339191437,-0.060325659811496735
282,RIGHT_PINKY,0.5265781879425049,0.33215028047561646,0.6776787638664246
282,LEFT_INDEX,0.501798152923584,0.3037028908729553,-0.0590951070189476
282,RIGHT_INDEX,0.5270570516586304,0.3295723795890808,0.6616458296775818
282,LEFT_THUMB,0.5000945329666138,0.310249000787735,-0.048213839530944824
282,RIGHT_THUMB,0.5228569507598877,0.3338809013366699,0.6294350624084473
282,LEFT_HIP,0.43758469820022583,0.5517688393592834,-0.12972398102283478
282,RIGHT_HIP,0.4815812110900879,0.5608302354812622,0.1294296681880951
282,LEFT_KNEE,0.45135730504989624,0.7062013149261475,-0.07339072227478027
282,RIGHT_KNEE,0.4926905035972595,0.7101473212242126,0.1940489411354065
282,LEFT_ANKLE,0.457073450088501,0.8419014811515808,-0.11950527131557465
282,RIGHT_ANKLE,0.5204771757125854,0.8495996594429016,0.19415269792079926
282,LEFT_HEEL,0.4671066701412201,0.8635818362236023,-0.11992742121219635
282,RIGHT_HEEL,0.526740312576294,0.8677085041999817,0.19600261747837067
282,LEFT_FOOT_INDEX,0.4536144733428955,0.8723217248916626,-0.1615816056728363
282,RIGHT_FOOT_INDEX,0.5191841721534729,0.8820219039916992,0.17205390334129333
283,NOSE,0.5678902268409729,0.3388487696647644,0.013147902674973011
283,LEFT_EYE_INNER,0.5774455666542053,0.33301928639411926,-0.021191345527768135
283,LEFT_EYE,0.5772858262062073,0.33310505747795105,-0.021200954914093018
283,LEFT_EYE_OUTER,0.5769648551940918,0.33325886726379395,-0.02125515043735504
283,RIGHT_EYE_INNER,0.5798990726470947,0.3334572911262512,0.018645230680704117
283,RIGHT_EYE,0.5810719132423401,0.333660751581192,0.018620463088154793
283,RIGHT_EYE_OUTER,0.5821409821510315,0.33399543166160583,0.018742635846138
283,LEFT_EAR,0.577843964099884,0.3407321572303772,-0.10737993568181992
283,RIGHT_EAR,0.5855696201324463,0.3430076241493225,0.0621994212269783
283,MOUTH_LEFT,0.5624564290046692,0.34784242510795593,-0.013170327059924603
283,MOUTH_RIGHT,0.5648494958877563,0.348633736371994,0.03707932308316231
283,LEFT_SHOULDER,0.5266881585121155,0.37063974142074585,-0.20645597577095032
283,RIGHT_SHOULDER,0.5801307559013367,0.4082016944885254,0.20071196556091309
283,LEFT_ELBOW,0.44236865639686584,0.384409099817276,-0.21203744411468506
283,RIGHT_ELBOW,0.5328727960586548,0.43089398741722107,0.45085233449935913
283,LEFT_WRIST,0.4798044264316559,0.3153395354747772,-0.07731371372938156
283,RIGHT_WRIST,0.5279150009155273,0.3529084026813507,0.6645042300224304
283,LEFT_PINKY,0.4872198700904846,0.30075597763061523,-0.0833347961306572
283,RIGHT_PINKY,0.527051568031311,0.33261439204216003,0.7133899927139282
283,LEFT_INDEX,0.5005012154579163,0.3034875690937042,-0.0821877270936966
283,RIGHT_INDEX,0.5274859070777893,0.3308212459087372,0.6983822584152222
283,LEFT_THUMB,0.4991573393344879,0.31013399362564087,-0.07170893996953964
283,RIGHT_THUMB,0.5236020684242249,0.33426433801651,0.6628721356391907
283,LEFT_HIP,0.4376795291900635,0.5514563322067261,-0.12818695604801178
283,RIGHT_HIP,0.4815749526023865,0.5607375502586365,0.12788915634155273
283,LEFT_KNEE,0.4514632821083069,0.7062129974365234,-0.08082551509141922
283,RIGHT_KNEE,0.49263447523117065,0.7101496458053589,0.1892150193452835
283,LEFT_ANKLE,0.4571145474910736,0.8418909311294556,-0.12815332412719727
283,RIGHT_ANKLE,0.5203102827072144,0.8498724102973938,0.1856837272644043
283,LEFT_HEEL,0.46837228536605835,0.864101767539978,-0.12837709486484528
283,RIGHT_HEEL,0.5265100598335266,0.8677193522453308,0.18690098822116852
283,LEFT_FOOT_INDEX,0.4534478187561035,0.8721848726272583,-0.17442017793655396
283,RIGHT_FOOT_INDEX,0.520882785320282,0.8820861577987671,0.1622781753540039
284,NOSE,0.5675632357597351,0.33891600370407104,-0.02186344377696514
284,LEFT_EYE_INNER,0.5773736834526062,0.3330850303173065,-0.0490255244076252
284,LEFT_EYE,0.5772956609725952,0.33316540718078613,-0.04905969277024269
284,LEFT_EYE_OUTER,0.5771742463111877,0.3332846760749817,-0.049141816794872284
284,RIGHT_EYE_INNER,0.5788114666938782,0.3333466649055481,-0.010913841426372528
284,RIGHT_EYE,0.57964688539505,0.33343708515167236,-0.010947572067379951
284,RIGHT_EYE_OUTER,0.5804086923599243,0.333648681640625,-0.010832303203642368
284,LEFT_EAR,0.5784266591072083,0.34079447388648987,-0.11536382138729095
284,RIGHT_EAR,0.5839774012565613,0.34227174520492554,0.05382351949810982
284,MOUTH_LEFT,0.5624638199806213,0.347881019115448,-0.03879173845052719
284,MOUTH_RIGHT,0.5642984509468079,0.3484277129173279,0.009518459439277649
284,LEFT_SHOULDER,0.5276485085487366,0.3711252510547638,-0.21199437975883484
284,RIGHT_SHOULDER,0.5801085233688354,0.4080958366394043,0.2019832879304886
284,LEFT_ELBOW,0.44311589002609253,0.38461124897003174,-0.2102319896221161
284,RIGHT_ELBOW,0.5269988775253296,0.4299723505973816,0.437716007232666
284,LEFT_WRIST,0.47871002554893494,0.31542932987213135,-0.03524935245513916
284,RIGHT_WRIST,0.512543797492981,0.3502737283706665,0.6020551919937134
284,LEFT_PINKY,0.4857885241508484,0.30050015449523926,-0.03931763768196106
284,RIGHT_PINKY,0.5204082727432251,0.3306710124015808,0.6429687738418579
284,LEFT_INDEX,0.499190092086792,0.3032090961933136,-0.03663455322384834
284,RIGHT_INDEX,0.5217559337615967,0.3292304277420044,0.6253148317337036
284,LEFT_THUMB,0.49809175729751587,0.30985862016677856,-0.02784109115600586
284,RIGHT_THUMB,0.5184316039085388,0.33300137519836426,0.5976842641830444
284,LEFT_HIP,0.4388192296028137,0.551494836807251,-0.12972930073738098
284,RIGHT_HIP,0.48151150345802307,0.560696005821228,0.12948229908943176
284,LEFT_KNEE,0.4515298902988434,0.7062591314315796,-0.08538438379764557
284,RIGHT_KNEE,0.4926210939884186,0.7102769017219543,0.18758460879325867
284,LEFT_ANKLE,0.45713678002357483,0.8418661952018738,-0.12755349278450012
284,RIGHT_ANKLE,0.5201927423477173,0.850010097026825,0.18987931311130524
284,LEFT_HEEL,0.46940499544143677,0.8641888499259949,-0.1270180195569992
284,RIGHT_HEEL,0.5256887674331665,0.8676056861877441,0.1923483908176422
284,LEFT_FOOT_INDEX,0.45459190011024475,0.8721824884414673,-0.17293596267700195
284,RIGHT_FOOT_INDEX,0.5202401876449585,0.8821489214897156,0.16772036254405975
285,NOSE,0.5655865669250488,0.3386717438697815,-0.08883609622716904
285,LEFT_EYE_INNER,0.5767108201980591,0.33305951952934265,-0.10761822760105133
285,LEFT_EYE,0.577210545539856,0.3332114815711975,-0.10767918825149536
285,LEFT_EYE_OUTER,0.5772838592529297,0.3333692252635956,-0.10779085010290146
285,RIGHT_EYE_INNER,0.5761595964431763,0.3327491581439972,-0.07035249471664429
285,RIGHT_EYE,0.57657790184021,0.33261555433273315,-0.07037408649921417
285,RIGHT_EYE_OUTER,0.5769017934799194,0.3326180577278137,-0.07023885101079941
285,LEFT_EAR,0.5794911980628967,0.3412964344024658,-0.1347256600856781
285,RIGHT_EAR,0.5810480117797852,0.34097611904144287,0.032213933765888214
285,MOUTH_LEFT,0.5619161128997803,0.3478717505931854,-0.09134082496166229
285,MOUTH_RIGHT,0.5618060827255249,0.3475545644760132,-0.04392525181174278
285,LEFT_SHOULDER,0.5312086939811707,0.37233081459999084,-0.2162083387374878
285,RIGHT_SHOULDER,0.5772024989128113,0.40540486574172974,0.20278379321098328
285,LEFT_ELBOW,0.4431491494178772,0.3853543698787689,-0.2047412097454071
285,RIGHT_ELBOW,0.5011950731277466,0.413311630487442,0.4219251275062561
285,LEFT_WRIST,0.47746190428733826,0.3162458837032318,-0.012553994543850422
285,RIGHT_WRIST,0.5044247508049011,0.34386587142944336,0.5457277894020081
285,LEFT_PINKY,0.484733909368515,0.3007968068122864,-0.01633169874548912
285,RIGHT_PINKY,0.5093439817428589,0.32743269205093384,0.580656886100769
285,LEFT_INDEX,0.4979522228240967,0.30319955945014954,-0.015404762700200081
285,RIGHT_INDEX,0.5117728114128113,0.32651761174201965,0.5619955658912659
285,LEFT_THUMB,0.49689173698425293,0.3097683787345886,-0.005429313518106937
285,RIGHT_THUMB,0.5112146139144897,0.33159175515174866,0.5400465726852417
285,LEFT_HIP,0.4397789537906647,0.5519883632659912,-0.13147975504398346
285,RIGHT_HIP,0.4808324873447418,0.5607000589370728,0.13131305575370789
285,LEFT_KNEE,0.45171284675598145,0.7064796090126038,-0.09151554107666016
285,RIGHT_KNEE,0.4926028847694397,0.7104361653327942,0.17320513725280762
285,LEFT_ANKLE,0.458795964717865,0.8427850604057312,-0.10812006890773773
285,RIGHT_ANKLE,0.520110011100769,0.8499529957771301,0.19693680107593536
285,LEFT_HEEL,0.4685695767402649,0.8645356893539429,-0.106484554708004
285,RIGHT_HEEL,0.5253475308418274,0.8675495982170105,0.20173779129981995
285,LEFT_FOOT_INDEX,0.4552024006843567,0.8722419738769531,-0.15588393807411194
285,RIGHT_FOOT_INDEX,0.5199811458587646,0.8833440542221069,0.1702207624912262
286,NOSE,0.5644489526748657,0.3364637494087219,-0.03858352079987526
286,LEFT_EYE_INNER,0.5760303735733032,0.3310249149799347,-0.0651620551943779
286,LEFT_EYE,0.5767234563827515,0.33131617307662964,-0.06518684327602386
286,LEFT_EYE_OUTER,0.5769888758659363,0.33168989419937134,-0.06526900827884674
286,RIGHT_EYE_INNER,0.5757225155830383,0.33062809705734253,-0.029181715101003647
286,RIGHT_EYE,0.5764127373695374,0.33054664731025696,-0.02920914813876152
286,RIGHT_EYE_OUTER,0.5770590901374817,0.3306838870048523,-0.029080528765916824
286,LEFT_EAR,0.5794832110404968,0.3402460813522339,-0.12491224706172943
286,RIGHT_EAR,0.5813789963722229,0.3393552601337433,0.03983888030052185
286,MOUTH_LEFT,0.5611559152603149,0.34559518098831177,-0.054075103253126144
286,MOUTH_RIGHT,0.5611350536346436,0.3450344502925873,-0.008450135588645935
286,LEFT_SHOULDER,0.5324186682701111,0.3723642826080322,-0.2184542715549469
286,RIGHT_SHOULDER,0.5765487551689148,0.40364399552345276,0.20963267982006073
286,LEFT_ELBOW,0.44319072365760803,0.3854663074016571,-0.1928548663854599
286,RIGHT_ELBOW,0.4954875409603119,0.4124999940395355,0.41244640946388245
286,LEFT_WRIST,0.47633981704711914,0.31636813282966614,0.05005243420600891
286,RIGHT_WRIST,0.5017009973526001,0.3423418402671814,0.5269947052001953
286,LEFT_PINKY,0.48314160108566284,0.3009759485721588,0.048758942633867264
286,RIGHT_PINKY,0.5046953558921814,0.3266936242580414,0.5588064789772034
286,LEFT_INDEX,0.4965408742427826,0.303139865398407,0.04770812764763832
286,RIGHT_INDEX,0.5077003240585327,0.32527583837509155,0.53992760181427
286,LEFT_THUMB,0.4956774115562439,0.3096406161785126,0.05766906589269638
286,RIGHT_THUMB,0.5081535577774048,0.331004798412323,0.5206824541091919
286,LEFT_HIP,0.43979722261428833,0.5519999861717224,-0.13267846405506134
286,RIGHT_HIP,0.48078590631484985,0.5607184171676636,0.13255397975444794
286,LEFT_KNEE,0.4517073631286621,0.7065629959106445,-0.0938701182603836
286,RIGHT_KNEE,0.49221697449684143,0.7105774879455566,0.17027172446250916
286,LEFT_ANKLE,0.4596431255340576,0.8440044522285461,-0.09753662347793579
286,RIGHT_ANKLE,0.5198186635971069,0.8523968458175659,0.2033246010541916
286,LEFT_HEEL,0.4682806432247162,0.864647388458252,-0.09466150403022766
286,RIGHT_HEEL,0.5252794623374939,0.8681157231330872,0.20947182178497314
286,LEFT_FOOT_INDEX,0.45523566007614136,0.8722707629203796,-0.13982941210269928
286,RIGHT_FOOT_INDEX,0.5196979641914368,0.8849272727966309,0.18354198336601257
287,NOSE,0.5626271367073059,0.33326125144958496,-0.05126597359776497
287,LEFT_EYE_INNER,0.5748836994171143,0.32807356119155884,-0.07691839337348938
287,LEFT_EYE,0.5759578943252563,0.3287804424762726,-0.07696621119976044
287,LEFT_EYE_OUTER,0.5766323804855347,0.3296132981777191,-0.07706929743289948
287,RIGHT_EYE_INNER,0.5740414261817932,0.32679709792137146,-0.03722412511706352
287,RIGHT_EYE,0.5747011303901672,0.32655876874923706,-0.0372450165450573
287,RIGHT_EYE_OUTER,0.5753047466278076,0.32650473713874817,-0.03712020069360733
287,LEFT_EAR,0.5798733234405518,0.3396764397621155,-0.1337503045797348
287,RIGHT_EAR,0.5809156894683838,0.3370491564273834,0.04263047128915787
287,MOUTH_LEFT,0.559739351272583,0.3431943953037262,-0.06540629267692566
287,MOUTH_RIGHT,0.5588041543960571,0.34144142270088196,-0.015023845247924328
287,LEFT_SHOULDER,0.533392608165741,0.3732110857963562,-0.22686204314231873
287,RIGHT_SHOULDER,0.5762433409690857,0.40106862783432007,0.2065175324678421
287,LEFT_ELBOW,0.44320130348205566,0.3861389756202698,-0.1959032267332077
287,RIGHT_ELBOW,0.49429255723953247,0.40704697370529175,0.38948291540145874
287,LEFT_WRIST,0.47564512491226196,0.31681138277053833,0.04154586046934128
287,RIGHT_WRIST,0.49909576773643494,0.33629828691482544,0.48664745688438416
287,LEFT_PINKY,0.48266133666038513,0.30107492208480835,0.039494313299655914
287,RIGHT_PINKY,0.5034464001655579,0.32333043217658997,0.5148557424545288
287,LEFT_INDEX,0.4959837794303894,0.3030889630317688,0.03928309679031372
287,RIGHT_INDEX,0.506661057472229,0.3223789632320404,0.49600687623023987
287,LEFT_THUMB,0.49510812759399414,0.30960339307785034,0.04905993491411209
287,RIGHT_THUMB,0.5070039629936218,0.3282538056373596,0.47964462637901306
287,LEFT_HIP,0.4408389627933502,0.5519898533821106,-0.13347147405147552
287,RIGHT_HIP,0.4802258610725403,0.5602858066558838,0.13338503241539001
287,LEFT_KNEE,0.45239168405532837,0.7065622210502625,-0.0999387726187706
287,RIGHT_KNEE,0.491009384393692,0.7105790972709656,0.16375592350959778
287,LEFT_ANKLE,0.4607647955417633,0.8441612124443054,-0.09078194200992584
287,RIGHT_ANKLE,0.5197458863258362,0.8523814082145691,0.2053641378879547
287,LEFT_HEEL,0.4798038601875305,0.8677147030830383,-0.08729030191898346
287,RIGHT_HEEL,0.525097668170929,0.8686408996582031,0.21153919398784637
287,LEFT_FOOT_INDEX,0.4557674825191498,0.8723199963569641,-0.1358528882265091
287,RIGHT_FOOT_INDEX,0.5195038318634033,0.8852017521858215,0.18357332050800323
288,NOSE,0.5609553456306458,0.3318113088607788,-0.062128424644470215
288,LEFT_EYE_INNER,0.5729923844337463,0.3263919949531555,-0.08768051862716675
288,LEFT_EYE,0.574353814125061,0.32720065116882324,-0.08771998435258865
288,LEFT_EYE_OUTER,0.5753886103630066,0.3281668424606323,-0.08782636374235153
288,RIGHT_EYE_INNER,0.5715991854667664,0.32481539249420166,-0.04783092811703682
288,RIGHT_EYE,0.5721017122268677,0.3244534134864807,-0.04785972088575363
288,RIGHT_EYE_OUTER,0.5725347995758057,0.3242618441581726,-0.04773225635290146
288,LEFT_EAR,0.5798052549362183,0.3386915624141693,-0.14292368292808533
288,RIGHT_EAR,0.5796813368797302,0.33529821038246155,0.03598669171333313
288,MOUTH_LEFT,0.5590193867683411,0.3422786295413971,-0.07544944435358047
288,MOUTH_RIGHT,0.5573589205741882,0.3400072455406189,-0.024522865191102028
288,LEFT_SHOULDER,0.5341904759407043,0.37389540672302246,-0.23008796572685242
288,RIGHT_SHOULDER,0.5760721564292908,0.399070143699646,0.196597620844841
288,LEFT_ELBOW,0.44406867027282715,0.3888006806373596,-0.19803264737129211
288,RIGHT_ELBOW,0.4953156113624573,0.40606027841567993,0.3717099726200104
288,LEFT_WRIST,0.47405844926834106,0.32277852296829224,0.03702838346362114
288,RIGHT_WRIST,0.4960010051727295,0.3364587724208832,0.4608723521232605
288,LEFT_PINKY,0.4811619818210602,0.3048270344734192,0.03494231030344963
288,RIGHT_PINKY,0.499036967754364,0.32321667671203613,0.48654279112815857
288,LEFT_INDEX,0.49398547410964966,0.3060886859893799,0.03513775393366814
288,RIGHT_INDEX,0.5026593208312988,0.32205039262771606,0.4657112956047058
288,LEFT_THUMB,0.4932243227958679,0.31257665157318115,0.04453708231449127
288,RIGHT_THUMB,0.5038260221481323,0.3281230330467224,0.452727735042572
288,LEFT_HIP,0.4427679479122162,0.5517475605010986,-0.13412703573703766
288,RIGHT_HIP,0.47960805892944336,0.5593817830085754,0.13407519459724426
288,LEFT_KNEE,0.45289644598960876,0.7059489488601685,-0.09813221544027328
288,RIGHT_KNEE,0.4885016977787018,0.7086248993873596,0.16701431572437286
288,LEFT_ANKLE,0.4683001637458801,0.8428224325180054,-0.08853144198656082
288,RIGHT_ANKLE,0.5175612568855286,0.846982479095459,0.20582154393196106
288,LEFT_HEEL,0.4906192719936371,0.8560988306999207,-0.08472668379545212
288,RIGHT_HEEL,0.5317550897598267,0.8603789210319519,0.21133847534656525
288,LEFT_FOOT_INDEX,0.45959457755088806,0.8724457621574402,-0.1328279972076416
288,RIGHT_FOOT_INDEX,0.5105859637260437,0.8824251890182495,0.18100126087665558
289,NOSE,0.5593436360359192,0.33108335733413696,-0.04498763009905815
289,LEFT_EYE_INNER,0.5712118148803711,0.3256227970123291,-0.07251309603452682
289,LEFT_EYE,0.572635293006897,0.3264214098453522,-0.07254895567893982
289,LEFT_EYE_OUTER,0.5738193392753601,0.3274112343788147,-0.07264278829097748
289,RIGHT_EYE_INNER,0.5699695348739624,0.3241845965385437,-0.032357409596443176
289,RIGHT_EYE,0.5705932974815369,0.32389479875564575,-0.03238670900464058
289,RIGHT_EYE_OUTER,0.5711788535118103,0.3237980008125305,-0.03226597607135773
289,LEFT_EAR,0.5794268846511841,0.33828848600387573,-0.1365395337343216
289,RIGHT_EAR,0.5791512131690979,0.33501535654067993,0.042019374668598175
289,MOUTH_LEFT,0.5579684972763062,0.341579794883728,-0.0613766685128212
289,MOUTH_RIGHT,0.5563453435897827,0.33944422006607056,-0.010242092423141003
289,LEFT_SHOULDER,0.5342579483985901,0.3743811249732971,-0.22901470959186554
289,RIGHT_SHOULDER,0.5748237371444702,0.3981629014015198,0.19762378931045532
289,LEFT_ELBOW,0.44407662749290466,0.3910697102546692,-0.19655278325080872
289,RIGHT_ELBOW,0.495252788066864,0.40504804253578186,0.3694959878921509
289,LEFT_WRIST,0.47036609053611755,0.325473427772522,0.05541874095797539
289,RIGHT_WRIST,0.48942700028419495,0.3361082971096039,0.4450356364250183
289,LEFT_PINKY,0.47743064165115356,0.30592992901802063,0.053679268807172775
289,RIGHT_PINKY,0.4954492449760437,0.32234054803848267,0.47044259309768677
289,LEFT_INDEX,0.49032941460609436,0.3070928156375885,0.05673902481794357
289,RIGHT_INDEX,0.49881452322006226,0.3208523392677307,0.4493168294429779
289,LEFT_THUMB,0.4895881116390228,0.31371966004371643,0.06447185575962067
289,RIGHT_THUMB,0.4982946515083313,0.3264029026031494,0.43666163086891174
289,LEFT_HIP,0.4430660605430603,0.5515338778495789,-0.1348993182182312
289,RIGHT_HIP,0.4796052575111389,0.5592607259750366,0.13484027981758118
289,LEFT_KNEE,0.4528663158416748,0.705634593963623,-0.0950661152601242
289,RIGHT_KNEE,0.4883766174316406,0.7082692980766296,0.1710074245929718
289,LEFT_ANKLE,0.46754613518714905,0.840573787689209,-0.09213408827781677
289,RIGHT_ANKLE,0.5174733400344849,0.8445271253585815,0.2064886838197708
289,LEFT_HEEL,0.48634466528892517,0.8535547256469727,-0.08935458958148956
289,RIGHT_HEEL,0.538307249546051,0.8575841784477234,0.21153624355793
289,LEFT_FOOT_INDEX,0.4592307507991791,0.8721767663955688,-0.13599996268749237
289,RIGHT_FOOT_INDEX,0.5109516382217407,0.8808830380439758,0.1818881779909134
290,NOSE,0.5580430626869202,0.3312865197658539,-0.03727219998836517
290,LEFT_EYE_INNER,0.5691191554069519,0.32586032152175903,-0.06536956131458282
290,LEFT_EYE,0.5702904462814331,0.32659032940864563,-0.06540520489215851
290,LEFT_EYE_OUTER,0.5712826251983643,0.32751187682151794,-0.065496526658535
290,RIGHT_EYE_INNER,0.5685602426528931,0.32456475496292114,-0.025829946622252464
290,RIGHT_EYE,0.5693780183792114,0.32430997490882874,-0.025858720764517784
290,RIGHT_EYE_OUTER,0.5701608061790466,0.32426145672798157,-0.02573787048459053
290,LEFT_EAR,0.5773064494132996,0.3381914794445038,-0.13282158970832825
290,RIGHT_EAR,0.5782009959220886,0.33534568548202515,0.046933311969041824
290,MOUTH_LEFT,0.5565846562385559,0.34159958362579346,-0.05473021790385246
290,MOUTH_RIGHT,0.5554431080818176,0.3397621214389801,-0.004585203714668751
290,LEFT_SHOULDER,0.5336538553237915,0.3749755024909973,-0.22797127068042755
290,RIGHT_SHOULDER,0.5732719898223877,0.3982522785663605,0.2049497663974762
290,LEFT_ELBOW,0.4436075687408447,0.391232967376709,-0.1953611820936203
290,RIGHT_ELBOW,0.49474453926086426,0.4019140303134918,0.3753041625022888
290,LEFT_WRIST,0.46752065420150757,0.3268822431564331,0.05173426866531372
290,RIGHT_WRIST,0.488663911819458,0.3332807421684265,0.45092588663101196
290,LEFT_PINKY,0.4739053249359131,0.30709680914878845,0.04966343566775322
290,RIGHT_PINKY,0.49278873205184937,0.31940215826034546,0.47646647691726685
290,LEFT_INDEX,0.48603829741477966,0.3082196116447449,0.05237976461648941
290,RIGHT_INDEX,0.4958067834377289,0.31778737902641296,0.45583516359329224
290,LEFT_THUMB,0.4852028489112854,0.3149736523628235,0.06052302569150925
290,RIGHT_THUMB,0.4954380989074707,0.3235653042793274,0.4426560401916504
290,LEFT_HIP,0.4432922899723053,0.5516344904899597,-0.13620105385780334
290,RIGHT_HIP,0.4796012043952942,0.5592747926712036,0.13611920177936554
290,LEFT_KNEE,0.45287999510765076,0.705615222454071,-0.09866537898778915
290,RIGHT_KNEE,0.4880066514015198,0.7080814838409424,0.17115196585655212
290,LEFT_ANKLE,0.46691370010375977,0.8401356935501099,-0.09416358917951584
290,RIGHT_ANKLE,0.5171634554862976,0.8439892530441284,0.2065831869840622
290,LEFT_HEEL,0.486998975276947,0.853179931640625,-0.09123313426971436
290,RIGHT_HEEL,0.5379196405410767,0.8581650853157043,0.21157416701316833
290,LEFT_FOOT_INDEX,0.4589877724647522,0.8722111582756042,-0.13772587478160858
290,RIGHT_FOOT_INDEX,0.5097249746322632,0.8809102177619934,0.18190285563468933
291,NOSE,0.5584895610809326,0.3314104378223419,-0.009935889393091202
291,LEFT_EYE_INNER,0.5693674683570862,0.32594412565231323,-0.04138041287660599
291,LEFT_EYE,0.5702424645423889,0.32653647661209106,-0.041390810161828995
291,LEFT_EYE_OUTER,0.5708376169204712,0.327298641204834,-0.041460804641246796
291,RIGHT_EYE_INNER,0.5691524744033813,0.3249073624610901,-0.0009416748071089387
291,RIGHT_EYE,0.5699846148490906,0.3247229754924774,-0.0009750837343744934
291,RIGHT_EYE_OUTER,0.5707679986953735,0.32474765181541443,-0.0008662691107019782
291,LEFT_EAR,0.5756617188453674,0.33730676770210266,-0.1256672888994217
291,RIGHT_EAR,0.5784298181533813,0.3356601297855377,0.05623682588338852
291,MOUTH_LEFT,0.556693971157074,0.34139570593833923,-0.03336626663804054
291,MOUTH_RIGHT,0.5557838678359985,0.3400213420391083,0.017793480306863785
291,LEFT_SHOULDER,0.5309732556343079,0.3749540448188782,-0.22813458740711212
291,RIGHT_SHOULDER,0.573150634765625,0.3984566032886505,0.205331489443779
291,LEFT_ELBOW,0.44289860129356384,0.3920972943305969,-0.19411392509937286
291,RIGHT_ELBOW,0.4933229088783264,0.40264996886253357,0.37287455797195435
291,LEFT_WRIST,0.4653373658657074,0.32692378759384155,0.05224692076444626
291,RIGHT_WRIST,0.4890705943107605,0.333368182182312,0.45562729239463806
291,LEFT_PINKY,0.47197526693344116,0.3075490891933441,0.05005214735865593
291,RIGHT_PINKY,0.49339309334754944,0.3193119466304779,0.4833505153656006
291,LEFT_INDEX,0.48458847403526306,0.30879321694374084,0.05438510701060295
291,RIGHT_INDEX,0.4961514472961426,0.31755533814430237,0.46259990334510803
291,LEFT_THUMB,0.4836185574531555,0.31552162766456604,0.06162866950035095
291,RIGHT_THUMB,0.49482688307762146,0.3231427073478699,0.44775956869125366
291,LEFT_HIP,0.4431300163269043,0.5516736507415771,-0.13739551603794098
291,RIGHT_HIP,0.47988826036453247,0.5592864751815796,0.13729341328144073
291,LEFT_KNEE,0.45254629850387573,0.7053736448287964,-0.09816966205835342
291,RIGHT_KNEE,0.4881175458431244,0.7079193592071533,0.17820538580417633
291,LEFT_ANKLE,0.4637660086154938,0.8385041952133179,-0.09478361904621124
291,RIGHT_ANKLE,0.5200866460800171,0.843848705291748,0.21404831111431122
291,LEFT_HEEL,0.4804014265537262,0.8527421951293945,-0.09190358221530914
291,RIGHT_HEEL,0.5372327566146851,0.8585802316665649,0.21933595836162567
291,LEFT_FOOT_INDEX,0.454007089138031,0.8716066479682922,-0.1358332335948944
291,RIGHT_FOOT_INDEX,0.5097840428352356,0.8810359239578247,0.19440528750419617
292,NOSE,0.5586878657341003,0.3312748968601227,-0.06755560636520386
292,LEFT_EYE_INNER,0.5695980191230774,0.32571524381637573,-0.0915883332490921
292,LEFT_EYE,0.5704385042190552,0.3263164162635803,-0.09160058945417404
292,LEFT_EYE_OUTER,0.5710082054138184,0.32709479331970215,-0.09166906028985977
292,RIGHT_EYE_INNER,0.5695523619651794,0.3246843218803406,-0.052514247596263885
292,RIGHT_EYE,0.5704289674758911,0.32453158497810364,-0.05255274847149849
292,RIGHT_EYE_OUTER,0.5712379217147827,0.324607789516449,-0.05240592360496521
292,LEFT_EAR,0.5756388306617737,0.33701854944229126,-0.14412745833396912
292,RIGHT_EAR,0.5782946348190308,0.3354441523551941,0.03172261267900467
292,MOUTH_LEFT,0.5567313432693481,0.34140413999557495,-0.07963632047176361
292,MOUTH_RIGHT,0.556057870388031,0.3400135338306427,-0.029787246137857437
292,LEFT_SHOULDER,0.5298789739608765,0.3751521408557892,-0.23382623493671417
292,RIGHT_SHOULDER,0.573269248008728,0.39866122603416443,0.19095143675804138
292,LEFT_ELBOW,0.44220757484436035,0.39372718334198,-0.21126358211040497
292,RIGHT_ELBOW,0.4940865933895111,0.40299925208091736,0.37557560205459595
292,LEFT_WRIST,0.46580904722213745,0.32910075783729553,-0.0016284824814647436
292,RIGHT_WRIST,0.49020999670028687,0.3339335322380066,0.4747200906276703
292,LEFT_PINKY,0.4728562831878662,0.3088283836841583,-0.008626597002148628
292,RIGHT_PINKY,0.49454569816589355,0.31935176253318787,0.5049856901168823
292,LEFT_INDEX,0.48532986640930176,0.3099357783794403,-0.005069226026535034
292,RIGHT_INDEX,0.4971904158592224,0.31761592626571655,0.4838370382785797
292,LEFT_THUMB,0.48412832617759705,0.31666913628578186,0.0058957552537322044
292,RIGHT_THUMB,0.49540939927101135,0.323151171207428,0.46740180253982544
292,LEFT_HIP,0.44318652153015137,0.5518389940261841,-0.13781902194023132
292,RIGHT_HIP,0.47986292839050293,0.5591987371444702,0.13770554959774017
292,LEFT_KNEE,0.45264649391174316,0.7052924036979675,-0.09655779600143433
292,RIGHT_KNEE,0.48814845085144043,0.7076727747917175,0.1798810511827469
292,LEFT_ANKLE,0.46385353803634644,0.8370453715324402,-0.09536271542310715
292,RIGHT_ANKLE,0.5196748971939087,0.841816246509552,0.21475771069526672
292,LEFT_HEEL,0.48133373260498047,0.8501766920089722,-0.09251638501882553
292,RIGHT_HEEL,0.539003312587738,0.8557755351066589,0.21940581500530243
292,LEFT_FOOT_INDEX,0.4547571539878845,0.8716131448745728,-0.13617154955863953
292,RIGHT_FOOT_INDEX,0.5100569725036621,0.8794666528701782,0.19273385405540466
293,NOSE,0.5591764450073242,0.3313809931278229,-0.051920074969530106
293,LEFT_EYE_INNER,0.5697295069694519,0.3257386088371277,-0.07872362434864044
293,LEFT_EYE,0.5704696774482727,0.3262926936149597,-0.07866784185171127
293,LEFT_EYE_OUTER,0.5711178779602051,0.32701048254966736,-0.07867531478404999
293,RIGHT_EYE_INNER,0.5696684122085571,0.3248070478439331,-0.04389609768986702
293,RIGHT_EYE,0.5705157518386841,0.3246880769729614,-0.04398483410477638
293,RIGHT_EYE_OUTER,0.5714625716209412,0.324796587228775,-0.0437910370528698
293,LEFT_EAR,0.5752110481262207,0.3363969624042511,-0.14289666712284088
293,RIGHT_EAR,0.5780292749404907,0.33527305722236633,0.037977807223796844
293,MOUTH_LEFT,0.5571660995483398,0.34148916602134705,-0.06907902657985687
293,MOUTH_RIGHT,0.556514322757721,0.34017759561538696,-0.025302505120635033
293,LEFT_SHOULDER,0.5267359018325806,0.3751211166381836,-0.2279644012451172
293,RIGHT_SHOULDER,0.5741974115371704,0.39886409044265747,0.18877848982810974
293,LEFT_ELBOW,0.44066208600997925,0.39432835578918457,-0.20890288054943085
293,RIGHT_ELBOW,0.5076566338539124,0.4062840938568115,0.37859615683555603
293,LEFT_WRIST,0.4658243656158447,0.3287521004676819,0.010253483429551125
293,RIGHT_WRIST,0.49602657556533813,0.3423912823200226,0.5067192316055298
293,LEFT_PINKY,0.47271838784217834,0.3090282678604126,0.005979808978736401
293,RIGHT_PINKY,0.4952075481414795,0.32156962156295776,0.5414580702781677
293,LEFT_INDEX,0.48526397347450256,0.31047362089157104,0.008975469507277012
293,RIGHT_INDEX,0.4984000623226166,0.3200753331184387,0.5202583074569702
293,LEFT_THUMB,0.48416584730148315,0.31676235795021057,0.018141161650419235
293,RIGHT_THUMB,0.498563677072525,0.32646405696868896,0.5006946325302124
293,LEFT_HIP,0.44314736127853394,0.5518077611923218,-0.13777470588684082
293,RIGHT_HIP,0.48016899824142456,0.5590656995773315,0.13765420019626617
293,LEFT_KNEE,0.45204415917396545,0.7048473954200745,-0.0879267156124115
293,RIGHT_KNEE,0.48822203278541565,0.707662045955658,0.1825159788131714
293,LEFT_ANKLE,0.4650803506374359,0.8349462747573853,-0.09550289809703827
293,RIGHT_ANKLE,0.5251972675323486,0.8402712941169739,0.21355275809764862
293,LEFT_HEEL,0.48172515630722046,0.847917914390564,-0.09285013377666473
293,RIGHT_HEEL,0.5391898155212402,0.8556305170059204,0.2173202931880951
293,LEFT_FOOT_INDEX,0.4551824629306793,0.8715958595275879,-0.1371089518070221
293,RIGHT_FOOT_INDEX,0.5100139379501343,0.8793481588363647,0.18666262924671173
294,NOSE,0.5592181086540222,0.3312988877296448,-0.08926542848348618
294,LEFT_EYE_INNER,0.5699756741523743,0.3255928158760071,-0.10796739906072617
294,LEFT_EYE,0.5709568858146667,0.32621946930885315,-0.1079695075750351
294,LEFT_EYE_OUTER,0.571815013885498,0.3269908130168915,-0.10803648084402084
294,RIGHT_EYE_INNER,0.5699386596679688,0.3244396448135376,-0.07226758450269699
294,RIGHT_EYE,0.5706495642662048,0.32426610589027405,-0.07231514155864716
294,RIGHT_EYE_OUTER,0.5712202191352844,0.32429206371307373,-0.0721515640616417
294,LEFT_EAR,0.5755141377449036,0.3364243805408478,-0.14263498783111572
294,RIGHT_EAR,0.5761696100234985,0.3345176577568054,0.023454153910279274
294,MOUTH_LEFT,0.5576845407485962,0.34153908491134644,-0.09450586140155792
294,MOUTH_RIGHT,0.556699275970459,0.3401929438114166,-0.04877721518278122
294,LEFT_SHOULDER,0.5264197587966919,0.3752201199531555,-0.22202949225902557
294,RIGHT_SHOULDER,0.5756374597549438,0.3989773392677307,0.18258680403232574
294,LEFT_ELBOW,0.4406798779964447,0.3957826495170593,-0.21075277030467987
294,RIGHT_ELBOW,0.5152890086174011,0.40882760286331177,0.3846268951892853
294,LEFT_WRIST,0.4656120240688324,0.32872599363327026,-0.02873576618731022
294,RIGHT_WRIST,0.5081185698509216,0.343827486038208,0.5257706046104431
294,LEFT_PINKY,0.4726993143558502,0.30931973457336426,-0.034383825957775116
294,RIGHT_PINKY,0.5047005414962769,0.3254677653312683,0.5616949796676636
294,LEFT_INDEX,0.4851004183292389,0.31108027696609497,-0.030521225184202194
294,RIGHT_INDEX,0.502976655960083,0.3233430087566376,0.5404178500175476
294,LEFT_THUMB,0.4840819835662842,0.31688836216926575,-0.021951336413621902
294,RIGHT_THUMB,0.5014256238937378,0.32804933190345764,0.5199366807937622
294,LEFT_HIP,0.4434550404548645,0.5515292882919312,-0.13681533932685852
294,RIGHT_HIP,0.4803101122379303,0.5588889718055725,0.13666296005249023
294,LEFT_KNEE,0.45204171538352966,0.7046736478805542,-0.08483205735683441
294,RIGHT_KNEE,0.4874119758605957,0.7072631120681763,0.1822565346956253
294,LEFT_ANKLE,0.4741801619529724,0.8316196203231812,-0.09660143405199051
294,RIGHT_ANKLE,0.5250043869018555,0.8406087756156921,0.20171937346458435
294,LEFT_HEEL,0.49206358194351196,0.8434926271438599,-0.09396661818027496
294,RIGHT_HEEL,0.5383410453796387,0.8561061024665833,0.20339643955230713
294,LEFT_FOOT_INDEX,0.461855947971344,0.8722981214523315,-0.13782405853271484
294,RIGHT_FOOT_INDEX,0.5078213810920715,0.8797911405563354,0.1666235476732254
295,NOSE,0.5590265393257141,0.331082284450531,-0.08339357376098633
295,LEFT_EYE_INNER,0.5700490474700928,0.32530733942985535,-0.1027722954750061
295,LEFT_EYE,0.571073591709137,0.3260177969932556,-0.10278885066509247
295,LEFT_EYE_OUTER,0.5719000101089478,0.32686036825180054,-0.10285820066928864
295,RIGHT_EYE_INNER,0.5692912340164185,0.3238956928253174,-0.06578920781612396
295,RIGHT_EYE,0.5696103572845459,0.32364171743392944,-0.06583672761917114
295,RIGHT_EYE_OUTER,0.5697208046913147,0.3235597610473633,-0.06569285690784454
295,LEFT_EAR,0.5756140947341919,0.3364473879337311,-0.14077743887901306
295,RIGHT_EAR,0.5747525095939636,0.33393603563308716,0.026992246508598328
295,MOUTH_LEFT,0.5575571060180664,0.34154656529426575,-0.09089726954698563
295,MOUTH_RIGHT,0.5559676289558411,0.33981266617774963,-0.04337957501411438
295,LEFT_SHOULDER,0.5259958505630493,0.37577155232429504,-0.22183175384998322
295,RIGHT_SHOULDER,0.5768250226974487,0.399021714925766,0.1820351779460907
295,LEFT_ELBOW,0.44069409370422363,0.3970814645290375,-0.2256583273410797
295,RIGHT_ELBOW,0.5125900506973267,0.4091150164604187,0.38481733202934265
295,LEFT_WRIST,0.4655062258243561,0.32913365960121155,-0.06054438278079033
295,RIGHT_WRIST,0.4977487027645111,0.3431452810764313,0.5227106809616089
295,LEFT_PINKY,0.47289055585861206,0.3096761107444763,-0.06790761649608612
295,RIGHT_PINKY,0.5042840838432312,0.32535821199417114,0.5574251413345337
295,LEFT_INDEX,0.4851834177970886,0.3116490840911865,-0.06406594812870026
295,RIGHT_INDEX,0.5029393434524536,0.323587566614151,0.5343271493911743
295,LEFT_THUMB,0.48431000113487244,0.31824183464050293,-0.05414655804634094
295,RIGHT_THUMB,0.5009931921958923,0.32800641655921936,0.5159980058670044
295,LEFT_HIP,0.44425565004348755,0.551627516746521,-0.13630245625972748
295,RIGHT_HIP,0.4803335666656494,0.5591963529586792,0.1361386775970459
295,LEFT_KNEE,0.4532566964626312,0.704785168170929,-0.08645106852054596
295,RIGHT_KNEE,0.48653507232666016,0.7072228789329529,0.1786721795797348
295,LEFT_ANKLE,0.48389869928359985,0.8318644762039185,-0.10061273723840714
295,RIGHT_ANKLE,0.5245119333267212,0.8413866758346558,0.19419345259666443
295,LEFT_HEEL,0.5019696950912476,0.8440226316452026,-0.09817902743816376
295,RIGHT_HEEL,0.5381780862808228,0.8577273488044739,0.19540423154830933
295,LEFT_FOOT_INDEX,0.46601882576942444,0.87312251329422,-0.1460164487361908
295,RIGHT_FOOT_INDEX,0.505700945854187,0.8819864392280579,0.15513020753860474
296,NOSE,0.5587652921676636,0.3309098184108734,-0.10660864412784576
296,LEFT_EYE_INNER,0.5700994729995728,0.325031042098999,-0.12330584228038788
296,LEFT_EYE,0.5711684823036194,0.3258048892021179,-0.12334142625331879
296,LEFT_EYE_OUTER,0.5720232725143433,0.32672378420829773,-0.12343362718820572
296,RIGHT_EYE_INNER,0.5686523914337158,0.32345613837242126,-0.08541804552078247
296,RIGHT_EYE,0.5687327980995178,0.3231249749660492,-0.08545437455177307
296,RIGHT_EYE_OUTER,0.5686553120613098,0.3229585587978363,-0.08532440662384033
296,LEFT_EAR,0.5766660571098328,0.3364730477333069,-0.14990703761577606
296,RIGHT_EAR,0.574346125125885,0.3334392011165619,0.021044472232460976
296,MOUTH_LEFT,0.5574930310249329,0.34158557653427124,-0.110808826982975
296,MOUTH_RIGHT,0.5551943182945251,0.3395908772945404,-0.061932116746902466
296,LEFT_SHOULDER,0.5264663696289062,0.37613624334335327,-0.23010769486427307
296,RIGHT_SHOULDER,0.576775312423706,0.398567259311676,0.18236368894577026
296,LEFT_ELBOW,0.44084152579307556,0.3972555994987488,-0.25237512588500977
296,RIGHT_ELBOW,0.5087775588035583,0.40922126173973083,0.37763771414756775
296,LEFT_WRIST,0.46515363454818726,0.3292427659034729,-0.0981421247124672
296,RIGHT_WRIST,0.4883701801300049,0.3429787755012512,0.4860735833644867
296,LEFT_PINKY,0.47281917929649353,0.3100360035896301,-0.11016198247671127
296,RIGHT_PINKY,0.49650388956069946,0.3253282904624939,0.5150185823440552
296,LEFT_INDEX,0.48517975211143494,0.3122844099998474,-0.10525631904602051
296,RIGHT_INDEX,0.4981722831726074,0.32344239950180054,0.4929271340370178
296,LEFT_THUMB,0.48419612646102905,0.3185076117515564,-0.0921398401260376
296,RIGHT_THUMB,0.4957146644592285,0.3279135823249817,0.47795405983924866
296,LEFT_HIP,0.4468926787376404,0.5517158508300781,-0.13662981986999512
296,RIGHT_HIP,0.47932371497154236,0.5591877698898315,0.13648608326911926
296,LEFT_KNEE,0.4567658007144928,0.7055504322052002,-0.10329170525074005
296,RIGHT_KNEE,0.4847816526889801,0.7072606086730957,0.16707438230514526
296,LEFT_ANKLE,0.4945441782474518,0.8322087526321411,-0.10053212940692902
296,RIGHT_ANKLE,0.521117091178894,0.8418145179748535,0.19573158025741577
296,LEFT_HEEL,0.5133770108222961,0.8451498746871948,-0.09752359986305237
296,RIGHT_HEEL,0.5335659384727478,0.8583676218986511,0.19776378571987152
296,LEFT_FOOT_INDEX,0.47438472509384155,0.8764336705207825,-0.14666874706745148
296,RIGHT_FOOT_INDEX,0.4981648027896881,0.8832189440727234,0.1577853262424469
297,NOSE,0.5582902431488037,0.3309568166732788,-0.12080530822277069
297,LEFT_EYE_INNER,0.5699746608734131,0.3250509798526764,-0.13712762296199799
297,LEFT_EYE,0.5712072253227234,0.3258269131183624,-0.1371828019618988
297,LEFT_EYE_OUTER,0.5720716714859009,0.3267499506473541,-0.13730064034461975
297,RIGHT_EYE_INNER,0.568013608455658,0.3234403431415558,-0.09939495474100113
297,RIGHT_EYE,0.5680230259895325,0.32306599617004395,-0.0994282215833664
297,RIGHT_EYE_OUTER,0.5679275989532471,0.32284900546073914,-0.09930520504713058
297,LEFT_EAR,0.577055037021637,0.3364884555339813,-0.1553979218006134
297,RIGHT_EAR,0.5738962292671204,0.33301621675491333,0.015713460743427277
297,MOUTH_LEFT,0.5573550462722778,0.3416186571121216,-0.12142058461904526
297,MOUTH_RIGHT,0.554400622844696,0.3396092653274536,-0.07266943901777267
297,LEFT_SHOULDER,0.5270416140556335,0.3761662542819977,-0.23336657881736755
297,RIGHT_SHOULDER,0.5767711400985718,0.39818817377090454,0.18299072980880737
297,LEFT_ELBOW,0.44087791442871094,0.3977578580379486,-0.2420710325241089
297,RIGHT_ELBOW,0.4956686496734619,0.41036462783813477,0.3795234262943268
297,LEFT_WRIST,0.46358245611190796,0.3297748565673828,-0.06479300558567047
297,RIGHT_WRIST,0.48474711179733276,0.3425709307193756,0.48164302110671997
297,LEFT_PINKY,0.47042471170425415,0.310863196849823,-0.0739680826663971
297,RIGHT_PINKY,0.49359971284866333,0.3252987563610077,0.5086199045181274
297,LEFT_INDEX,0.48342499136924744,0.312601238489151,-0.07078678905963898
297,RIGHT_INDEX,0.49650803208351135,0.32351988554000854,0.4873916506767273
297,LEFT_THUMB,0.4825783669948578,0.31908273696899414,-0.058561764657497406
297,RIGHT_THUMB,0.4935465455055237,0.3282706141471863,0.4734695553779602
297,LEFT_HIP,0.44880229234695435,0.5523139238357544,-0.137429878115654
297,RIGHT_HIP,0.478248655796051,0.5593634843826294,0.1373406946659088
297,LEFT_KNEE,0.45915523171424866,0.7067618370056152,-0.12172244489192963
297,RIGHT_KNEE,0.48210763931274414,0.7073408365249634,0.1525764763355255
297,LEFT_ANKLE,0.5040546655654907,0.8362385630607605,-0.09460674226284027
297,RIGHT_ANKLE,0.5123565196990967,0.8418431282043457,0.19908002018928528
297,LEFT_HEEL,0.5265076160430908,0.8629889488220215,-0.08869064599275589
297,RIGHT_HEEL,0.5236250162124634,0.858574390411377,0.20334234833717346
297,LEFT_FOOT_INDEX,0.48256415128707886,0.8936033248901367,-0.1421266347169876
297,RIGHT_FOOT_INDEX,0.4844321608543396,0.8799859285354614,0.1619076132774353
298,NOSE,0.5577215552330017,0.33117571473121643,-0.12167607247829437
298,LEFT_EYE_INNER,0.5696410536766052,0.32516592741012573,-0.13670536875724792
298,LEFT_EYE,0.5711008310317993,0.3259914517402649,-0.13677379488945007
298,LEFT_EYE_OUTER,0.5721137523651123,0.32697415351867676,-0.1369090974330902
298,RIGHT_EYE_INNER,0.5670804381370544,0.3235001564025879,-0.10039247572422028
298,RIGHT_EYE,0.5669448375701904,0.3231522738933563,-0.10041718184947968
298,RIGHT_EYE_OUTER,0.5666833519935608,0.32294878363609314,-0.10028529167175293
298,LEFT_EAR,0.5770595073699951,0.33654487133026123,-0.15100446343421936
298,RIGHT_EAR,0.5720583200454712,0.33276137709617615,0.016240937635302544
298,MOUTH_LEFT,0.5571188926696777,0.3418479263782501,-0.11939950287342072
298,MOUTH_RIGHT,0.5537608861923218,0.33963876962661743,-0.07242929190397263
298,LEFT_SHOULDER,0.5270946621894836,0.37604784965515137,-0.22645112872123718
298,RIGHT_SHOULDER,0.5767077207565308,0.3972490131855011,0.1884886920452118
298,LEFT_ELBOW,0.44119009375572205,0.39826032519340515,-0.2343413531780243
298,RIGHT_ELBOW,0.4982264041900635,0.40958356857299805,0.395337849855423
298,LEFT_WRIST,0.4613472819328308,0.33147794008255005,-0.049772489815950394
298,RIGHT_WRIST,0.4931287169456482,0.3445715308189392,0.5081514716148376
298,LEFT_PINKY,0.4665061831474304,0.31160444021224976,-0.057597823441028595
298,RIGHT_PINKY,0.49393048882484436,0.3263015151023865,0.5361136794090271
298,LEFT_INDEX,0.47957366704940796,0.31281688809394836,-0.055555813014507294
298,RIGHT_INDEX,0.49715685844421387,0.32519689202308655,0.5153933167457581
298,LEFT_THUMB,0.4791921079158783,0.3197435438632965,-0.043914277106523514
298,RIGHT_THUMB,0.494539737701416,0.330356627702713,0.5003970861434937
298,LEFT_HIP,0.4501253664493561,0.5523159503936768,-0.13738809525966644
298,RIGHT_HIP,0.4772818088531494,0.5592155456542969,0.1372961550951004
298,LEFT_KNEE,0.4595767855644226,0.7073422074317932,-0.12473233789205551
298,RIGHT_KNEE,0.48206910490989685,0.7074325084686279,0.1469426155090332
298,LEFT_ANKLE,0.5005133748054504,0.8377631902694702,-0.10108961164951324
298,RIGHT_ANKLE,0.513118326663971,0.8434858322143555,0.18971076607704163
298,LEFT_HEEL,0.5228461027145386,0.8673898577690125,-0.09532449394464493
298,RIGHT_HEEL,0.5246917605400085,0.8607264757156372,0.19334536790847778
298,LEFT_FOOT_INDEX,0.4779730439186096,0.8932780027389526,-0.15332558751106262
298,RIGHT_FOOT_INDEX,0.4898258149623871,0.8833085894584656,0.14889909327030182
299,NOSE,0.5575098395347595,0.3311986029148102,-0.10537661612033844
299,LEFT_EYE_INNER,0.5696574449539185,0.3251853883266449,-0.12273146957159042
299,LEFT_EYE,0.5711409449577332,0.32603126764297485,-0.12279178947210312
299,LEFT_EYE_OUTER,0.5721458196640015,0.32706937193870544,-0.12291324138641357
299,RIGHT_EYE_INNER,0.5669230222702026,0.3235483169555664,-0.0860559493303299
299,RIGHT_EYE,0.5667195916175842,0.3231795132160187,-0.08608656376600266
299,RIGHT_EYE_OUTER,0.5663535594940186,0.32295092940330505,-0.08596419543027878
299,LEFT_EAR,0.577110767364502,0.336608350276947,-0.14314165711402893
299,RIGHT_EAR,0.5713086128234863,0.33259648084640503,0.016914179548621178
299,MOUTH_LEFT,0.5570558905601501,0.3419097065925598,-0.10637078434228897
299,MOUTH_RIGHT,0.5536232590675354,0.3396763801574707,-0.05893845111131668
299,LEFT_SHOULDER,0.5271495580673218,0.3759511709213257,-0.2150121033191681
299,RIGHT_SHOULDER,0.5767343044281006,0.39695653319358826,0.2023291140794754
299,LEFT_ELBOW,0.44121089577674866,0.3981488347053528,-0.19876150786876678
299,RIGHT_ELBOW,0.4986913204193115,0.407670795917511,0.4011175036430359
299,LEFT_WRIST,0.4603867530822754,0.33272409439086914,0.008471415378153324
299,RIGHT_WRIST,0.4948435425758362,0.3441665768623352,0.5090657472610474
299,LEFT_PINKY,0.4650469422340393,0.31264251470565796,0.007086758967489004
299,RIGHT_PINKY,0.4944634437561035,0.3224180340766907,0.5364132523536682
299,LEFT_INDEX,0.47798818349838257,0.31309768557548523,0.005512505769729614
299,RIGHT_INDEX,0.49540990591049194,0.3250885605812073,0.5172730684280396
299,LEFT_THUMB,0.4777282774448395,0.3203214406967163,0.013840953819453716
299,RIGHT_THUMB,0.49446550011634827,0.3302651643753052,0.5020567178726196
299,LEFT_HIP,0.4519571363925934,0.5524019598960876,-0.13727767765522003
299,RIGHT_HIP,0.4757680892944336,0.559195339679718,0.1371982991695404
299,LEFT_KNEE,0.4608643054962158,0.7083193063735962,-0.13182863593101501
299,RIGHT_KNEE,0.48114338517189026,0.7084037065505981,0.13359706103801727
299,LEFT_ANKLE,0.503747820854187,0.8407448530197144,-0.09936054050922394
299,RIGHT_ANKLE,0.5047269463539124,0.8440233469009399,0.18727293610572815
299,LEFT_HEEL,0.5279289484024048,0.8721100687980652,-0.09282158315181732
299,RIGHT_HEEL,0.5229580402374268,0.8633452653884888,0.19173620641231537
299,LEFT_FOOT_INDEX,0.47907572984695435,0.889732837677002,-0.15117859840393066
299,RIGHT_FOOT_INDEX,0.48317593336105347,0.879848301410675,0.14669273793697357
300,NOSE,0.5575295090675354,0.3311886787414551,-0.11506427824497223
300,LEFT_EYE_INNER,0.5695251822471619,0.3251469135284424,-0.12982186675071716
300,LEFT_EYE,0.5709823966026306,0.3260057866573334,-0.12987543642520905
300,LEFT_EYE_OUTER,0.5720201134681702,0.3270503878593445,-0.12998558580875397
300,RIGHT_EYE_INNER,0.5669339895248413,0.3234398066997528,-0.09208839386701584
300,RIGHT_EYE,0.5667590498924255,0.32305389642715454,-0.09212948381900787
300,RIGHT_EYE_OUTER,0.5664291977882385,0.3228146433830261,-0.0919964611530304
300,LEFT_EAR,0.5764845013618469,0.3364351987838745,-0.14263194799423218
300,RIGHT_EAR,0.5707684755325317,0.33221665024757385,0.018412303179502487
300,MOUTH_LEFT,0.5569294691085815,0.34191349148750305,-0.11323750019073486
300,MOUTH_RIGHT,0.5536986589431763,0.3396533727645874,-0.06475172191858292
300,LEFT_SHOULDER,0.5271776914596558,0.37594741582870483,-0.2209760695695877
300,RIGHT_SHOULDER,0.5763576626777649,0.39650601148605347,0.2098085880279541
300,LEFT_ELBOW,0.44097501039505005,0.3981802463531494,-0.21765892207622528
300,RIGHT_ELBOW,0.48647958040237427,0.4077237546443939,0.33246269822120667
300,LEFT_WRIST,0.4571726322174072,0.33305877447128296,0.008148900233209133
300,RIGHT_WRIST,0.47939008474349976,0.3436026871204376,0.32226648926734924
300,LEFT_PINKY,0.4606741964817047,0.3138452172279358,0.003361885668709874
300,RIGHT_PINKY,0.4836488664150238,0.3224998116493225,0.33663198351860046
300,LEFT_INDEX,0.4730381369590759,0.3148099184036255,0.0019443373894318938
300,RIGHT_INDEX,0.4872623085975647,0.32500165700912476,0.32091206312179565
300,LEFT_THUMB,0.47290128469467163,0.3209512531757355,0.012197021394968033
300,RIGHT_THUMB,0.4873509407043457,0.3300796151161194,0.313359797000885
300,LEFT_HIP,0.4524098336696625,0.5523998737335205,-0.13726355135440826
300,RIGHT_HIP,0.47532081604003906,0.5591848492622375,0.1371796876192093
300,LEFT_KNEE,0.4631052613258362,0.708401083946228,-0.1276744306087494
300,RIGHT_KNEE,0.48011308908462524,0.7083898782730103,0.14125005900859833
300,LEFT_ANKLE,0.5086107850074768,0.8417132496833801,-0.0954117625951767
300,RIGHT_ANKLE,0.5001686811447144,0.8433306813240051,0.1882128119468689
300,LEFT_HEEL,0.5339933633804321,0.8708040118217468,-0.08917795866727829
300,RIGHT_HEEL,0.5131892561912537,0.8617802858352661,0.19233563542366028
300,LEFT_FOOT_INDEX,0.480050265789032,0.8872668147087097,-0.15027186274528503
300,RIGHT_FOOT_INDEX,0.47628480195999146,0.8770484924316406,0.1503121256828308
301,NOSE,0.5575534701347351,0.3310009241104126,-0.11006170511245728
301,LEFT_EYE_INNER,0.5694513320922852,0.32489240169525146,-0.12577614188194275
301,LEFT_EYE,0.570804238319397,0.3257502615451813,-0.1258310079574585
301,LEFT_EYE_OUTER,0.5717604160308838,0.32677704095840454,-0.12594057619571686
301,RIGHT_EYE_INNER,0.5670245289802551,0.3232123851776123,-0.08771482855081558
301,RIGHT_EYE,0.5668841600418091,0.3228641450405121,-0.08775176107883453
301,RIGHT_EYE_OUTER,0.5665959119796753,0.322661817073822,-0.08761625736951828
301,LEFT_EAR,0.5755592584609985,0.3358709216117859,-0.1423921436071396
301,RIGHT_EAR,0.5707276463508606,0.3320843577384949,0.018606742843985558
301,MOUTH_LEFT,0.5569261312484741,0.3417655825614929,-0.1104997843503952
301,MOUTH_RIGHT,0.5537490844726562,0.33956217765808105,-0.061606742441654205
301,LEFT_SHOULDER,0.5270299911499023,0.3759579658508301,-0.22507067024707794
301,RIGHT_SHOULDER,0.5763172507286072,0.39643484354019165,0.20954935252666473
301,LEFT_ELBOW,0.4406546950340271,0.3981251120567322,-0.22065284848213196
301,RIGHT_ELBOW,0.48757585883140564,0.40865176916122437,0.3440060019493103
301,LEFT_WRIST,0.45634207129478455,0.3334658741950989,-0.0008428726578131318
301,RIGHT_WRIST,0.4769424796104431,0.34339648485183716,0.36711424589157104
301,LEFT_PINKY,0.4597438871860504,0.3146243989467621,-0.005618659313768148
301,RIGHT_PINKY,0.4807896018028259,0.32300707697868347,0.38570505380630493
301,LEFT_INDEX,0.47231626510620117,0.31601041555404663,-0.004719676915556192
301,RIGHT_INDEX,0.4851357340812683,0.32485392689704895,0.3674243092536926
301,LEFT_THUMB,0.4721716344356537,0.32157212495803833,0.004921278916299343
301,RIGHT_THUMB,0.48593226075172424,0.32997554540634155,0.35808736085891724
301,LEFT_HIP,0.45233049988746643,0.5524303317070007,-0.13725078105926514
301,RIGHT_HIP,0.4753994345664978,0.5591806769371033,0.1371631920337677
301,LEFT_KNEE,0.46317511796951294,0.7085548043251038,-0.12287773191928864
301,RIGHT_KNEE,0.48030251264572144,0.7083922624588013,0.14598160982131958
301,LEFT_ANKLE,0.5054939389228821,0.8415876626968384,-0.09421262890100479
301,RIGHT_ANKLE,0.5016275644302368,0.8433601260185242,0.18889860808849335
301,LEFT_HEEL,0.5301222205162048,0.8689265251159668,-0.08878452330827713
301,RIGHT_HEEL,0.5141709446907043,0.8616572618484497,0.19293498992919922
301,LEFT_FOOT_INDEX,0.4799232482910156,0.8858803510665894,-0.15014977753162384
301,RIGHT_FOOT_INDEX,0.48032841086387634,0.8816564679145813,0.1528812050819397
302,NOSE,0.5578276515007019,0.3307047486305237,-0.04267632216215134
302,LEFT_EYE_INNER,0.5693799257278442,0.32446688413619995,-0.06798599660396576
302,LEFT_EYE,0.5703905820846558,0.3251400291919708,-0.06802570074796677
302,LEFT_EYE_OUTER,0.570867657661438,0.32593244314193726,-0.06810158491134644
302,RIGHT_EYE_INNER,0.5674021244049072,0.3231246769428253,-0.02827289141714573
302,RIGHT_EYE,0.5675212144851685,0.3228488862514496,-0.028313780203461647
302,RIGHT_EYE_OUTER,0.5675146579742432,0.3226875066757202,-0.028202954679727554
302,LEFT_EAR,0.5730981230735779,0.3342413306236267,-0.1281220018863678
302,RIGHT_EAR,0.5710574388504028,0.33211830258369446,0.047286566346883774
302,MOUTH_LEFT,0.5568562746047974,0.3409504294395447,-0.059222977608442307
302,MOUTH_RIGHT,0.5544512867927551,0.33940038084983826,-0.008594103157520294
302,LEFT_SHOULDER,0.5252968072891235,0.3757656216621399,-0.22517462074756622
302,RIGHT_SHOULDER,0.5763838291168213,0.3964841961860657,0.20900404453277588
302,LEFT_ELBOW,0.44032377004623413,0.3980328440666199,-0.20297405123710632
302,RIGHT_ELBOW,0.4893626570701599,0.40676531195640564,0.36494192481040955
302,LEFT_WRIST,0.45553064346313477,0.3345929980278015,0.03324364870786667
302,RIGHT_WRIST,0.47781315445899963,0.34320977330207825,0.4232785105705261
302,LEFT_PINKY,0.45827698707580566,0.3163507282733917,0.0308857224881649
302,RIGHT_PINKY,0.4800841808319092,0.3236686587333679,0.44353237748146057
302,LEFT_INDEX,0.4708850383758545,0.3176465630531311,0.032240889966487885
302,RIGHT_INDEX,0.485685259103775,0.32497504353523254,0.41201987862586975
302,LEFT_THUMB,0.47065144777297974,0.3241131901741028,0.040602490305900574
302,RIGHT_THUMB,0.48543867468833923,0.3298793435096741,0.4112139344215393
302,LEFT_HIP,0.4519130289554596,0.5525311231613159,-0.13742145895957947
302,RIGHT_HIP,0.4767630994319916,0.5591676235198975,0.1373167484998703
302,LEFT_KNEE,0.46177759766578674,0.7086225152015686,-0.1101764664053917
302,RIGHT_KNEE,0.48227930068969727,0.7085243463516235,0.16035215556621552
302,LEFT_ANKLE,0.48631852865219116,0.8421519994735718,-0.09446333348751068
302,RIGHT_ANKLE,0.5063991546630859,0.8436654806137085,0.19554245471954346
302,LEFT_HEEL,0.5188882946968079,0.859250545501709,-0.08933062106370926
302,RIGHT_HEEL,0.5224406719207764,0.861589789390564,0.1996440887451172
302,LEFT_FOOT_INDEX,0.4690825343132019,0.8812669515609741,-0.14897271990776062
302,RIGHT_FOOT_INDEX,0.49764537811279297,0.8824199438095093,0.16585104167461395
303,NOSE,0.558571994304657,0.3302447199821472,0.04093417152762413
303,LEFT_EYE_INNER,0.5693854093551636,0.32374316453933716,0.006052895914763212
303,LEFT_EYE,0.5700904130935669,0.3240988552570343,0.006040783133357763
303,LEFT_EYE_OUTER,0.5700306296348572,0.32451575994491577,0.005987866781651974
303,RIGHT_EYE_INNER,0.5685685276985168,0.3230249881744385,0.046676862984895706
303,RIGHT_EYE,0.5692084431648254,0.32285183668136597,0.046626776456832886
303,RIGHT_EYE_OUTER,0.5697504281997681,0.3226988613605499,0.046715497970581055
303,LEFT_EAR,0.5708099603652954,0.3322697579860687,-0.09673558175563812
303,RIGHT_EAR,0.573005735874176,0.3321322798728943,0.08526238799095154
303,MOUTH_LEFT,0.5568569898605347,0.3396264910697937,0.010472675785422325
303,MOUTH_RIGHT,0.5560974478721619,0.339190810918808,0.061980295926332474
303,LEFT_SHOULDER,0.5229040384292603,0.3751840889453888,-0.21961620450019836
303,RIGHT_SHOULDER,0.57696932554245,0.39684778451919556,0.21781153976917267
303,LEFT_ELBOW,0.43989595770835876,0.39816588163375854,-0.1729499250650406
303,RIGHT_ELBOW,0.4902905523777008,0.41111069917678833,0.3759159743785858
303,LEFT_WRIST,0.45423203706741333,0.3346451222896576,0.08305056393146515
303,RIGHT_WRIST,0.47716984152793884,0.3436952829360962,0.4485262930393219
303,LEFT_PINKY,0.45599761605262756,0.31673842668533325,0.0848071426153183
303,RIGHT_PINKY,0.48114848136901855,0.32553932070732117,0.4737561345100403
303,LEFT_INDEX,0.4686647951602936,0.3181215822696686,0.08902506530284882
303,RIGHT_INDEX,0.4853995442390442,0.3256312310695648,0.44409218430519104
303,LEFT_THUMB,0.4689768850803375,0.3252120614051819,0.09296362847089767
303,RIGHT_THUMB,0.48407769203186035,0.3307131230831146,0.4376753270626068
303,LEFT_HIP,0.4498317241668701,0.5526034832000732,-0.13783521950244904
303,RIGHT_HIP,0.479262113571167,0.5592188239097595,0.13770350813865662
303,LEFT_KNEE,0.4595658779144287,0.7089159488677979,-0.10345349460840225
303,RIGHT_KNEE,0.48635539412498474,0.7093403339385986,0.17747464776039124
303,LEFT_ANKLE,0.46961480379104614,0.842211127281189,-0.1098710298538208
303,RIGHT_ANKLE,0.5150719881057739,0.8436897993087769,0.1974814385175705
303,LEFT_HEEL,0.4996371865272522,0.8575810194015503,-0.10765395313501358
303,RIGHT_HEEL,0.5302754640579224,0.861990749835968,0.20148798823356628
303,LEFT_FOOT_INDEX,0.46242061257362366,0.8798225522041321,-0.15970000624656677
303,RIGHT_FOOT_INDEX,0.5105489492416382,0.8826122283935547,0.17424575984477997
304,NOSE,0.5590763688087463,0.33014628291130066,0.05782241374254227
304,LEFT_EYE_INNER,0.5693792104721069,0.3235206604003906,0.02241692878305912
304,LEFT_EYE,0.569825291633606,0.32373708486557007,0.022407053038477898
304,LEFT_EYE_OUTER,0.5694230198860168,0.32399868965148926,0.02235536463558674
304,RIGHT_EYE_INNER,0.569329559803009,0.3230336308479309,0.06265386193990707
304,RIGHT_EYE,0.5702699422836304,0.322870671749115,0.06260363757610321
304,RIGHT_EYE_OUTER,0.5711125135421753,0.3228241801261902,0.06269337236881256
304,LEFT_EAR,0.5696059465408325,0.33148786425590515,-0.08301480114459991
304,RIGHT_EAR,0.5743309855461121,0.33224818110466003,0.09741370379924774
304,MOUTH_LEFT,0.5568581223487854,0.33917683362960815,0.026829039677977562
304,MOUTH_RIGHT,0.5571789145469666,0.33917561173439026,0.07774753868579865
304,LEFT_SHOULDER,0.5216730833053589,0.3747846782207489,-0.20918242633342743
304,RIGHT_SHOULDER,0.5775089263916016,0.3971082270145416,0.2245359867811203
304,LEFT_ELBOW,0.43970179557800293,0.3981906473636627,-0.15706601738929749
304,RIGHT_ELBOW,0.4910467267036438,0.41285499930381775,0.3842446208000183
304,LEFT_WRIST,0.45378509163856506,0.3347693383693695,0.09984893351793289
304,RIGHT_WRIST,0.47672218084335327,0.34390681982040405,0.46261391043663025
304,LEFT_PINKY,0.45482444763183594,0.31803593039512634,0.10266575962305069
304,RIGHT_PINKY,0.4809589982032776,0.3274918794631958,0.49006763100624084
304,LEFT_INDEX,0.4679000973701477,0.3185011148452759,0.10789735615253448
304,RIGHT_INDEX,0.4851277768611908,0.3259583115577698,0.46427401900291443
304,LEFT_THUMB,0.468394935131073,0.32589858770370483,0.11041288077831268
304,RIGHT_THUMB,0.4833807349205017,0.3311360776424408,0.45319047570228577
304,LEFT_HIP,0.4481198191642761,0.5526782274246216,-0.13782170414924622
304,RIGHT_HIP,0.48072201013565063,0.5592607259750366,0.13768133521080017
304,LEFT_KNEE,0.4580255448818207,0.709194004535675,-0.09762592613697052
304,RIGHT_KNEE,0.4894126057624817,0.7099571824073792,0.18505963683128357
304,LEFT_ANKLE,0.46493715047836304,0.8426787257194519,-0.11915913969278336
304,RIGHT_ANKLE,0.5221904516220093,0.8439159393310547,0.1975363790988922
304,LEFT_HEEL,0.4894912838935852,0.8572824597358704,-0.11831138283014297
304,RIGHT_HEEL,0.5330384373664856,0.862251877784729,0.20145408809185028
304,LEFT_FOOT_INDEX,0.45989567041397095,0.8787396550178528,-0.16813728213310242
304,RIGHT_FOOT_INDEX,0.5169588923454285,0.882728099822998,0.17545726895332336
305,NOSE,0.5594109296798706,0.329958975315094,0.06612849980592728
305,LEFT_EYE_INNER,0.5693792104721069,0.3232523500919342,0.03069017268717289
305,LEFT_EYE,0.5696625113487244,0.3233737051486969,0.030682887881994247
305,LEFT_EYE_OUTER,0.5690795183181763,0.32354265451431274,0.030631493777036667
305,RIGHT_EYE_INNER,0.5698502659797668,0.32301241159439087,0.07113690674304962
305,RIGHT_EYE,0.5709431767463684,0.3228842616081238,0.07108771055936813
305,RIGHT_EYE_OUTER,0.5719195604324341,0.3228669762611389,0.07117731869220734
305,LEFT_EAR,0.5690311193466187,0.33097904920578003,-0.0758281871676445
305,RIGHT_EAR,0.5750953555107117,0.3323003053665161,0.10532547533512115
305,MOUTH_LEFT,0.5568545460700989,0.3387088179588318,0.03442126512527466
305,MOUTH_RIGHT,0.5578025579452515,0.33910423517227173,0.08560873568058014
305,LEFT_SHOULDER,0.5211043953895569,0.3745323121547699,-0.20464658737182617
305,RIGHT_SHOULDER,0.5775853991508484,0.39721018075942993,0.2312782257795334
305,LEFT_ELBOW,0.43952593207359314,0.39823001623153687,-0.14884944260120392
305,RIGHT_ELBOW,0.48819050192832947,0.4127766489982605,0.383649617433548
305,LEFT_WRIST,0.4534006118774414,0.334905743598938,0.1150846928358078
305,RIGHT_WRIST,0.47620925307273865,0.34395354986190796,0.4515489637851715
305,LEFT_PINKY,0.4540565609931946,0.31886202096939087,0.11860226094722748
305,RIGHT_PINKY,0.4782866835594177,0.3279789090156555,0.477098286151886
305,LEFT_INDEX,0.4673498570919037,0.3188268542289734,0.12382929027080536
305,RIGHT_INDEX,0.4831749498844147,0.32595235109329224,0.45335549116134644
305,LEFT_THUMB,0.4674661159515381,0.32607555389404297,0.12589207291603088
305,RIGHT_THUMB,0.4827647805213928,0.3313535749912262,0.4422799050807953
305,LEFT_HIP,0.44752898812294006,0.5527273416519165,-0.13781771063804626
305,RIGHT_HIP,0.48108619451522827,0.559259295463562,0.13767316937446594
305,LEFT_KNEE,0.45746850967407227,0.7092365622520447,-0.0969318225979805
305,RIGHT_KNEE,0.48995789885520935,0.7100737690925598,0.185784712433815
305,LEFT_ANKLE,0.4648537039756775,0.8429819345474243,-0.12080194056034088
305,RIGHT_ANKLE,0.5224434733390808,0.8439257740974426,0.19757267832756042
305,LEFT_HEEL,0.48974642157554626,0.8571380376815796,-0.1199517473578453
305,RIGHT_HEEL,0.5342839956283569,0.8626710176467896,0.20141950249671936
305,LEFT_FOOT_INDEX,0.4598182737827301,0.8771244883537292,-0.16991710662841797
305,RIGHT_FOOT_INDEX,0.5160620808601379,0.8826791644096375,0.17570045590400696
306,NOSE,0.5597277879714966,0.32971227169036865,0.07440242916345596
306,LEFT_EYE_INNER,0.5693846344947815,0.32296985387802124,0.0385514497756958
306,LEFT_EYE,0.5695830583572388,0.32302042841911316,0.038545507937669754
306,LEFT_EYE_OUTER,0.5689087510108948,0.3231242895126343,0.038492731750011444
306,RIGHT_EYE_INNER,0.5703185200691223,0.3229708969593048,0.07902916520833969
306,RIGHT_EYE,0.5715157389640808,0.3228953778743744,0.07898096740245819
306,RIGHT_EYE_OUTER,0.5725842118263245,0.3228974938392639,0.07906952500343323
306,LEFT_EAR,0.5688463449478149,0.33057254552841187,-0.07006774842739105
306,RIGHT_EAR,0.5758509039878845,0.3323596715927124,0.11119834333658218
306,MOUTH_LEFT,0.5568740963935852,0.3382395803928375,0.041837044060230255
306,MOUTH_RIGHT,0.5584741234779358,0.3389774560928345,0.09306065738201141
306,LEFT_SHOULDER,0.5208581686019897,0.37428638339042664,-0.20071354508399963
306,RIGHT_SHOULDER,0.5776408910751343,0.3972472548484802,0.23600652813911438
306,LEFT_ELBOW,0.4392870366573334,0.39819902181625366,-0.14387737214565277
306,RIGHT_ELBOW,0.4865438938140869,0.41272562742233276,0.3835146725177765
306,LEFT_WRIST,0.4531066417694092,0.33491888642311096,0.12155339866876602
306,RIGHT_WRIST,0.4760107100009918,0.34394922852516174,0.44678249955177307
306,LEFT_PINKY,0.45351266860961914,0.3189311623573303,0.12497751414775848
306,RIGHT_PINKY,0.477623850107193,0.32804057002067566,0.4714086651802063
306,LEFT_INDEX,0.4668821394443512,0.3187330365180969,0.13072530925273895
306,RIGHT_INDEX,0.48265179991722107,0.32590755820274353,0.4488002359867096
306,LEFT_THUMB,0.466876357793808,0.32596108317375183,0.13260647654533386
306,RIGHT_THUMB,0.4825894832611084,0.3313562870025635,0.4377060532569885
306,LEFT_HIP,0.44713011384010315,0.5527900457382202,-0.13780814409255981
306,RIGHT_HIP,0.4812878966331482,0.5592612028121948,0.13766449689865112
306,LEFT_KNEE,0.45713263750076294,0.7092803120613098,-0.09629761427640915
306,RIGHT_KNEE,0.4901926517486572,0.7102178931236267,0.1861388087272644
306,LEFT_ANKLE,0.46477922797203064,0.8430222272872925,-0.11949676275253296
306,RIGHT_ANKLE,0.5224827527999878,0.8439529538154602,0.19792699813842773
306,LEFT_HEEL,0.48894304037094116,0.8565926551818848,-0.11830975115299225
306,RIGHT_HEEL,0.5345515608787537,0.8628770112991333,0.20170822739601135
306,LEFT_FOOT_INDEX,0.4597682058811188,0.8759059906005859,-0.1679145246744156
306,RIGHT_FOOT_INDEX,0.5155221223831177,0.8826490640640259,0.17695096135139465
307,NOSE,0.5598636865615845,0.3295597434043884,0.07210354506969452
307,LEFT_EYE_INNER,0.5693785548210144,0.32277780771255493,0.03670648857951164
307,LEFT_EYE,0.5694698691368103,0.3227868676185608,0.03670068830251694
307,LEFT_EYE_OUTER,0.5687247514724731,0.3228577971458435,0.036646611988544464
307,RIGHT_EYE_INNER,0.5705646276473999,0.32293829321861267,0.07748455554246902
307,RIGHT_EYE,0.5718291401863098,0.32290440797805786,0.07743935286998749
307,RIGHT_EYE_OUTER,0.5729612112045288,0.3229207694530487,0.0775299146771431
307,LEFT_EAR,0.5687194466590881,0.330374538898468,-0.06951995193958282
307,RIGHT_EAR,0.5763825178146362,0.33240967988967896,0.11284489929676056
307,MOUTH_LEFT,0.5568755865097046,0.3379634916782379,0.0404028594493866
307,MOUTH_RIGHT,0.5587888956069946,0.3389033377170563,0.0920027494430542
307,LEFT_SHOULDER,0.5208312273025513,0.3741469979286194,-0.1995433270931244
307,RIGHT_SHOULDER,0.5776399970054626,0.397298127412796,0.23985175788402557
307,LEFT_ELBOW,0.4387610852718353,0.39818432927131653,-0.14102551341056824
307,RIGHT_ELBOW,0.4856840968132019,0.4126654267311096,0.3805926740169525
307,LEFT_WRIST,0.452983558177948,0.33496278524398804,0.13052091002464294
307,RIGHT_WRIST,0.4752427935600281,0.34390363097190857,0.42580360174179077
307,LEFT_PINKY,0.4534209370613098,0.31904202699661255,0.13453345000743866
307,RIGHT_PINKY,0.47694095969200134,0.3279833197593689,0.44853562116622925
307,LEFT_INDEX,0.466852605342865,0.31874093413352966,0.1407601237297058
307,RIGHT_INDEX,0.48204097151756287,0.32584911584854126,0.4264947474002838
307,LEFT_THUMB,0.46710458397865295,0.3262332081794739,0.14197097718715668
307,RIGHT_THUMB,0.4809516966342926,0.33134379982948303,0.4164617657661438
307,LEFT_HIP,0.446730375289917,0.5528349280357361,-0.137816920876503
307,RIGHT_HIP,0.4815322458744049,0.5592635869979858,0.1376684159040451
307,LEFT_KNEE,0.4568183422088623,0.7092971205711365,-0.0949571505188942
307,RIGHT_KNEE,0.49049729108810425,0.7102858424186707,0.18666842579841614
307,LEFT_ANKLE,0.46388086676597595,0.8431485891342163,-0.11808159202337265
307,RIGHT_ANKLE,0.5227490663528442,0.8439656496047974,0.19842121005058289
307,LEFT_HEEL,0.4857279658317566,0.856605052947998,-0.11693543195724487
307,RIGHT_HEEL,0.5347400903701782,0.8629382252693176,0.20213837921619415
307,LEFT_FOOT_INDEX,0.4565049111843109,0.8738788366317749,-0.1667139083147049
307,RIGHT_FOOT_INDEX,0.5153477787971497,0.8826267123222351,0.17827966809272766
308,NOSE,0.5600064992904663,0.32951444387435913,0.07939253747463226
308,LEFT_EYE_INNER,0.5693733096122742,0.3226911425590515,0.043556369841098785
308,LEFT_EYE,0.569369912147522,0.3226727843284607,0.04355331510305405
308,LEFT_EYE_OUTER,0.5685567259788513,0.32272234559059143,0.04350098967552185
308,RIGHT_EYE_INNER,0.5707825422286987,0.3229357898235321,0.08430308103561401
308,RIGHT_EYE,0.5720953345298767,0.3229143023490906,0.08425779640674591
308,RIGHT_EYE_OUTER,0.5732699632644653,0.32299089431762695,0.08434717357158661
308,LEFT_EAR,0.5685401558876038,0.3302481770515442,-0.06510869413614273
308,RIGHT_EAR,0.5767743587493896,0.33250659704208374,0.11723798513412476
308,MOUTH_LEFT,0.5568773746490479,0.3378600478172302,0.04675287753343582
308,MOUTH_RIGHT,0.5590815544128418,0.33889466524124146,0.09831178933382034
308,LEFT_SHOULDER,0.5207729339599609,0.374012291431427,-0.19725653529167175
308,RIGHT_SHOULDER,0.5776486396789551,0.3973584771156311,0.2426450550556183
308,LEFT_ELBOW,0.4384152293205261,0.39816048741340637,-0.13786640763282776
308,RIGHT_ELBOW,0.485269159078598,0.41260600090026855,0.3797456920146942
308,LEFT_WRIST,0.45289912819862366,0.33497411012649536,0.1330251544713974
308,RIGHT_WRIST,0.474949449300766,0.34386199712753296,0.422823429107666
308,LEFT_PINKY,0.45332273840904236,0.31903505325317383,0.13672569394111633
308,RIGHT_PINKY,0.47668036818504333,0.3279567062854767,0.44519662857055664
308,LEFT_INDEX,0.4668140411376953,0.31870824098587036,0.14296364784240723
308,RIGHT_INDEX,0.4818058907985687,0.32581013441085815,0.4232962727546692
308,LEFT_THUMB,0.4669267535209656,0.32615986466407776,0.14441804587841034
308,RIGHT_THUMB,0.4802895188331604,0.3313271403312683,0.4134771227836609
308,LEFT_HIP,0.446505069732666,0.5529127717018127,-0.13783478736877441
308,RIGHT_HIP,0.4816744923591614,0.5592696666717529,0.13768117129802704
308,LEFT_KNEE,0.45668086409568787,0.709358811378479,-0.09517081081867218
308,RIGHT_KNEE,0.49051111936569214,0.7103539705276489,0.1865743100643158
308,LEFT_ANKLE,0.46405139565467834,0.843396782875061,-0.11682452261447906
308,RIGHT_ANKLE,0.5224078297615051,0.8449322581291199,0.20029816031455994
308,LEFT_HEEL,0.48566538095474243,0.8565821647644043,-0.1154460459947586
308,RIGHT_HEEL,0.5348061919212341,0.8631072044372559,0.20418107509613037
308,LEFT_FOOT_INDEX,0.4554220736026764,0.8728227615356445,-0.16539128124713898
308,RIGHT_FOOT_INDEX,0.5151028037071228,0.8825621604919434,0.18083405494689941
309,NOSE,0.5600563287734985,0.3292495310306549,0.06408780068159103
309,LEFT_EYE_INNER,0.5693751573562622,0.3224334120750427,0.029091689735651016
309,LEFT_EYE,0.5693492293357849,0.3224102854728699,0.02908250130712986
309,LEFT_EYE_OUTER,0.5685455799102783,0.32246294617652893,0.029025297611951828
309,RIGHT_EYE_INNER,0.5708729028701782,0.32279035449028015,0.07016835361719131
309,RIGHT_EYE,0.5721863508224487,0.32285410165786743,0.07012365758419037
309,RIGHT_EYE_OUTER,0.5733518004417419,0.32299572229385376,0.07021355628967285
309,LEFT_EAR,0.5686312913894653,0.33011868596076965,-0.0740058571100235
309,RIGHT_EAR,0.5769575834274292,0.33253297209739685,0.10907238721847534
309,MOUTH_LEFT,0.5568780899047852,0.33758479356765747,0.033109188079833984
309,MOUTH_RIGHT,0.5591338276863098,0.3386930823326111,0.0851425901055336
309,LEFT_SHOULDER,0.5207756757736206,0.37392932176589966,-0.19966168701648712
309,RIGHT_SHOULDER,0.5776463747024536,0.39737528562545776,0.23908500373363495
309,LEFT_ELBOW,0.43840742111206055,0.3981441259384155,-0.1456030160188675
309,RIGHT_ELBOW,0.485048770904541,0.4125683307647705,0.37917372584342957
309,LEFT_WRIST,0.45290321111679077,0.33495789766311646,0.1234297975897789
309,RIGHT_WRIST,0.47493210434913635,0.3438500165939331,0.42625847458839417
309,LEFT_PINKY,0.45356568694114685,0.3188808262348175,0.12684805691242218
309,RIGHT_PINKY,0.4766545295715332,0.327987939119339,0.44926849007606506
309,LEFT_INDEX,0.46690553426742554,0.31866392493247986,0.13242387771606445
309,RIGHT_INDEX,0.48178696632385254,0.3257758915424347,0.42742952704429626
309,LEFT_THUMB,0.46716147661209106,0.32620948553085327,0.13447175920009613
309,RIGHT_THUMB,0.48007792234420776,0.3312869369983673,0.4170401096343994
309,LEFT_HIP,0.4464794099330902,0.5529332756996155,-0.1378972828388214
309,RIGHT_HIP,0.4816657602787018,0.5592414736747742,0.13774122297763824
309,LEFT_KNEE,0.4566715359687805,0.7093597650527954,-0.09501523524522781
309,RIGHT_KNEE,0.4904383718967438,0.7103602886199951,0.18556420505046844
309,LEFT_ANKLE,0.46441298723220825,0.8433701395988464,-0.11643429100513458
309,RIGHT_ANKLE,0.5221980214118958,0.8454999923706055,0.20065562427043915
309,LEFT_HEEL,0.48726361989974976,0.8563116788864136,-0.11471077054738998
309,RIGHT_HEEL,0.5348242521286011,0.8631978034973145,0.20450977981090546
309,LEFT_FOOT_INDEX,0.45618605613708496,0.8728437423706055,-0.16481997072696686
309,RIGHT_FOOT_INDEX,0.5145045518875122,0.8825163841247559,0.18015074729919434
310,NOSE,0.5601993203163147,0.32882875204086304,0.05962551757693291
310,LEFT_EYE_INNER,0.5694165229797363,0.32208672165870667,0.024299152195453644
310,LEFT_EYE,0.5693632960319519,0.32206496596336365,0.024287555366754532
310,LEFT_EYE_OUTER,0.5685529708862305,0.32212430238723755,0.024232495576143265
310,RIGHT_EYE_INNER,0.5709809064865112,0.32255470752716064,0.06534243375062943
310,RIGHT_EYE,0.5722620487213135,0.3227148652076721,0.06529422104358673
310,RIGHT_EYE_OUTER,0.5733915567398071,0.32294413447380066,0.06538315117359161
310,LEFT_EAR,0.568708062171936,0.32991498708724976,-0.07852164655923843
310,RIGHT_EAR,0.5770087838172913,0.3325442969799042,0.1041656956076622
310,MOUTH_LEFT,0.5569658279418945,0.33720478415489197,0.02837671898305416
310,MOUTH_RIGHT,0.559270977973938,0.3383277356624603,0.08040425181388855
310,LEFT_SHOULDER,0.5207504630088806,0.3738831579685211,-0.20001628994941711
310,RIGHT_SHOULDER,0.577648937702179,0.39739447832107544,0.23653145134449005
310,LEFT_ELBOW,0.43841537833213806,0.39816778898239136,-0.14973963797092438
310,RIGHT_ELBOW,0.4850223660469055,0.4127732813358307,0.37961214780807495
310,LEFT_WRIST,0.45291346311569214,0.3349537253379822,0.11480806767940521
310,RIGHT_WRIST,0.4750227928161621,0.34424394369125366,0.4337005019187927
310,LEFT_PINKY,0.45356160402297974,0.31890541315078735,0.11797767877578735
310,RIGHT_PINKY,0.47651925683021545,0.32835522294044495,0.4580621123313904
310,LEFT_INDEX,0.4669868052005768,0.31863144040107727,0.12283489853143692
310,RIGHT_INDEX,0.4817435145378113,0.3257993757724762,0.43510961532592773
310,LEFT_THUMB,0.46730536222457886,0.3262166380882263,0.1254332959651947
310,RIGHT_THUMB,0.48047828674316406,0.33151108026504517,0.42437395453453064
310,LEFT_HIP,0.4464804530143738,0.5530554056167603,-0.13785158097743988
310,RIGHT_HIP,0.4816446900367737,0.5592399835586548,0.13769148290157318
310,LEFT_KNEE,0.4566733241081238,0.7093582153320312,-0.09473968297243118
310,RIGHT_KNEE,0.4903513789176941,0.7103649377822876,0.1865418404340744
310,LEFT_ANKLE,0.4647541046142578,0.8433531522750854,-0.11681509017944336
310,RIGHT_ANKLE,0.5221134424209595,0.8454461097717285,0.20047107338905334
310,LEFT_HEEL,0.4884641766548157,0.8560162782669067,-0.11539046466350555
310,RIGHT_HEEL,0.5347883105278015,0.8632282018661499,0.20413927733898163
310,LEFT_FOOT_INDEX,0.4566008448600769,0.872779369354248,-0.16585883498191833
310,RIGHT_FOOT_INDEX,0.5146689414978027,0.8821889758110046,0.17964458465576172
311,NOSE,0.5602996349334717,0.3284606635570526,0.05894724652171135
311,LEFT_EYE_INNER,0.5694436430931091,0.3217729926109314,0.023500852286815643
311,LEFT_EYE,0.5693718194961548,0.3217584192752838,0.023489855229854584
311,LEFT_EYE_OUTER,0.5685625672340393,0.32182806730270386,0.02343502826988697
311,RIGHT_EYE_INNER,0.5710617899894714,0.32232171297073364,0.06477082520723343
311,RIGHT_EYE,0.5723246932029724,0.32256391644477844,0.06472281366586685
311,RIGHT_EYE_OUTER,0.5734343528747559,0.32287201285362244,0.06481219828128815
311,LEFT_EAR,0.5687680840492249,0.3297523260116577,-0.08051912486553192
311,RIGHT_EAR,0.5770863890647888,0.332544207572937,0.10316137969493866
311,MOUTH_LEFT,0.5570312142372131,0.3368982970714569,0.02735331654548645
311,MOUTH_RIGHT,0.559371829032898,0.3380189538002014,0.07968208938837051
311,LEFT_SHOULDER,0.5207252502441406,0.3738623559474945,-0.20048221945762634
311,RIGHT_SHOULDER,0.57765132188797,0.3974153697490692,0.23488464951515198
311,LEFT_ELBOW,0.4384213387966156,0.3981793522834778,-0.15073031187057495
311,RIGHT_ELBOW,0.4849083423614502,0.4128608703613281,0.3797490894794464
311,LEFT_WRIST,0.45294061303138733,0.33495447039604187,0.11466475576162338
311,RIGHT_WRIST,0.4750712513923645,0.3444269299507141,0.4345725178718567
311,LEFT_PINKY,0.4536040723323822,0.31893390417099,0.11784617602825165
311,RIGHT_PINKY,0.4764661192893982,0.3285549581050873,0.45902690291404724
311,LEFT_INDEX,0.4670755863189697,0.31861865520477295,0.12254029512405396
311,RIGHT_INDEX,0.48172277212142944,0.3258028030395508,0.4367944300174713
311,LEFT_THUMB,0.467425674200058,0.3262362778186798,0.12525060772895813
311,RIGHT_THUMB,0.4807499349117279,0.3316226899623871,0.42556697130203247
311,LEFT_HIP,0.4464723467826843,0.553114652633667,-0.13783511519432068
311,RIGHT_HIP,0.481632798910141,0.5592406392097473,0.1376727670431137
311,LEFT_KNEE,0.4566779136657715,0.7093568444252014,-0.09450923651456833
311,RIGHT_KNEE,0.49029436707496643,0.7103801965713501,0.18729569017887115
311,LEFT_ANKLE,0.4647372364997864,0.8432313203811646,-0.11665459722280502
311,RIGHT_ANKLE,0.5220903158187866,0.8453715443611145,0.20046357810497284
311,LEFT_HEEL,0.48924097418785095,0.8556979894638062,-0.11529284715652466
311,RIGHT_HEEL,0.534736156463623,0.8632287979125977,0.20412738621234894
311,LEFT_FOOT_INDEX,0.45698899030685425,0.8726745843887329,-0.16596737504005432
311,RIGHT_FOOT_INDEX,0.5149427056312561,0.8820365071296692,0.1790725588798523
312,NOSE,0.5603430271148682,0.3284653127193451,0.061455242335796356
312,LEFT_EYE_INNER,0.5693750381469727,0.3217403292655945,0.023971902206540108
312,LEFT_EYE,0.5691272616386414,0.3217017352581024,0.023964164778590202
312,LEFT_EYE_OUTER,0.5681656002998352,0.32175078988075256,0.023909498006105423
312,RIGHT_EYE_INNER,0.5711629390716553,0.3223240077495575,0.06392955780029297
312,RIGHT_EYE,0.5724778771400452,0.32259106636047363,0.06388538330793381
312,RIGHT_EYE_OUTER,0.5736407041549683,0.322963148355484,0.06396996974945068
312,LEFT_EAR,0.568045437335968,0.3294844627380371,-0.08431875705718994
312,RIGHT_EAR,0.5771891474723816,0.3325587511062622,0.09361700713634491
312,MOUTH_LEFT,0.5570279359817505,0.33691078424453735,0.02751418948173523
312,MOUTH_RIGHT,0.5596078634262085,0.33806172013282776,0.07821518927812576
312,LEFT_SHOULDER,0.5202834010124207,0.3738245368003845,-0.20495101809501648
312,RIGHT_SHOULDER,0.5781713724136353,0.3974933624267578,0.21359679102897644
312,LEFT_ELBOW,0.4383600652217865,0.39817672967910767,-0.15253332257270813
312,RIGHT_ELBOW,0.5023333430290222,0.4159051477909088,0.4063379168510437
312,LEFT_WRIST,0.452972412109375,0.33494359254837036,0.10196995735168457
312,RIGHT_WRIST,0.4870285987854004,0.34710752964019775,0.5399976968765259
312,LEFT_PINKY,0.4535629153251648,0.31891387701034546,0.1048860102891922
312,RIGHT_PINKY,0.486499160528183,0.3294133245944977,0.5747138857841492
312,LEFT_INDEX,0.46707049012184143,0.31860682368278503,0.10520318895578384
312,RIGHT_INDEX,0.48780956864356995,0.3269825875759125,0.5522426962852478
312,LEFT_THUMB,0.46735042333602905,0.32605522871017456,0.11041690409183502
312,RIGHT_THUMB,0.485115110874176,0.3323251008987427,0.5332433581352234
312,LEFT_HIP,0.4464341998100281,0.5532909035682678,-0.13739362359046936
312,RIGHT_HIP,0.48305001854896545,0.5593041181564331,0.1371825784444809
312,LEFT_KNEE,0.45668452978134155,0.709457278251648,-0.09406351298093796
312,RIGHT_KNEE,0.49149131774902344,0.7103804349899292,0.19405315816402435
312,LEFT_ANKLE,0.464286744594574,0.8436117172241211,-0.12552528083324432
312,RIGHT_ANKLE,0.5256850719451904,0.8448392748832703,0.20048567652702332
312,LEFT_HEEL,0.4866669178009033,0.8573175668716431,-0.12461651861667633
312,RIGHT_HEEL,0.5356146097183228,0.8628847002983093,0.20411770045757294
312,LEFT_FOOT_INDEX,0.4523038864135742,0.8729570508003235,-0.1729658544063568
312,RIGHT_FOOT_INDEX,0.5204963684082031,0.8819500207901001,0.1813492327928543
313,NOSE,0.5603516101837158,0.3284613788127899,0.061799056828022
313,LEFT_EYE_INNER,0.5692521929740906,0.3216756582260132,0.023933755233883858
313,LEFT_EYE,0.5688674449920654,0.321613609790802,0.0239262692630291
313,LEFT_EYE_OUTER,0.5678185224533081,0.32164445519447327,0.023871123790740967
313,RIGHT_EYE_INNER,0.5711753964424133,0.32231470942497253,0.06349336355924606
313,RIGHT_EYE,0.5725059509277344,0.3225937485694885,0.06344898790121078
313,RIGHT_EYE_OUTER,0.5736817121505737,0.32298001646995544,0.06353435665369034
313,LEFT_EAR,0.5675705075263977,0.3292733132839203,-0.0866454690694809
313,RIGHT_EAR,0.5772048830986023,0.33256995677948,0.08918341994285583
313,MOUTH_LEFT,0.5569672584533691,0.33690211176872253,0.027416571974754333
313,MOUTH_RIGHT,0.559648871421814,0.338064581155777,0.07760163396596909
313,LEFT_SHOULDER,0.5197776556015015,0.37376460433006287,-0.2057039737701416
313,RIGHT_SHOULDER,0.5786593556404114,0.397651344537735,0.2069072276353836
313,LEFT_ELBOW,0.43835896253585815,0.3981705904006958,-0.15357914566993713
313,RIGHT_ELBOW,0.5209778547286987,0.42093366384506226,0.4158408045768738
313,LEFT_WRIST,0.453003466129303,0.3347272276878357,0.09160194545984268
313,RIGHT_WRIST,0.4912468492984772,0.34909534454345703,0.5655340552330017
313,LEFT_PINKY,0.45354706048965454,0.31882211565971375,0.09475107491016388
313,RIGHT_PINKY,0.4897572994232178,0.33124178647994995,0.6027832627296448
313,LEFT_INDEX,0.46706438064575195,0.31852954626083374,0.09526436775922775
313,RIGHT_INDEX,0.49079424142837524,0.32790058851242065,0.5808940529823303
313,LEFT_THUMB,0.4673001766204834,0.32578009366989136,0.09998707473278046
313,RIGHT_THUMB,0.4875452518463135,0.33299994468688965,0.5595522522926331
313,LEFT_HIP,0.446416437625885,0.553295910358429,-0.1363549381494522
313,RIGHT_HIP,0.4838847517967224,0.559276819229126,0.13608768582344055
313,LEFT_KNEE,0.4559696316719055,0.7091744542121887,-0.09123961627483368
313,RIGHT_KNEE,0.4924625754356384,0.7102376222610474,0.19892193377017975
313,LEFT_ANKLE,0.4636354446411133,0.843592643737793,-0.1320166438817978
313,RIGHT_ANKLE,0.5270318984985352,0.8441066741943359,0.19903013110160828
313,LEFT_HEEL,0.48401761054992676,0.857748806476593,-0.1316438615322113
313,RIGHT_HEEL,0.5358599424362183,0.862334132194519,0.20198504626750946
313,LEFT_FOOT_INDEX,0.45073646306991577,0.8729861974716187,-0.17794476449489594
313,RIGHT_FOOT_INDEX,0.5225971937179565,0.881453812122345,0.1808166801929474
314,NOSE,0.5603582262992859,0.32845205068588257,0.059991370886564255
314,LEFT_EYE_INNER,0.5691705346107483,0.3216114342212677,0.022473495453596115
314,LEFT_EYE,0.5686949491500854,0.321534663438797,0.0224650576710701
314,LEFT_EYE_OUTER,0.5675947070121765,0.3215564787387848,0.022409522905945778
314,RIGHT_EYE_INNER,0.5711864233016968,0.3222957253456116,0.062021654099226
314,RIGHT_EYE,0.5725249648094177,0.3225930333137512,0.06197693198919296
314,RIGHT_EYE_OUTER,0.5737041234970093,0.3229856789112091,0.062062978744506836
314,LEFT_EAR,0.5671883225440979,0.32910171151161194,-0.08843503892421722
314,RIGHT_EAR,0.5772040486335754,0.3325801491737366,0.08711402118206024
314,MOUTH_LEFT,0.5569364428520203,0.33689332008361816,0.026122352108359337
314,MOUTH_RIGHT,0.559680700302124,0.3380662798881531,0.07628183811903
314,LEFT_SHOULDER,0.519383430480957,0.37370091676712036,-0.20625703036785126
314,RIGHT_SHOULDER,0.5787800550460815,0.397670179605484,0.2061493694782257
314,LEFT_ELBOW,0.4383618235588074,0.3981558084487915,-0.15415334701538086
314,RIGHT_ELBOW,0.5258526802062988,0.42307621240615845,0.42443618178367615
314,LEFT_WRIST,0.4530333876609802,0.33471569418907166,0.08427160978317261
314,RIGHT_WRIST,0.5026943683624268,0.3551119863986969,0.5841764807701111
314,LEFT_PINKY,0.4535580277442932,0.31878650188446045,0.08763162791728973
314,RIGHT_PINKY,0.49200162291526794,0.33151760697364807,0.6230535507202148
314,LEFT_INDEX,0.4670814871788025,0.31850770115852356,0.08816496282815933
314,RIGHT_INDEX,0.4923618733882904,0.32866451144218445,0.6016234159469604
314,LEFT_THUMB,0.4672810137271881,0.32564225792884827,0.09266318380832672
314,RIGHT_THUMB,0.4943862557411194,0.33457809686660767,0.5786730051040649
314,LEFT_HIP,0.4464154839515686,0.5533058047294617,-0.13588784635066986
314,RIGHT_HIP,0.4841444492340088,0.5592159032821655,0.13559678196907043
314,LEFT_KNEE,0.455972820520401,0.7091310620307922,-0.09163393080234528
314,RIGHT_KNEE,0.49259477853775024,0.709930956363678,0.19807244837284088
314,LEFT_ANKLE,0.46330928802490234,0.8435879945755005,-0.1396348774433136
314,RIGHT_ANKLE,0.5276833772659302,0.8437327146530151,0.19405774772167206
314,LEFT_HEEL,0.4834636151790619,0.8585765957832336,-0.13971230387687683
314,RIGHT_HEEL,0.5358299016952515,0.8617790937423706,0.19627733528614044
314,LEFT_FOOT_INDEX,0.44999217987060547,0.8730076551437378,-0.18626835942268372
314,RIGHT_FOOT_INDEX,0.5231202840805054,0.8810532689094543,0.17787306010723114
315,NOSE,0.5603653192520142,0.3284188508987427,0.060991860926151276
315,LEFT_EYE_INNER,0.569098174571991,0.32150915265083313,0.023051900789141655
315,LEFT_EYE,0.568552553653717,0.32141584157943726,0.023043470457196236
315,LEFT_EYE_OUTER,0.5674182176589966,0.3214283287525177,0.02298729680478573
315,RIGHT_EYE_INNER,0.5712003111839294,0.3222518861293793,0.06284300237894058
315,RIGHT_EYE,0.5725537538528442,0.32257819175720215,0.06279852241277695
315,RIGHT_EYE_OUTER,0.573747992515564,0.3229925036430359,0.06288304179906845
315,LEFT_EAR,0.5669741630554199,0.32895204424858093,-0.08948082476854324
315,RIGHT_EAR,0.5772331953048706,0.33258673548698425,0.08699341863393784
315,MOUTH_LEFT,0.5568805932998657,0.3368377983570099,0.02653532661497593
315,MOUTH_RIGHT,0.5596946477890015,0.3380540907382965,0.07695086300373077
315,LEFT_SHOULDER,0.5191348195075989,0.3736281096935272,-0.2083893120288849
315,RIGHT_SHOULDER,0.5789265632629395,0.3977104723453522,0.20679600536823273
315,LEFT_ELBOW,0.438361257314682,0.39812737703323364,-0.15425798296928406
315,RIGHT_ELBOW,0.5247728228569031,0.42352765798568726,0.4211485981941223
315,LEFT_WRIST,0.45305824279785156,0.3344821631908417,0.0833156555891037
315,RIGHT_WRIST,0.49814748764038086,0.35395997762680054,0.5690930485725403
315,LEFT_PINKY,0.4536034166812897,0.31871137022972107,0.08604598045349121
315,RIGHT_PINKY,0.4917963445186615,0.3322753608226776,0.6057549118995667
315,LEFT_INDEX,0.46712011098861694,0.31849145889282227,0.08656243979930878
315,RIGHT_INDEX,0.4926757216453552,0.328935831785202,0.583781898021698
315,LEFT_THUMB,0.46729812026023865,0.32550951838493347,0.09169304370880127
315,RIGHT_THUMB,0.4933108389377594,0.3345622420310974,0.5629075169563293
315,LEFT_HIP,0.44640034437179565,0.5533101558685303,-0.13571007549762726
315,RIGHT_HIP,0.4844450056552887,0.5591991543769836,0.13541284203529358
315,LEFT_KNEE,0.45523175597190857,0.7090033292770386,-0.09195385873317719
315,RIGHT_KNEE,0.49281615018844604,0.7098430395126343,0.19686844944953918
315,LEFT_ANKLE,0.4612015187740326,0.8435226678848267,-0.1382141411304474
315,RIGHT_ANKLE,0.5281128883361816,0.8436776399612427,0.19389832019805908
315,LEFT_HEEL,0.48104962706565857,0.8593608140945435,-0.13806210458278656
315,RIGHT_HEEL,0.535797655582428,0.8613818883895874,0.1963239312171936
315,LEFT_FOOT_INDEX,0.4470835328102112,0.8725889921188354,-0.18542571365833282
315,RIGHT_FOOT_INDEX,0.523766815662384,0.8809713125228882,0.17781075835227966
316,NOSE,0.5603760480880737,0.3284068703651428,0.06643645465373993
316,LEFT_EYE_INNER,0.5690521001815796,0.32145923376083374,0.027799073606729507
316,LEFT_EYE,0.5684593319892883,0.3213542103767395,0.02778869867324829
316,LEFT_EYE_OUTER,0.5673041939735413,0.3213590681552887,0.027730798348784447
316,RIGHT_EYE_INNER,0.5712143182754517,0.32223615050315857,0.06716690212488174
316,RIGHT_EYE,0.5725763440132141,0.322576105594635,0.06712217628955841
316,RIGHT_EYE_OUTER,0.5737771987915039,0.32299745082855225,0.06720124185085297
316,LEFT_EAR,0.5668004751205444,0.32886189222335815,-0.08897043764591217
316,RIGHT_EAR,0.5772414207458496,0.33259350061416626,0.08711616694927216
316,MOUTH_LEFT,0.5568687915802002,0.3368193507194519,0.031064946204423904
316,MOUTH_RIGHT,0.5597245693206787,0.3380518853664398,0.08091097325086594
316,LEFT_SHOULDER,0.518825888633728,0.37356993556022644,-0.20824119448661804
316,RIGHT_SHOULDER,0.5789843797683716,0.3977290093898773,0.2064959555864334
316,LEFT_ELBOW,0.4383620321750641,0.39808404445648193,-0.1516631543636322
316,RIGHT_ELBOW,0.5252774953842163,0.42436933517456055,0.41855382919311523
316,LEFT_WRIST,0.45307812094688416,0.3344811201095581,0.08832147717475891
316,RIGHT_WRIST,0.4959593713283539,0.3532903790473938,0.5670591592788696
316,LEFT_PINKY,0.4536324143409729,0.3186851739883423,0.09221358597278595
316,RIGHT_PINKY,0.4915596842765808,0.3328096270561218,0.6038475036621094
316,LEFT_INDEX,0.4671465754508972,0.31847134232521057,0.09204185009002686
316,RIGHT_INDEX,0.49270501732826233,0.3291461765766144,0.5823429226875305
316,LEFT_THUMB,0.4672965109348297,0.32546374201774597,0.09656234085559845
316,RIGHT_THUMB,0.4926443099975586,0.3345802128314972,0.561162531375885
316,LEFT_HIP,0.44639626145362854,0.5533589124679565,-0.13518187403678894
316,RIGHT_HIP,0.4846883714199066,0.5591990351676941,0.13487331569194794
316,LEFT_KNEE,0.4548149108886719,0.7089692950248718,-0.09218539297580719
316,RIGHT_KNEE,0.4929750859737396,0.709819495677948,0.19604453444480896
316,LEFT_ANKLE,0.4604458808898926,0.8435112833976746,-0.13892772793769836
316,RIGHT_ANKLE,0.5283704996109009,0.8436822891235352,0.1926814764738083
316,LEFT_HEEL,0.48040080070495605,0.8600291013717651,-0.1388045847415924
316,RIGHT_HEEL,0.5357661247253418,0.8612366914749146,0.19518405199050903
316,LEFT_FOOT_INDEX,0.4461180567741394,0.8723976016044617,-0.18615227937698364
316,RIGHT_FOOT_INDEX,0.5250239372253418,0.8807897567749023,0.1774049550294876
317,NOSE,0.5603808164596558,0.3283856511116028,0.06437832117080688
317,LEFT_EYE_INNER,0.5689792037010193,0.3214018642902374,0.026330605149269104
317,LEFT_EYE,0.5683638453483582,0.3212890326976776,0.026319116353988647
317,LEFT_EYE_OUTER,0.5672165155410767,0.3212895393371582,0.026261117309331894
317,RIGHT_EYE_INNER,0.5712149143218994,0.32220667600631714,0.06591853499412537
317,RIGHT_EYE,0.5725762248039246,0.3225633502006531,0.06587331742048264
317,RIGHT_EYE_OUTER,0.5737767219543457,0.3230017125606537,0.0659525990486145
317,LEFT_EAR,0.5667515993118286,0.3288010358810425,-0.08898039162158966
317,RIGHT_EAR,0.577243447303772,0.3325979709625244,0.0872034877538681
317,MOUTH_LEFT,0.5568605661392212,0.33680397272109985,0.029832949861884117
317,MOUTH_RIGHT,0.5597321391105652,0.3380449414253235,0.07994337379932404
317,LEFT_SHOULDER,0.5187545418739319,0.37355178594589233,-0.20829951763153076
317,RIGHT_SHOULDER,0.5790451765060425,0.3977445960044861,0.20764334499835968
317,LEFT_ELBOW,0.43836259841918945,0.39805811643600464,-0.1514969915151596
317,RIGHT_ELBOW,0.5244271159172058,0.42414912581443787,0.4182923436164856
317,LEFT_WRIST,0.45309409499168396,0.3345057964324951,0.09096813201904297
317,RIGHT_WRIST,0.49468857049942017,0.35283368825912476,0.5617929697036743
317,LEFT_PINKY,0.45363521575927734,0.31864893436431885,0.09494264423847198
317,RIGHT_PINKY,0.4912322461605072,0.333037406206131,0.5974024534225464
317,LEFT_INDEX,0.4671609401702881,0.31845226883888245,0.09430579841136932
317,RIGHT_INDEX,0.49257487058639526,0.3291998505592346,0.5754085779190063
317,LEFT_THUMB,0.4672839045524597,0.3254547417163849,0.09910368919372559
317,RIGHT_THUMB,0.49227848649024963,0.3345491588115692,0.5554569959640503
317,LEFT_HIP,0.44641533493995667,0.5533813834190369,-0.13516797125339508
317,RIGHT_HIP,0.48473119735717773,0.559198260307312,0.1348598301410675
317,LEFT_KNEE,0.4545954763889313,0.7089675664901733,-0.094369076192379
317,RIGHT_KNEE,0.493080198764801,0.7097903490066528,0.1956234872341156
317,LEFT_ANKLE,0.46083492040634155,0.8439747095108032,-0.13870647549629211
317,RIGHT_ANKLE,0.5286253690719604,0.8437296748161316,0.19283203780651093
317,LEFT_HEEL,0.4806276857852936,0.8611741065979004,-0.1384468525648117
317,RIGHT_HEEL,0.5357648134231567,0.8612201809883118,0.19552603363990784
317,LEFT_FOOT_INDEX,0.44601401686668396,0.8724214434623718,-0.18677935004234314
317,RIGHT_FOOT_INDEX,0.5257744789123535,0.8806853294372559,0.17739540338516235
318,NOSE,0.5603800415992737,0.3283166289329529,0.06289199739694595
318,LEFT_EYE_INNER,0.5689176321029663,0.32129529118537903,0.025139939039945602
318,LEFT_EYE,0.5682920813560486,0.3211788535118103,0.02512766793370247
318,LEFT_EYE_OUTER,0.5671560764312744,0.32117941975593567,0.025069331750273705
318,RIGHT_EYE_INNER,0.5712066292762756,0.3221289813518524,0.06480792164802551
318,RIGHT_EYE,0.5725662708282471,0.3225122094154358,0.06476260721683502
318,RIGHT_EYE_OUTER,0.5737659931182861,0.3229822516441345,0.06484263390302658
318,LEFT_EAR,0.5667132139205933,0.3287146985530853,-0.08934923261404037
318,RIGHT_EAR,0.577228844165802,0.33258751034736633,0.08715231716632843
318,MOUTH_LEFT,0.5568515658378601,0.33675616979599,0.028790855780243874
318,MOUTH_RIGHT,0.5597324967384338,0.33799976110458374,0.07900656014680862
318,LEFT_SHOULDER,0.5186634063720703,0.37354564666748047,-0.20858339965343475
318,RIGHT_SHOULDER,0.5790611505508423,0.39775559306144714,0.20778441429138184
318,LEFT_ELBOW,0.4383638799190521,0.39801621437072754,-0.1514626443386078
318,RIGHT_ELBOW,0.5249337553977966,0.4239286482334137,0.4191466271877289
318,LEFT_WRIST,0.4531053602695465,0.3345423638820648,0.09226895868778229
318,RIGHT_WRIST,0.4940071105957031,0.3525392413139343,0.565641462802887
318,LEFT_PINKY,0.4536271095275879,0.3186127543449402,0.09632834047079086
318,RIGHT_PINKY,0.49142342805862427,0.33299100399017334,0.6016217470169067
318,LEFT_INDEX,0.4671541154384613,0.3184378445148468,0.09549097716808319
318,RIGHT_INDEX,0.49251842498779297,0.3292538821697235,0.5796307325363159
318,LEFT_THUMB,0.467246949672699,0.32544606924057007,0.10036642849445343
318,RIGHT_THUMB,0.4919736385345459,0.33453378081321716,0.5593906044960022
318,LEFT_HIP,0.44650331139564514,0.5534551739692688,-0.13515958189964294
318,RIGHT_HIP,0.48470720648765564,0.5591930150985718,0.13485226035118103
318,LEFT_KNEE,0.45477771759033203,0.7090297341346741,-0.09627272933721542
318,RIGHT_KNEE,0.4930633008480072,0.7097516655921936,0.19459743797779083
318,LEFT_ANKLE,0.4611070156097412,0.844288170337677,-0.13812246918678284
318,RIGHT_ANKLE,0.5288382768630981,0.8438475728034973,0.1930352747440338
318,LEFT_HEEL,0.4809260964393616,0.8618940114974976,-0.1377270519733429
318,RIGHT_HEEL,0.5357562303543091,0.8612367510795593,0.19566190242767334
318,LEFT_FOOT_INDEX,0.44606488943099976,0.8724151849746704,-0.1864711046218872
318,RIGHT_FOOT_INDEX,0.5263025760650635,0.880398154258728,0.17806357145309448
319,NOSE,0.5603657364845276,0.32814544439315796,0.058183543384075165
319,LEFT_EYE_INNER,0.5688899755477905,0.3211073875427246,0.02045382373034954
319,LEFT_EYE,0.5682726502418518,0.32100188732147217,0.020439177751541138
319,LEFT_EYE_OUTER,0.5671523809432983,0.32101720571517944,0.020380470901727676
319,RIGHT_EYE_INNER,0.5711891055107117,0.3219403624534607,0.06104741618037224
319,RIGHT_EYE,0.5725402235984802,0.32235071063041687,0.0610010139644146
319,RIGHT_EYE_OUTER,0.5737326145172119,0.3228625953197479,0.061081282794475555
319,LEFT_EAR,0.5667294263839722,0.3286310136318207,-0.09274909645318985
319,RIGHT_EAR,0.5772061347961426,0.3325194716453552,0.08686572313308716
319,MOUTH_LEFT,0.5568146705627441,0.3366338610649109,0.02434469945728779
319,MOUTH_RIGHT,0.5597058534622192,0.33785542845726013,0.07569100707769394
319,LEFT_SHOULDER,0.5186256170272827,0.3735387921333313,-0.21237227320671082
319,RIGHT_SHOULDER,0.5790606141090393,0.3977729082107544,0.20833024382591248
319,LEFT_ELBOW,0.4383646547794342,0.3979732096195221,-0.15535342693328857
319,RIGHT_ELBOW,0.5238796472549438,0.42362457513809204,0.4221246838569641
319,LEFT_WRIST,0.4531121850013733,0.33454108238220215,0.08894830197095871
319,RIGHT_WRIST,0.49352067708969116,0.35232779383659363,0.5661129951477051
319,LEFT_PINKY,0.4536367356777191,0.31859591603279114,0.09209936857223511
319,RIGHT_PINKY,0.4911678433418274,0.3330225944519043,0.6018657684326172
319,LEFT_INDEX,0.4671620726585388,0.3184276223182678,0.09108466655015945
319,RIGHT_INDEX,0.4923988878726959,0.32923564314842224,0.5794280171394348
319,LEFT_THUMB,0.46723079681396484,0.32541030645370483,0.0969456136226654
319,RIGHT_THUMB,0.49192124605178833,0.33450955152511597,0.5595191717147827
319,LEFT_HIP,0.44660109281539917,0.5535463690757751,-0.13548816740512848
319,RIGHT_HIP,0.4846975803375244,0.5591927170753479,0.13518574833869934
319,LEFT_KNEE,0.4549992084503174,0.7091333270072937,-0.09825460612773895
319,RIGHT_KNEE,0.4930381774902344,0.7097261548042297,0.1934652328491211
319,LEFT_ANKLE,0.46119704842567444,0.8445340991020203,-0.13713587820529938
319,RIGHT_ANKLE,0.5290312170982361,0.8439918756484985,0.19428861141204834
319,LEFT_HEEL,0.4812772870063782,0.8623166084289551,-0.1366264522075653
319,RIGHT_HEEL,0.5357819199562073,0.8612498044967651,0.19746683537960052
319,LEFT_FOOT_INDEX,0.4461686611175537,0.8725239634513855,-0.1854802370071411
319,RIGHT_FOOT_INDEX,0.5265811085700989,0.8801060914993286,0.18003889918327332
320,NOSE,0.5603481531143188,0.3279445171356201,0.05793372541666031
320,LEFT_EYE_INNER,0.5688676834106445,0.3209051191806793,0.020407702773809433
320,LEFT_EYE,0.568259596824646,0.32081547379493713,0.020393680781126022
320,LEFT_EYE_OUTER,0.5671519041061401,0.3208501636981964,0.020335057750344276
320,RIGHT_EYE_INNER,0.5711668729782104,0.32173091173171997,0.06089212745428085
320,RIGHT_EYE,0.5725058913230896,0.3221667408943176,0.06084616109728813
320,RIGHT_EYE_OUTER,0.5736860632896423,0.3227185606956482,0.06092747300863266
320,LEFT_EAR,0.5667465925216675,0.32856670022010803,-0.09327439963817596
320,RIGHT_EAR,0.5771822929382324,0.3324582576751709,0.08684728294610977
320,MOUTH_LEFT,0.5567837357521057,0.3364967107772827,0.02426578290760517
320,MOUTH_RIGHT,0.5596728324890137,0.33768075704574585,0.0755850225687027
320,LEFT_SHOULDER,0.5185400247573853,0.37353166937828064,-0.21302492916584015
320,RIGHT_SHOULDER,0.579089879989624,0.39778760075569153,0.2087472677230835
320,LEFT_ELBOW,0.4383656978607178,0.3979642987251282,-0.15618285536766052
320,RIGHT_ELBOW,0.5239468812942505,0.4234866499900818,0.42198023200035095
320,LEFT_WRIST,0.4530932307243347,0.3345659375190735,0.08755956590175629
320,RIGHT_WRIST,0.49316826462745667,0.35216569900512695,0.5672820806503296
320,LEFT_PINKY,0.45361191034317017,0.3185701072216034,0.09057594835758209
320,RIGHT_PINKY,0.49098366498947144,0.33312198519706726,0.6031506061553955
320,LEFT_INDEX,0.4671459197998047,0.3184163570404053,0.08971752226352692
320,RIGHT_INDEX,0.4923042356967926,0.32923465967178345,0.5810551643371582
320,LEFT_THUMB,0.4671778678894043,0.32539886236190796,0.09559504687786102
320,RIGHT_THUMB,0.49177488684654236,0.33448702096939087,0.5608798265457153
320,LEFT_HIP,0.4467380940914154,0.5535995960235596,-0.13549163937568665
320,RIGHT_HIP,0.48465579748153687,0.5591893792152405,0.1351892054080963
320,LEFT_KNEE,0.45522555708885193,0.7091928720474243,-0.09889240562915802
320,RIGHT_KNEE,0.49298757314682007,0.7097119688987732,0.19225193560123444
320,LEFT_ANKLE,0.4614109992980957,0.8446019887924194,-0.13691331446170807
320,RIGHT_ANKLE,0.52912837266922,0.8441551923751831,0.19430629909038544
320,LEFT_HEEL,0.4817476272583008,0.8623210787773132,-0.13634169101715088
320,RIGHT_HEEL,0.5357911586761475,0.8612982630729675,0.197523832321167
320,LEFT_FOOT_INDEX,0.44650715589523315,0.8725778460502625,-0.1851702332496643
320,RIGHT_FOOT_INDEX,0.5267146825790405,0.8799344301223755,0.17994682490825653
321,NOSE,0.5603286027908325,0.3277260661125183,0.0523064061999321
321,LEFT_EYE_INNER,0.5688495635986328,0.3207119405269623,0.014983530156314373
321,LEFT_EYE,0.5682527422904968,0.3206377923488617,0.01496921293437481
321,LEFT_EYE_OUTER,0.5671531558036804,0.32069069147109985,0.014910216443240643
321,RIGHT_EYE_INNER,0.5711385011672974,0.321526437997818,0.05602409690618515
321,RIGHT_EYE,0.5724650621414185,0.3219815194606781,0.05597614496946335
321,RIGHT_EYE_OUTER,0.5736339092254639,0.32256460189819336,0.05605747178196907
321,LEFT_EAR,0.5668002963066101,0.3285079002380371,-0.09702099859714508
321,RIGHT_EAR,0.5771586894989014,0.33238062262535095,0.08551069349050522
321,MOUTH_LEFT,0.5567604303359985,0.3363324999809265,0.01898440346121788
321,MOUTH_RIGHT,0.5596327781677246,0.3374681770801544,0.07099460065364838
321,LEFT_SHOULDER,0.518503725528717,0.3735262453556061,-0.21599259972572327
321,RIGHT_SHOULDER,0.5791023969650269,0.3978022336959839,0.20885872840881348
321,LEFT_ELBOW,0.4383668303489685,0.3979586958885193,-0.16142848134040833
321,RIGHT_ELBOW,0.5238155126571655,0.4233376085758209,0.42373400926589966
321,LEFT_WRIST,0.45308080315589905,0.3345639109611511,0.08040811121463776
321,RIGHT_WRIST,0.4929192066192627,0.35204604268074036,0.572364091873169
321,LEFT_PINKY,0.4536105990409851,0.3185310959815979,0.08265917003154755
321,RIGHT_PINKY,0.4909586012363434,0.33295077085494995,0.6089779138565063
321,LEFT_INDEX,0.4671357572078705,0.3184025287628174,0.08211078494787216
321,RIGHT_INDEX,0.49223190546035767,0.3292270302772522,0.5865360498428345
321,LEFT_THUMB,0.4671412408351898,0.32534483075141907,0.08844131231307983
321,RIGHT_THUMB,0.4916132092475891,0.33447009325027466,0.5658986568450928
321,LEFT_HIP,0.44684138894081116,0.553654670715332,-0.13563574850559235
321,RIGHT_HIP,0.48464664816856384,0.5591837167739868,0.13533689081668854
321,LEFT_KNEE,0.455377995967865,0.7092573046684265,-0.09888742864131927
321,RIGHT_KNEE,0.49296697974205017,0.7097094655036926,0.19194236397743225
321,LEFT_ANKLE,0.46154189109802246,0.8446329236030579,-0.13662871718406677
321,RIGHT_ANKLE,0.5292271375656128,0.844199001789093,0.19549168646335602
321,LEFT_HEEL,0.48196786642074585,0.8624184727668762,-0.1360749900341034
321,RIGHT_HEEL,0.5357939004898071,0.8613025546073914,0.1989986002445221
321,LEFT_FOOT_INDEX,0.4467534124851227,0.8726234436035156,-0.1850855052471161
321,RIGHT_FOOT_INDEX,0.5267239809036255,0.8797425031661987,0.18133091926574707
322,NOSE,0.5602322220802307,0.3275270462036133,0.04555675759911537
322,LEFT_EYE_INNER,0.5687935948371887,0.3205435574054718,0.00870916061103344
322,LEFT_EYE,0.5682274103164673,0.3204917311668396,0.008694032207131386
322,LEFT_EYE_OUTER,0.5671527981758118,0.32056713104248047,0.008635001257061958
322,RIGHT_EYE_INNER,0.5710411071777344,0.32132309675216675,0.05011071637272835
322,RIGHT_EYE,0.5723460912704468,0.3217874765396118,0.0500614233314991
322,RIGHT_EYE_OUTER,0.5734942555427551,0.32238781452178955,0.05014440417289734
322,LEFT_EAR,0.5668748617172241,0.3284900188446045,-0.10082896053791046
322,RIGHT_EAR,0.5771094560623169,0.3323225975036621,0.08368730545043945
322,MOUTH_LEFT,0.5566833019256592,0.3362066447734833,0.013038073666393757
322,MOUTH_RIGHT,0.5594844818115234,0.33726802468299866,0.06552644073963165
322,LEFT_SHOULDER,0.5184732675552368,0.37352097034454346,-0.21876373887062073
322,RIGHT_SHOULDER,0.5790966749191284,0.39781099557876587,0.20885920524597168
322,LEFT_ELBOW,0.43836769461631775,0.3979434669017792,-0.16629834473133087
322,RIGHT_ELBOW,0.5234478116035461,0.4232599139213562,0.42535296082496643
322,LEFT_WRIST,0.4530426859855652,0.33455100655555725,0.07440157234668732
322,RIGHT_WRIST,0.4927486777305603,0.3519574701786041,0.5752617120742798
322,LEFT_PINKY,0.4535961151123047,0.318471223115921,0.0760917216539383
322,RIGHT_PINKY,0.49090924859046936,0.33303964138031006,0.6121242642402649
322,LEFT_INDEX,0.4671168327331543,0.31837862730026245,0.07565937936306
322,RIGHT_INDEX,0.4922150671482086,0.3292219042778015,0.5893661379814148
322,LEFT_THUMB,0.46709322929382324,0.32527321577072144,0.08238647878170013
322,RIGHT_THUMB,0.4912691116333008,0.33445537090301514,0.5686761736869812
322,LEFT_HIP,0.44693827629089355,0.5537422299385071,-0.13583940267562866
322,RIGHT_HIP,0.484605073928833,0.5591830015182495,0.13554587960243225
322,LEFT_KNEE,0.45550456643104553,0.7093051075935364,-0.09886395186185837
322,RIGHT_KNEE,0.49295639991760254,0.7097067832946777,0.19182679057121277
322,LEFT_ANKLE,0.4616028368473053,0.844660758972168,-0.13607218861579895
322,RIGHT_ANKLE,0.5292816162109375,0.8442079424858093,0.19677427411079407
322,LEFT_HEEL,0.48212775588035583,0.8624932169914246,-0.1354334056377411
322,RIGHT_HEEL,0.5357920527458191,0.861303985118866,0.20045264065265656
322,LEFT_FOOT_INDEX,0.4472649097442627,0.8726316690444946,-0.18433140218257904
322,RIGHT_FOOT_INDEX,0.5266834497451782,0.8796401023864746,0.18237558007240295
323,NOSE,0.5602046251296997,0.3273981511592865,0.04652316868305206
323,LEFT_EYE_INNER,0.5687746405601501,0.3204488158226013,0.009662581607699394
323,LEFT_EYE,0.5682193636894226,0.32040590047836304,0.009647575207054615
323,LEFT_EYE_OUTER,0.5671536326408386,0.32049137353897095,0.009588422253727913
323,RIGHT_EYE_INNER,0.5710159540176392,0.3212214410305023,0.05083351209759712
323,RIGHT_EYE,0.5723147988319397,0.32169637084007263,0.05078482627868652
323,RIGHT_EYE_OUTER,0.573460578918457,0.32231369614601135,0.05086778476834297
323,LEFT_EAR,0.5669308304786682,0.3284732699394226,-0.10024187713861465
323,RIGHT_EAR,0.5771024227142334,0.3322925269603729,0.08385097980499268
323,MOUTH_LEFT,0.5566540956497192,0.3360974192619324,0.013921660371124744
323,MOUTH_RIGHT,0.5594425797462463,0.33713626861572266,0.06612704694271088
323,LEFT_SHOULDER,0.5184341669082642,0.37351635098457336,-0.21886077523231506
323,RIGHT_SHOULDER,0.5790758728981018,0.39781904220581055,0.20901326835155487
323,LEFT_ELBOW,0.4383673071861267,0.3979278802871704,-0.16553999483585358
323,RIGHT_ELBOW,0.5231490731239319,0.4231629967689514,0.4245980381965637
323,LEFT_WRIST,0.45297789573669434,0.33454278111457825,0.07656143605709076
323,RIGHT_WRIST,0.4926157593727112,0.3518836200237274,0.5710906386375427
323,LEFT_PINKY,0.4535090923309326,0.3184043765068054,0.07852985709905624
323,RIGHT_PINKY,0.4908788204193115,0.3331105411052704,0.6073535680770874
323,LEFT_INDEX,0.4670324921607971,0.3183448612689972,0.07854261994361877
323,RIGHT_INDEX,0.49218448996543884,0.3292178213596344,0.5847104787826538
323,LEFT_THUMB,0.4669848084449768,0.3252130448818207,0.08476162701845169
323,RIGHT_THUMB,0.4909326434135437,0.3344424068927765,0.5644481182098389
323,LEFT_HIP,0.4470122754573822,0.5537553429603577,-0.13588444888591766
323,RIGHT_HIP,0.48453274369239807,0.5591720342636108,0.13559365272521973
323,LEFT_KNEE,0.4556207060813904,0.7093117833137512,-0.09913463890552521
323,RIGHT_KNEE,0.4929153025150299,0.7096616625785828,0.1908400058746338
323,LEFT_ANKLE,0.46166425943374634,0.8446782827377319,-0.13487638533115387
323,RIGHT_ANKLE,0.5289669632911682,0.8439640998840332,0.19757595658302307
323,LEFT_HEEL,0.48222026228904724,0.8625160455703735,-0.13394781947135925
323,RIGHT_HEEL,0.5357843637466431,0.8612006306648254,0.20145359635353088
323,LEFT_FOOT_INDEX,0.44750308990478516,0.8726621866226196,-0.18228797614574432
323,RIGHT_FOOT_INDEX,0.5265381932258606,0.8795092701911926,0.1831972450017929
