frame_number,landmark,x,y,z
0,NOSE,0.5398100018501282,0.33222684264183044,-0.13496415317058563
0,LEFT_EYE_INNER,0.5404424667358398,0.3133343458175659,-0.1250436156988144
0,LEFT_EYE,0.5390928387641907,0.3118065595626831,-0.1251470297574997
0,LEFT_EYE_OUTER,0.5377681255340576,0.3102070093154907,-0.12527601420879364
0,RIGHT_EYE_INNER,0.5383004546165466,0.313515841960907,-0.1702859103679657
0,RIGHT_EYE,0.5355518460273743,0.31217527389526367,-0.17035643756389618
0,RIGHT_EYE_OUTER,0.5327537655830383,0.31074830889701843,-0.17038819193840027
0,LEFT_EAR,0.5160921812057495,0.3027406930923462,-0.05341438204050064
0,RIGHT_EAR,0.5108891129493713,0.30446168780326843,-0.2544584572315216
0,MOUTH_LEFT,0.5241984128952026,0.3409045338630676,-0.10035886615514755
0,MOUTH_RIGHT,0.5216618776321411,0.3397071361541748,-0.15918420255184174
0,LEFT_SHOULDER,0.4482422471046448,0.3581778407096863,0.08977585285902023
0,RIGHT_SHOULDER,0.425365149974823,0.3585200309753418,-0.3341341018676758
0,LEFT_ELBOW,0.4182289242744446,0.48009008169174194,0.17055171728134155
0,RIGHT_ELBOW,0.408174991607666,0.4889053702354431,-0.35977378487586975
0,LEFT_WRIST,0.45881471037864685,0.5519760251045227,0.09985970705747604
0,RIGHT_WRIST,0.4694386422634125,0.5805011987686157,-0.2462148219347
0,LEFT_PINKY,0.4685455858707428,0.573467493057251,0.09862633794546127
0,RIGHT_PINKY,0.4771212637424469,0.6073969006538391,-0.27096953988075256
0,LEFT_INDEX,0.4745268225669861,0.596053421497345,0.059475578367710114
0,RIGHT_INDEX,0.4835363030433655,0.5999669432640076,-0.25473257899284363
0,LEFT_THUMB,0.46764492988586426,0.5918262004852295,0.07842729240655899
0,RIGHT_THUMB,0.4800287187099457,0.5906230807304382,-0.23707108199596405
0,LEFT_HIP,0.3383743464946747,0.5547084808349609,0.13787789642810822
0,RIGHT_HIP,0.3015884459018707,0.5641381144523621,-0.1377076506614685
0,LEFT_KNEE,0.3500467836856842,0.6994431018829346,0.235530287027359
0,RIGHT_KNEE,0.3177412748336792,0.7302089929580688,-0.0272776298224926
0,LEFT_ANKLE,0.3348318338394165,0.8666472434997559,0.37761086225509644
0,RIGHT_ANKLE,0.3188478648662567,0.9177767038345337,0.05313452333211899
0,LEFT_HEEL,0.31524431705474854,0.8972469568252563,0.3875546455383301
0,RIGHT_HEEL,0.2939809560775757,0.949496865272522,0.053757764399051666
0,LEFT_FOOT_INDEX,0.41072434186935425,0.9062572717666626,0.35216087102890015
0,RIGHT_FOOT_INDEX,0.4009377062320709,0.9419122934341431,-0.04354075714945793
1,NOSE,0.5397152900695801,0.3324558138847351,-0.128091961145401
1,LEFT_EYE_INNER,0.5404860377311707,0.3139207065105438,-0.11490218341350555
1,LEFT_EYE,0.5391348004341125,0.31235045194625854,-0.11501967906951904
1,LEFT_EYE_OUTER,0.5377966165542603,0.3106624186038971,-0.11512740701436996
1,RIGHT_EYE_INNER,0.5385918617248535,0.31414446234703064,-0.16449758410453796
1,RIGHT_EYE,0.5360738039016724,0.3128349781036377,-0.16456885635852814
1,RIGHT_EYE_OUTER,0.5334766507148743,0.31143075227737427,-0.16464847326278687
1,LEFT_EAR,0.5162540674209595,0.3029942214488983,-0.03405488282442093
1,RIGHT_EAR,0.5116309523582458,0.3047694265842438,-0.253935843706131
1,MOUTH_LEFT,0.5241574048995972,0.34101003408432007,-0.09061038494110107
1,MOUTH_RIGHT,0.5216702222824097,0.33986330032348633,-0.1551409661769867
1,LEFT_SHOULDER,0.4541666507720947,0.35843056440353394,0.12309151887893677
1,RIGHT_SHOULDER,0.42775875329971313,0.3585560917854309,-0.34149813652038574
1,LEFT_ELBOW,0.4261291027069092,0.4747985303401947,0.20099714398384094
1,RIGHT_ELBOW,0.41471487283706665,0.48901301622390747,-0.3804866373538971
1,LEFT_WRIST,0.4648286700248718,0.5530418157577515,0.11924369633197784
1,RIGHT_WRIST,0.47267746925354004,0.5816082954406738,-0.28024938702583313
1,LEFT_PINKY,0.4708251357078552,0.5793085694313049,0.12376128137111664
1,RIGHT_PINKY,0.4810031056404114,0.6115385890007019,-0.3087333142757416
1,LEFT_INDEX,0.4771786630153656,0.5896755456924438,0.08499191701412201
1,RIGHT_INDEX,0.4875069260597229,0.6067161560058594,-0.2944735884666443
1,LEFT_THUMB,0.4691850543022156,0.5931531190872192,0.09874407947063446
1,RIGHT_THUMB,0.48489242792129517,0.5961659550666809,-0.27046284079551697
1,LEFT_HIP,0.3383781909942627,0.5557403564453125,0.14405353367328644
1,RIGHT_HIP,0.300877183675766,0.5621529221534729,-0.14391717314720154
1,LEFT_KNEE,0.3494955897331238,0.7059545516967773,0.2758861184120178
1,RIGHT_KNEE,0.31768304109573364,0.7305891513824463,-0.11228656768798828
1,LEFT_ANKLE,0.33679747581481934,0.8683940172195435,0.4487375319004059
1,RIGHT_ANKLE,0.3187495172023773,0.9234986305236816,-0.09452120959758759
1,LEFT_HEEL,0.31922227144241333,0.8964417576789856,0.46025142073631287
1,RIGHT_HEEL,0.2949691414833069,0.9521193504333496,-0.10285334289073944
1,LEFT_FOOT_INDEX,0.41093435883522034,0.9073578715324402,0.4171113967895508
1,RIGHT_FOOT_INDEX,0.40085530281066895,0.9512303471565247,-0.22292514145374298
2,NOSE,0.5389115810394287,0.33244651556015015,-0.13093481957912445
2,LEFT_EYE_INNER,0.5401805639266968,0.31390342116355896,-0.11523529142141342
2,LEFT_EYE,0.5388239026069641,0.31232088804244995,-0.11534690856933594
2,LEFT_EYE_OUTER,0.5374716520309448,0.3106171488761902,-0.1154715046286583
2,RIGHT_EYE_INNER,0.538549542427063,0.3141503632068634,-0.16881708800792694
2,RIGHT_EYE,0.5360756516456604,0.3128646910190582,-0.16888561844825745
2,RIGHT_EYE_OUTER,0.5335382223129272,0.31150075793266296,-0.1689961701631546
2,LEFT_EAR,0.5162789821624756,0.3029988408088684,-0.03253021091222763
2,RIGHT_EAR,0.5121899843215942,0.3049076497554779,-0.26361775398254395
2,MOUTH_LEFT,0.5234910249710083,0.3409497141838074,-0.09141459316015244
2,MOUTH_RIGHT,0.5213996767997742,0.33986377716064453,-0.15973833203315735
2,LEFT_SHOULDER,0.45632028579711914,0.3584314286708832,0.13611450791358948
2,RIGHT_SHOULDER,0.4286535382270813,0.35829970240592957,-0.3619709610939026
2,LEFT_ELBOW,0.4299265444278717,0.4720289707183838,0.22352147102355957
2,RIGHT_ELBOW,0.4143062233924866,0.4878009855747223,-0.4149685800075531
2,LEFT_WRIST,0.4688727855682373,0.5529913306236267,0.13329681754112244
2,RIGHT_WRIST,0.47262445092201233,0.5794298052787781,-0.33505377173423767
2,LEFT_PINKY,0.4730827212333679,0.579868495464325,0.1392824947834015
2,RIGHT_PINKY,0.4806577265262604,0.6114798784255981,-0.37031200528144836
2,LEFT_INDEX,0.48379549384117126,0.5863794088363647,0.097464919090271
2,RIGHT_INDEX,0.4870436191558838,0.6062772274017334,-0.3552807867527008
2,LEFT_THUMB,0.4742078185081482,0.5933263897895813,0.11151627451181412
2,RIGHT_THUMB,0.48473089933395386,0.5958757400512695,-0.3252906799316406
2,LEFT_HIP,0.3373214602470398,0.5567933917045593,0.15462654829025269
2,RIGHT_HIP,0.300763875246048,0.5616926550865173,-0.15451279282569885
2,LEFT_KNEE,0.347337543964386,0.7076462507247925,0.3113597631454468
2,RIGHT_KNEE,0.31752854585647583,0.7305533289909363,-0.11470595747232437
2,LEFT_ANKLE,0.3367757499217987,0.8683732748031616,0.5032724738121033
2,RIGHT_ANKLE,0.31873685121536255,0.9255126714706421,-0.0842636376619339
2,LEFT_HEEL,0.31910353899002075,0.895845890045166,0.5166481137275696
2,RIGHT_HEEL,0.29580816626548767,0.9528025388717651,-0.09148381650447845
2,LEFT_FOOT_INDEX,0.410628080368042,0.9047334790229797,0.4707213342189789
2,RIGHT_FOOT_INDEX,0.4009489119052887,0.9528314471244812,-0.21482665836811066
3,NOSE,0.5389086604118347,0.3323991596698761,-0.135156512260437
3,LEFT_EYE_INNER,0.5402578115463257,0.3137977123260498,-0.11776141822338104
3,LEFT_EYE,0.5389293432235718,0.3122113347053528,-0.11788179725408554
3,LEFT_EYE_OUTER,0.5375931262969971,0.31050214171409607,-0.1179889440536499
3,RIGHT_EYE_INNER,0.538611650466919,0.31394127011299133,-0.17367133498191833
3,RIGHT_EYE,0.5361377000808716,0.3125453591346741,-0.17374369502067566
3,RIGHT_EYE_OUTER,0.533574104309082,0.3110440969467163,-0.17385834455490112
3,LEFT_EAR,0.5163291692733765,0.3028383255004883,-0.033711690455675125
3,RIGHT_EAR,0.5120891332626343,0.30402231216430664,-0.2700941264629364
3,MOUTH_LEFT,0.5233659148216248,0.3409814238548279,-0.0929342657327652
3,MOUTH_RIGHT,0.5213184356689453,0.3398844003677368,-0.16464745998382568
3,LEFT_SHOULDER,0.4560520052909851,0.3604782819747925,0.13308371603488922
3,RIGHT_SHOULDER,0.4288509488105774,0.3583337366580963,-0.367707222700119
3,LEFT_ELBOW,0.4291449189186096,0.47177353501319885,0.21929419040679932
3,RIGHT_ELBOW,0.41545501351356506,0.48884639143943787,-0.41593557596206665
3,LEFT_WRIST,0.46816176176071167,0.5532922148704529,0.12940780818462372
3,RIGHT_WRIST,0.47452297806739807,0.5794481039047241,-0.3288716673851013
3,LEFT_PINKY,0.4730125367641449,0.58127760887146,0.1333627849817276
3,RIGHT_PINKY,0.4831717610359192,0.6114519834518433,-0.3637019097805023
3,LEFT_INDEX,0.48356738686561584,0.5862365961074829,0.09211944043636322
3,RIGHT_INDEX,0.48941269516944885,0.6061237454414368,-0.34935206174850464
3,LEFT_THUMB,0.4738907217979431,0.5936610102653503,0.10753949731588364
3,RIGHT_THUMB,0.4863511025905609,0.5957128405570984,-0.31942856311798096
3,LEFT_HIP,0.3373132050037384,0.5599234700202942,0.15504935383796692
3,RIGHT_HIP,0.3007669746875763,0.5618520379066467,-0.1549307107925415
3,LEFT_KNEE,0.3468148112297058,0.7130525708198547,0.3054485619068146
3,RIGHT_KNEE,0.3175204396247864,0.731139063835144,-0.09954297542572021
3,LEFT_ANKLE,0.3367525637149811,0.870339572429657,0.494070827960968
3,RIGHT_ANKLE,0.3183094263076782,0.9287495613098145,-0.05007559806108475
3,LEFT_HEEL,0.3110951781272888,0.8952609896659851,0.5070680975914001
3,RIGHT_HEEL,0.29554668068885803,0.9554537534713745,-0.05511372163891792
3,LEFT_FOOT_INDEX,0.4087234139442444,0.9051887392997742,0.4587234854698181
3,RIGHT_FOOT_INDEX,0.3989778161048889,0.9570562243461609,-0.1747906506061554
4,NOSE,0.5389097929000854,0.3320549726486206,-0.14080777764320374
4,LEFT_EYE_INNER,0.5403473377227783,0.31352293491363525,-0.12391120195388794
4,LEFT_EYE,0.5391137003898621,0.31195464730262756,-0.12404383718967438
4,LEFT_EYE_OUTER,0.5379068851470947,0.31027883291244507,-0.12414230406284332
4,RIGHT_EYE_INNER,0.5386372208595276,0.3134307265281677,-0.18062955141067505
4,RIGHT_EYE,0.5361632704734802,0.31182438135147095,-0.18071261048316956
4,RIGHT_EYE_OUTER,0.5335900187492371,0.31008175015449524,-0.18084435164928436
4,LEFT_EAR,0.5172484517097473,0.30281034111976624,-0.03502636030316353
4,RIGHT_EAR,0.512091338634491,0.30310237407684326,-0.2808487117290497
4,MOUTH_LEFT,0.5233505368232727,0.3409225046634674,-0.0979297012090683
4,MOUTH_RIGHT,0.5213135480880737,0.3397215008735657,-0.17140847444534302
4,LEFT_SHOULDER,0.4564901888370514,0.3620792031288147,0.12955862283706665
4,RIGHT_SHOULDER,0.42906618118286133,0.3585430383682251,-0.3787311911582947
4,LEFT_ELBOW,0.4284329414367676,0.47001585364341736,0.22056043148040771
4,RIGHT_ELBOW,0.4192140996456146,0.49282437562942505,-0.42388659715652466
4,LEFT_WRIST,0.46771925687789917,0.5534969568252563,0.134965181350708
4,RIGHT_WRIST,0.47691941261291504,0.5808408856391907,-0.33594635128974915
4,LEFT_PINKY,0.47204121947288513,0.5816513895988464,0.1388842612504959
4,RIGHT_PINKY,0.48554134368896484,0.6123957633972168,-0.3710632026195526
4,LEFT_INDEX,0.48314619064331055,0.5857808589935303,0.09799795597791672
4,RIGHT_INDEX,0.49208492040634155,0.6068184971809387,-0.3588770925998688
4,LEFT_THUMB,0.47327011823654175,0.5926540493965149,0.11325063556432724
4,RIGHT_THUMB,0.4886557161808014,0.5964652895927429,-0.3270954489707947
4,LEFT_HIP,0.3376801609992981,0.5618539452552795,0.15451446175575256
4,RIGHT_HIP,0.30076172947883606,0.5619616508483887,-0.15437914431095123
4,LEFT_KNEE,0.34685859084129333,0.7161068320274353,0.30466753244400024
4,RIGHT_KNEE,0.3173161447048187,0.7312027812004089,-0.11624280363321304
4,LEFT_ANKLE,0.3370714485645294,0.8719466924667358,0.496274471282959
4,RIGHT_ANKLE,0.31822702288627625,0.9301413297653198,-0.08037374168634415
4,LEFT_HEEL,0.31119900941848755,0.8954300880432129,0.50941002368927
4,RIGHT_HEEL,0.2960537374019623,0.9572567939758301,-0.08743833005428314
4,LEFT_FOOT_INDEX,0.4085911810398102,0.9074637293815613,0.4589262902736664
4,RIGHT_FOOT_INDEX,0.39746472239494324,0.9576188921928406,-0.21295121312141418
5,NOSE,0.538662850856781,0.3310387134552002,-0.1404247283935547
5,LEFT_EYE_INNER,0.5402150750160217,0.3127445876598358,-0.12387019395828247
5,LEFT_EYE,0.5390474200248718,0.3112542927265167,-0.12400485575199127
5,LEFT_EYE_OUTER,0.5378817319869995,0.30965468287467957,-0.12410266697406769
5,RIGHT_EYE_INNER,0.538394570350647,0.31232377886772156,-0.18011121451854706
5,RIGHT_EYE,0.5358971953392029,0.31051403284072876,-0.1801949441432953
5,RIGHT_EYE_OUTER,0.5332663655281067,0.3085395097732544,-0.18032144010066986
5,LEFT_EAR,0.517240047454834,0.30254167318344116,-0.034551944583654404
5,RIGHT_EAR,0.5113295912742615,0.3017646372318268,-0.2832520604133606
5,MOUTH_LEFT,0.5227538347244263,0.34061846137046814,-0.09791602939367294
5,MOUTH_RIGHT,0.5208423137664795,0.338979572057724,-0.17119409143924713
5,LEFT_SHOULDER,0.45364776253700256,0.3617616295814514,0.13695138692855835
5,RIGHT_SHOULDER,0.43005889654159546,0.35883641242980957,-0.3872853219509125
5,LEFT_ELBOW,0.42541971802711487,0.47083646059036255,0.22145695984363556
5,RIGHT_ELBOW,0.42389267683029175,0.4979628920555115,-0.4205324649810791
5,LEFT_WRIST,0.45831140875816345,0.5663546323776245,0.1320115476846695
5,RIGHT_WRIST,0.4779175817966461,0.5844759941101074,-0.31787997484207153
5,LEFT_PINKY,0.46809664368629456,0.5931055545806885,0.1349867731332779
5,RIGHT_PINKY,0.4859960675239563,0.6144284605979919,-0.34919649362564087
5,LEFT_INDEX,0.47701865434646606,0.5915591716766357,0.09453732520341873
5,RIGHT_INDEX,0.4929506182670593,0.6087348461151123,-0.3351890444755554
5,LEFT_THUMB,0.46922340989112854,0.5922509431838989,0.11011911928653717
5,RIGHT_THUMB,0.48942747712135315,0.5985051393508911,-0.3088461756706238
5,LEFT_HIP,0.3356865346431732,0.5622601509094238,0.15949268639087677
5,RIGHT_HIP,0.30159294605255127,0.5630565285682678,-0.15934334695339203
5,LEFT_KNEE,0.34689193964004517,0.715999960899353,0.33545127511024475
5,RIGHT_KNEE,0.3181340992450714,0.7311771512031555,-0.10444830358028412
5,LEFT_ANKLE,0.33716636896133423,0.8718525171279907,0.5438739061355591
5,RIGHT_ANKLE,0.3180754780769348,0.9299171566963196,-0.05244579166173935
5,LEFT_HEEL,0.3106832504272461,0.8952202796936035,0.5588423013687134
5,RIGHT_HEEL,0.29604288935661316,0.9570232629776001,-0.05703788995742798
5,LEFT_FOOT_INDEX,0.4082280695438385,0.9072167277336121,0.5110429525375366
5,RIGHT_FOOT_INDEX,0.3961210548877716,0.956645131111145,-0.17601019144058228
6,NOSE,0.538663387298584,0.3295873999595642,-0.14015325903892517
6,LEFT_EYE_INNER,0.5401947498321533,0.31135138869285583,-0.12352113425731659
6,LEFT_EYE,0.5390161275863647,0.3098336458206177,-0.12366242706775665
6,LEFT_EYE_OUTER,0.5378364324569702,0.308214008808136,-0.12375806272029877
6,RIGHT_EYE_INNER,0.5383948087692261,0.3111126720905304,-0.17991140484809875
6,RIGHT_EYE,0.5358998775482178,0.30939576029777527,-0.1799931824207306
6,RIGHT_EYE_OUTER,0.533272385597229,0.30751898884773254,-0.18011970818042755
6,LEFT_EAR,0.5169402956962585,0.30164027214050293,-0.032264724373817444
6,RIGHT_EAR,0.5111123919487,0.30106550455093384,-0.2868001461029053
6,MOUTH_LEFT,0.522486686706543,0.3392318785190582,-0.09771284461021423
6,MOUTH_RIGHT,0.5208000540733337,0.3377242684364319,-0.17158296704292297
6,LEFT_SHOULDER,0.45093733072280884,0.3597796559333801,0.1446608006954193
6,RIGHT_SHOULDER,0.4311599135398865,0.3588816523551941,-0.39654484391212463
6,LEFT_ELBOW,0.4253651201725006,0.4709249436855316,0.22357383370399475
6,RIGHT_ELBOW,0.4271562993526459,0.4999179244041443,-0.42943960428237915
6,LEFT_WRIST,0.45840874314308167,0.5640531182289124,0.12997032701969147
6,RIGHT_WRIST,0.4798852801322937,0.5886982679367065,-0.311612606048584
6,LEFT_PINKY,0.4681222438812256,0.5944811105728149,0.13283658027648926
6,RIGHT_PINKY,0.4874363839626312,0.616549015045166,-0.34482070803642273
6,LEFT_INDEX,0.47700443863868713,0.5925247669219971,0.09277000278234482
6,RIGHT_INDEX,0.4947893023490906,0.6111449003219604,-0.33018800616264343
6,LEFT_THUMB,0.46929168701171875,0.5908275842666626,0.10880724340677261
6,RIGHT_THUMB,0.4914245009422302,0.6017109751701355,-0.3019219934940338
6,LEFT_HIP,0.33331388235092163,0.5622681379318237,0.16498082876205444
6,RIGHT_HIP,0.3018719553947449,0.5638269782066345,-0.16485537588596344
6,LEFT_KNEE,0.3469914495944977,0.7164601683616638,0.35267025232315063
6,RIGHT_KNEE,0.3187187910079956,0.7309542894363403,-0.09648319333791733
6,LEFT_ANKLE,0.33810415863990784,0.8717377781867981,0.5725666284561157
6,RIGHT_ANKLE,0.31796032190322876,0.9294999837875366,-0.03004719689488411
6,LEFT_HEEL,0.31023210287094116,0.8951092958450317,0.5887226462364197
6,RIGHT_HEEL,0.296033650636673,0.9564623832702637,-0.03171660378575325
6,LEFT_FOOT_INDEX,0.40813320875167847,0.9065160751342773,0.5399681925773621
6,RIGHT_FOOT_INDEX,0.39535436034202576,0.956009566783905,-0.16191919147968292
7,NOSE,0.5377870798110962,0.32839375734329224,-0.1393958032131195
7,LEFT_EYE_INNER,0.5394814610481262,0.3105889856815338,-0.121878981590271
7,LEFT_EYE,0.5384063124656677,0.30919504165649414,-0.12202366441488266
7,LEFT_EYE_OUTER,0.537339985370636,0.3077126145362854,-0.12211092561483383
7,RIGHT_EYE_INNER,0.537521243095398,0.3100661039352417,-0.179807648062706
7,RIGHT_EYE,0.5349779725074768,0.3082563281059265,-0.1798877865076065
7,RIGHT_EYE_OUTER,0.5322858691215515,0.30629000067710876,-0.18000072240829468
7,LEFT_EAR,0.5166454315185547,0.30148231983184814,-0.027713095769286156
7,RIGHT_EAR,0.509685218334198,0.30002424120903015,-0.28345856070518494
7,MOUTH_LEFT,0.5217373967170715,0.33806270360946655,-0.0960366427898407
7,MOUTH_RIGHT,0.5198752284049988,0.3362293243408203,-0.17100974917411804
7,LEFT_SHOULDER,0.4471980035305023,0.35748106241226196,0.14918626844882965
7,RIGHT_SHOULDER,0.4320582449436188,0.3588508367538452,-0.3922402262687683
7,LEFT_ELBOW,0.4203839898109436,0.47096386551856995,0.22310090065002441
7,RIGHT_ELBOW,0.43035703897476196,0.49934878945350647,-0.42190974950790405
7,LEFT_WRIST,0.4511438310146332,0.5605827569961548,0.12893280386924744
7,RIGHT_WRIST,0.48173826932907104,0.5907055139541626,-0.2944830358028412
7,LEFT_PINKY,0.4559793472290039,0.5931597352027893,0.13264727592468262
7,RIGHT_PINKY,0.4881509840488434,0.6176917552947998,-0.32866382598876953
7,LEFT_INDEX,0.46711617708206177,0.587628185749054,0.09221647679805756
7,RIGHT_INDEX,0.4954702854156494,0.6129462718963623,-0.31444600224494934
7,LEFT_THUMB,0.4576512277126312,0.5869233012199402,0.10807708650827408
7,RIGHT_THUMB,0.49264201521873474,0.6041877865791321,-0.283783495426178
7,LEFT_HIP,0.3312213718891144,0.5621991753578186,0.165983185172081
7,RIGHT_HIP,0.3018699288368225,0.5638026595115662,-0.16587647795677185
7,LEFT_KNEE,0.34695327281951904,0.7169489860534668,0.33322474360466003
7,RIGHT_KNEE,0.31893235445022583,0.7309340834617615,-0.0929911881685257
7,LEFT_ANKLE,0.33829811215400696,0.8716616630554199,0.5333305597305298
7,RIGHT_ANKLE,0.31734269857406616,0.9292057752609253,-0.014999380335211754
7,LEFT_HEEL,0.30864182114601135,0.8951433300971985,0.547338604927063
7,RIGHT_HEEL,0.2955736815929413,0.9556317329406738,-0.01572776772081852
7,LEFT_FOOT_INDEX,0.4072129726409912,0.9066249132156372,0.49760788679122925
7,RIGHT_FOOT_INDEX,0.39373111724853516,0.9561598896980286,-0.14103980362415314
8,NOSE,0.5377883315086365,0.328393816947937,-0.13930895924568176
8,LEFT_EYE_INNER,0.5394920110702515,0.31059694290161133,-0.12150450050830841
8,LEFT_EYE,0.5384258031845093,0.3092031478881836,-0.12165045738220215
8,LEFT_EYE_OUTER,0.5373696088790894,0.3077222406864166,-0.12173564732074738
8,RIGHT_EYE_INNER,0.5375247597694397,0.3100716769695282,-0.1793830841779709
8,RIGHT_EYE,0.5349839925765991,0.30825525522232056,-0.17946264147758484
8,RIGHT_EYE_OUTER,0.532289981842041,0.3062695264816284,-0.17957276105880737
8,LEFT_EAR,0.5166428685188293,0.30135542154312134,-0.027655571699142456
8,RIGHT_EAR,0.5092896223068237,0.2993444800376892,-0.2838626503944397
8,MOUTH_LEFT,0.5217282176017761,0.3380451798439026,-0.09572894871234894
8,MOUTH_RIGHT,0.5198559165000916,0.33619529008865356,-0.17063724994659424
8,LEFT_SHOULDER,0.4471821188926697,0.35714513063430786,0.14624084532260895
8,RIGHT_SHOULDER,0.4319835305213928,0.3589043915271759,-0.3908291459083557
8,LEFT_ELBOW,0.41839513182640076,0.4709104597568512,0.2217840850353241
8,RIGHT_ELBOW,0.429741233587265,0.4994209408760071,-0.4204348623752594
8,LEFT_WRIST,0.4476774334907532,0.5585072040557861,0.12764081358909607
8,RIGHT_WRIST,0.4819537103176117,0.5907593369483948,-0.2964746654033661
8,LEFT_PINKY,0.45126453042030334,0.592065691947937,0.13129916787147522
8,RIGHT_PINKY,0.4883388578891754,0.6175028085708618,-0.33116140961647034
8,LEFT_INDEX,0.46315574645996094,0.5850971937179565,0.090652696788311
8,RIGHT_INDEX,0.4958745837211609,0.6127151250839233,-0.3185562789440155
8,LEFT_THUMB,0.4530990719795227,0.5836199522018433,0.10652469098567963
8,RIGHT_THUMB,0.49316534399986267,0.6040636301040649,-0.2863813042640686
8,LEFT_HIP,0.33131444454193115,0.562092661857605,0.16476677358150482
8,RIGHT_HIP,0.30161982774734497,0.5634291768074036,-0.1646542251110077
8,LEFT_KNEE,0.34709012508392334,0.7166929244995117,0.32882431149482727
8,RIGHT_KNEE,0.3189268112182617,0.7306361794471741,-0.09890018403530121
8,LEFT_ANKLE,0.33865880966186523,0.8713645935058594,0.5297768712043762
8,RIGHT_ANKLE,0.31695669889450073,0.9291599988937378,-0.028750350698828697
8,LEFT_HEEL,0.30872786045074463,0.8950521349906921,0.5438357591629028
8,RIGHT_HEEL,0.29486045241355896,0.9554311633110046,-0.031415119767189026
8,LEFT_FOOT_INDEX,0.4071572721004486,0.9066352844238281,0.49279341101646423
8,RIGHT_FOOT_INDEX,0.3926876187324524,0.9560333490371704,-0.1559608429670334
9,NOSE,0.5380710363388062,0.3288218677043915,-0.13724622130393982
9,LEFT_EYE_INNER,0.539828360080719,0.3109469413757324,-0.11936136335134506
9,LEFT_EYE,0.5386974215507507,0.30942365527153015,-0.11950820684432983
9,LEFT_EYE_OUTER,0.5375553369522095,0.30782121419906616,-0.11959338188171387
9,RIGHT_EYE_INNER,0.5381648540496826,0.3106662631034851,-0.17848289012908936
9,RIGHT_EYE,0.5358216166496277,0.3089038133621216,-0.17856314778327942
9,RIGHT_EYE_OUTER,0.5333192348480225,0.30693110823631287,-0.17869433760643005
9,LEFT_EAR,0.5166316032409668,0.301080584526062,-0.026018906384706497
9,RIGHT_EAR,0.5098676085472107,0.2994072437286377,-0.28407037258148193
9,MOUTH_LEFT,0.5219315886497498,0.33828839659690857,-0.09394961595535278
9,MOUTH_RIGHT,0.5203787088394165,0.3367445170879364,-0.17058205604553223
9,LEFT_SHOULDER,0.4473152756690979,0.35732606053352356,0.1473720371723175
9,RIGHT_SHOULDER,0.4319550096988678,0.3589058816432953,-0.39112797379493713
9,LEFT_ELBOW,0.4184608459472656,0.4712892174720764,0.22460734844207764
9,RIGHT_ELBOW,0.4288979172706604,0.49927276372909546,-0.42287760972976685
9,LEFT_WRIST,0.4470447897911072,0.5645732879638672,0.1271446943283081
9,RIGHT_WRIST,0.4817163944244385,0.5903621912002563,-0.3036646246910095
9,LEFT_PINKY,0.45336562395095825,0.5893522500991821,0.12994682788848877
9,RIGHT_PINKY,0.4884420335292816,0.6173011064529419,-0.33796510100364685
9,LEFT_INDEX,0.4631985127925873,0.5843569040298462,0.08982671052217484
9,RIGHT_INDEX,0.4960671365261078,0.6123959422111511,-0.3260314464569092
9,LEFT_THUMB,0.4549980163574219,0.5840718150138855,0.10572466999292374
9,RIGHT_THUMB,0.49318093061447144,0.6037341356277466,-0.2939212918281555
9,LEFT_HIP,0.3314659595489502,0.5619910955429077,0.1644907295703888
9,RIGHT_HIP,0.3012898564338684,0.5628184080123901,-0.16437770426273346
9,LEFT_KNEE,0.3471854329109192,0.7163182497024536,0.33299797773361206
9,RIGHT_KNEE,0.31896549463272095,0.7289543747901917,-0.10836192220449448
9,LEFT_ANKLE,0.3388215899467468,0.870893657207489,0.5396003723144531
9,RIGHT_ANKLE,0.3169505000114441,0.9288549423217773,-0.05285683274269104
9,LEFT_HEEL,0.30881547927856445,0.8946151733398438,0.5542787313461304
9,RIGHT_HEEL,0.2948119044303894,0.9552963376045227,-0.05741126090288162
9,LEFT_FOOT_INDEX,0.4070994257926941,0.9065797924995422,0.5036357045173645
9,RIGHT_FOOT_INDEX,0.3928239345550537,0.9558612704277039,-0.18189489841461182
10,NOSE,0.5389490127563477,0.32910361886024475,-0.1295068860054016
10,LEFT_EYE_INNER,0.540566086769104,0.3111352324485779,-0.1116795539855957
10,LEFT_EYE,0.539289116859436,0.30952465534210205,-0.11182752996683121
10,LEFT_EYE_OUTER,0.5379862189292908,0.3078444004058838,-0.11191324144601822
10,RIGHT_EYE_INNER,0.5393046736717224,0.3110441565513611,-0.17091025412082672
10,RIGHT_EYE,0.5371221899986267,0.3093356192111969,-0.17098869383335114
10,RIGHT_EYE_OUTER,0.534781277179718,0.3073720335960388,-0.1711343377828598
10,LEFT_EAR,0.5166316032409668,0.3006766736507416,-0.01879303902387619
10,RIGHT_EAR,0.510707676410675,0.2994491457939148,-0.28203579783439636
10,MOUTH_LEFT,0.5226407647132874,0.33845293521881104,-0.08707456290721893
10,MOUTH_RIGHT,0.5215348601341248,0.3371485471725464,-0.16441042721271515
10,LEFT_SHOULDER,0.44733673334121704,0.3578278422355652,0.1533292829990387
10,RIGHT_SHOULDER,0.43191394209861755,0.35890546441078186,-0.38803523778915405
10,LEFT_ELBOW,0.4184810221195221,0.47190147638320923,0.22817817330360413
10,RIGHT_ELBOW,0.42924150824546814,0.4990450441837311,-0.4203724265098572
10,LEFT_WRIST,0.44692564010620117,0.568836510181427,0.12772443890571594
10,RIGHT_WRIST,0.4815252721309662,0.5901807546615601,-0.3033819794654846
10,LEFT_PINKY,0.45482540130615234,0.5882609486579895,0.12977568805217743
10,RIGHT_PINKY,0.48854193091392517,0.6171449422836304,-0.33709076046943665
10,LEFT_INDEX,0.46297717094421387,0.5843933820724487,0.09045814722776413
10,RIGHT_INDEX,0.4963446259498596,0.6123781204223633,-0.32538902759552
10,LEFT_THUMB,0.4560117721557617,0.5846234560012817,0.10615403950214386
10,RIGHT_THUMB,0.49335676431655884,0.6038462519645691,-0.29384845495224
10,LEFT_HIP,0.3315292000770569,0.5618714094161987,0.16438370943069458
10,RIGHT_HIP,0.3010709583759308,0.561676561832428,-0.16426968574523926
10,LEFT_KNEE,0.34723103046417236,0.7160354852676392,0.32923829555511475
10,RIGHT_KNEE,0.31910890340805054,0.7277163863182068,-0.12135148048400879
10,LEFT_ANKLE,0.3390432298183441,0.8708502650260925,0.5314404964447021
10,RIGHT_ANKLE,0.31693848967552185,0.9287207722663879,-0.08046945184469223
10,LEFT_HEEL,0.3167070150375366,0.8959708213806152,0.5455651879310608
10,RIGHT_HEEL,0.2947847545146942,0.9552227854728699,-0.08674013614654541
10,LEFT_FOOT_INDEX,0.4071637988090515,0.906662106513977,0.49505099654197693
10,RIGHT_FOOT_INDEX,0.3929469585418701,0.9558072090148926,-0.21289880573749542
11,NOSE,0.5388937592506409,0.3291434943675995,-0.1224038228392601
11,LEFT_EYE_INNER,0.5405488014221191,0.31123605370521545,-0.10473015159368515
11,LEFT_EYE,0.539265513420105,0.30959489941596985,-0.1048775166273117
11,LEFT_EYE_OUTER,0.5379477739334106,0.3078736662864685,-0.10496498644351959
11,RIGHT_EYE_INNER,0.5392994284629822,0.3111681342124939,-0.16398833692073822
11,RIGHT_EYE,0.5371122360229492,0.30945464968681335,-0.16406364738941193
11,RIGHT_EYE_OUTER,0.5347654819488525,0.30745914578437805,-0.16421347856521606
11,LEFT_EAR,0.5162180066108704,0.30011314153671265,-0.011748656630516052
11,RIGHT_EAR,0.5106464624404907,0.29909369349479675,-0.2775415778160095
11,MOUTH_LEFT,0.5225779414176941,0.33846622705459595,-0.08024545758962631
11,MOUTH_RIGHT,0.521530270576477,0.337166965007782,-0.1578107327222824
11,LEFT_SHOULDER,0.44737106561660767,0.35785186290740967,0.1622181236743927
11,RIGHT_SHOULDER,0.4318660795688629,0.35883501172065735,-0.3865123391151428
11,LEFT_ELBOW,0.41922301054000854,0.47198286652565,0.23762261867523193
11,RIGHT_ELBOW,0.4305087924003601,0.49895572662353516,-0.4188370108604431
11,LEFT_WRIST,0.4500557482242584,0.5663896203041077,0.13773858547210693
11,RIGHT_WRIST,0.48137277364730835,0.5902913808822632,-0.2990930378437042
11,LEFT_PINKY,0.45534515380859375,0.5877454280853271,0.13969546556472778
11,RIGHT_PINKY,0.4884793162345886,0.6171645522117615,-0.3323223292827606
11,LEFT_INDEX,0.4661718010902405,0.5845599174499512,0.10081338882446289
11,RIGHT_INDEX,0.49631404876708984,0.6126385927200317,-0.32215118408203125
11,LEFT_THUMB,0.4569331109523773,0.5856748819351196,0.11575190722942352
11,RIGHT_THUMB,0.4933083951473236,0.6043208837509155,-0.2897668480873108
11,LEFT_HIP,0.331589937210083,0.561738133430481,0.1656070053577423
11,RIGHT_HIP,0.300855427980423,0.561068594455719,-0.1655033528804779
11,LEFT_KNEE,0.34727412462234497,0.7159220576286316,0.3257359266281128
11,RIGHT_KNEE,0.3191019296646118,0.7276691794395447,-0.11827631294727325
11,LEFT_ANKLE,0.33909398317337036,0.8709372282028198,0.5242012143135071
11,RIGHT_ANKLE,0.3169337213039398,0.928508460521698,-0.06834205985069275
11,LEFT_HEEL,0.3198680281639099,0.8970964550971985,0.5381523370742798
11,RIGHT_HEEL,0.29488080739974976,0.9551706314086914,-0.07350245118141174
11,LEFT_FOOT_INDEX,0.40739160776138306,0.9069632291793823,0.49356645345687866
11,RIGHT_FOOT_INDEX,0.3930356204509735,0.9563208818435669,-0.1988457441329956
12,NOSE,0.539077639579773,0.3295649290084839,-0.1238248348236084
12,LEFT_EYE_INNER,0.5408429503440857,0.3116357922554016,-0.10639409720897675
12,LEFT_EYE,0.5395060181617737,0.3099437654018402,-0.10653970390558243
12,LEFT_EYE_OUTER,0.5381268262863159,0.308137983083725,-0.10663004964590073
12,RIGHT_EYE_INNER,0.5396748185157776,0.31149548292160034,-0.16501428186893463
12,RIGHT_EYE,0.5374892950057983,0.3097168803215027,-0.16509157419204712
12,RIGHT_EYE_OUTER,0.5351307392120361,0.3076390027999878,-0.1652320772409439
12,LEFT_EAR,0.5161808133125305,0.29989859461784363,-0.011332635767757893
12,RIGHT_EAR,0.5106828212738037,0.29886215925216675,-0.2792636752128601
12,MOUTH_LEFT,0.5226407051086426,0.3387431502342224,-0.08136749267578125
12,MOUTH_RIGHT,0.5215796232223511,0.3373264968395233,-0.15841302275657654
12,LEFT_SHOULDER,0.44875678420066833,0.3608101010322571,0.16634055972099304
12,RIGHT_SHOULDER,0.4287411570549011,0.35825276374816895,-0.393075168132782
12,LEFT_ELBOW,0.42701664566993713,0.47377508878707886,0.25936949253082275
12,RIGHT_ELBOW,0.4289399981498718,0.4988531470298767,-0.43435049057006836
12,LEFT_WRIST,0.46102824807167053,0.5658248662948608,0.17010380327701569
12,RIGHT_WRIST,0.4808458387851715,0.5886518359184265,-0.3342679440975189
12,LEFT_PINKY,0.46773821115493774,0.5888975262641907,0.17333897948265076
12,RIGHT_PINKY,0.4884120523929596,0.6159987449645996,-0.37205442786216736
12,LEFT_INDEX,0.47958293557167053,0.586418628692627,0.1326444447040558
12,RIGHT_INDEX,0.4961980879306793,0.61176598072052,-0.3619217574596405
12,LEFT_THUMB,0.4707008898258209,0.5833414196968079,0.1479094922542572
12,RIGHT_THUMB,0.49317678809165955,0.6029556393623352,-0.3256756663322449
12,LEFT_HIP,0.33288300037384033,0.5635699033737183,0.1686684787273407
12,RIGHT_HIP,0.30039799213409424,0.5627280473709106,-0.1685403734445572
12,LEFT_KNEE,0.3494262099266052,0.7168371081352234,0.3420065939426422
12,RIGHT_KNEE,0.32105210423469543,0.7293155789375305,-0.11327763646841049
12,LEFT_ANKLE,0.3394257426261902,0.8709182739257812,0.5545576214790344
12,RIGHT_ANKLE,0.3169340193271637,0.9284192323684692,-0.052295245230197906
12,LEFT_HEEL,0.32201650738716125,0.8975030779838562,0.5697249174118042
12,RIGHT_HEEL,0.2953377366065979,0.9551164507865906,-0.05468083173036575
12,LEFT_FOOT_INDEX,0.40937480330467224,0.9073457717895508,0.5174092054367065
12,RIGHT_FOOT_INDEX,0.39509716629981995,0.9579275250434875,-0.18865711987018585
13,NOSE,0.5398849248886108,0.3305824398994446,-0.12894047796726227
13,LEFT_EYE_INNER,0.5417733788490295,0.3122836947441101,-0.10970829427242279
13,LEFT_EYE,0.5403457283973694,0.31051555275917053,-0.10986194759607315
13,LEFT_EYE_OUTER,0.538819432258606,0.30858248472213745,-0.10995280742645264
13,RIGHT_EYE_INNER,0.5406600832939148,0.3120998740196228,-0.17236751317977905
13,RIGHT_EYE,0.5384504199028015,0.3102438449859619,-0.17243221402168274
13,RIGHT_EYE_OUTER,0.5360525846481323,0.3080630600452423,-0.1725863218307495
13,LEFT_EAR,0.5162526965141296,0.2998693287372589,-0.013766847550868988
13,RIGHT_EAR,0.5113273859024048,0.2988792359828949,-0.28907662630081177
13,MOUTH_LEFT,0.5233626961708069,0.34000733494758606,-0.08322784304618835
13,MOUTH_RIGHT,0.5222495198249817,0.33842334151268005,-0.16526813805103302
13,LEFT_SHOULDER,0.4508320391178131,0.3635806739330292,0.16654109954833984
13,RIGHT_SHOULDER,0.4268830716609955,0.3579939007759094,-0.4042813181877136
13,LEFT_ELBOW,0.43208640813827515,0.4759756028652191,0.2707151472568512
13,RIGHT_ELBOW,0.42094340920448303,0.49749770760536194,-0.44877609610557556
13,LEFT_WRIST,0.4668193459510803,0.5652395486831665,0.18598254024982452
13,RIGHT_WRIST,0.47666221857070923,0.5824295282363892,-0.3561389446258545
13,LEFT_PINKY,0.4801952838897705,0.5890470743179321,0.190095454454422
13,RIGHT_PINKY,0.4871385991573334,0.6125243306159973,-0.3955976068973541
13,LEFT_INDEX,0.4857402443885803,0.5880144834518433,0.14826741814613342
13,RIGHT_INDEX,0.495731920003891,0.607216477394104,-0.3857894241809845
13,LEFT_THUMB,0.4823126196861267,0.5874791741371155,0.16339893639087677
13,RIGHT_THUMB,0.491964727640152,0.5982938408851624,-0.3478105962276459
13,LEFT_HIP,0.3340148329734802,0.5658347606658936,0.17090198397636414
13,RIGHT_HIP,0.2998272180557251,0.5639818906784058,-0.17076511681079865
13,LEFT_KNEE,0.3506436049938202,0.7185203433036804,0.35421425104141235
13,RIGHT_KNEE,0.32222431898117065,0.7308862805366516,-0.11139561235904694
13,LEFT_ANKLE,0.3395829498767853,0.8710111379623413,0.5765785574913025
13,RIGHT_ANKLE,0.3169340491294861,0.9283753633499146,-0.03385511785745621
13,LEFT_HEEL,0.32281115651130676,0.8980889320373535,0.5926530361175537
13,RIGHT_HEEL,0.2958226501941681,0.9550728797912598,-0.035117246210575104
13,LEFT_FOOT_INDEX,0.4105658531188965,0.9076405763626099,0.5375221371650696
13,RIGHT_FOOT_INDEX,0.3963274359703064,0.9588170051574707,-0.1681004911661148
14,NOSE,0.5399552583694458,0.33072739839553833,-0.14176872372627258
14,LEFT_EYE_INNER,0.5419609546661377,0.31236058473587036,-0.12237260490655899
14,LEFT_EYE,0.5405390858650208,0.3105907440185547,-0.1225256696343422
14,LEFT_EYE_OUTER,0.5389976501464844,0.3086443543434143,-0.12261687219142914
14,RIGHT_EYE_INNER,0.5407703518867493,0.31213808059692383,-0.18584445118904114
14,RIGHT_EYE,0.5385251045227051,0.31026142835617065,-0.18590912222862244
14,RIGHT_EYE_OUTER,0.536086916923523,0.30808040499687195,-0.18606320023536682
14,LEFT_EAR,0.5162531733512878,0.29973918199539185,-0.019189927726984024
14,RIGHT_EAR,0.5113271474838257,0.2986193895339966,-0.3018099069595337
14,MOUTH_LEFT,0.5234226584434509,0.3401983976364136,-0.09482984989881516
14,MOUTH_RIGHT,0.522249162197113,0.3385199308395386,-0.1779397428035736
14,LEFT_SHOULDER,0.4521285593509674,0.3641364574432373,0.1625925600528717
14,RIGHT_SHOULDER,0.42591673135757446,0.3577168583869934,-0.4156359136104584
14,LEFT_ELBOW,0.43317073583602905,0.47747722268104553,0.2655990421772003
14,RIGHT_ELBOW,0.41713595390319824,0.49686455726623535,-0.45904093980789185
14,LEFT_WRIST,0.4691096246242523,0.5646148324012756,0.1787361204624176
14,RIGHT_WRIST,0.474235475063324,0.5795535445213318,-0.36493822932243347
14,LEFT_PINKY,0.4837258458137512,0.5896614789962769,0.18194596469402313
14,RIGHT_PINKY,0.4864737093448639,0.6105968356132507,-0.40532246232032776
14,LEFT_INDEX,0.4881977438926697,0.5896533131599426,0.1395842730998993
14,RIGHT_INDEX,0.4953872263431549,0.6048166751861572,-0.39600032567977905
14,LEFT_THUMB,0.48419055342674255,0.5863895416259766,0.15583425760269165
14,RIGHT_THUMB,0.49107155203819275,0.5956748723983765,-0.35682982206344604
14,LEFT_HIP,0.335194855928421,0.5664690136909485,0.172212153673172
14,RIGHT_HIP,0.29947710037231445,0.5643831491470337,-0.1720794141292572
14,LEFT_KNEE,0.3510180413722992,0.7191186547279358,0.3601473569869995
14,RIGHT_KNEE,0.3225077986717224,0.7313598990440369,-0.10728007555007935
14,LEFT_ANKLE,0.3401276171207428,0.8710018396377563,0.5883481502532959
14,RIGHT_ANKLE,0.31709837913513184,0.9283073544502258,-0.01596085913479328
14,LEFT_HEEL,0.32394877076148987,0.8982225656509399,0.6049901247024536
14,RIGHT_HEEL,0.29669687151908875,0.9550685882568359,-0.016802195459604263
14,LEFT_FOOT_INDEX,0.4110390543937683,0.9076363444328308,0.5487311482429504
14,RIGHT_FOOT_INDEX,0.3972814083099365,0.9591230154037476,-0.14811331033706665
15,NOSE,0.5399676561355591,0.331129252910614,-0.13873453438282013
15,LEFT_EYE_INNER,0.5419652462005615,0.31259116530418396,-0.11840561777353287
15,LEFT_EYE,0.5405442714691162,0.31081655621528625,-0.11856130510568619
15,LEFT_EYE_OUTER,0.5390021204948425,0.30886757373809814,-0.11864714324474335
15,RIGHT_EYE_INNER,0.5407739877700806,0.3123614192008972,-0.18458855152130127
15,RIGHT_EYE,0.5385292768478394,0.3104720711708069,-0.1846533715724945
15,RIGHT_EYE_OUTER,0.536087691783905,0.30827730894088745,-0.18483783304691315
15,LEFT_EAR,0.5162545442581177,0.2997915744781494,-0.01327858678996563
15,RIGHT_EAR,0.5113281607627869,0.2986324429512024,-0.2971503436565399
15,MOUTH_LEFT,0.5234459638595581,0.34051811695098877,-0.09042252600193024
15,MOUTH_RIGHT,0.5222800970077515,0.33878758549690247,-0.17649714648723602
15,LEFT_SHOULDER,0.45208582282066345,0.36398833990097046,0.17612724006175995
15,RIGHT_SHOULDER,0.4259761869907379,0.3572125732898712,-0.41154855489730835
15,LEFT_ELBOW,0.4331873953342438,0.47865724563598633,0.27867746353149414
15,RIGHT_ELBOW,0.41755637526512146,0.49672412872314453,-0.45524072647094727
15,LEFT_WRIST,0.47298717498779297,0.5723757147789001,0.1947821080684662
15,RIGHT_WRIST,0.4743679463863373,0.5794118046760559,-0.36063703894615173
15,LEFT_PINKY,0.485771119594574,0.5897642374038696,0.20077891647815704
15,RIGHT_PINKY,0.48646873235702515,0.6100714802742004,-0.40196484327316284
15,LEFT_INDEX,0.4906914234161377,0.5899078249931335,0.15716329216957092
15,RIGHT_INDEX,0.49559155106544495,0.60441654920578,-0.38891279697418213
15,LEFT_THUMB,0.4864487051963806,0.5850291848182678,0.17130091786384583
15,RIGHT_THUMB,0.49129191040992737,0.5954254865646362,-0.35135817527770996
15,LEFT_HIP,0.335195928812027,0.56663978099823,0.17543183267116547
15,RIGHT_HIP,0.2991427779197693,0.564550518989563,-0.17530110478401184
15,LEFT_KNEE,0.35083743929862976,0.7194497585296631,0.3703370690345764
15,RIGHT_KNEE,0.32276737689971924,0.7314608097076416,-0.0959119126200676
15,LEFT_ANKLE,0.3412541151046753,0.8707981109619141,0.6080158352851868
15,RIGHT_ANKLE,0.3176044225692749,0.928199291229248,0.005599246826022863
15,LEFT_HEEL,0.32599642872810364,0.8981015086174011,0.625982403755188
15,RIGHT_HEEL,0.297789990901947,0.9553359150886536,0.005545641761273146
15,LEFT_FOOT_INDEX,0.4131365716457367,0.9075685739517212,0.5700414776802063
15,RIGHT_FOOT_INDEX,0.39879241585731506,0.9592787623405457,-0.1251937299966812
16,NOSE,0.5389437675476074,0.3312462270259857,-0.13825564086437225
16,LEFT_EYE_INNER,0.5412880182266235,0.31268638372421265,-0.11834422498941422
16,LEFT_EYE,0.5399710536003113,0.3109404742717743,-0.11849895864725113
16,LEFT_EYE_OUTER,0.5385521054267883,0.30904272198677063,-0.1185857281088829
16,RIGHT_EYE_INNER,0.5399284958839417,0.31238073110580444,-0.18308313190937042
16,RIGHT_EYE,0.5376392602920532,0.31048208475112915,-0.18314997851848602
16,RIGHT_EYE_OUTER,0.5351516604423523,0.30829307436943054,-0.18332163989543915
16,LEFT_EAR,0.5161978602409363,0.2998993694782257,-0.01427462138235569
16,RIGHT_EAR,0.5106353759765625,0.2985067367553711,-0.2953649163246155
16,MOUTH_LEFT,0.5224546790122986,0.34052836894989014,-0.09043356776237488
16,MOUTH_RIGHT,0.5210095643997192,0.3387521207332611,-0.17503276467323303
16,LEFT_SHOULDER,0.45206737518310547,0.36389869451522827,0.1738329827785492
16,RIGHT_SHOULDER,0.4258573651313782,0.35642769932746887,-0.41134315729141235
16,LEFT_ELBOW,0.43260717391967773,0.4797641634941101,0.2772584557533264
16,RIGHT_ELBOW,0.41653791069984436,0.49624308943748474,-0.45535334944725037
16,LEFT_WRIST,0.4725969433784485,0.5755300521850586,0.1939537227153778
16,RIGHT_WRIST,0.4741377830505371,0.5766688585281372,-0.36289316415786743
16,LEFT_PINKY,0.4858463704586029,0.590094804763794,0.19897353649139404
16,RIGHT_PINKY,0.48646026849746704,0.6076120138168335,-0.40436506271362305
16,LEFT_INDEX,0.49088460206985474,0.5903792977333069,0.15562257170677185
16,RIGHT_INDEX,0.4955621659755707,0.6026003956794739,-0.3923642933368683
16,LEFT_THUMB,0.4869752824306488,0.5889538526535034,0.17049220204353333
16,RIGHT_THUMB,0.49127641320228577,0.5932379364967346,-0.3540554642677307
16,LEFT_HIP,0.3353733420372009,0.5670554041862488,0.17538763582706451
16,RIGHT_HIP,0.2988058924674988,0.5646852850914001,-0.17525580525398254
16,LEFT_KNEE,0.3508613407611847,0.7199799418449402,0.36565837264060974
16,RIGHT_KNEE,0.32285258173942566,0.7315853834152222,-0.09250209480524063
16,LEFT_ANKLE,0.34210991859436035,0.8707901835441589,0.5989199876785278
16,RIGHT_ANKLE,0.31767889857292175,0.9281625747680664,0.0077061704359948635
16,LEFT_HEEL,0.3272111713886261,0.898084282875061,0.6162576079368591
16,RIGHT_HEEL,0.2980157434940338,0.9555999040603638,0.007529436144977808
16,LEFT_FOOT_INDEX,0.4143897593021393,0.9076385498046875,0.5589407682418823
16,RIGHT_FOOT_INDEX,0.39962098002433777,0.9594853520393372,-0.12318356335163116
17,NOSE,0.5389429330825806,0.33163198828697205,-0.1312858611345291
17,LEFT_EYE_INNER,0.5412673354148865,0.3128048777580261,-0.11134640872478485
17,LEFT_EYE,0.5399402379989624,0.31104546785354614,-0.11150175333023071
17,LEFT_EYE_OUTER,0.5385156869888306,0.30914801359176636,-0.11159452050924301
17,RIGHT_EYE_INNER,0.5399248003959656,0.3124844431877136,-0.17605431377887726
17,RIGHT_EYE,0.5376363396644592,0.31054508686065674,-0.1761086881160736
17,RIGHT_EYE_OUTER,0.5351487994194031,0.30832093954086304,-0.1762898713350296
17,LEFT_EAR,0.5162073373794556,0.30000895261764526,-0.007578558288514614
17,RIGHT_EAR,0.5106362104415894,0.2984873950481415,-0.2920382618904114
17,MOUTH_LEFT,0.5224430561065674,0.3405786454677582,-0.08372011035680771
17,MOUTH_RIGHT,0.5210135579109192,0.33879774808883667,-0.16796910762786865
17,LEFT_SHOULDER,0.45229750871658325,0.36394375562667847,0.18213270604610443
17,RIGHT_SHOULDER,0.42576366662979126,0.35615286231040955,-0.40841880440711975
17,LEFT_ELBOW,0.4321545958518982,0.48005953431129456,0.2958783507347107
17,RIGHT_ELBOW,0.41299113631248474,0.4946357309818268,-0.46025437116622925
17,LEFT_WRIST,0.4721301198005676,0.5760809183120728,0.22784706950187683
17,RIGHT_WRIST,0.4732576012611389,0.575253963470459,-0.39435023069381714
17,LEFT_PINKY,0.48604220151901245,0.5901735424995422,0.23809285461902618
17,RIGHT_PINKY,0.48551303148269653,0.6067749261856079,-0.4409554898738861
17,LEFT_INDEX,0.49123415350914,0.5905834436416626,0.19325345754623413
17,RIGHT_INDEX,0.4952571392059326,0.6014349460601807,-0.42430010437965393
17,LEFT_THUMB,0.4873540997505188,0.5903337597846985,0.20449718832969666
17,RIGHT_THUMB,0.4909128248691559,0.5917841196060181,-0.38464468717575073
17,LEFT_HIP,0.33518898487091064,0.5670470595359802,0.17518946528434753
17,RIGHT_HIP,0.29879048466682434,0.564782440662384,-0.17506100237369537
17,LEFT_KNEE,0.35061460733413696,0.7202106714248657,0.3593185544013977
17,RIGHT_KNEE,0.3237239718437195,0.7316209077835083,-0.07481394708156586
17,LEFT_ANKLE,0.3423132598400116,0.8708670735359192,0.5848499536514282
17,RIGHT_ANKLE,0.3180283308029175,0.9281353950500488,0.047034721821546555
17,LEFT_HEEL,0.32679712772369385,0.8997063636779785,0.6015554666519165
17,RIGHT_HEEL,0.2984517216682434,0.955590546131134,0.049567580223083496
17,LEFT_FOOT_INDEX,0.41489177942276,0.9077550172805786,0.5451688170433044
17,RIGHT_FOOT_INDEX,0.39958837628364563,0.9592465162277222,-0.07785718142986298
18,NOSE,0.5388022065162659,0.3318348526954651,-0.13084188103675842
18,LEFT_EYE_INNER,0.5411558747291565,0.31286191940307617,-0.11096815764904022
18,LEFT_EYE,0.5398434400558472,0.31110879778862,-0.11112163960933685
18,LEFT_EYE_OUTER,0.5384401082992554,0.3092252314090729,-0.11121456325054169
18,RIGHT_EYE_INNER,0.5397748947143555,0.31250154972076416,-0.17557582259178162
18,RIGHT_EYE,0.5374575853347778,0.3105553984642029,-0.1756269335746765
18,RIGHT_EYE_OUTER,0.5349354147911072,0.3083304464817047,-0.17581002414226532
18,LEFT_EAR,0.5162070393562317,0.3000826835632324,-0.007005141116678715
18,RIGHT_EAR,0.5105054378509521,0.2983795702457428,-0.29135051369667053
18,MOUTH_LEFT,0.5224126577377319,0.3406418561935425,-0.0833209827542305
18,MOUTH_RIGHT,0.5209614634513855,0.33881253004074097,-0.16731767356395721
18,LEFT_SHOULDER,0.45300477743148804,0.3642657399177551,0.18401499092578888
18,RIGHT_SHOULDER,0.4254326820373535,0.35597124695777893,-0.40800538659095764
18,LEFT_ELBOW,0.43186768889427185,0.4806514382362366,0.3034241795539856
18,RIGHT_ELBOW,0.40717363357543945,0.4923033118247986,-0.46977701783180237
18,LEFT_WRIST,0.4726864695549011,0.577335774898529,0.23997366428375244
18,RIGHT_WRIST,0.4720097482204437,0.5733810663223267,-0.4205232560634613
18,LEFT_PINKY,0.4866325855255127,0.5908293724060059,0.25140219926834106
18,RIGHT_PINKY,0.48447784781455994,0.6058180332183838,-0.4696851372718811
18,LEFT_INDEX,0.4919271469116211,0.5915337800979614,0.20560233294963837
18,RIGHT_INDEX,0.49476614594459534,0.6003849506378174,-0.45278340578079224
18,LEFT_THUMB,0.4884818196296692,0.591939389705658,0.21651561558246613
18,RIGHT_THUMB,0.49035149812698364,0.5903592109680176,-0.41105327010154724
18,LEFT_HIP,0.3351128399372101,0.5672268867492676,0.1753998100757599
18,RIGHT_HIP,0.2987515330314636,0.5648354291915894,-0.1752748191356659
18,LEFT_KNEE,0.35059961676597595,0.7204603552818298,0.3562256991863251
18,RIGHT_KNEE,0.32441094517707825,0.7316812872886658,-0.07617446780204773
18,LEFT_ANKLE,0.34220677614212036,0.8716765642166138,0.580376923084259
18,RIGHT_ANKLE,0.3180296719074249,0.9282096028327942,0.03893301635980606
18,LEFT_HEEL,0.3264024555683136,0.9008568525314331,0.5970197916030884
18,RIGHT_HEEL,0.29856356978416443,0.9555595517158508,0.04068538174033165
18,LEFT_FOOT_INDEX,0.41481155157089233,0.9079585075378418,0.53975510597229
18,RIGHT_FOOT_INDEX,0.3995510935783386,0.9590650796890259,-0.0880616083741188
19,NOSE,0.5383005738258362,0.3318420350551605,-0.13854041695594788
19,LEFT_EYE_INNER,0.5407636761665344,0.3128688931465149,-0.11872247606515884
19,LEFT_EYE,0.5395115613937378,0.31111806631088257,-0.1188754215836525
19,LEFT_EYE_OUTER,0.538192093372345,0.30923908948898315,-0.11897075176239014
19,RIGHT_EYE_INNER,0.5392799377441406,0.3124651312828064,-0.18339817225933075
19,RIGHT_EYE,0.5369327068328857,0.3104742169380188,-0.18345427513122559
19,RIGHT_EYE_OUTER,0.5344010591506958,0.3082074224948883,-0.18363887071609497
19,LEFT_EAR,0.5161804556846619,0.30008989572525024,-0.011340460740029812
19,RIGHT_EAR,0.5102434158325195,0.29810166358947754,-0.29884493350982666
19,MOUTH_LEFT,0.5221196413040161,0.340615451335907,-0.09007227420806885
19,MOUTH_RIGHT,0.520539402961731,0.3387033939361572,-0.17433300614356995
19,LEFT_SHOULDER,0.45304936170578003,0.36433473229408264,0.17998012900352478
19,RIGHT_SHOULDER,0.42544612288475037,0.3558141887187958,-0.4204522967338562
19,LEFT_ELBOW,0.4318277835845947,0.48186859488487244,0.29167959094047546
19,RIGHT_ELBOW,0.4081794321537018,0.49204668402671814,-0.4842088222503662
19,LEFT_WRIST,0.47340282797813416,0.5804775953292847,0.22321422398090363
19,RIGHT_WRIST,0.47250086069107056,0.5735870599746704,-0.42256587743759155
19,LEFT_PINKY,0.48686474561691284,0.590837299823761,0.2343713790178299
19,RIGHT_PINKY,0.4848477244377136,0.6062406301498413,-0.47189897298812866
19,LEFT_INDEX,0.4942546784877777,0.5921363234519958,0.18863320350646973
19,RIGHT_INDEX,0.4949147701263428,0.6010164022445679,-0.4516686797142029
19,LEFT_THUMB,0.48990875482559204,0.5952854156494141,0.19939769804477692
19,RIGHT_THUMB,0.49094653129577637,0.5907065868377686,-0.4119248390197754
19,LEFT_HIP,0.33496659994125366,0.5675464868545532,0.17602548003196716
19,RIGHT_HIP,0.29893413186073303,0.5650023818016052,-0.17591242492198944
19,LEFT_KNEE,0.3498208224773407,0.7227534055709839,0.346737265586853
19,RIGHT_KNEE,0.3245479166507721,0.7321974635124207,-0.06069810315966606
19,LEFT_ANKLE,0.34109222888946533,0.874472439289093,0.564247190952301
19,RIGHT_ANKLE,0.3179994821548462,0.928170382976532,0.08669693768024445
19,LEFT_HEEL,0.32533231377601624,0.9038626551628113,0.5802386999130249
19,RIGHT_HEEL,0.298551082611084,0.9554381370544434,0.09206567704677582
19,LEFT_FOOT_INDEX,0.4118104875087738,0.9094754457473755,0.5144345760345459
19,RIGHT_FOOT_INDEX,0.3993353843688965,0.9590169191360474,-0.034089114516973495
20,NOSE,0.5370756387710571,0.33161380887031555,-0.13749946653842926
20,LEFT_EYE_INNER,0.5399023294448853,0.31244441866874695,-0.11754690110683441
20,LEFT_EYE,0.5388153791427612,0.31084850430488586,-0.11769739538431168
20,LEFT_EYE_OUTER,0.5376921892166138,0.30912360548973083,-0.11779191344976425
20,RIGHT_EYE_INNER,0.5381323099136353,0.31155791878700256,-0.18285229802131653
20,RIGHT_EYE,0.5356442332267761,0.30930203199386597,-0.18289873003959656
20,RIGHT_EYE_OUTER,0.5328885912895203,0.3067227602005005,-0.18309450149536133
20,LEFT_EAR,0.5161998271942139,0.3000901937484741,-0.009891037829220295
20,RIGHT_EAR,0.508757472038269,0.2961967885494232,-0.29849374294281006
20,MOUTH_LEFT,0.5209469795227051,0.3400994539260864,-0.08844172954559326
20,MOUTH_RIGHT,0.5191267728805542,0.3378541171550751,-0.17298340797424316
20,LEFT_SHOULDER,0.4532008171081543,0.3646666407585144,0.18475386500358582
20,RIGHT_SHOULDER,0.42518168687820435,0.3552093505859375,-0.4168683588504791
20,LEFT_ELBOW,0.43287593126296997,0.48188239336013794,0.3013729453086853
20,RIGHT_ELBOW,0.40906602144241333,0.49102550745010376,-0.479349285364151
20,LEFT_WRIST,0.47477516531944275,0.570621907711029,0.23845508694648743
20,RIGHT_WRIST,0.4726192355155945,0.5741113424301147,-0.42283058166503906
20,LEFT_PINKY,0.48777204751968384,0.5910612344741821,0.2508303225040436
20,RIGHT_PINKY,0.48500150442123413,0.6063904762268066,-0.47251033782958984
20,LEFT_INDEX,0.4958384037017822,0.59316086769104,0.20418307185173035
20,RIGHT_INDEX,0.4951443672180176,0.6012104749679565,-0.45297735929489136
20,LEFT_THUMB,0.49422091245651245,0.5949169397354126,0.21439340710639954
20,RIGHT_THUMB,0.49122533202171326,0.5909720659255981,-0.4124390482902527
20,LEFT_HIP,0.334786057472229,0.5676698088645935,0.17587773501873016
20,RIGHT_HIP,0.29909396171569824,0.5649701952934265,-0.17576241493225098
20,LEFT_KNEE,0.3490411043167114,0.7241150140762329,0.32707226276397705
20,RIGHT_KNEE,0.324526309967041,0.7325096130371094,-0.06762087345123291
20,LEFT_ANKLE,0.3394851088523865,0.8769820332527161,0.5266320705413818
20,RIGHT_ANKLE,0.3178984224796295,0.9281395673751831,0.05997350811958313
20,LEFT_HEEL,0.3216148018836975,0.9087058901786804,0.5406316518783569
20,RIGHT_HEEL,0.298149049282074,0.9551307559013367,0.06334318220615387
20,LEFT_FOOT_INDEX,0.41008836030960083,0.9114336967468262,0.4741396903991699
20,RIGHT_FOOT_INDEX,0.39923158288002014,0.9590033292770386,-0.06302925199270248
21,NOSE,0.537091851234436,0.33161377906799316,-0.14654788374900818
21,LEFT_EYE_INNER,0.5399054288864136,0.31244829297065735,-0.12707901000976562
21,LEFT_EYE,0.5388180017471313,0.31084397435188293,-0.12722939252853394
21,LEFT_EYE_OUTER,0.5376943349838257,0.30910950899124146,-0.1273244321346283
21,RIGHT_EYE_INNER,0.5381563901901245,0.31157010793685913,-0.19150157272815704
21,RIGHT_EYE,0.5356987714767456,0.3093174695968628,-0.19155505299568176
21,RIGHT_EYE_OUTER,0.5330030918121338,0.30673983693122864,-0.1917371302843094
21,LEFT_EAR,0.5161741971969604,0.2998189628124237,-0.020237144082784653
21,RIGHT_EAR,0.5089026093482971,0.296175092458725,-0.3071826100349426
21,MOUTH_LEFT,0.5209679007530212,0.3400645852088928,-0.09821553528308868
21,MOUTH_RIGHT,0.5191984176635742,0.33785390853881836,-0.18206341564655304
21,LEFT_SHOULDER,0.4533328413963318,0.3645178973674774,0.17756132781505585
21,RIGHT_SHOULDER,0.4251899719238281,0.3552214801311493,-0.4261086881160736
21,LEFT_ELBOW,0.43361300230026245,0.48185357451438904,0.294447660446167
21,RIGHT_ELBOW,0.4095919728279114,0.4908944070339203,-0.48587340116500854
21,LEFT_WRIST,0.47612515091896057,0.5657569766044617,0.23668117821216583
21,RIGHT_WRIST,0.4734065532684326,0.5755971074104309,-0.4203721880912781
21,LEFT_PINKY,0.4884595274925232,0.5909769535064697,0.24082572758197784
21,RIGHT_PINKY,0.48506635427474976,0.6071868538856506,-0.46849459409713745
21,LEFT_INDEX,0.4968893527984619,0.5931409597396851,0.1982908695936203
21,RIGHT_INDEX,0.4951387345790863,0.6025336980819702,-0.4494994282722473
21,LEFT_THUMB,0.4955689013004303,0.5952343344688416,0.2127925157546997
21,RIGHT_THUMB,0.49151355028152466,0.5924838781356812,-0.4099794030189514
21,LEFT_HIP,0.3345862030982971,0.5674272775650024,0.1756734549999237
21,RIGHT_HIP,0.2987847924232483,0.5647282600402832,-0.17556191980838776
21,LEFT_KNEE,0.34879976511001587,0.723886251449585,0.32803183794021606
21,RIGHT_KNEE,0.32386237382888794,0.7320390343666077,-0.0662897378206253
21,LEFT_ANKLE,0.3391573131084442,0.8775219917297363,0.533829927444458
21,RIGHT_ANKLE,0.3176839053630829,0.9276418685913086,0.06923221051692963
21,LEFT_HEEL,0.32145804166793823,0.9082505106925964,0.5485765337944031
21,RIGHT_HEEL,0.297681599855423,0.954470157623291,0.07329810410737991
21,LEFT_FOOT_INDEX,0.40936484932899475,0.9118437767028809,0.48417216539382935
21,RIGHT_FOOT_INDEX,0.3992083966732025,0.9589067697525024,-0.05277102068066597
22,NOSE,0.5371540188789368,0.33163851499557495,-0.15128877758979797
22,LEFT_EYE_INNER,0.5399467945098877,0.3124537765979767,-0.13239546120166779
22,LEFT_EYE,0.5388518571853638,0.3108472228050232,-0.13254666328430176
22,LEFT_EYE_OUTER,0.5377236604690552,0.3091112971305847,-0.13264469802379608
22,RIGHT_EYE_INNER,0.538263738155365,0.311579167842865,-0.19579194486141205
22,RIGHT_EYE,0.5358533263206482,0.3093331456184387,-0.1958463042974472
22,RIGHT_EYE_OUTER,0.5332176685333252,0.30676543712615967,-0.19602221250534058
22,LEFT_EAR,0.5161895751953125,0.29977649450302124,-0.02715482749044895
22,RIGHT_EAR,0.5089982748031616,0.2961614429950714,-0.31003454327583313
22,MOUTH_LEFT,0.5210637450218201,0.3400653302669525,-0.10359936952590942
22,MOUTH_RIGHT,0.5194539427757263,0.33787083625793457,-0.18619798123836517
22,LEFT_SHOULDER,0.45347103476524353,0.36447644233703613,0.16941548883914948
22,RIGHT_SHOULDER,0.4252048432826996,0.355251282453537,-0.42748022079467773
22,LEFT_ELBOW,0.43398362398147583,0.4821067750453949,0.2831026613712311
22,RIGHT_ELBOW,0.410047709941864,0.49092787504196167,-0.485623836517334
22,LEFT_WRIST,0.4777084290981293,0.5750781893730164,0.23487794399261475
22,RIGHT_WRIST,0.4735938012599945,0.5759416222572327,-0.41806530952453613
22,LEFT_PINKY,0.4887000620365143,0.5909576416015625,0.23454716801643372
22,RIGHT_PINKY,0.48510822653770447,0.6074544191360474,-0.4662574231624603
22,LEFT_INDEX,0.4973112642765045,0.5931324362754822,0.19482135772705078
22,RIGHT_INDEX,0.4951302111148834,0.6029576659202576,-0.4469624161720276
22,LEFT_THUMB,0.49606752395629883,0.5959793925285339,0.20925875008106232
22,RIGHT_THUMB,0.491618812084198,0.5928248167037964,-0.40773969888687134
22,LEFT_HIP,0.33446937799453735,0.5674023032188416,0.17543670535087585
22,RIGHT_HIP,0.29855746030807495,0.564737856388092,-0.17532669007778168
22,LEFT_KNEE,0.348344624042511,0.7240675687789917,0.3251262903213501
22,RIGHT_KNEE,0.322529137134552,0.7324784398078918,-0.05548800900578499
22,LEFT_ANKLE,0.3388426601886749,0.8782297968864441,0.529624342918396
22,RIGHT_ANKLE,0.3174362778663635,0.9276239275932312,0.09463223069906235
22,LEFT_HEEL,0.3213719129562378,0.9081910848617554,0.5442641377449036
22,RIGHT_HEEL,0.2973690330982208,0.9543226957321167,0.10022654384374619
22,LEFT_FOOT_INDEX,0.4088204801082611,0.912244439125061,0.47883185744285583
22,RIGHT_FOOT_INDEX,0.3991904556751251,0.958878219127655,-0.02430490031838417
23,NOSE,0.5372814536094666,0.3317023515701294,-0.1527683287858963
23,LEFT_EYE_INNER,0.5401641130447388,0.31255394220352173,-0.13385958969593048
23,LEFT_EYE,0.5390536189079285,0.31091588735580444,-0.13401289284229279
23,LEFT_EYE_OUTER,0.5378995537757874,0.3091544508934021,-0.13411632180213928
23,RIGHT_EYE_INNER,0.5385894179344177,0.3118506073951721,-0.1968439370393753
23,RIGHT_EYE,0.5362648367881775,0.3097037672996521,-0.19689756631851196
23,RIGHT_EYE_OUTER,0.5337330102920532,0.3072548508644104,-0.19705955684185028
23,LEFT_EAR,0.5162490606307983,0.29975736141204834,-0.029971729964017868
23,RIGHT_EAR,0.5095726251602173,0.29623931646347046,-0.3113672435283661
23,MOUTH_LEFT,0.5213678479194641,0.3401026129722595,-0.10576838254928589
23,MOUTH_RIGHT,0.51994788646698,0.33803796768188477,-0.18786770105361938
23,LEFT_SHOULDER,0.4532814025878906,0.36439257860183716,0.1627366542816162
23,RIGHT_SHOULDER,0.4259067177772522,0.3556970953941345,-0.4280897080898285
23,LEFT_ELBOW,0.4339560866355896,0.48206859827041626,0.2614557147026062
23,RIGHT_ELBOW,0.4109911024570465,0.4911765158176422,-0.4811335504055023
23,LEFT_WRIST,0.47741755843162537,0.5787765383720398,0.18966911733150482
23,RIGHT_WRIST,0.4748322367668152,0.5796664953231812,-0.40441274642944336
23,LEFT_PINKY,0.48840609192848206,0.5909429788589478,0.19567623734474182
23,RIGHT_PINKY,0.4855382442474365,0.6094337701797485,-0.45250755548477173
23,LEFT_INDEX,0.49699878692626953,0.5931316614151001,0.15272057056427002
23,RIGHT_INDEX,0.4952419400215149,0.6051243543624878,-0.42921048402786255
23,LEFT_THUMB,0.4954294264316559,0.5967758297920227,0.16524791717529297
23,RIGHT_THUMB,0.49187740683555603,0.5962243676185608,-0.39280563592910767
23,LEFT_HIP,0.3333256244659424,0.5671286582946777,0.1753000020980835
23,RIGHT_HIP,0.2985759973526001,0.5647422671318054,-0.17519085109233856
23,LEFT_KNEE,0.34532952308654785,0.7242938280105591,0.327221155166626
23,RIGHT_KNEE,0.32179781794548035,0.7330082058906555,-0.039511315524578094
23,LEFT_ANKLE,0.33862125873565674,0.8784435987472534,0.5325042605400085
23,RIGHT_ANKLE,0.31814661622047424,0.9270622134208679,0.12432031333446503
23,LEFT_HEEL,0.32135820388793945,0.9081147909164429,0.5472046136856079
23,RIGHT_HEEL,0.2979012131690979,0.9541910886764526,0.13164746761322021
23,LEFT_FOOT_INDEX,0.4085332751274109,0.9121936559677124,0.4842592179775238
23,RIGHT_FOOT_INDEX,0.3994079828262329,0.9578508138656616,0.012806326150894165
24,NOSE,0.5370877981185913,0.33165115118026733,-0.15205952525138855
24,LEFT_EYE_INNER,0.5400781631469727,0.3125123381614685,-0.13286158442497253
24,LEFT_EYE,0.5389503836631775,0.31086021661758423,-0.13301661610603333
24,LEFT_EYE_OUTER,0.5377823114395142,0.309087872505188,-0.1331154853105545
24,RIGHT_EYE_INNER,0.5385683178901672,0.311840295791626,-0.19509540498256683
24,RIGHT_EYE,0.5362613201141357,0.3096995949745178,-0.19516262412071228
24,RIGHT_EYE_OUTER,0.5337383151054382,0.30725765228271484,-0.19532455503940582
24,LEFT_EAR,0.5162275433540344,0.2996523976325989,-0.02919207140803337
24,RIGHT_EAR,0.5095628499984741,0.29618605971336365,-0.30890464782714844
24,MOUTH_LEFT,0.5209510922431946,0.3397705852985382,-0.10539931058883667
24,MOUTH_RIGHT,0.5197213292121887,0.3378898799419403,-0.186335951089859
24,LEFT_SHOULDER,0.4533828794956207,0.36360225081443787,0.16383270919322968
24,RIGHT_SHOULDER,0.4261902868747711,0.3557360768318176,-0.425985187292099
24,LEFT_ELBOW,0.4378117024898529,0.4788241386413574,0.27016547322273254
24,RIGHT_ELBOW,0.41555556654930115,0.49119138717651367,-0.4802579879760742
24,LEFT_WRIST,0.48029786348342896,0.568991482257843,0.20840267837047577
24,RIGHT_WRIST,0.47639042139053345,0.5822957754135132,-0.4023672044277191
24,LEFT_PINKY,0.4958878457546234,0.5897222757339478,0.21870818734169006
24,RIGHT_PINKY,0.4873296320438385,0.6113384962081909,-0.4495851993560791
24,LEFT_INDEX,0.5051378011703491,0.5915464758872986,0.17230233550071716
24,RIGHT_INDEX,0.4963201880455017,0.6067800521850586,-0.42858728766441345
24,LEFT_THUMB,0.49927085638046265,0.5863713622093201,0.1839447319507599
24,RIGHT_THUMB,0.4933328628540039,0.5982577204704285,-0.3913685083389282
24,LEFT_HIP,0.3333066999912262,0.5670210123062134,0.17547467350959778
24,RIGHT_HIP,0.29993921518325806,0.5653036832809448,-0.17537271976470947
24,LEFT_KNEE,0.34232980012893677,0.7243814468383789,0.3283292055130005
24,RIGHT_KNEE,0.32185930013656616,0.7335668802261353,-0.049041830003261566
24,LEFT_ANKLE,0.33545443415641785,0.8798812031745911,0.529191792011261
24,RIGHT_ANKLE,0.3167372941970825,0.9270541071891785,0.09663494676351547
24,LEFT_HEEL,0.3167356550693512,0.9093284606933594,0.5432384610176086
24,RIGHT_HEEL,0.2963048219680786,0.9539521336555481,0.10211320221424103
24,LEFT_FOOT_INDEX,0.4073014259338379,0.912753701210022,0.4804488718509674
24,RIGHT_FOOT_INDEX,0.3987594246864319,0.9575653076171875,-0.01731834001839161
25,NOSE,0.5360949039459229,0.3313233256340027,-0.1505059003829956
25,LEFT_EYE_INNER,0.5393082499504089,0.3123089671134949,-0.13141506910324097
25,LEFT_EYE,0.5382527112960815,0.3107077181339264,-0.13156913220882416
25,LEFT_EYE_OUTER,0.5371825695037842,0.30898982286453247,-0.13166694343090057
25,RIGHT_EYE_INNER,0.5375880002975464,0.31146904826164246,-0.19359275698661804
25,RIGHT_EYE,0.535162091255188,0.3092368245124817,-0.19365864992141724
25,RIGHT_EYE_OUTER,0.532505452632904,0.30670735239982605,-0.19382046163082123
25,LEFT_EAR,0.516032338142395,0.2996006906032562,-0.028514141216874123
25,RIGHT_EAR,0.5085292458534241,0.29565995931625366,-0.3074135482311249
25,MOUTH_LEFT,0.5200204849243164,0.3391754925251007,-0.10423032939434052
25,MOUTH_RIGHT,0.5185068845748901,0.3371928930282593,-0.18500016629695892
25,LEFT_SHOULDER,0.4540962278842926,0.3636700510978699,0.16466477513313293
25,RIGHT_SHOULDER,0.4252758026123047,0.35565441846847534,-0.4249560832977295
25,LEFT_ELBOW,0.44269195199012756,0.4788592457771301,0.2820068597793579
25,RIGHT_ELBOW,0.41555196046829224,0.4908830225467682,-0.4801253378391266
25,LEFT_WRIST,0.48397883772850037,0.5674430131912231,0.22517362236976624
25,RIGHT_WRIST,0.4762424826622009,0.5811278223991394,-0.4143363833427429
25,LEFT_PINKY,0.49970752000808716,0.5897145867347717,0.2364058941602707
25,RIGHT_PINKY,0.4877440333366394,0.6110612750053406,-0.462641179561615
25,LEFT_INDEX,0.5085854530334473,0.591521143913269,0.1887538731098175
25,RIGHT_INDEX,0.49649176001548767,0.6060342192649841,-0.444527804851532
25,LEFT_THUMB,0.5012933015823364,0.5844585299491882,0.20088958740234375
25,RIGHT_THUMB,0.49338823556900024,0.5966671109199524,-0.4045003354549408
25,LEFT_HIP,0.33348727226257324,0.567048192024231,0.17538991570472717
25,RIGHT_HIP,0.30014416575431824,0.5654248595237732,-0.1752871870994568
25,LEFT_KNEE,0.3413631319999695,0.7245671153068542,0.3283293843269348
25,RIGHT_KNEE,0.32191330194473267,0.734481155872345,-0.061633069068193436
25,LEFT_ANKLE,0.3346690535545349,0.8801330327987671,0.5271391868591309
25,RIGHT_ANKLE,0.3154206871986389,0.9272214770317078,0.07007678598165512
25,LEFT_HEEL,0.31491565704345703,0.9100085496902466,0.5410037040710449
25,RIGHT_HEEL,0.29505443572998047,0.9538364410400391,0.07395689934492111
25,LEFT_FOOT_INDEX,0.4067043364048004,0.9135967493057251,0.47789955139160156
25,RIGHT_FOOT_INDEX,0.39811742305755615,0.9575453996658325,-0.047037430107593536
26,NOSE,0.5357071757316589,0.33118391036987305,-0.14953771233558655
26,LEFT_EYE_INNER,0.5389584302902222,0.31221193075180054,-0.13051101565361023
26,LEFT_EYE,0.5379148721694946,0.31062692403793335,-0.1306646168231964
26,LEFT_EYE_OUTER,0.5368746519088745,0.3089330792427063,-0.1307615339756012
26,RIGHT_EYE_INNER,0.5372322797775269,0.3113257884979248,-0.19264787435531616
26,RIGHT_EYE,0.5348004102706909,0.30906444787979126,-0.19271275401115417
26,RIGHT_EYE_OUTER,0.5321377515792847,0.30651238560676575,-0.19287434220314026
26,LEFT_EAR,0.5159376859664917,0.29958853125572205,-0.028035545721650124
26,RIGHT_EAR,0.5082060098648071,0.2955203950405121,-0.30646082758903503
26,MOUTH_LEFT,0.519603967666626,0.3388664722442627,-0.10349295288324356
26,MOUTH_RIGHT,0.5180855393409729,0.3368944227695465,-0.18412187695503235
26,LEFT_SHOULDER,0.4544517397880554,0.3637006878852844,0.16529475152492523
26,RIGHT_SHOULDER,0.42486220598220825,0.3555844724178314,-0.4240419268608093
26,LEFT_ELBOW,0.44258546829223633,0.47859054803848267,0.28500840067863464
26,RIGHT_ELBOW,0.41547536849975586,0.49077194929122925,-0.48001188039779663
26,LEFT_WRIST,0.4850815236568451,0.5665220022201538,0.2278270721435547
26,RIGHT_WRIST,0.4762241840362549,0.5809196829795837,-0.4149628281593323
26,LEFT_PINKY,0.5006020665168762,0.5896660089492798,0.2392522394657135
26,RIGHT_PINKY,0.4881407618522644,0.6110323071479797,-0.4631492495536804
26,LEFT_INDEX,0.5094420909881592,0.5914294123649597,0.19161705672740936
26,RIGHT_INDEX,0.4966854453086853,0.6058026552200317,-0.44504743814468384
26,LEFT_THUMB,0.5018385648727417,0.583306610584259,0.20360079407691956
26,RIGHT_THUMB,0.49349769949913025,0.596149206161499,-0.40513119101524353
26,LEFT_HIP,0.3334957957267761,0.5670821666717529,0.17531129717826843
26,RIGHT_HIP,0.30034157633781433,0.5655823945999146,-0.17520801723003387
26,LEFT_KNEE,0.3407747149467468,0.7247503399848938,0.32832154631614685
26,RIGHT_KNEE,0.3219892978668213,0.7351951003074646,-0.061792634427547455
26,LEFT_ANKLE,0.3339010179042816,0.8802464604377747,0.5260301828384399
26,RIGHT_ANKLE,0.3144606649875641,0.9273154139518738,0.06862826645374298
26,LEFT_HEEL,0.31363195180892944,0.9102237820625305,0.5398470759391785
26,RIGHT_HEEL,0.29404428601264954,0.9537307024002075,0.07252368330955505
26,LEFT_FOOT_INDEX,0.40615662932395935,0.9138709306716919,0.4766630232334137
26,RIGHT_FOOT_INDEX,0.39755165576934814,0.957485020160675,-0.04903541877865791
27,NOSE,0.5353376865386963,0.33108189702033997,-0.14732792973518372
27,LEFT_EYE_INNER,0.5386258363723755,0.3121088445186615,-0.12873181700706482
27,LEFT_EYE,0.5376004576683044,0.31053903698921204,-0.12888412177562714
27,LEFT_EYE_OUTER,0.5365854501724243,0.30887168645858765,-0.1289895474910736
27,RIGHT_EYE_INNER,0.5369029641151428,0.31121233105659485,-0.1908041536808014
27,RIGHT_EYE,0.5344939827919006,0.30895373225212097,-0.1908506602048874
27,RIGHT_EYE_OUTER,0.5318608283996582,0.30641981959342957,-0.19100892543792725
27,LEFT_EAR,0.5157862901687622,0.2995499074459076,-0.026913847774267197
27,RIGHT_EAR,0.5080481171607971,0.29542821645736694,-0.3051553964614868
27,MOUTH_LEFT,0.5192467570304871,0.33870846033096313,-0.10141563415527344
27,MOUTH_RIGHT,0.5176785588264465,0.3367043435573578,-0.18204189836978912
27,LEFT_SHOULDER,0.45449987053871155,0.36359870433807373,0.16625072062015533
27,RIGHT_SHOULDER,0.4248685836791992,0.35555121302604675,-0.42307132482528687
27,LEFT_ELBOW,0.4421873688697815,0.4776453375816345,0.2841746211051941
27,RIGHT_ELBOW,0.4159545302391052,0.49078306555747986,-0.47629666328430176
27,LEFT_WRIST,0.4845800995826721,0.5630494356155396,0.22284016013145447
27,RIGHT_WRIST,0.4774159789085388,0.5809085369110107,-0.39534473419189453
27,LEFT_PINKY,0.5013371109962463,0.5884230732917786,0.2335972785949707
27,RIGHT_PINKY,0.4894905984401703,0.6110251545906067,-0.4415665566921234
27,LEFT_INDEX,0.5105182528495789,0.5904340147972107,0.1869100034236908
27,RIGHT_INDEX,0.4978525638580322,0.6057783961296082,-0.42281728982925415
27,LEFT_THUMB,0.502448320388794,0.5808976292610168,0.19880035519599915
27,RIGHT_THUMB,0.49502238631248474,0.5961310863494873,-0.385041743516922
27,LEFT_HIP,0.33344361186027527,0.5670925974845886,0.17525002360343933
27,RIGHT_HIP,0.3007975220680237,0.565841794013977,-0.17514649033546448
27,LEFT_KNEE,0.34013786911964417,0.7252848744392395,0.32853639125823975
27,RIGHT_KNEE,0.32232600450515747,0.7368654012680054,-0.054176174104213715
27,LEFT_ANKLE,0.33348697423934937,0.8803723454475403,0.527185320854187
27,RIGHT_ANKLE,0.31410330533981323,0.9275934100151062,0.09510017931461334
27,LEFT_HEEL,0.3131573498249054,0.910342812538147,0.5410357117652893
27,RIGHT_HEEL,0.2937435209751129,0.9537222981452942,0.10144372284412384
27,LEFT_FOOT_INDEX,0.4059389531612396,0.9142677187919617,0.4784643054008484
27,RIGHT_FOOT_INDEX,0.39739662408828735,0.9574788212776184,-0.016129981726408005
28,NOSE,0.5352082252502441,0.3311484456062317,-0.14403225481510162
28,LEFT_EYE_INNER,0.5385039448738098,0.31222862005233765,-0.12549175322055817
28,LEFT_EYE,0.5374628305435181,0.3106415569782257,-0.12564316391944885
28,LEFT_EYE_OUTER,0.5364323258399963,0.30896466970443726,-0.1257525384426117
28,RIGHT_EYE_INNER,0.5368430614471436,0.3114047646522522,-0.18796589970588684
28,RIGHT_EYE,0.5344632863998413,0.3091830611228943,-0.18800108134746552
28,RIGHT_EYE_OUTER,0.5318571925163269,0.30669957399368286,-0.18815729022026062
28,LEFT_EAR,0.5156094431877136,0.2995971441268921,-0.023941490799188614
28,RIGHT_EAR,0.5080519914627075,0.29562312364578247,-0.303987056016922
28,MOUTH_LEFT,0.5191400647163391,0.33873265981674194,-0.09814050793647766
28,MOUTH_RIGHT,0.5176271796226501,0.3367357850074768,-0.1794455349445343
28,LEFT_SHOULDER,0.454495906829834,0.36338838934898376,0.16803394258022308
28,RIGHT_SHOULDER,0.4249435067176819,0.3555673062801361,-0.42263489961624146
28,LEFT_ELBOW,0.44179052114486694,0.4769221842288971,0.28424927592277527
28,RIGHT_ELBOW,0.416903555393219,0.4908667504787445,-0.4739394783973694
28,LEFT_WRIST,0.4843856692314148,0.5607585310935974,0.2204677313566208
28,RIGHT_WRIST,0.4786927103996277,0.5811606049537659,-0.3848773241043091
28,LEFT_PINKY,0.5010982751846313,0.5876206159591675,0.23073451220989227
28,RIGHT_PINKY,0.4904398024082184,0.611056923866272,-0.4300571382045746
28,LEFT_INDEX,0.5103253126144409,0.5897406339645386,0.1842823326587677
28,RIGHT_INDEX,0.4986421465873718,0.6057848334312439,-0.4113057255744934
28,LEFT_THUMB,0.502287745475769,0.5797131061553955,0.19636891782283783
28,RIGHT_THUMB,0.496060848236084,0.5961808562278748,-0.37435382604599
28,LEFT_HIP,0.3333934247493744,0.5670852065086365,0.1753627359867096
28,RIGHT_HIP,0.301303893327713,0.5661665201187134,-0.17525926232337952
28,LEFT_KNEE,0.33980873227119446,0.7254873514175415,0.3322639465332031
28,RIGHT_KNEE,0.32274970412254333,0.7378774881362915,-0.050952889025211334
28,LEFT_ANKLE,0.3332708179950714,0.8803628087043762,0.5300360918045044
28,RIGHT_ANKLE,0.31387707591056824,0.9277769923210144,0.10204626619815826
28,LEFT_HEEL,0.31295955181121826,0.9102900624275208,0.5438084602355957
28,RIGHT_HEEL,0.29355067014694214,0.9537116289138794,0.10876379162073135
28,LEFT_FOOT_INDEX,0.4057494103908539,0.914409339427948,0.4822273254394531
28,RIGHT_FOOT_INDEX,0.39726099371910095,0.957471489906311,-0.008043665438890457
29,NOSE,0.535097599029541,0.3305695354938507,-0.14031967520713806
29,LEFT_EYE_INNER,0.538303017616272,0.31179603934288025,-0.12187281996011734
29,LEFT_EYE,0.5373052954673767,0.3103315532207489,-0.12202109396457672
29,LEFT_EYE_OUTER,0.53632652759552,0.30878469347953796,-0.12212922424077988
29,RIGHT_EYE_INNER,0.5364226698875427,0.31080538034439087,-0.18441066145896912
29,RIGHT_EYE,0.5339069962501526,0.30858951807022095,-0.18443787097930908
29,RIGHT_EYE_OUTER,0.531166136264801,0.30614274740219116,-0.1845928132534027
29,LEFT_EAR,0.5155169367790222,0.2995578944683075,-0.020077208057045937
29,RIGHT_EAR,0.5073792338371277,0.29519397020339966,-0.30014294385910034
29,MOUTH_LEFT,0.5190435647964478,0.33839911222457886,-0.09424134343862534
29,MOUTH_RIGHT,0.5173187851905823,0.3362494111061096,-0.17567285895347595
29,LEFT_SHOULDER,0.4548587203025818,0.36333316564559937,0.1717534363269806
29,RIGHT_SHOULDER,0.4249548017978668,0.3554742932319641,-0.42006048560142517
29,LEFT_ELBOW,0.4422214925289154,0.47655168175697327,0.2865791320800781
29,RIGHT_ELBOW,0.41866785287857056,0.49082010984420776,-0.4726894497871399
29,LEFT_WRIST,0.4840738773345947,0.5607764720916748,0.2245999127626419
29,RIGHT_WRIST,0.47865667939186096,0.5813241600990295,-0.38653263449668884
29,LEFT_PINKY,0.500521719455719,0.587404191493988,0.2354058027267456
29,RIGHT_PINKY,0.4904092848300934,0.6111661791801453,-0.4319473206996918
29,LEFT_INDEX,0.5096797943115234,0.5892342329025269,0.18907858431339264
29,RIGHT_INDEX,0.4986095428466797,0.6060408353805542,-0.4134586453437805
29,LEFT_THUMB,0.5017856359481812,0.5799753069877625,0.20062515139579773
29,RIGHT_THUMB,0.49600347876548767,0.5968180894851685,-0.37613773345947266
29,LEFT_HIP,0.3334765136241913,0.5669533014297485,0.17532780766487122
29,RIGHT_HIP,0.301376610994339,0.5660698413848877,-0.17522397637367249
29,LEFT_KNEE,0.3399403989315033,0.7254598140716553,0.32730647921562195
29,RIGHT_KNEE,0.3227975070476532,0.7377995848655701,-0.05954764410853386
29,LEFT_ANKLE,0.33314988017082214,0.8804398775100708,0.5182075500488281
29,RIGHT_ANKLE,0.3136545419692993,0.9278067350387573,0.08030196279287338
29,LEFT_HEEL,0.312791645526886,0.9103299975395203,0.5312134027481079
29,RIGHT_HEEL,0.29325470328330994,0.9536956548690796,0.08533650636672974
29,LEFT_FOOT_INDEX,0.4056714177131653,0.9144535064697266,0.4682633876800537
29,RIGHT_FOOT_INDEX,0.3970161974430084,0.9574650526046753,-0.03229474648833275
30,NOSE,0.5349587798118591,0.3302907645702362,-0.13359615206718445
30,LEFT_EYE_INNER,0.5380807518959045,0.3115665316581726,-0.11511794477701187
30,LEFT_EYE,0.5370944738388062,0.31015557050704956,-0.11526650190353394
30,LEFT_EYE_OUTER,0.5361440777778625,0.30867400765419006,-0.11537705361843109
30,RIGHT_EYE_INNER,0.5361257791519165,0.31049031019210815,-0.1780608743429184
30,RIGHT_EYE,0.5335608720779419,0.3082647919654846,-0.17807647585868835
30,RIGHT_EYE_OUTER,0.530784010887146,0.30582892894744873,-0.1782332807779312
30,LEFT_EAR,0.5153947472572327,0.2995269298553467,-0.013113769702613354
30,RIGHT_EAR,0.5070152282714844,0.29494422674179077,-0.2947781980037689
30,MOUTH_LEFT,0.5188535451889038,0.33814293146133423,-0.08731266111135483
30,MOUTH_RIGHT,0.5170382857322693,0.33593660593032837,-0.16932210326194763
30,LEFT_SHOULDER,0.4549143314361572,0.3632357716560364,0.17799939215183258
30,RIGHT_SHOULDER,0.42496657371520996,0.35516807436943054,-0.41659030318260193
30,LEFT_ELBOW,0.44218355417251587,0.47634434700012207,0.29434412717819214
30,RIGHT_ELBOW,0.41875165700912476,0.49044927954673767,-0.47140470147132874
30,LEFT_WRIST,0.48396992683410645,0.5610262751579285,0.236784890294075
30,RIGHT_WRIST,0.4785758852958679,0.5812726616859436,-0.38745659589767456
30,LEFT_PINKY,0.5000673532485962,0.5874096155166626,0.24817180633544922
30,RIGHT_PINKY,0.49036866426467896,0.6111475229263306,-0.43281498551368713
30,LEFT_INDEX,0.5093758702278137,0.5891966223716736,0.20196104049682617
30,RIGHT_INDEX,0.4985884130001068,0.6060377955436707,-0.4144178330898285
30,LEFT_THUMB,0.5014129877090454,0.5803955793380737,0.2129259556531906
30,RIGHT_THUMB,0.49595537781715393,0.5968207716941833,-0.3770892918109894
30,LEFT_HIP,0.3334740996360779,0.5669466257095337,0.17534294724464417
30,RIGHT_HIP,0.3016587495803833,0.5660678744316101,-0.17523729801177979
30,LEFT_KNEE,0.33999577164649963,0.7254385352134705,0.3244483768939972
30,RIGHT_KNEE,0.3228534758090973,0.7377341389656067,-0.05959616228938103
30,LEFT_ANKLE,0.332266241312027,0.8813363909721375,0.5140018463134766
30,RIGHT_ANKLE,0.3136351406574249,0.9278199076652527,0.07916637510061264
30,LEFT_HEEL,0.3121054172515869,0.9107547998428345,0.5270271897315979
30,RIGHT_HEEL,0.2932596802711487,0.9536191821098328,0.08408613502979279
30,LEFT_FOOT_INDEX,0.405412495136261,0.9147853851318359,0.46330514550209045
30,RIGHT_FOOT_INDEX,0.39686450362205505,0.9574592709541321,-0.03447383642196655
31,NOSE,0.5351864099502563,0.3306325078010559,-0.13411852717399597
31,LEFT_EYE_INNER,0.5382319092750549,0.31194421648979187,-0.11561582237482071
31,LEFT_EYE,0.5372084379196167,0.31044167280197144,-0.11576459556818008
31,LEFT_EYE_OUTER,0.5362197160720825,0.30887874960899353,-0.11587413400411606
31,RIGHT_EYE_INNER,0.536376416683197,0.3111148178577423,-0.178544282913208
31,RIGHT_EYE,0.5338712930679321,0.30898600816726685,-0.1785631626844406
31,RIGHT_EYE_OUTER,0.5311775803565979,0.3066558241844177,-0.1787199229001999
31,LEFT_EAR,0.5152438879013062,0.2995251417160034,-0.013498139567673206
31,RIGHT_EAR,0.5071777105331421,0.2953147292137146,-0.29483240842819214
31,MOUTH_LEFT,0.5191453695297241,0.338483989238739,-0.08781296014785767
31,MOUTH_RIGHT,0.5174995064735413,0.33647817373275757,-0.1697673499584198
31,LEFT_SHOULDER,0.4548957347869873,0.3632034659385681,0.17740046977996826
31,RIGHT_SHOULDER,0.42517098784446716,0.35530155897140503,-0.4166771471500397
31,LEFT_ELBOW,0.44230207800865173,0.4762152135372162,0.29228028655052185
31,RIGHT_ELBOW,0.42001470923423767,0.4905310571193695,-0.47140663862228394
31,LEFT_WRIST,0.48364371061325073,0.5609120726585388,0.23435434699058533
31,RIGHT_WRIST,0.47858133912086487,0.5821142196655273,-0.38742104172706604
31,LEFT_PINKY,0.49999865889549255,0.5873507261276245,0.2458355724811554
31,RIGHT_PINKY,0.49041491746902466,0.6113134622573853,-0.43271613121032715
31,LEFT_INDEX,0.509473443031311,0.5891976952552795,0.20099730789661407
31,RIGHT_INDEX,0.49859246611595154,0.6063933372497559,-0.41431188583374023
31,LEFT_THUMB,0.5014926195144653,0.5804809331893921,0.2106318473815918
31,RIGHT_THUMB,0.4959507882595062,0.5976690649986267,-0.3770829737186432
31,LEFT_HIP,0.3339329659938812,0.5667356252670288,0.17528942227363586
31,RIGHT_HIP,0.30199143290519714,0.5660726428031921,-0.17518407106399536
31,LEFT_KNEE,0.3400323987007141,0.7254300713539124,0.3235695958137512
31,RIGHT_KNEE,0.32269492745399475,0.737699568271637,-0.059883963316679
31,LEFT_ANKLE,0.3323271870613098,0.8817367553710938,0.5148581266403198
31,RIGHT_ANKLE,0.3136686682701111,0.9279484748840332,0.07864432036876678
31,LEFT_HEEL,0.31218746304512024,0.9108598828315735,0.5281689763069153
31,RIGHT_HEEL,0.2933695912361145,0.9535703659057617,0.08354465663433075
31,LEFT_FOOT_INDEX,0.40542277693748474,0.9150863885879517,0.4647518992424011
31,RIGHT_FOOT_INDEX,0.3967572748661041,0.9574545621871948,-0.035323504358530045
32,NOSE,0.5353061556816101,0.3307720124721527,-0.13325726985931396
32,LEFT_EYE_INNER,0.5383187532424927,0.3120943307876587,-0.11441521346569061
32,LEFT_EYE,0.5372742414474487,0.3105463981628418,-0.11456634849309921
32,LEFT_EYE_OUTER,0.5362623929977417,0.3089424967765808,-0.11467530578374863
32,RIGHT_EYE_INNER,0.5365122556686401,0.3113849461078644,-0.17779211699962616
32,RIGHT_EYE,0.534037172794342,0.30930301547050476,-0.17781320214271545
32,RIGHT_EYE_OUTER,0.5313842296600342,0.3070198893547058,-0.1779690384864807
32,LEFT_EAR,0.5150070786476135,0.2994527220726013,-0.01159385871142149
32,RIGHT_EAR,0.5072101354598999,0.29540741443634033,-0.2948284447193146
32,MOUTH_LEFT,0.5192842483520508,0.33863335847854614,-0.08680497854948044
32,MOUTH_RIGHT,0.5177179574966431,0.33672958612442017,-0.16933809220790863
32,LEFT_SHOULDER,0.4548472464084625,0.3631557524204254,0.17836007475852966
32,RIGHT_SHOULDER,0.42518696188926697,0.35537096858024597,-0.4166662096977234
32,LEFT_ELBOW,0.44243693351745605,0.47610417008399963,0.2909000813961029
32,RIGHT_ELBOW,0.4205408990383148,0.49057793617248535,-0.4709731936454773
32,LEFT_WRIST,0.48342663049697876,0.5609707832336426,0.23354944586753845
32,RIGHT_WRIST,0.4785868525505066,0.5827832221984863,-0.3851485550403595
32,LEFT_PINKY,0.4999758303165436,0.5873515605926514,0.24339859187602997
32,RIGHT_PINKY,0.4904614984989166,0.6115128993988037,-0.42986732721328735
32,LEFT_INDEX,0.5095456838607788,0.589203953742981,0.20018300414085388
32,RIGHT_INDEX,0.498617559671402,0.6067400574684143,-0.4120449125766754
32,LEFT_THUMB,0.5015799403190613,0.5805951952934265,0.2099122703075409
32,RIGHT_THUMB,0.49596133828163147,0.5983095765113831,-0.3748926520347595
32,LEFT_HIP,0.33424609899520874,0.5666762590408325,0.17537155747413635
32,RIGHT_HIP,0.3020557761192322,0.5660797357559204,-0.17526689171791077
32,LEFT_KNEE,0.34011217951774597,0.7254427671432495,0.3243712782859802
32,RIGHT_KNEE,0.32234710454940796,0.7376756072044373,-0.06535644829273224
32,LEFT_ANKLE,0.3325256109237671,0.8825168609619141,0.5159404873847961
32,RIGHT_ANKLE,0.31443554162979126,0.9286221265792847,0.0641070008277893
32,LEFT_HEEL,0.3123496174812317,0.9117593765258789,0.5292314291000366
32,RIGHT_HEEL,0.29461678862571716,0.953804612159729,0.06797146052122116
32,LEFT_FOOT_INDEX,0.4054347574710846,0.9155505895614624,0.4653576910495758
32,RIGHT_FOOT_INDEX,0.39675527811050415,0.9575555920600891,-0.052736371755599976
33,NOSE,0.5353304147720337,0.33077389001846313,-0.12988480925559998
33,LEFT_EYE_INNER,0.5383198857307434,0.31208986043930054,-0.11023657023906708
33,LEFT_EYE,0.5372748970985413,0.31054064631462097,-0.11038760095834732
33,LEFT_EYE_OUTER,0.5362619757652283,0.3089359402656555,-0.11049330234527588
33,RIGHT_EYE_INNER,0.5365136861801147,0.3113812804222107,-0.1740739643573761
33,RIGHT_EYE,0.534042477607727,0.30929994583129883,-0.17410041391849518
33,RIGHT_EYE_OUTER,0.5313941240310669,0.3070184588432312,-0.1742589771747589
33,LEFT_EAR,0.5149425864219666,0.2994500994682312,-0.005544099025428295
33,RIGHT_EAR,0.5072216987609863,0.2954704761505127,-0.29107409715652466
33,MOUTH_LEFT,0.519420325756073,0.33869096636772156,-0.08298345655202866
33,MOUTH_RIGHT,0.5177834630012512,0.33677783608436584,-0.16615912318229675
33,LEFT_SHOULDER,0.45515698194503784,0.3633623719215393,0.18467512726783752
33,RIGHT_SHOULDER,0.4248129725456238,0.3553263545036316,-0.41490545868873596
33,LEFT_ELBOW,0.44341039657592773,0.4768071174621582,0.2969575822353363
33,RIGHT_ELBOW,0.4186498522758484,0.4901961386203766,-0.4700711667537689
33,LEFT_WRIST,0.48381057381629944,0.5620147585868835,0.2308807373046875
33,RIGHT_WRIST,0.47719845175743103,0.5799095630645752,-0.3853362500667572
33,LEFT_PINKY,0.5002144575119019,0.5877224206924438,0.24035005271434784
33,RIGHT_PINKY,0.4902949929237366,0.6103047132492065,-0.4306134581565857
33,LEFT_INDEX,0.509992778301239,0.5894154906272888,0.1961824595928192
33,RIGHT_INDEX,0.498539537191391,0.6051540374755859,-0.4128023087978363
33,LEFT_THUMB,0.5017873048782349,0.5807497501373291,0.20711901783943176
33,RIGHT_THUMB,0.49554672837257385,0.595839262008667,-0.37512102723121643
33,LEFT_HIP,0.3344637155532837,0.5665284395217896,0.17607466876506805
33,RIGHT_HIP,0.30194172263145447,0.5654729604721069,-0.1759771853685379
33,LEFT_KNEE,0.3401724100112915,0.7254422903060913,0.326794296503067
33,RIGHT_KNEE,0.32106372714042664,0.7371197938919067,-0.09059334546327591
33,LEFT_ANKLE,0.3334965407848358,0.8827126622200012,0.5215413570404053
33,RIGHT_ANKLE,0.31507691740989685,0.9290108680725098,0.011347739025950432
33,LEFT_HEEL,0.3129292130470276,0.9130479097366333,0.5348893404006958
33,RIGHT_HEEL,0.2954420745372772,0.9542040824890137,0.012145446613430977
33,LEFT_FOOT_INDEX,0.40558379888534546,0.9159596562385559,0.47073665261268616
33,RIGHT_FOOT_INDEX,0.39675650000572205,0.9577082395553589,-0.11377298831939697
34,NOSE,0.5353266596794128,0.3306442201137543,-0.1292044073343277
34,LEFT_EYE_INNER,0.5382434129714966,0.3119003176689148,-0.10948826372623444
34,LEFT_EYE,0.537205696105957,0.31036314368247986,-0.10963767766952515
34,LEFT_EYE_OUTER,0.5361965298652649,0.30877065658569336,-0.10974130779504776
34,RIGHT_EYE_INNER,0.5364053249359131,0.311181902885437,-0.17321206629276276
34,RIGHT_EYE,0.533932089805603,0.3091115951538086,-0.17324388027191162
34,RIGHT_EYE_OUTER,0.5312849283218384,0.3068463206291199,-0.17340496182441711
34,LEFT_EAR,0.5147324800491333,0.29934507608413696,-0.004582197405397892
34,RIGHT_EAR,0.5071869492530823,0.2954636216163635,-0.2895735502243042
34,MOUTH_LEFT,0.5194365382194519,0.3386719822883606,-0.08222290128469467
34,MOUTH_RIGHT,0.5177913904190063,0.33674830198287964,-0.16528913378715515
34,LEFT_SHOULDER,0.45532822608947754,0.36361896991729736,0.18642106652259827
34,RIGHT_SHOULDER,0.4246031641960144,0.3552844524383545,-0.41421714425086975
34,LEFT_ELBOW,0.44335469603538513,0.4769418239593506,0.29838767647743225
34,RIGHT_ELBOW,0.41809993982315063,0.4895557761192322,-0.4695400297641754
34,LEFT_WRIST,0.48319441080093384,0.5620798468589783,0.22907420992851257
34,RIGHT_WRIST,0.476243257522583,0.5773516893386841,-0.3859350085258484
34,LEFT_PINKY,0.5001816153526306,0.5881389379501343,0.2384638786315918
34,RIGHT_PINKY,0.49012333154678345,0.6090842485427856,-0.43117547035217285
34,LEFT_INDEX,0.509668231010437,0.5894216895103455,0.1938869059085846
34,RIGHT_INDEX,0.49852699041366577,0.6030732989311218,-0.41341742873191833
34,LEFT_THUMB,0.5017459392547607,0.5808670520782471,0.20526495575904846
34,RIGHT_THUMB,0.49524587392807007,0.5936552882194519,-0.3757355809211731
34,LEFT_HIP,0.33454111218452454,0.5665209293365479,0.17655661702156067
34,RIGHT_HIP,0.3019368052482605,0.5652024745941162,-0.1764647513628006
34,LEFT_KNEE,0.34016185998916626,0.7254866361618042,0.33026158809661865
34,RIGHT_KNEE,0.32059288024902344,0.736737072467804,-0.09276556223630905
34,LEFT_ANKLE,0.33449867367744446,0.8827667236328125,0.529650092124939
34,RIGHT_ANKLE,0.31550416350364685,0.9291633367538452,0.01298269908875227
34,LEFT_HEEL,0.3138073980808258,0.9133822321891785,0.5434266328811646
34,RIGHT_HEEL,0.2954522967338562,0.9543105959892273,0.014227482490241528
34,LEFT_FOOT_INDEX,0.4058612883090973,0.9160588383674622,0.47969287633895874
34,RIGHT_FOOT_INDEX,0.3967544138431549,0.9577153325080872,-0.11173300445079803
35,NOSE,0.5352036952972412,0.32932835817337036,-0.12141983211040497
35,LEFT_EYE_INNER,0.5378484725952148,0.3105778098106384,-0.10269568115472794
35,LEFT_EYE,0.536794900894165,0.3091626763343811,-0.10284768044948578
35,LEFT_EYE_OUTER,0.5357592701911926,0.30768877267837524,-0.10295388847589493
35,RIGHT_EYE_INNER,0.5359938740730286,0.3098282217979431,-0.16548971831798553
35,RIGHT_EYE,0.5335056781768799,0.3078727126121521,-0.16551288962364197
35,RIGHT_EYE_OUTER,0.5308405756950378,0.30573758482933044,-0.16566774249076843
35,LEFT_EAR,0.5140424966812134,0.2981725335121155,-0.0017044339329004288
35,RIGHT_EAR,0.5068506598472595,0.29478129744529724,-0.28257566690444946
35,MOUTH_LEFT,0.5192592144012451,0.33760935068130493,-0.07592123746871948
35,MOUTH_RIGHT,0.5175642371177673,0.33578258752822876,-0.15769383311271667
35,LEFT_SHOULDER,0.4531923234462738,0.3622799813747406,0.18708887696266174
35,RIGHT_SHOULDER,0.426034152507782,0.35546085238456726,-0.4073490500450134
35,LEFT_ELBOW,0.4430087208747864,0.47488221526145935,0.29224640130996704
35,RIGHT_ELBOW,0.4247514307498932,0.489652544260025,-0.45089250802993774
35,LEFT_WRIST,0.48301663994789124,0.5598785281181335,0.21360234916210175
35,RIGHT_WRIST,0.47753244638442993,0.5805056691169739,-0.342062771320343
35,LEFT_PINKY,0.5001622438430786,0.586009681224823,0.22127707302570343
35,RIGHT_PINKY,0.49050483107566833,0.6103782653808594,-0.38321369886398315
35,LEFT_INDEX,0.5080453157424927,0.5865331888198853,0.17768974602222443
35,RIGHT_INDEX,0.49893608689308167,0.6051381826400757,-0.36472079157829285
35,LEFT_THUMB,0.5015367269515991,0.5791426301002502,0.1895584911108017
35,RIGHT_THUMB,0.49564552307128906,0.5963631272315979,-0.33113348484039307
35,LEFT_HIP,0.334272563457489,0.5657546520233154,0.17587977647781372
35,RIGHT_HIP,0.3019772469997406,0.5652042627334595,-0.17577818036079407
35,LEFT_KNEE,0.3397265076637268,0.7255475521087646,0.3228895664215088
35,RIGHT_KNEE,0.32049936056137085,0.7363672852516174,-0.07156038284301758
35,LEFT_ANKLE,0.33501508831977844,0.8828052282333374,0.5102019309997559
35,RIGHT_ANKLE,0.3161638677120209,0.9291657209396362,0.06493885070085526
35,LEFT_HEEL,0.314425528049469,0.9133813977241516,0.5230225324630737
35,RIGHT_HEEL,0.2965286374092102,0.9543272852897644,0.07010587304830551
35,LEFT_FOOT_INDEX,0.4059816002845764,0.9160442352294922,0.4605351388454437
35,RIGHT_FOOT_INDEX,0.39676785469055176,0.9576066732406616,-0.045586369931697845
36,NOSE,0.5349128842353821,0.32927748560905457,-0.12241262197494507
36,LEFT_EYE_INNER,0.5376894474029541,0.3105206787586212,-0.10353291034698486
36,LEFT_EYE,0.5367031693458557,0.30915072560310364,-0.10368137061595917
36,LEFT_EYE_OUTER,0.5357185006141663,0.307694673538208,-0.1037837490439415
36,RIGHT_EYE_INNER,0.5355371236801147,0.30955734848976135,-0.16633151471614838
36,RIGHT_EYE,0.5328936576843262,0.30751925706863403,-0.1663600653409958
36,RIGHT_EYE_OUTER,0.5300438404083252,0.3053118586540222,-0.16651496291160583
36,LEFT_EAR,0.5140913128852844,0.29828721284866333,-0.0016543359961360693
36,RIGHT_EAR,0.50644850730896,0.2947148382663727,-0.28271108865737915
36,MOUTH_LEFT,0.5192291140556335,0.3376198709011078,-0.07659561932086945
36,MOUTH_RIGHT,0.5172146558761597,0.3357486128807068,-0.15848933160305023
36,LEFT_SHOULDER,0.45357003808021545,0.3620845377445221,0.1865667998790741
36,RIGHT_SHOULDER,0.42621979117393494,0.3552674353122711,-0.4060196280479431
36,LEFT_ELBOW,0.44544705748558044,0.47410517930984497,0.293462872505188
36,RIGHT_ELBOW,0.42796796560287476,0.4893089830875397,-0.4536961019039154
36,LEFT_WRIST,0.48467564582824707,0.5600436925888062,0.21413549780845642
36,RIGHT_WRIST,0.48120179772377014,0.5836033225059509,-0.35646915435791016
36,LEFT_PINKY,0.5008589625358582,0.5858690738677979,0.2216452658176422
36,RIGHT_PINKY,0.4914936125278473,0.6119145750999451,-0.39988741278648376
36,LEFT_INDEX,0.5079897046089172,0.5866180658340454,0.17806276679039001
36,RIGHT_INDEX,0.49968013167381287,0.6077272891998291,-0.37985628843307495
36,LEFT_THUMB,0.50163733959198,0.5792244672775269,0.19006067514419556
36,RIGHT_THUMB,0.49687251448631287,0.5996871590614319,-0.34548822045326233
36,LEFT_HIP,0.33463892340660095,0.5650367736816406,0.17551358044147491
36,RIGHT_HIP,0.301999032497406,0.5642796158790588,-0.17542631924152374
36,LEFT_KNEE,0.3409733176231384,0.72307288646698,0.323299378156662
36,RIGHT_KNEE,0.3205084800720215,0.732082188129425,-0.10665363073348999
36,LEFT_ANKLE,0.33617207407951355,0.8805621862411499,0.5144477486610413
36,RIGHT_ANKLE,0.3168606460094452,0.9263588786125183,-0.021378858014941216
36,LEFT_HEEL,0.3165038228034973,0.9098194241523743,0.5275028944015503
36,RIGHT_HEEL,0.2968890368938446,0.9524523615837097,-0.022471467033028603
36,LEFT_FOOT_INDEX,0.40604788064956665,0.9154694676399231,0.4661671221256256
36,RIGHT_FOOT_INDEX,0.39670616388320923,0.9567151069641113,-0.14815983176231384
37,NOSE,0.5343810319900513,0.328975111246109,-0.12333951890468597
37,LEFT_EYE_INNER,0.5373157262802124,0.3102034330368042,-0.10486606508493423
37,LEFT_EYE,0.5364051461219788,0.30892911553382874,-0.1050092950463295
37,LEFT_EYE_OUTER,0.5354929566383362,0.30756837129592896,-0.1051071509718895
37,RIGHT_EYE_INNER,0.5349007248878479,0.3090693950653076,-0.16680502891540527
37,RIGHT_EYE,0.5321382284164429,0.3070003390312195,-0.16684454679489136
37,RIGHT_EYE_OUTER,0.5291613340377808,0.3047735095024109,-0.16699561476707458
37,LEFT_EAR,0.5140925049781799,0.2982884347438812,-0.004311258438974619
37,RIGHT_EAR,0.5059808492660522,0.29447364807128906,-0.28340429067611694
37,MOUTH_LEFT,0.5189369916915894,0.3375123143196106,-0.07813439518213272
37,MOUTH_RIGHT,0.5166102647781372,0.33553603291511536,-0.15904469788074493
37,LEFT_SHOULDER,0.45343512296676636,0.3611017167568207,0.18179649114608765
37,RIGHT_SHOULDER,0.4270220696926117,0.3552696108818054,-0.4065217077732086
37,LEFT_ELBOW,0.44534844160079956,0.4727475643157959,0.2823414206504822
37,RIGHT_ELBOW,0.43096789717674255,0.48932385444641113,-0.4517476558685303
37,LEFT_WRIST,0.48474305868148804,0.5600882768630981,0.19864705204963684
37,RIGHT_WRIST,0.4843901991844177,0.5875828266143799,-0.34681954979896545
37,LEFT_PINKY,0.5007955431938171,0.5854021906852722,0.20398254692554474
37,RIGHT_PINKY,0.49261802434921265,0.6142848134040833,-0.38655585050582886
37,LEFT_INDEX,0.5072991847991943,0.5866595506668091,0.16126064956188202
37,RIGHT_INDEX,0.5003930330276489,0.6106776595115662,-0.3717302680015564
37,LEFT_THUMB,0.5015843510627747,0.5793618559837341,0.17520955204963684
37,RIGHT_THUMB,0.4979916512966156,0.6030797362327576,-0.336783230304718
37,LEFT_HIP,0.33463054895401,0.5637792348861694,0.17436736822128296
37,RIGHT_HIP,0.3019997477531433,0.5637100338935852,-0.17430078983306885
37,LEFT_KNEE,0.34108349680900574,0.7214139699935913,0.31933102011680603
37,RIGHT_KNEE,0.3205178380012512,0.7300249338150024,-0.10353024303913116
37,LEFT_ANKLE,0.3368232250213623,0.8794415593147278,0.5070691704750061
37,RIGHT_ANKLE,0.31749385595321655,0.9251376390457153,-0.009310232475399971
37,LEFT_HEEL,0.3178713023662567,0.9082754254341125,0.5197325944900513
37,RIGHT_HEEL,0.2974359393119812,0.9516903162002563,-0.00931052677333355
37,LEFT_FOOT_INDEX,0.4060729146003723,0.9150069952011108,0.4586929380893707
37,RIGHT_FOOT_INDEX,0.39669257402420044,0.9562244415283203,-0.13197742402553558
38,NOSE,0.5341718792915344,0.32892102003097534,-0.12396298348903656
38,LEFT_EYE_INNER,0.5371981859207153,0.3101506531238556,-0.10539606958627701
38,LEFT_EYE,0.5363098382949829,0.3088992238044739,-0.10553944110870361
38,LEFT_EYE_OUTER,0.5354191064834595,0.30756068229675293,-0.10563679784536362
38,RIGHT_EYE_INNER,0.5347056984901428,0.3089733421802521,-0.16752012073993683
38,RIGHT_EYE,0.5319056510925293,0.3068886697292328,-0.16756057739257812
38,RIGHT_EYE_OUTER,0.5288848280906677,0.30464762449264526,-0.16771236062049866
38,LEFT_EAR,0.5141025185585022,0.2982955574989319,-0.0045213764533400536
38,RIGHT_EAR,0.5057998895645142,0.2943834364414215,-0.28377002477645874
38,MOUTH_LEFT,0.5188273191452026,0.3375099301338196,-0.07857926189899445
38,MOUTH_RIGHT,0.5163745880126953,0.33550816774368286,-0.15971241891384125
38,LEFT_SHOULDER,0.45341143012046814,0.3606170415878296,0.1817168891429901
38,RIGHT_SHOULDER,0.427573025226593,0.35526329278945923,-0.4057968258857727
38,LEFT_ELBOW,0.4454104006290436,0.47198614478111267,0.28229278326034546
38,RIGHT_ELBOW,0.43195241689682007,0.4893186688423157,-0.4506680965423584
38,LEFT_WRIST,0.4849410653114319,0.5599703192710876,0.20015695691108704
38,RIGHT_WRIST,0.48551231622695923,0.5888420939445496,-0.3488175570964813
38,LEFT_PINKY,0.5008094906806946,0.5848929286003113,0.205898717045784
38,RIGHT_PINKY,0.49317222833633423,0.6153472661972046,-0.38882917165756226
38,LEFT_INDEX,0.5070787668228149,0.5866307020187378,0.16289980709552765
38,RIGHT_INDEX,0.5008107423782349,0.6119478344917297,-0.37471428513526917
38,LEFT_THUMB,0.501542866230011,0.5794950127601624,0.176800936460495
38,RIGHT_THUMB,0.4985218942165375,0.6044548749923706,-0.33900079131126404
38,LEFT_HIP,0.33463138341903687,0.5629788637161255,0.1739959567785263
38,RIGHT_HIP,0.30199599266052246,0.5631395578384399,-0.17393723130226135
38,LEFT_KNEE,0.3417225182056427,0.7205920815467834,0.3179950714111328
38,RIGHT_KNEE,0.3205096125602722,0.7287107110023499,-0.10781539976596832
38,LEFT_ANKLE,0.3371511399745941,0.8789358139038086,0.5059040188789368
38,RIGHT_ANKLE,0.31783148646354675,0.9244063496589661,-0.019408581778407097
38,LEFT_HEEL,0.3184477388858795,0.9077264070510864,0.5185841917991638
38,RIGHT_HEEL,0.2976163625717163,0.9512708783149719,-0.02018352784216404
38,LEFT_FOOT_INDEX,0.40609732270240784,0.914769172668457,0.45720791816711426
38,RIGHT_FOOT_INDEX,0.3966456651687622,0.9557472467422485,-0.1439526528120041
39,NOSE,0.534173846244812,0.3296719193458557,-0.12726512551307678
39,LEFT_EYE_INNER,0.537213921546936,0.3108116090297699,-0.10879305750131607
39,LEFT_EYE,0.536319375038147,0.30955225229263306,-0.1089351549744606
39,LEFT_EYE_OUTER,0.5354247689247131,0.3082326352596283,-0.10903199762105942
39,RIGHT_EYE_INNER,0.5348266959190369,0.3097466230392456,-0.17078180611133575
39,RIGHT_EYE,0.5321244597434998,0.3077114224433899,-0.17082270979881287
39,RIGHT_EYE_OUTER,0.5292274951934814,0.3055307865142822,-0.170964777469635
39,LEFT_EAR,0.5142718553543091,0.2990983724594116,-0.008906115777790546
39,RIGHT_EAR,0.5060697793960571,0.2953509986400604,-0.2875225245952606
39,MOUTH_LEFT,0.5188283920288086,0.33821743726730347,-0.08225016295909882
39,MOUTH_RIGHT,0.516450047492981,0.3363969922065735,-0.16332584619522095
39,LEFT_SHOULDER,0.4527466893196106,0.35995563864707947,0.17515131831169128
39,RIGHT_SHOULDER,0.428111732006073,0.35571548342704773,-0.40613898634910583
39,LEFT_ELBOW,0.4450097680091858,0.470564067363739,0.273527055978775
39,RIGHT_ELBOW,0.4318445324897766,0.48955997824668884,-0.4520494341850281
39,LEFT_WRIST,0.48485374450683594,0.5600352883338928,0.19473323225975037
39,RIGHT_WRIST,0.485306978225708,0.5889344811439514,-0.3540305495262146
39,LEFT_PINKY,0.5007719397544861,0.5846837759017944,0.20136089622974396
39,RIGHT_PINKY,0.4932714104652405,0.6157553195953369,-0.3951941728591919
39,LEFT_INDEX,0.5065568685531616,0.5865439176559448,0.15783371031284332
39,RIGHT_INDEX,0.500851035118103,0.6121943593025208,-0.38020244240760803
39,LEFT_THUMB,0.4995902180671692,0.5793309211730957,0.17142032086849213
39,RIGHT_THUMB,0.4985162615776062,0.6046708226203918,-0.34413856267929077
39,LEFT_HIP,0.3340924382209778,0.561712384223938,0.17318595945835114
39,RIGHT_HIP,0.3021096885204315,0.5629048347473145,-0.17313048243522644
39,LEFT_KNEE,0.34121841192245483,0.718884289264679,0.31859755516052246
39,RIGHT_KNEE,0.320588618516922,0.7264949083328247,-0.10514271259307861
39,LEFT_ANKLE,0.33752650022506714,0.8775568008422852,0.5083376169204712
39,RIGHT_ANKLE,0.3196444809436798,0.9216610193252563,-0.008765602484345436
39,LEFT_HEEL,0.3194049596786499,0.906546950340271,0.5214634537696838
39,RIGHT_HEEL,0.29902005195617676,0.9499877691268921,-0.007622892502695322
39,LEFT_FOOT_INDEX,0.4061068892478943,0.9131940007209778,0.4619506895542145
39,RIGHT_FOOT_INDEX,0.3968407213687897,0.9543941617012024,-0.13674889504909515
40,NOSE,0.5342052578926086,0.3301101326942444,-0.12786000967025757
40,LEFT_EYE_INNER,0.5372781157493591,0.31123846769332886,-0.10931948572397232
40,LEFT_EYE,0.5363643765449524,0.3099486231803894,-0.10946128517389297
40,LEFT_EYE_OUTER,0.5354514718055725,0.30860692262649536,-0.10955667495727539
40,RIGHT_EYE_INNER,0.5350181460380554,0.3102874159812927,-0.1714370995759964
40,RIGHT_EYE,0.5324026346206665,0.30829596519470215,-0.1714789867401123
40,RIGHT_EYE_OUTER,0.5296015739440918,0.30616289377212524,-0.17161789536476135
40,LEFT_EAR,0.5143225193023682,0.29945462942123413,-0.009433162398636341
40,RIGHT_EAR,0.5063045024871826,0.29594340920448303,-0.28876006603240967
40,MOUTH_LEFT,0.5188631415367126,0.3386509418487549,-0.08285603672266006
40,MOUTH_RIGHT,0.5166128277778625,0.3369549810886383,-0.1641637086868286
40,LEFT_SHOULDER,0.45199790596961975,0.3595343828201294,0.17490436136722565
40,RIGHT_SHOULDER,0.4285164475440979,0.35610103607177734,-0.40638571977615356
40,LEFT_ELBOW,0.44437822699546814,0.47001343965530396,0.27333804965019226
40,RIGHT_ELBOW,0.4317122995853424,0.48976826667785645,-0.4526166319847107
40,LEFT_WRIST,0.484647274017334,0.5600546002388,0.1956016719341278
40,RIGHT_WRIST,0.4850606918334961,0.5887491703033447,-0.356871098279953
40,LEFT_PINKY,0.5007463097572327,0.5846425890922546,0.20283479988574982
40,RIGHT_PINKY,0.49327152967453003,0.6158617734909058,-0.39851436018943787
40,LEFT_INDEX,0.5062366724014282,0.5865405797958374,0.15893515944480896
40,RIGHT_INDEX,0.5008367300033569,0.6121647953987122,-0.3832756578922272
40,LEFT_THUMB,0.49856075644493103,0.579302191734314,0.17216753959655762
40,RIGHT_THUMB,0.498483270406723,0.6046189069747925,-0.34697118401527405
40,LEFT_HIP,0.3336901068687439,0.5610473155975342,0.17313252389431
40,RIGHT_HIP,0.3022156357765198,0.562785267829895,-0.1730770766735077
40,LEFT_KNEE,0.34068772196769714,0.7179707288742065,0.32624784111976624
40,RIGHT_KNEE,0.320680171251297,0.7257798314094543,-0.10094235092401505
40,LEFT_ANKLE,0.3377753794193268,0.8767620325088501,0.5247993469238281
40,RIGHT_ANKLE,0.32094472646713257,0.9209564924240112,0.0023070804309099913
40,LEFT_HEEL,0.3199058771133423,0.9058052897453308,0.5388904213905334
40,RIGHT_HEEL,0.3002278506755829,0.9498116374015808,0.0035206906031817198
40,LEFT_FOOT_INDEX,0.40611952543258667,0.9121783375740051,0.47985386848449707
40,RIGHT_FOOT_INDEX,0.3970206379890442,0.9536199569702148,-0.12121641635894775
41,NOSE,0.5341976881027222,0.3301143944263458,-0.13267500698566437
41,LEFT_EYE_INNER,0.5372802019119263,0.31128233671188354,-0.11421092599630356
41,LEFT_EYE,0.5363687872886658,0.3100132346153259,-0.11435220390558243
41,LEFT_EYE_OUTER,0.5354568958282471,0.3087003827095032,-0.11444786936044693
41,RIGHT_EYE_INNER,0.5350143909454346,0.31031712889671326,-0.17638131976127625
41,RIGHT_EYE,0.5323888659477234,0.3083299994468689,-0.17642273008823395
41,RIGHT_EYE_OUTER,0.529565155506134,0.3062000274658203,-0.17655785381793976
41,LEFT_EAR,0.5142829418182373,0.299555242061615,-0.014256583526730537
41,RIGHT_EAR,0.5060827136039734,0.29595643281936646,-0.2935916781425476
41,MOUTH_LEFT,0.5188556909561157,0.33870935440063477,-0.08761128783226013
41,MOUTH_RIGHT,0.5165761113166809,0.336997926235199,-0.16899935901165009
41,LEFT_SHOULDER,0.45201221108436584,0.35954418778419495,0.16945187747478485
41,RIGHT_SHOULDER,0.42816799879074097,0.356352299451828,-0.4078356623649597
41,LEFT_ELBOW,0.44498783349990845,0.4702397286891937,0.27033573389053345
41,RIGHT_ELBOW,0.43145427107810974,0.4898708462715149,-0.45329171419143677
41,LEFT_WRIST,0.48479923605918884,0.5601109862327576,0.1895160973072052
41,RIGHT_WRIST,0.48502349853515625,0.5886186361312866,-0.3584979176521301
41,LEFT_PINKY,0.5009149312973022,0.584703803062439,0.19508709013462067
41,RIGHT_PINKY,0.49325188994407654,0.6158328056335449,-0.4000928997993469
41,LEFT_INDEX,0.5061870813369751,0.5865603089332581,0.15196934342384338
41,RIGHT_INDEX,0.5006712079048157,0.6120690703392029,-0.38486024737358093
41,LEFT_THUMB,0.4992692470550537,0.5794676542282104,0.16636128723621368
41,RIGHT_THUMB,0.49828267097473145,0.6044300198554993,-0.3485942482948303
41,LEFT_HIP,0.3337191641330719,0.5606759786605835,0.1723194271326065
41,RIGHT_HIP,0.30214640498161316,0.5623953938484192,-0.17226877808570862
41,LEFT_KNEE,0.34039920568466187,0.7172462344169617,0.32980483770370483
41,RIGHT_KNEE,0.3206101655960083,0.7240990400314331,-0.10750262439250946
41,LEFT_ANKLE,0.33778315782546997,0.8763110041618347,0.5291789174079895
41,RIGHT_ANKLE,0.3217533230781555,0.9205454587936401,-0.02737599052488804
41,LEFT_HEEL,0.32011446356773376,0.9057278633117676,0.543225884437561
41,RIGHT_HEEL,0.3015347719192505,0.9497380256652832,-0.029303083196282387
41,LEFT_FOOT_INDEX,0.4065939784049988,0.9097379446029663,0.4844020903110504
41,RIGHT_FOOT_INDEX,0.39713194966316223,0.9528568983078003,-0.15429863333702087
42,NOSE,0.5341573357582092,0.330016553401947,-0.1479562669992447
42,LEFT_EYE_INNER,0.5372616052627563,0.31124913692474365,-0.13000056147575378
42,LEFT_EYE,0.536359429359436,0.31000015139579773,-0.13014468550682068
42,LEFT_EYE_OUTER,0.5354527235031128,0.308699369430542,-0.1302472949028015
42,RIGHT_EYE_INNER,0.534925639629364,0.3102467358112335,-0.1919163316488266
42,RIGHT_EYE,0.5322454571723938,0.3082582950592041,-0.19196374714374542
42,RIGHT_EYE_OUTER,0.5293344259262085,0.3061249852180481,-0.1920948624610901
42,LEFT_EAR,0.5141969323158264,0.2995556592941284,-0.03004893660545349
42,RIGHT_EAR,0.5055091977119446,0.29583606123924255,-0.3079570233821869
42,MOUTH_LEFT,0.51882404088974,0.33869487047195435,-0.10274291038513184
42,MOUTH_RIGHT,0.5164270997047424,0.3369654715061188,-0.183759868144989
42,LEFT_SHOULDER,0.4521079957485199,0.3595757782459259,0.15411223471164703
42,RIGHT_SHOULDER,0.42764878273010254,0.3567923903465271,-0.41684722900390625
42,LEFT_ELBOW,0.4453127384185791,0.47033220529556274,0.25610750913619995
42,RIGHT_ELBOW,0.4314395785331726,0.4900139272212982,-0.4561968445777893
42,LEFT_WRIST,0.4848231375217438,0.5600121021270752,0.1694096028804779
42,RIGHT_WRIST,0.4848538935184479,0.5884701013565063,-0.35866010189056396
42,LEFT_PINKY,0.5010207891464233,0.5847107172012329,0.1726328432559967
42,RIGHT_PINKY,0.49322789907455444,0.6158373355865479,-0.3990979790687561
42,LEFT_INDEX,0.506151556968689,0.5865744352340698,0.12966862320899963
42,RIGHT_INDEX,0.5005974173545837,0.6120344996452332,-0.3856426775455475
42,LEFT_THUMB,0.49961844086647034,0.5795004963874817,0.14608511328697205
42,RIGHT_THUMB,0.49820709228515625,0.6043132543563843,-0.3491414189338684
42,LEFT_HIP,0.33428898453712463,0.5604150295257568,0.17031709849834442
42,RIGHT_HIP,0.3018617033958435,0.5620126724243164,-0.17027094960212708
42,LEFT_KNEE,0.34045058488845825,0.716930627822876,0.32929837703704834
42,RIGHT_KNEE,0.32024022936820984,0.7230128049850464,-0.11078697443008423
42,LEFT_ANKLE,0.33780115842819214,0.8761887550354004,0.5289714336395264
42,RIGHT_ANKLE,0.32175490260124207,0.9200522303581238,-0.03268752992153168
42,LEFT_HEEL,0.32028764486312866,0.9057442545890808,0.5430565476417542
42,RIGHT_HEEL,0.30190977454185486,0.9495075345039368,-0.034943412989377975
42,LEFT_FOOT_INDEX,0.4065976142883301,0.9098499417304993,0.48347896337509155
42,RIGHT_FOOT_INDEX,0.3971051871776581,0.9525279998779297,-0.16130003333091736
43,NOSE,0.5348790287971497,0.3294526934623718,-0.16099515557289124
43,LEFT_EYE_INNER,0.5378081202507019,0.3107668161392212,-0.14334923028945923
43,LEFT_EYE,0.5368655920028687,0.30951982736587524,-0.1434933990240097
43,LEFT_EYE_OUTER,0.5359000563621521,0.3082208037376404,-0.143598735332489
43,RIGHT_EYE_INNER,0.5354386568069458,0.30979621410369873,-0.20497198402881622
43,RIGHT_EYE,0.5327345728874207,0.3078528642654419,-0.20502440631389618
43,RIGHT_EYE_OUTER,0.529786229133606,0.30576878786087036,-0.20515254139900208
43,LEFT_EAR,0.5141984224319458,0.29885777831077576,-0.043595004826784134
43,RIGHT_EAR,0.5057030320167542,0.2954811453819275,-0.3201560378074646
43,MOUTH_LEFT,0.5194157958030701,0.33850470185279846,-0.11583690345287323
43,MOUTH_RIGHT,0.5168299078941345,0.33681586384773254,-0.1964653581380844
43,LEFT_SHOULDER,0.45315924286842346,0.3595869839191437,0.14053459465503693
43,RIGHT_SHOULDER,0.42724114656448364,0.3572220206260681,-0.42469897866249084
43,LEFT_ELBOW,0.44573312997817993,0.47043174505233765,0.2398718297481537
43,RIGHT_ELBOW,0.4322778582572937,0.49023085832595825,-0.4603308141231537
43,LEFT_WRIST,0.4848373830318451,0.5603103637695312,0.14822258055210114
43,RIGHT_WRIST,0.4848051071166992,0.5885565876960754,-0.3589625358581543
43,LEFT_PINKY,0.50101238489151,0.5869500041007996,0.15049676597118378
43,RIGHT_PINKY,0.4932088851928711,0.6162822842597961,-0.4000663161277771
43,LEFT_INDEX,0.5061246752738953,0.587182879447937,0.1081923395395279
43,RIGHT_INDEX,0.5005857944488525,0.6123418211936951,-0.3868953585624695
43,LEFT_THUMB,0.5004086494445801,0.5799325704574585,0.12517686188220978
43,RIGHT_THUMB,0.49818387627601624,0.604485273361206,-0.3501923978328705
43,LEFT_HIP,0.3353372812271118,0.5594516396522522,0.16880366206169128
43,RIGHT_HIP,0.30159178376197815,0.5603535175323486,-0.168766587972641
43,LEFT_KNEE,0.34048572182655334,0.7153915166854858,0.32922834157943726
43,RIGHT_KNEE,0.3186921179294586,0.7212332487106323,-0.12557744979858398
43,LEFT_ANKLE,0.33796146512031555,0.8760724067687988,0.5283759832382202
43,RIGHT_ANKLE,0.3216930031776428,0.9196179509162903,-0.0695156380534172
43,LEFT_HEEL,0.32041043043136597,0.9057285189628601,0.5424132943153381
43,RIGHT_HEEL,0.3018847107887268,0.9492319226264954,-0.07442202419042587
43,LEFT_FOOT_INDEX,0.4085424840450287,0.9091852307319641,0.4826798439025879
43,RIGHT_FOOT_INDEX,0.397285521030426,0.9519122838973999,-0.20352628827095032
44,NOSE,0.5350626707077026,0.32894688844680786,-0.16418449580669403
44,LEFT_EYE_INNER,0.5379840135574341,0.3103056848049164,-0.14651282131671906
44,LEFT_EYE,0.5370458960533142,0.30909469723701477,-0.14665813744068146
44,LEFT_EYE_OUTER,0.5360763669013977,0.30783504247665405,-0.14676496386528015
44,RIGHT_EYE_INNER,0.5355702638626099,0.3092820644378662,-0.20829296112060547
44,RIGHT_EYE,0.5328502655029297,0.30735698342323303,-0.20834104716777802
44,RIGHT_EYE_OUTER,0.529877781867981,0.3052966892719269,-0.2084725797176361
44,LEFT_EAR,0.5141941905021667,0.29843372106552124,-0.046568725258111954
44,RIGHT_EAR,0.5057410597801208,0.2951262295246124,-0.3237338662147522
44,MOUTH_LEFT,0.519597589969635,0.33831390738487244,-0.11889316886663437
44,MOUTH_RIGHT,0.5168973207473755,0.3365873098373413,-0.1997000277042389
44,LEFT_SHOULDER,0.4539240300655365,0.3595995306968689,0.1380903422832489
44,RIGHT_SHOULDER,0.4269487261772156,0.35730603337287903,-0.42879343032836914
44,LEFT_ELBOW,0.446308434009552,0.4706352651119232,0.24088039994239807
44,RIGHT_ELBOW,0.43246665596961975,0.4903455674648285,-0.46511611342430115
44,LEFT_WRIST,0.4849594533443451,0.5606054663658142,0.15207907557487488
44,RIGHT_WRIST,0.4848000407218933,0.5886149406433105,-0.36484116315841675
44,LEFT_PINKY,0.5012297630310059,0.5873925089836121,0.15484508872032166
44,RIGHT_PINKY,0.49319514632225037,0.6165692806243896,-0.4047450125217438
44,LEFT_INDEX,0.5061102509498596,0.5879092216491699,0.11219855397939682
44,RIGHT_INDEX,0.5005753636360168,0.6125469207763672,-0.3944494128227234
44,LEFT_THUMB,0.5009772777557373,0.5804740190505981,0.12897290289402008
44,RIGHT_THUMB,0.49817124009132385,0.6046357154846191,-0.3566296696662903
44,LEFT_HIP,0.3355088531970978,0.5592372417449951,0.16804219782352448
44,RIGHT_HIP,0.30141815543174744,0.5597028136253357,-0.16801168024539948
44,LEFT_KNEE,0.3404693007469177,0.7152462005615234,0.3248447775840759
44,RIGHT_KNEE,0.3185167908668518,0.7203723192214966,-0.12084881216287613
44,LEFT_ANKLE,0.33771809935569763,0.8760919570922852,0.5180262327194214
44,RIGHT_ANKLE,0.3216671347618103,0.9182225465774536,-0.05121402069926262
44,LEFT_HEEL,0.32018738985061646,0.9057599306106567,0.5312901139259338
44,RIGHT_HEEL,0.30180758237838745,0.9480721354484558,-0.05442060902714729
44,LEFT_FOOT_INDEX,0.40853366255760193,0.9094884991645813,0.4724304676055908
44,RIGHT_FOOT_INDEX,0.39746779203414917,0.9507969617843628,-0.18081669509410858
45,NOSE,0.5351554155349731,0.32836565375328064,-0.16365066170692444
45,LEFT_EYE_INNER,0.5380685329437256,0.3098798096179962,-0.14598305523395538
45,LEFT_EYE,0.5371580123901367,0.30870649218559265,-0.14613109827041626
45,LEFT_EYE_OUTER,0.5362184047698975,0.3074943721294403,-0.14624065160751343
45,RIGHT_EYE_INNER,0.5355798602104187,0.3087000846862793,-0.20694322884082794
45,RIGHT_EYE,0.5328522324562073,0.3066822290420532,-0.20699234306812286
45,RIGHT_EYE_OUTER,0.529867947101593,0.3045274615287781,-0.20712609589099884
45,LEFT_EAR,0.514212965965271,0.2980489730834961,-0.0459572859108448
45,RIGHT_EAR,0.5057428479194641,0.2942925691604614,-0.31983911991119385
45,MOUTH_LEFT,0.5196965932846069,0.3378765881061554,-0.11845193058252335
45,MOUTH_RIGHT,0.5168971419334412,0.33598846197128296,-0.1981397122144699
45,LEFT_SHOULDER,0.4551631808280945,0.3599541485309601,0.1375499665737152
45,RIGHT_SHOULDER,0.4265787601470947,0.3573313057422638,-0.4266994893550873
45,LEFT_ELBOW,0.44785866141319275,0.47133222222328186,0.23913443088531494
45,RIGHT_ELBOW,0.4323456287384033,0.49035876989364624,-0.46308717131614685
45,LEFT_WRIST,0.48785170912742615,0.5609126091003418,0.14550232887268066
45,RIGHT_WRIST,0.48476189374923706,0.5887624025344849,-0.36354899406433105
45,LEFT_PINKY,0.5026305317878723,0.5874279737472534,0.14660845696926117
45,RIGHT_PINKY,0.4931820333003998,0.6169001460075378,-0.40258246660232544
45,LEFT_INDEX,0.5094858407974243,0.5883070230484009,0.10373643785715103
45,RIGHT_INDEX,0.5006610751152039,0.6126982569694519,-0.3933676779270172
45,LEFT_THUMB,0.5031955242156982,0.5804945230484009,0.12211818993091583
45,RIGHT_THUMB,0.4983406960964203,0.6047645807266235,-0.355530709028244
45,LEFT_HIP,0.3362208306789398,0.5592309236526489,0.16603967547416687
45,RIGHT_HIP,0.3013203740119934,0.559678852558136,-0.16600266098976135
45,LEFT_KNEE,0.34042298793792725,0.7153574824333191,0.32144615054130554
45,RIGHT_KNEE,0.3185266852378845,0.7207744121551514,-0.11964905261993408
45,LEFT_ANKLE,0.3377165198326111,0.8760893940925598,0.5101332664489746
45,RIGHT_ANKLE,0.3215055465698242,0.9183523058891296,-0.04815787076950073
45,LEFT_HEEL,0.3202492892742157,0.9057248830795288,0.5228817462921143
45,RIGHT_HEEL,0.3017454445362091,0.9476948976516724,-0.050964098423719406
45,LEFT_FOOT_INDEX,0.40854495763778687,0.9104306101799011,0.4646540582180023
45,RIGHT_FOOT_INDEX,0.39750441908836365,0.9505864381790161,-0.17611797153949738
46,NOSE,0.5351674556732178,0.3279429078102112,-0.17216570675373077
46,LEFT_EYE_INNER,0.5380956530570984,0.30951637029647827,-0.15509268641471863
46,LEFT_EYE,0.5372106432914734,0.3083972632884979,-0.15524296462535858
46,LEFT_EYE_OUTER,0.5363041758537292,0.30724775791168213,-0.15535631775856018
46,RIGHT_EYE_INNER,0.5355668067932129,0.30815955996513367,-0.21505489945411682
46,RIGHT_EYE,0.532793402671814,0.30604782700538635,-0.21510803699493408
46,RIGHT_EYE_OUTER,0.5297273993492126,0.3037891089916229,-0.21523821353912354
46,LEFT_EAR,0.5142377018928528,0.2978883385658264,-0.0558847114443779
46,RIGHT_EAR,0.5056606531143188,0.29358357191085815,-0.3249245882034302
46,MOUTH_LEFT,0.5197275876998901,0.3375955820083618,-0.12721958756446838
46,MOUTH_RIGHT,0.5168330073356628,0.3355645537376404,-0.20557257533073425
46,LEFT_SHOULDER,0.4566275179386139,0.36067652702331543,0.12662607431411743
46,RIGHT_SHOULDER,0.4258697032928467,0.3574206233024597,-0.4271739423274994
46,LEFT_ELBOW,0.4489215314388275,0.4716821312904358,0.22964739799499512
46,RIGHT_ELBOW,0.43222013115882874,0.490368515253067,-0.4630095362663269
46,LEFT_WRIST,0.48950648307800293,0.5610684156417847,0.13558882474899292
46,RIGHT_WRIST,0.484713613986969,0.5887401103973389,-0.3643544018268585
46,LEFT_PINKY,0.5036541223526001,0.5874175429344177,0.13608324527740479
46,RIGHT_PINKY,0.49317002296447754,0.6168954372406006,-0.4030076861381531
46,LEFT_INDEX,0.51153165102005,0.588590145111084,0.09291108697652817
46,RIGHT_INDEX,0.5006678700447083,0.6126811504364014,-0.39487189054489136
46,LEFT_THUMB,0.5045727491378784,0.5805138349533081,0.1121680736541748
46,RIGHT_THUMB,0.49834585189819336,0.6047260761260986,-0.35665732622146606
46,LEFT_HIP,0.3370451033115387,0.5592561960220337,0.1628684401512146
46,RIGHT_HIP,0.3010891377925873,0.5595992803573608,-0.1628214418888092
46,LEFT_KNEE,0.34043094515800476,0.7154724597930908,0.3176957666873932
46,RIGHT_KNEE,0.3185386061668396,0.7210418581962585,-0.11947435140609741
46,LEFT_ANKLE,0.33785489201545715,0.8755751848220825,0.5056143403053284
46,RIGHT_ANKLE,0.32149824500083923,0.9177247881889343,-0.049693383276462555
46,LEFT_HEEL,0.32067880034446716,0.9052030444145203,0.5184019804000854
46,RIGHT_HEEL,0.3018643856048584,0.946749210357666,-0.05282692238688469
46,LEFT_FOOT_INDEX,0.40932440757751465,0.910029411315918,0.4607669711112976
46,RIGHT_FOOT_INDEX,0.3975249230861664,0.9501692056655884,-0.17814888060092926
47,NOSE,0.5355759263038635,0.32804521918296814,-0.16383478045463562
47,LEFT_EYE_INNER,0.5384393930435181,0.309518426656723,-0.14666005969047546
47,LEFT_EYE,0.5375241041183472,0.3083944320678711,-0.14681050181388855
47,LEFT_EYE_OUTER,0.5365797877311707,0.3072372078895569,-0.14692635834217072
47,RIGHT_EYE_INNER,0.5359432697296143,0.30816394090652466,-0.20642133057117462
47,RIGHT_EYE,0.5331750512123108,0.3060532212257385,-0.20645733177661896
47,RIGHT_EYE_OUTER,0.5301181674003601,0.3037962317466736,-0.206593319773674
47,LEFT_EAR,0.5142428874969482,0.2978769838809967,-0.048914503306150436
47,RIGHT_EAR,0.5058258771896362,0.29357975721359253,-0.3167102634906769
47,MOUTH_LEFT,0.5201218128204346,0.3377227783203125,-0.11951885372400284
47,MOUTH_RIGHT,0.5171960592269897,0.3357173800468445,-0.19756732881069183
47,LEFT_SHOULDER,0.45692092180252075,0.36191636323928833,0.12909887731075287
47,RIGHT_SHOULDER,0.42532697319984436,0.3572269678115845,-0.4215593934059143
47,LEFT_ELBOW,0.4490375518798828,0.4725359380245209,0.24363717436790466
47,RIGHT_ELBOW,0.43178480863571167,0.48956355452537537,-0.46264028549194336
47,LEFT_WRIST,0.48934072256088257,0.561057448387146,0.15927556157112122
47,RIGHT_WRIST,0.4839083254337311,0.5836129188537598,-0.3719954788684845
47,LEFT_PINKY,0.5039447546005249,0.5874236822128296,0.16244074702262878
47,RIGHT_PINKY,0.492976576089859,0.6142712831497192,-0.4125133454799652
47,LEFT_INDEX,0.5112727880477905,0.5886031985282898,0.12101045995950699
47,RIGHT_INDEX,0.5005356073379517,0.610439121723175,-0.40271955728530884
47,LEFT_THUMB,0.5048640966415405,0.5805654525756836,0.13696560263633728
47,RIGHT_THUMB,0.4983014464378357,0.6018584966659546,-0.3640134930610657
47,LEFT_HIP,0.3370479345321655,0.5594068765640259,0.16305413842201233
47,RIGHT_HIP,0.3009134531021118,0.559233546257019,-0.1629982441663742
47,LEFT_KNEE,0.34060871601104736,0.7155581712722778,0.31103283166885376
47,RIGHT_KNEE,0.31860682368278503,0.7209104895591736,-0.117459237575531
47,LEFT_ANKLE,0.33785849809646606,0.8754496574401855,0.4956248700618744
47,RIGHT_ANKLE,0.321483850479126,0.9167450070381165,-0.04333692416548729
47,LEFT_HEEL,0.3207247853279114,0.9051491618156433,0.5080483555793762
47,RIGHT_HEEL,0.3018709123134613,0.9456515312194824,-0.045993953943252563
47,LEFT_FOOT_INDEX,0.4091988205909729,0.9103026390075684,0.44803524017333984
47,RIGHT_FOOT_INDEX,0.39752310514450073,0.9494003057479858,-0.1720786690711975
48,NOSE,0.535571813583374,0.32805052399635315,-0.14133210480213165
48,LEFT_EYE_INNER,0.5384400486946106,0.3094436228275299,-0.12332024425268173
48,LEFT_EYE,0.5375224351882935,0.30826807022094727,-0.12347541749477386
48,LEFT_EYE_OUTER,0.5365697145462036,0.3070487082004547,-0.12357673794031143
48,RIGHT_EYE_INNER,0.5360026955604553,0.3081599175930023,-0.18470817804336548
48,RIGHT_EYE,0.5333147644996643,0.30605679750442505,-0.1847470998764038
48,RIGHT_EYE_OUTER,0.530369758605957,0.30380314588546753,-0.18489298224449158
48,LEFT_EAR,0.514236569404602,0.297651469707489,-0.02499212510883808
48,RIGHT_EAR,0.5061307549476624,0.2935643196105957,-0.29934871196746826
48,MOUTH_LEFT,0.5201072096824646,0.3376397490501404,-0.09678532928228378
48,MOUTH_RIGHT,0.5172370672225952,0.335714727640152,-0.17688533663749695
48,LEFT_SHOULDER,0.4559420049190521,0.3615212142467499,0.15592697262763977
48,RIGHT_SHOULDER,0.42532721161842346,0.3562595248222351,-0.4113749861717224
48,LEFT_ELBOW,0.44663935899734497,0.4723328948020935,0.2545529305934906
48,RIGHT_ELBOW,0.43159976601600647,0.48903805017471313,-0.45711439847946167
48,LEFT_WRIST,0.4857855439186096,0.560723066329956,0.1734555959701538
48,RIGHT_WRIST,0.4821210503578186,0.581835150718689,-0.36982262134552
48,LEFT_PINKY,0.5025545954704285,0.5864051580429077,0.18035733699798584
48,RIGHT_PINKY,0.4920784533023834,0.6126105189323425,-0.41005071997642517
48,LEFT_INDEX,0.5088275074958801,0.5874356627464294,0.1402260661125183
48,RIGHT_INDEX,0.4998365044593811,0.6089243292808533,-0.39776259660720825
48,LEFT_THUMB,0.5003145337104797,0.5789442658424377,0.15148970484733582
48,RIGHT_THUMB,0.497272789478302,0.5993767380714417,-0.36122408509254456
48,LEFT_HIP,0.33540183305740356,0.559328019618988,0.1633605808019638
48,RIGHT_HIP,0.29995185136795044,0.5580083131790161,-0.16330625116825104
48,LEFT_KNEE,0.34046098589897156,0.7157667875289917,0.3120839595794678
48,RIGHT_KNEE,0.3185095191001892,0.7207733988761902,-0.12495217472314835
48,LEFT_ANKLE,0.33770501613616943,0.8741732835769653,0.5095638036727905
48,RIGHT_ANKLE,0.32028645277023315,0.9161017537117004,-0.0607844814658165
48,LEFT_HEEL,0.320450097322464,0.9029966592788696,0.5235509276390076
48,RIGHT_HEEL,0.3006556034088135,0.9424818158149719,-0.0645134374499321
48,LEFT_FOOT_INDEX,0.40916404128074646,0.9103350639343262,0.4636947512626648
48,RIGHT_FOOT_INDEX,0.3963239789009094,0.9494226574897766,-0.19243428111076355
49,NOSE,0.535467267036438,0.32805535197257996,-0.13898389041423798
49,LEFT_EYE_INNER,0.5384213328361511,0.3094537854194641,-0.12046859413385391
49,LEFT_EYE,0.5375136137008667,0.30828583240509033,-0.12062518298625946
49,LEFT_EYE_OUTER,0.5365687012672424,0.3070804476737976,-0.1207217127084732
49,RIGHT_EYE_INNER,0.5359910726547241,0.30816397070884705,-0.1823861002922058
49,RIGHT_EYE,0.5333086252212524,0.30606111884117126,-0.18243536353111267
49,RIGHT_EYE_OUTER,0.5303663611412048,0.3038032352924347,-0.1825869381427765
49,LEFT_EAR,0.5144128799438477,0.2977215647697449,-0.019983643665909767
49,RIGHT_EAR,0.5061246156692505,0.2935042381286621,-0.29705435037612915
49,MOUTH_LEFT,0.5200246572494507,0.33754226565361023,-0.09376836568117142
49,MOUTH_RIGHT,0.5171781778335571,0.3356298804283142,-0.1746174395084381
49,LEFT_SHOULDER,0.4554555416107178,0.36133307218551636,0.16400915384292603
49,RIGHT_SHOULDER,0.4253610670566559,0.35519686341285706,-0.41187238693237305
49,LEFT_ELBOW,0.4464132785797119,0.473712295293808,0.2562774419784546
49,RIGHT_ELBOW,0.43184271454811096,0.48888033628463745,-0.4571792185306549
49,LEFT_WRIST,0.48081547021865845,0.56037437915802,0.17211292684078217
49,RIGHT_WRIST,0.480957567691803,0.5804701447486877,-0.36315444111824036
49,LEFT_PINKY,0.49992474913597107,0.5864031314849854,0.17837342619895935
49,RIGHT_PINKY,0.49163517355918884,0.6115379333496094,-0.40245532989501953
49,LEFT_INDEX,0.5056607127189636,0.5869621634483337,0.13917134702205658
49,RIGHT_INDEX,0.4991677701473236,0.6079374551773071,-0.3904123902320862
49,LEFT_THUMB,0.5000819563865662,0.5848496556282043,0.14995017647743225
49,RIGHT_THUMB,0.4967660903930664,0.5984106659889221,-0.35438814759254456
49,LEFT_HIP,0.33491677045822144,0.5593405961990356,0.1645301878452301
49,RIGHT_HIP,0.29948103427886963,0.5573223829269409,-0.16447193920612335
49,LEFT_KNEE,0.34048929810523987,0.7158529162406921,0.31236833333969116
49,RIGHT_KNEE,0.3184971213340759,0.7207688689231873,-0.12397776544094086
49,LEFT_ANKLE,0.33770233392715454,0.8738821744918823,0.5123173594474792
49,RIGHT_ANKLE,0.31983014941215515,0.9161761999130249,-0.054316289722919464
49,LEFT_HEEL,0.32043930888175964,0.902592658996582,0.5263034105300903
49,RIGHT_HEEL,0.29976242780685425,0.9422642588615417,-0.05754010006785393
49,LEFT_FOOT_INDEX,0.4091593325138092,0.9104743003845215,0.46421918272972107
49,RIGHT_FOOT_INDEX,0.39595112204551697,0.9494370222091675,-0.18743737041950226
50,NOSE,0.5353443026542664,0.32817116379737854,-0.13413521647453308
50,LEFT_EYE_INNER,0.5384049415588379,0.30961012840270996,-0.11500755697488785
50,LEFT_EYE,0.5375033617019653,0.3084416091442108,-0.11516736447811127
50,LEFT_EYE_OUTER,0.5365654230117798,0.3072449862957001,-0.11526145040988922
50,RIGHT_EYE_INNER,0.5359917283058167,0.30830293893814087,-0.17728780210018158
50,RIGHT_EYE,0.5333186984062195,0.30617064237594604,-0.1773468554019928
50,RIGHT_EYE_OUTER,0.5303969383239746,0.30388110876083374,-0.17750144004821777
50,LEFT_EAR,0.5145622491836548,0.2978997230529785,-0.013264010660350323
50,RIGHT_EAR,0.5061348676681519,0.29351186752319336,-0.29192817211151123
50,MOUTH_LEFT,0.5199354887008667,0.3375242352485657,-0.08861715346574783
50,MOUTH_RIGHT,0.5171478390693665,0.33561766147613525,-0.16995622217655182
50,LEFT_SHOULDER,0.4554484486579895,0.36112117767333984,0.17083245515823364
50,RIGHT_SHOULDER,0.4253629744052887,0.3548736870288849,-0.41009944677352905
50,LEFT_ELBOW,0.44667091965675354,0.4739939272403717,0.26041775941848755
50,RIGHT_ELBOW,0.4319096505641937,0.48887643218040466,-0.45454949140548706
50,LEFT_WRIST,0.4798029959201813,0.5597156882286072,0.17209334671497345
50,RIGHT_WRIST,0.4802779257297516,0.5792351961135864,-0.35475629568099976
50,LEFT_PINKY,0.49978727102279663,0.584874153137207,0.17828269302845
50,RIGHT_PINKY,0.4911879003047943,0.6103705763816833,-0.39276811480522156
50,LEFT_INDEX,0.5045067071914673,0.5858972668647766,0.13844910264015198
50,RIGHT_INDEX,0.49869170784950256,0.6068199276924133,-0.38218700885772705
50,LEFT_THUMB,0.5000215768814087,0.5865494012832642,0.1498790830373764
50,RIGHT_THUMB,0.4959285259246826,0.5968706607818604,-0.34618809819221497
50,LEFT_HIP,0.33475619554519653,0.5592048764228821,0.16547143459320068
50,RIGHT_HIP,0.29874104261398315,0.5563925504684448,-0.16541583836078644
50,LEFT_KNEE,0.3405386507511139,0.7158942222595215,0.31414365768432617
50,RIGHT_KNEE,0.31830471754074097,0.7205914258956909,-0.1456366330385208
50,LEFT_ANKLE,0.3377077281475067,0.8734275102615356,0.5166188478469849
50,RIGHT_ANKLE,0.31915390491485596,0.9161432981491089,-0.09156517684459686
50,LEFT_HEEL,0.3204139769077301,0.9017810821533203,0.5304733514785767
50,RIGHT_HEEL,0.29880428314208984,0.9415623545646667,-0.09678928554058075
50,LEFT_FOOT_INDEX,0.40915101766586304,0.910560131072998,0.4667142927646637
50,RIGHT_FOOT_INDEX,0.3950924277305603,0.9494695663452148,-0.23341365158557892
51,NOSE,0.5350972414016724,0.32823318243026733,-0.13334359228610992
51,LEFT_EYE_INNER,0.5383830070495605,0.3096657395362854,-0.1145525574684143
51,LEFT_EYE,0.5374892950057983,0.3084826171398163,-0.11471012979745865
51,LEFT_EYE_OUTER,0.536559522151947,0.30727797746658325,-0.11480716615915298
51,RIGHT_EYE_INNER,0.5359915494918823,0.3083753287792206,-0.17696355283260345
51,RIGHT_EYE,0.5333269834518433,0.306225448846817,-0.17701490223407745
51,RIGHT_EYE_OUTER,0.5304278135299683,0.30391812324523926,-0.17716631293296814
51,LEFT_EAR,0.514674186706543,0.29789668321609497,-0.013738499954342842
51,RIGHT_EAR,0.5061653852462769,0.2934337556362152,-0.2927754521369934
51,MOUTH_LEFT,0.5196641683578491,0.3374696373939514,-0.08807562291622162
51,MOUTH_RIGHT,0.5169480443000793,0.335576593875885,-0.16956745088100433
51,LEFT_SHOULDER,0.45540469884872437,0.3607647120952606,0.17000214755535126
51,RIGHT_SHOULDER,0.4253646433353424,0.3546389043331146,-0.41044801473617554
51,LEFT_ELBOW,0.44639021158218384,0.47213274240493774,0.2642849087715149
51,RIGHT_ELBOW,0.4318903386592865,0.48848843574523926,-0.45434942841529846
51,LEFT_WRIST,0.48000892996788025,0.5596717596054077,0.17783856391906738
51,RIGHT_WRIST,0.479898601770401,0.5793105363845825,-0.3514564335346222
51,LEFT_PINKY,0.49978891015052795,0.5848056077957153,0.1833510398864746
51,RIGHT_PINKY,0.49036669731140137,0.6103816032409668,-0.3892291188240051
51,LEFT_INDEX,0.5041642785072327,0.5859090089797974,0.14379815757274628
51,RIGHT_INDEX,0.498089462518692,0.6068950891494751,-0.3788752257823944
51,LEFT_THUMB,0.4971529543399811,0.5832743048667908,0.1556764841079712
51,RIGHT_THUMB,0.4951358735561371,0.596983015537262,-0.34291866421699524
51,LEFT_HIP,0.3346797227859497,0.5591453909873962,0.16555488109588623
51,RIGHT_HIP,0.2987091839313507,0.5564039349555969,-0.1654960960149765
51,LEFT_KNEE,0.3405522108078003,0.715911328792572,0.30995994806289673
51,RIGHT_KNEE,0.31816405057907104,0.7203583717346191,-0.13295534253120422
51,LEFT_ANKLE,0.3376702666282654,0.8734286427497864,0.5017274618148804
51,RIGHT_ANKLE,0.3191480338573456,0.9157941937446594,-0.06144032999873161
51,LEFT_HEEL,0.32038241624832153,0.9017753601074219,0.5145521759986877
51,RIGHT_HEEL,0.2986772060394287,0.9412645101547241,-0.06459160894155502
51,LEFT_FOOT_INDEX,0.4091521203517914,0.9107006788253784,0.4504868984222412
51,RIGHT_FOOT_INDEX,0.39495745301246643,0.9494748115539551,-0.19651715457439423
52,NOSE,0.5349804759025574,0.32823851704597473,-0.1346535086631775
52,LEFT_EYE_INNER,0.5383803844451904,0.30966681241989136,-0.11598779261112213
52,LEFT_EYE,0.537488579750061,0.3084798753261566,-0.11614412069320679
52,LEFT_EYE_OUTER,0.5365604162216187,0.30727192759513855,-0.11624270677566528
52,RIGHT_EYE_INNER,0.5360019207000732,0.3083803951740265,-0.17833758890628815
52,RIGHT_EYE,0.5333621501922607,0.3062283992767334,-0.17838744819164276
52,RIGHT_EYE_OUTER,0.5304959416389465,0.3039138913154602,-0.1785370260477066
52,LEFT_EAR,0.5147594213485718,0.297814279794693,-0.015302847139537334
52,RIGHT_EAR,0.5061959028244019,0.29319459199905396,-0.29369327425956726
52,MOUTH_LEFT,0.5194976329803467,0.3373517096042633,-0.08938400447368622
52,MOUTH_RIGHT,0.5168309807777405,0.33547884225845337,-0.17079627513885498
52,LEFT_SHOULDER,0.45537036657333374,0.36028948426246643,0.16861140727996826
52,RIGHT_SHOULDER,0.42532938718795776,0.3545248806476593,-0.4112887382507324
52,LEFT_ELBOW,0.44624632596969604,0.4709196984767914,0.26462987065315247
52,RIGHT_ELBOW,0.4324975907802582,0.48847565054893494,-0.45484256744384766
52,LEFT_WRIST,0.4802955090999603,0.5595587491989136,0.1786985546350479
52,RIGHT_WRIST,0.47991546988487244,0.5794581174850464,-0.3526175916194916
52,LEFT_PINKY,0.4998416304588318,0.5847841501235962,0.18397457897663116
52,RIGHT_PINKY,0.4901617169380188,0.6104702949523926,-0.39079442620277405
52,LEFT_INDEX,0.5041509866714478,0.5859295725822449,0.1439961940050125
52,RIGHT_INDEX,0.49798423051834106,0.6069369316101074,-0.38014641404151917
52,LEFT_THUMB,0.49642595648765564,0.581689178943634,0.15638116002082825
52,RIGHT_THUMB,0.49514326453208923,0.5970105528831482,-0.34401020407676697
52,LEFT_HIP,0.33464518189430237,0.5588954091072083,0.16570501029491425
52,RIGHT_HIP,0.2986704111099243,0.5561903119087219,-0.16564904153347015
52,LEFT_KNEE,0.34056001901626587,0.7159668207168579,0.30758923292160034
52,RIGHT_KNEE,0.3179946541786194,0.7202162742614746,-0.12906084954738617
52,LEFT_ANKLE,0.3375684320926666,0.8732600212097168,0.49632835388183594
52,RIGHT_ANKLE,0.3191169202327728,0.9154682159423828,-0.0515049584209919
52,LEFT_HEEL,0.3203568756580353,0.9015170335769653,0.5089825391769409
52,RIGHT_HEEL,0.29858267307281494,0.9411500096321106,-0.0540764220058918
52,LEFT_FOOT_INDEX,0.40917760133743286,0.9107327461242676,0.44510936737060547
52,RIGHT_FOOT_INDEX,0.39487242698669434,0.9494349360466003,-0.18498846888542175
53,NOSE,0.5348482131958008,0.3282098174095154,-0.12856930494308472
53,LEFT_EYE_INNER,0.5383304953575134,0.3095344305038452,-0.11016981303691864
53,LEFT_EYE,0.5374413132667542,0.3083157241344452,-0.11033036559820175
53,LEFT_EYE_OUTER,0.5365144610404968,0.30707839131355286,-0.1104363426566124
53,RIGHT_EYE_INNER,0.5359829664230347,0.30831634998321533,-0.17283807694911957
53,RIGHT_EYE,0.5333571434020996,0.3061763048171997,-0.17287161946296692
53,RIGHT_EYE_OUTER,0.5304974317550659,0.30386826395988464,-0.17301633954048157
53,LEFT_EAR,0.5146477818489075,0.2975267767906189,-0.011188152246177197
53,RIGHT_EAR,0.5061889886856079,0.29300975799560547,-0.29100480675697327
53,MOUTH_LEFT,0.5193790197372437,0.33720940351486206,-0.08390575647354126
53,MOUTH_RIGHT,0.5167415738105774,0.335390567779541,-0.16566304862499237
53,LEFT_SHOULDER,0.45525771379470825,0.3602752089500427,0.17202205955982208
53,RIGHT_SHOULDER,0.4251888394355774,0.3544394373893738,-0.40947413444519043
53,LEFT_ELBOW,0.44611281156539917,0.4708196520805359,0.2727357745170593
53,RIGHT_ELBOW,0.433511883020401,0.488663911819458,-0.4487520158290863
53,LEFT_WRIST,0.4810740351676941,0.5592827796936035,0.188430517911911
53,RIGHT_WRIST,0.4801774024963379,0.5790575742721558,-0.3400112986564636
53,LEFT_PINKY,0.5005689859390259,0.5846186280250549,0.19288846850395203
53,RIGHT_PINKY,0.490532249212265,0.6098416447639465,-0.37789466977119446
53,LEFT_INDEX,0.5047768950462341,0.5859501361846924,0.15200957655906677
53,RIGHT_INDEX,0.4989899694919586,0.6062229871749878,-0.3671473562717438
53,LEFT_THUMB,0.49875912070274353,0.581382691860199,0.16555236279964447
53,RIGHT_THUMB,0.496304988861084,0.5968321561813354,-0.33132636547088623
53,LEFT_HIP,0.3346766233444214,0.5589043498039246,0.16583940386772156
53,RIGHT_HIP,0.29860585927963257,0.5562200546264648,-0.16577443480491638
53,LEFT_KNEE,0.340609610080719,0.7164211869239807,0.30684369802474976
53,RIGHT_KNEE,0.31742069125175476,0.7203556299209595,-0.11838724464178085
53,LEFT_ANKLE,0.33643224835395813,0.8743361234664917,0.49363675713539124
53,RIGHT_ANKLE,0.31970804929733276,0.9155483245849609,-0.036535732448101044
53,LEFT_HEEL,0.311424195766449,0.9015616178512573,0.5062340497970581
53,RIGHT_HEEL,0.29966020584106445,0.9413281679153442,-0.038111452013254166
53,LEFT_FOOT_INDEX,0.4076565206050873,0.9107465744018555,0.4430537819862366
53,RIGHT_FOOT_INDEX,0.3950207531452179,0.9494059681892395,-0.1635497361421585
54,NOSE,0.5348448157310486,0.32845374941825867,-0.13160733878612518
54,LEFT_EYE_INNER,0.5383347272872925,0.30981186032295227,-0.1131822019815445
54,LEFT_EYE,0.5374423265457153,0.30851852893829346,-0.11334910243749619
54,LEFT_EYE_OUTER,0.5365138649940491,0.3072139620780945,-0.11346276104450226
54,RIGHT_EYE_INNER,0.5360613465309143,0.3088265061378479,-0.17662937939167023
54,RIGHT_EYE,0.5335133075714111,0.3067672848701477,-0.1766534149646759
54,RIGHT_EYE_OUTER,0.5307544469833374,0.30453866720199585,-0.17679528892040253
54,LEFT_EAR,0.5146013498306274,0.2975391745567322,-0.014512619003653526
54,RIGHT_EAR,0.5063959956169128,0.2933446764945984,-0.2974938452243805
54,MOUTH_LEFT,0.519376277923584,0.3372575640678406,-0.08701582252979279
54,MOUTH_RIGHT,0.516768217086792,0.3355235457420349,-0.16977638006210327
54,LEFT_SHOULDER,0.45525026321411133,0.36026448011398315,0.16765645146369934
54,RIGHT_SHOULDER,0.4248807430267334,0.35444799065589905,-0.4128499925136566
54,LEFT_ELBOW,0.4461118280887604,0.47076016664505005,0.2713061273097992
54,RIGHT_ELBOW,0.43362465500831604,0.4888800084590912,-0.4536268711090088
54,LEFT_WRIST,0.4846411347389221,0.5593469142913818,0.1877843141555786
54,RIGHT_WRIST,0.4803054928779602,0.5791834592819214,-0.35499900579452515
54,LEFT_PINKY,0.5014337301254272,0.5843685865402222,0.19251582026481628
54,RIGHT_PINKY,0.4905485212802887,0.6099066138267517,-0.39466631412506104
54,LEFT_INDEX,0.5100646615028381,0.5856095552444458,0.15110306441783905
54,RIGHT_INDEX,0.4992196559906006,0.6062511205673218,-0.38472336530685425
54,LEFT_THUMB,0.5017427206039429,0.5799716711044312,0.16490815579891205
54,RIGHT_THUMB,0.49672073125839233,0.5969184637069702,-0.3469264805316925
54,LEFT_HIP,0.3351573348045349,0.5588828921318054,0.16590198874473572
54,RIGHT_HIP,0.29855629801750183,0.5562534332275391,-0.16583594679832458
54,LEFT_KNEE,0.3411404490470886,0.7165940999984741,0.30771324038505554
54,RIGHT_KNEE,0.31711214780807495,0.720387876033783,-0.12127520889043808
54,LEFT_ANKLE,0.3359817564487457,0.8747685551643372,0.49627193808555603
54,RIGHT_ANKLE,0.31974658370018005,0.9155882000923157,-0.04906944930553436
54,LEFT_HEEL,0.3122057318687439,0.9032564163208008,0.5090398192405701
54,RIGHT_HEEL,0.29965806007385254,0.9413949847221375,-0.052076928317546844
54,LEFT_FOOT_INDEX,0.40711966156959534,0.9107733964920044,0.4463159143924713
54,RIGHT_FOOT_INDEX,0.3951077461242676,0.9494129419326782,-0.18055827915668488
55,NOSE,0.5353326797485352,0.3288622498512268,-0.13269613683223724
55,LEFT_EYE_INNER,0.5387666821479797,0.31002548336982727,-0.11471337080001831
55,LEFT_EYE,0.5377890467643738,0.308635950088501,-0.11488576978445053
55,LEFT_EYE_OUTER,0.5367660522460938,0.30725109577178955,-0.11500801891088486
55,RIGHT_EYE_INNER,0.5369314551353455,0.309248685836792,-0.17791584134101868
55,RIGHT_EYE,0.5346413850784302,0.30724388360977173,-0.17792949080467224
55,RIGHT_EYE_OUTER,0.5321562886238098,0.30505847930908203,-0.17807239294052124
55,LEFT_EAR,0.5146266222000122,0.29743102192878723,-0.017073173075914383
55,RIGHT_EAR,0.5073099136352539,0.2934146821498871,-0.2985011041164398
55,MOUTH_LEFT,0.5195847749710083,0.33740630745887756,-0.08837095648050308
55,MOUTH_RIGHT,0.517368495464325,0.33582204580307007,-0.1707206815481186
55,LEFT_SHOULDER,0.45445117354393005,0.36006173491477966,0.16339489817619324
55,RIGHT_SHOULDER,0.4249013066291809,0.3550225496292114,-0.4129292964935303
55,LEFT_ELBOW,0.4464266300201416,0.47072845697402954,0.26665493845939636
55,RIGHT_ELBOW,0.432730495929718,0.48920220136642456,-0.4553205370903015
55,LEFT_WRIST,0.48766422271728516,0.5595340132713318,0.18756958842277527
55,RIGHT_WRIST,0.4812270998954773,0.5830739140510559,-0.3589121997356415
55,LEFT_PINKY,0.502975344657898,0.5841590166091919,0.1937061846256256
55,RIGHT_PINKY,0.49068015813827515,0.6121008992195129,-0.40176281332969666
55,LEFT_INDEX,0.5126606225967407,0.5854188203811646,0.15132960677146912
55,RIGHT_INDEX,0.49937957525253296,0.6081563830375671,-0.38675981760025024
55,LEFT_THUMB,0.50422602891922,0.5794111490249634,0.16456809639930725
55,RIGHT_THUMB,0.49701619148254395,0.5993942618370056,-0.34978097677230835
55,LEFT_HIP,0.33420050144195557,0.5598949790000916,0.1656966507434845
55,RIGHT_HIP,0.2985471487045288,0.5595816373825073,-0.16560974717140198
55,LEFT_KNEE,0.34084537625312805,0.7199196815490723,0.2966676950454712
55,RIGHT_KNEE,0.317430317401886,0.724546492099762,-0.049703601747751236
55,LEFT_ANKLE,0.33604711294174194,0.8748682737350464,0.4765387177467346
55,RIGHT_ANKLE,0.3199968934059143,0.9161363840103149,0.09772995114326477
55,LEFT_HEEL,0.3140271306037903,0.9033818244934082,0.4890529215335846
55,RIGHT_HEEL,0.2997214198112488,0.9421190023422241,0.10378453880548477
55,LEFT_FOOT_INDEX,0.40726718306541443,0.910737156867981,0.4251750111579895
55,RIGHT_FOOT_INDEX,0.39635390043258667,0.9496029615402222,-0.009648052044212818
56,NOSE,0.5357791185379028,0.32925716042518616,-0.1358022689819336
56,LEFT_EYE_INNER,0.5391675233840942,0.31026774644851685,-0.1179734319448471
56,LEFT_EYE,0.5381324291229248,0.30879971385002136,-0.11814920604228973
56,LEFT_EYE_OUTER,0.5370398759841919,0.3073366582393646,-0.1182764321565628
56,RIGHT_EYE_INNER,0.5375857353210449,0.30962687730789185,-0.18109175562858582
56,RIGHT_EYE,0.535426914691925,0.30764660239219666,-0.18109866976737976
56,RIGHT_EYE_OUTER,0.5330673456192017,0.30548006296157837,-0.18123987317085266
56,LEFT_EAR,0.5146867632865906,0.2974091172218323,-0.0201503224670887
56,RIGHT_EAR,0.5079644918441772,0.29350048303604126,-0.30107685923576355
56,MOUTH_LEFT,0.5198827981948853,0.3376379609107971,-0.09131228178739548
56,MOUTH_RIGHT,0.517926812171936,0.33617034554481506,-0.17346099019050598
56,LEFT_SHOULDER,0.4541715085506439,0.3600066602230072,0.1606454700231552
56,RIGHT_SHOULDER,0.42488884925842285,0.35566574335098267,-0.414397656917572
56,LEFT_ELBOW,0.4467974305152893,0.47074851393699646,0.2644490599632263
56,RIGHT_ELBOW,0.43262261152267456,0.490276575088501,-0.4582575261592865
56,LEFT_WRIST,0.4894310534000397,0.5597161054611206,0.18744339048862457
56,RIGHT_WRIST,0.4813266396522522,0.5845796465873718,-0.3639792799949646
56,LEFT_PINKY,0.5039423704147339,0.5840457677841187,0.19398799538612366
56,RIGHT_PINKY,0.4906809329986572,0.6131687760353088,-0.4083766043186188
56,LEFT_INDEX,0.5141106247901917,0.5853492021560669,0.15111400187015533
56,RIGHT_INDEX,0.4993610382080078,0.6091513633728027,-0.3918607831001282
56,LEFT_THUMB,0.5057230591773987,0.5791509747505188,0.16431967914104462
56,RIGHT_THUMB,0.4970227777957916,0.6006530523300171,-0.3546096086502075
56,LEFT_HIP,0.33368080854415894,0.5603914856910706,0.16570733487606049
56,RIGHT_HIP,0.29847463965415955,0.5611750483512878,-0.16561385989189148
56,LEFT_KNEE,0.34053999185562134,0.7214546203613281,0.29507315158843994
56,RIGHT_KNEE,0.3177776336669922,0.7262865304946899,-0.04582478106021881
56,LEFT_ANKLE,0.3360576033592224,0.8751136660575867,0.4748528003692627
56,RIGHT_ANKLE,0.3207053244113922,0.9167557954788208,0.10034352540969849
56,LEFT_HEEL,0.31488481163978577,0.9037283658981323,0.4873831272125244
56,RIGHT_HEEL,0.2998577952384949,0.9425606727600098,0.1062430590391159
56,LEFT_FOOT_INDEX,0.40736478567123413,0.9107071757316589,0.423449844121933
56,RIGHT_FOOT_INDEX,0.3970397114753723,0.9497175216674805,-0.007253745105117559
57,NOSE,0.5357934236526489,0.3300032615661621,-0.1378469318151474
57,LEFT_EYE_INNER,0.5391448736190796,0.3108178973197937,-0.12011279165744781
57,LEFT_EYE,0.5380970239639282,0.30929163098335266,-0.12028616666793823
57,LEFT_EYE_OUTER,0.5370009541511536,0.3077777028083801,-0.12040774524211884
57,RIGHT_EYE_INNER,0.5375891923904419,0.3103141188621521,-0.1832106113433838
57,RIGHT_EYE,0.5354486703872681,0.30837351083755493,-0.18323072791099548
57,RIGHT_EYE_OUTER,0.5331175327301025,0.3062475025653839,-0.18337954580783844
57,LEFT_EAR,0.5148324370384216,0.2980150878429413,-0.021937724202871323
57,RIGHT_EAR,0.5080026984214783,0.2943573594093323,-0.3028849959373474
57,MOUTH_LEFT,0.5198943614959717,0.33804064989089966,-0.09315324574708939
57,MOUTH_RIGHT,0.51811283826828,0.336723268032074,-0.17529700696468353
57,LEFT_SHOULDER,0.4531428813934326,0.35991737246513367,0.16062168776988983
57,RIGHT_SHOULDER,0.4262511730194092,0.3557808995246887,-0.41813796758651733
57,LEFT_ELBOW,0.4457426965236664,0.4707644581794739,0.2632773518562317
57,RIGHT_ELBOW,0.43260282278060913,0.4903649389743805,-0.4600988030433655
57,LEFT_WRIST,0.48921531438827515,0.5596743822097778,0.1868225634098053
57,RIGHT_WRIST,0.48161283135414124,0.5847078561782837,-0.3580454885959625
57,LEFT_PINKY,0.503714919090271,0.5838373899459839,0.19307737052440643
57,RIGHT_PINKY,0.49096423387527466,0.6131861209869385,-0.4014425277709961
57,LEFT_INDEX,0.5130458474159241,0.5842523574829102,0.1503582000732422
57,RIGHT_INDEX,0.49947062134742737,0.6091586351394653,-0.3832818865776062
57,LEFT_THUMB,0.5056498646736145,0.5786782503128052,0.163862943649292
57,RIGHT_THUMB,0.49710017442703247,0.600757896900177,-0.34786462783813477
57,LEFT_HIP,0.3322586715221405,0.5604499578475952,0.1667177975177765
57,RIGHT_HIP,0.29835450649261475,0.561350405216217,-0.16660960018634796
57,LEFT_KNEE,0.3404555916786194,0.7218100428581238,0.2977931797504425
57,RIGHT_KNEE,0.3176169991493225,0.7263150215148926,-0.050173304975032806
57,LEFT_ANKLE,0.33628833293914795,0.8755491375923157,0.47635984420776367
57,RIGHT_ANKLE,0.32155001163482666,0.917438805103302,0.09335770457983017
57,LEFT_HEEL,0.31681933999061584,0.9037700891494751,0.4891539514064789
57,RIGHT_HEEL,0.30072900652885437,0.943569540977478,0.09870190918445587
57,LEFT_FOOT_INDEX,0.40764838457107544,0.9107300043106079,0.4244028627872467
57,RIGHT_FOOT_INDEX,0.3972291648387909,0.9497600793838501,-0.0174552034586668
58,NOSE,0.5358998775482178,0.3304256498813629,-0.13523045182228088
58,LEFT_EYE_INNER,0.5391907095909119,0.31129950284957886,-0.11717294156551361
58,LEFT_EYE,0.5381281971931458,0.3097224235534668,-0.11734162271022797
58,LEFT_EYE_OUTER,0.5370221734046936,0.30814453959465027,-0.11745402961969376
58,RIGHT_EYE_INNER,0.5377461314201355,0.31089961528778076,-0.18029044568538666
58,RIGHT_EYE,0.5356706380844116,0.308999240398407,-0.18031735718250275
58,RIGHT_EYE_OUTER,0.5334210991859436,0.3069187104701996,-0.18047171831130981
58,LEFT_EAR,0.5149068832397461,0.2982485890388489,-0.0183480866253376
58,RIGHT_EAR,0.5083969831466675,0.2950536608695984,-0.29995977878570557
58,MOUTH_LEFT,0.5200053453445435,0.3383970856666565,-0.09038254618644714
58,MOUTH_RIGHT,0.5184161067008972,0.3371407985687256,-0.1726038008928299
58,LEFT_SHOULDER,0.4525936543941498,0.35977524518966675,0.1654512882232666
58,RIGHT_SHOULDER,0.42752203345298767,0.3558276295661926,-0.41752949357032776
58,LEFT_ELBOW,0.4457555413246155,0.47071585059165955,0.2647421658039093
58,RIGHT_ELBOW,0.43323788046836853,0.49040651321411133,-0.46006760001182556
58,LEFT_WRIST,0.4895652234554291,0.5604089498519897,0.18902930617332458
58,RIGHT_WRIST,0.4821123480796814,0.585800290107727,-0.35784488916397095
58,LEFT_PINKY,0.5037758350372314,0.5840079188346863,0.1966325342655182
58,RIGHT_PINKY,0.4912460744380951,0.6135517358779907,-0.40141376852989197
58,LEFT_INDEX,0.5132507085800171,0.5845242738723755,0.15349602699279785
58,RIGHT_INDEX,0.49962395429611206,0.6096445322036743,-0.3827982544898987
58,LEFT_THUMB,0.5056115984916687,0.5787543058395386,0.16582675278186798
58,RIGHT_THUMB,0.4972148835659027,0.6014572381973267,-0.3475355803966522
58,LEFT_HIP,0.3314639627933502,0.5604478716850281,0.1676800400018692
58,RIGHT_HIP,0.2983076274394989,0.5613171458244324,-0.1675664484500885
58,LEFT_KNEE,0.34043583273887634,0.7218608260154724,0.2992599606513977
58,RIGHT_KNEE,0.31756195425987244,0.7262144088745117,-0.05812293291091919
58,LEFT_ANKLE,0.3364332318305969,0.8758445978164673,0.4798738956451416
58,RIGHT_ANKLE,0.32198405265808105,0.9175747632980347,0.07548771053552628
58,LEFT_HEEL,0.3179088234901428,0.9038203954696655,0.4925414025783539
58,RIGHT_HEEL,0.301343709230423,0.9439510107040405,0.07965759187936783
58,LEFT_FOOT_INDEX,0.4076808989048004,0.9107401967048645,0.42840299010276794
58,RIGHT_FOOT_INDEX,0.39733612537384033,0.9497693181037903,-0.03770953416824341
59,NOSE,0.5359957218170166,0.33042022585868835,-0.13553330302238464
59,LEFT_EYE_INNER,0.539266049861908,0.31125354766845703,-0.1172158271074295
59,LEFT_EYE,0.5381654500961304,0.3096376657485962,-0.11738397181034088
59,LEFT_EYE_OUTER,0.5370311141014099,0.30799388885498047,-0.11749540269374847
59,RIGHT_EYE_INNER,0.5380114316940308,0.31089597940444946,-0.18043801188468933
59,RIGHT_EYE,0.5360440015792847,0.3089926838874817,-0.18046662211418152
59,RIGHT_EYE_OUTER,0.5339182615280151,0.30691277980804443,-0.18062131106853485
59,LEFT_EAR,0.5148499608039856,0.29780733585357666,-0.020089399069547653
59,RIGHT_EAR,0.5088115930557251,0.29504865407943726,-0.3001684844493866
59,MOUTH_LEFT,0.5200082063674927,0.33837607502937317,-0.09046570956707001
59,MOUTH_RIGHT,0.5185800790786743,0.3371429145336151,-0.1727817952632904
59,LEFT_SHOULDER,0.45053035020828247,0.3586985170841217,0.16261647641658783
59,RIGHT_SHOULDER,0.42810505628585815,0.3561151623725891,-0.4170738756656647
59,LEFT_ELBOW,0.4457552433013916,0.47005224227905273,0.25995784997940063
59,RIGHT_ELBOW,0.43376094102859497,0.49042177200317383,-0.45641860365867615
59,LEFT_WRIST,0.4895210266113281,0.5601021647453308,0.1865842640399933
59,RIGHT_WRIST,0.4822178781032562,0.5857409834861755,-0.34157589077949524
59,LEFT_PINKY,0.5035802721977234,0.5838481187820435,0.19461192190647125
59,RIGHT_PINKY,0.4913824498653412,0.6135627031326294,-0.3822060823440552
59,LEFT_INDEX,0.5120714902877808,0.5841912031173706,0.15174677968025208
59,RIGHT_INDEX,0.499625027179718,0.6096630692481995,-0.36465951800346375
59,LEFT_THUMB,0.5053179264068604,0.5786078572273254,0.16340436041355133
59,RIGHT_THUMB,0.4972131848335266,0.6015496253967285,-0.33126914501190186
59,LEFT_HIP,0.33077573776245117,0.5604453086853027,0.16705526411533356
59,RIGHT_HIP,0.29834556579589844,0.561485230922699,-0.16692312061786652
59,LEFT_KNEE,0.340318500995636,0.7211108207702637,0.296031653881073
59,RIGHT_KNEE,0.31766653060913086,0.7259323000907898,-0.04900068789720535
59,LEFT_ANKLE,0.3364408016204834,0.8760964274406433,0.4735023081302643
59,RIGHT_ANKLE,0.3222765326499939,0.9175179600715637,0.0911543145775795
59,LEFT_HEEL,0.318286657333374,0.9038704037666321,0.48588624596595764
59,RIGHT_HEEL,0.30177345871925354,0.9439940452575684,0.0962967500090599
59,LEFT_FOOT_INDEX,0.40766677260398865,0.910724937915802,0.42328840494155884
59,RIGHT_FOOT_INDEX,0.3975609540939331,0.9493424296379089,-0.015546689741313457
60,NOSE,0.5356614589691162,0.3304674029350281,-0.11619939655065536
60,LEFT_EYE_INNER,0.5389504432678223,0.3112482726573944,-0.09735116362571716
60,LEFT_EYE,0.5378416180610657,0.30962929129600525,-0.09751434624195099
60,LEFT_EYE_OUTER,0.5366920828819275,0.30798107385635376,-0.09762028604745865
60,RIGHT_EYE_INNER,0.5377296209335327,0.3108817934989929,-0.15929509699344635
60,RIGHT_EYE,0.5357665419578552,0.3089604675769806,-0.1593467891216278
60,RIGHT_EYE_OUTER,0.5336322784423828,0.3068525791168213,-0.15951776504516602
60,LEFT_EAR,0.5146311521530151,0.29779988527297974,0.0024461233988404274
60,RIGHT_EAR,0.5085693597793579,0.29502421617507935,-0.27364981174468994
60,MOUTH_LEFT,0.5196265578269958,0.33838823437690735,-0.07118330150842667
60,MOUTH_RIGHT,0.5182340741157532,0.3371444344520569,-0.15191097557544708
60,LEFT_SHOULDER,0.4505844712257385,0.35943952202796936,0.1842571347951889
60,RIGHT_SHOULDER,0.42603057622909546,0.35402435064315796,-0.3953770697116852
60,LEFT_ELBOW,0.4446237087249756,0.47472643852233887,0.28398093581199646
60,RIGHT_ELBOW,0.4251628816127777,0.4875970482826233,-0.43609270453453064
60,LEFT_WRIST,0.4913526177406311,0.5661037564277649,0.20818226039409637
60,RIGHT_WRIST,0.4782223701477051,0.5750028491020203,-0.3362894058227539
60,LEFT_PINKY,0.5026429891586304,0.5837398171424866,0.2150580883026123
60,RIGHT_PINKY,0.4908740520477295,0.6062896847724915,-0.3758537173271179
60,LEFT_INDEX,0.515493631362915,0.5864481925964355,0.17320750653743744
60,RIGHT_INDEX,0.4991477429866791,0.602420449256897,-0.3610263466835022
60,LEFT_THUMB,0.5079330205917358,0.5805877447128296,0.18528598546981812
60,RIGHT_THUMB,0.49506744742393494,0.593157947063446,-0.32658815383911133
60,LEFT_HIP,0.33105820417404175,0.5620089173316956,0.16726118326187134
60,RIGHT_HIP,0.2979830205440521,0.5612012147903442,-0.1671125888824463
60,LEFT_KNEE,0.34141916036605835,0.7238441705703735,0.29814380407333374
60,RIGHT_KNEE,0.31555482745170593,0.7270830273628235,-0.0740060806274414
60,LEFT_ANKLE,0.33671197295188904,0.877280592918396,0.4783559739589691
60,RIGHT_ANKLE,0.32220155000686646,0.921412467956543,0.02412838116288185
60,LEFT_HEEL,0.31967467069625854,0.9056195020675659,0.4905424118041992
60,RIGHT_HEEL,0.3021377921104431,0.9465011358261108,0.02472991682589054
60,LEFT_FOOT_INDEX,0.41026973724365234,0.9124044179916382,0.426388680934906
60,RIGHT_FOOT_INDEX,0.3985854685306549,0.9517803192138672,-0.09841213375329971
61,NOSE,0.5342256426811218,0.32995039224624634,-0.11965830624103546
61,LEFT_EYE_INNER,0.5378073453903198,0.3105423152446747,-0.10089435428380966
61,LEFT_EYE,0.5368725657463074,0.30903035402297974,-0.10105438530445099
61,LEFT_EYE_OUTER,0.5358887910842896,0.3074948489665985,-0.10115786641836166
61,RIGHT_EYE_INNER,0.5360141396522522,0.3097175657749176,-0.16268396377563477
61,RIGHT_EYE,0.5337602496147156,0.30755478143692017,-0.16273415088653564
61,RIGHT_EYE_OUTER,0.5312795639038086,0.3052060008049011,-0.16289813816547394
61,LEFT_EAR,0.5141146183013916,0.29733794927597046,0.00046018054126761854
61,RIGHT_EAR,0.5067179203033447,0.2935446798801422,-0.2750301957130432
61,MOUTH_LEFT,0.5187803506851196,0.33787864446640015,-0.07420575618743896
61,MOUTH_RIGHT,0.5165879726409912,0.3361878991127014,-0.15473029017448425
61,LEFT_SHOULDER,0.4515666365623474,0.36018145084381104,0.18374694883823395
61,RIGHT_SHOULDER,0.4232608377933502,0.35175496339797974,-0.39511486887931824
61,LEFT_ELBOW,0.44445616006851196,0.47700104117393494,0.2911149263381958
61,RIGHT_ELBOW,0.4187939167022705,0.4834115505218506,-0.4399649202823639
61,LEFT_WRIST,0.49026575684547424,0.5649436712265015,0.21751359105110168
61,RIGHT_WRIST,0.4744706153869629,0.5661492347717285,-0.3561224043369293
61,LEFT_PINKY,0.5022733807563782,0.583984911441803,0.22411790490150452
61,RIGHT_PINKY,0.4898509383201599,0.6008389592170715,-0.399233877658844
61,LEFT_INDEX,0.5105249285697937,0.5864536762237549,0.18096217513084412
61,RIGHT_INDEX,0.4980817437171936,0.5972011685371399,-0.3858357071876526
61,LEFT_THUMB,0.5087040662765503,0.5820531845092773,0.19441279768943787
61,RIGHT_THUMB,0.49257683753967285,0.5867208242416382,-0.34721988439559937
61,LEFT_HIP,0.3315684199333191,0.5635589361190796,0.16741397976875305
61,RIGHT_HIP,0.2976527810096741,0.5611902475357056,-0.1672571897506714
61,LEFT_KNEE,0.3416101336479187,0.7252654433250427,0.29868483543395996
61,RIGHT_KNEE,0.3140658438205719,0.7280304431915283,-0.08443732559680939
61,LEFT_ANKLE,0.33664530515670776,0.8783686757087708,0.47897857427597046
61,RIGHT_ANKLE,0.3222021460533142,0.9225691556930542,0.011016189120709896
61,LEFT_HEEL,0.31906577944755554,0.9083555936813354,0.49100184440612793
61,RIGHT_HEEL,0.3021586537361145,0.9483529925346375,0.011209269054234028
61,LEFT_FOOT_INDEX,0.4111245274543762,0.9135922193527222,0.4257752001285553
61,RIGHT_FOOT_INDEX,0.399288535118103,0.9530441164970398,-0.11434833705425262
62,NOSE,0.5334839820861816,0.329865038394928,-0.12197870016098022
62,LEFT_EYE_INNER,0.5369966626167297,0.31036823987960815,-0.10327032953500748
62,LEFT_EYE,0.5361290574073792,0.30888640880584717,-0.10342290252447128
62,LEFT_EYE_OUTER,0.5352402925491333,0.30738887190818787,-0.10351534187793732
62,RIGHT_EYE_INNER,0.535090446472168,0.30935975909233093,-0.16486290097236633
62,RIGHT_EYE,0.5327649712562561,0.30707496404647827,-0.16493110358715057
62,RIGHT_EYE_OUTER,0.5301918387413025,0.30460184812545776,-0.16510199010372162
62,LEFT_EAR,0.5138739347457886,0.29731541872024536,-0.0005645827623084188
62,RIGHT_EAR,0.5054483413696289,0.29310375452041626,-0.2772182524204254
62,MOUTH_LEFT,0.5182629227638245,0.3377007246017456,-0.07535135000944138
62,MOUTH_RIGHT,0.5159448385238647,0.33586427569389343,-0.15559092164039612
62,LEFT_SHOULDER,0.45156630873680115,0.36028268933296204,0.18060174584388733
62,RIGHT_SHOULDER,0.42211681604385376,0.3515753149986267,-0.395392507314682
62,LEFT_ELBOW,0.4428803026676178,0.4774106442928314,0.28662288188934326
62,RIGHT_ELBOW,0.4172419011592865,0.48292437195777893,-0.4427762031555176
62,LEFT_WRIST,0.4849458634853363,0.5620971918106079,0.21364572644233704
62,RIGHT_WRIST,0.4734768867492676,0.5666451454162598,-0.36154764890670776
62,LEFT_PINKY,0.5010101199150085,0.5839940905570984,0.22056083381175995
62,RIGHT_PINKY,0.4892651438713074,0.6007784605026245,-0.40479207038879395
62,LEFT_INDEX,0.5067686438560486,0.5864480137825012,0.1771320402622223
62,RIGHT_INDEX,0.49742141366004944,0.5972785949707031,-0.3915298879146576
62,LEFT_THUMB,0.5082594752311707,0.582615315914154,0.19042018055915833
62,RIGHT_THUMB,0.49135130643844604,0.5870199799537659,-0.3527212142944336
62,LEFT_HIP,0.3315998911857605,0.5641372799873352,0.16790103912353516
62,RIGHT_HIP,0.29737383127212524,0.561165988445282,-0.16774006187915802
62,LEFT_KNEE,0.3416954576969147,0.7261562943458557,0.29892852902412415
62,RIGHT_KNEE,0.31333082914352417,0.7291094064712524,-0.08486459404230118
62,LEFT_ANKLE,0.3365195095539093,0.8792816400527954,0.4782291054725647
62,RIGHT_ANKLE,0.3221317231655121,0.923433780670166,0.01518374402076006
62,LEFT_HEEL,0.31845495104789734,0.9102483987808228,0.49000248312950134
62,RIGHT_HEEL,0.3020840883255005,0.9497063755989075,0.015880106016993523
62,LEFT_FOOT_INDEX,0.4115682542324066,0.9144300222396851,0.4237348437309265
62,RIGHT_FOOT_INDEX,0.39940306544303894,0.9539623260498047,-0.10856346040964127
63,NOSE,0.5334463715553284,0.3286269009113312,-0.1403869241476059
63,LEFT_EYE_INNER,0.53685462474823,0.3087879717350006,-0.12328233569860458
63,LEFT_EYE,0.5360069274902344,0.30748385190963745,-0.12343747913837433
63,LEFT_EYE_OUTER,0.5351455807685852,0.30620598793029785,-0.1235455647110939
63,RIGHT_EYE_INNER,0.534889817237854,0.3073059320449829,-0.1838175356388092
63,RIGHT_EYE,0.5325230956077576,0.30484068393707275,-0.18387900292873383
63,RIGHT_EYE_OUTER,0.5298928618431091,0.3022480905056,-0.1840459406375885
63,LEFT_EAR,0.5138420462608337,0.29674118757247925,-0.023559505119919777
63,RIGHT_EAR,0.505110502243042,0.29163089394569397,-0.2944672107696533
63,MOUTH_LEFT,0.5181223750114441,0.33665141463279724,-0.09481234103441238
63,MOUTH_RIGHT,0.5157715082168579,0.3346429765224457,-0.1736888587474823
63,LEFT_SHOULDER,0.45221585035324097,0.3602916896343231,0.1612178087234497
63,RIGHT_SHOULDER,0.42200392484664917,0.35152238607406616,-0.4055781364440918
63,LEFT_ELBOW,0.44186264276504517,0.477206289768219,0.26945918798446655
63,RIGHT_ELBOW,0.4186404347419739,0.4831666946411133,-0.4455859661102295
63,LEFT_WRIST,0.4824950695037842,0.5598057508468628,0.1944848895072937
63,RIGHT_WRIST,0.4739437699317932,0.5678107738494873,-0.3621234893798828
63,LEFT_PINKY,0.500205934047699,0.5840170979499817,0.198537677526474
63,RIGHT_PINKY,0.4892585277557373,0.6011552214622498,-0.4044385552406311
63,LEFT_INDEX,0.5050106048583984,0.586395800113678,0.15608014166355133
63,RIGHT_INDEX,0.49745887517929077,0.5977755188941956,-0.3923313319683075
63,LEFT_THUMB,0.5074509382247925,0.5827143788337708,0.17154940962791443
63,RIGHT_THUMB,0.49150270223617554,0.5874708890914917,-0.3536602258682251
63,LEFT_HIP,0.33278095722198486,0.5642017126083374,0.1668574959039688
63,RIGHT_HIP,0.2973366975784302,0.5608376264572144,-0.16669677197933197
63,LEFT_KNEE,0.3420703411102295,0.72617506980896,0.2993175685405731
63,RIGHT_KNEE,0.31177735328674316,0.7290982604026794,-0.08790387213230133
63,LEFT_ANKLE,0.33648449182510376,0.8793203234672546,0.4783390164375305
63,RIGHT_ANKLE,0.3216065466403961,0.9239795804023743,0.008923743851482868
63,LEFT_HEEL,0.3185548782348633,0.9100370407104492,0.49015283584594727
63,RIGHT_HEEL,0.3021799325942993,0.9496995210647583,0.009110230021178722
63,LEFT_FOOT_INDEX,0.41208258271217346,0.9147470593452454,0.4251047670841217
63,RIGHT_FOOT_INDEX,0.3997364938259125,0.954181969165802,-0.11532722413539886
64,NOSE,0.533457338809967,0.328205406665802,-0.13951736688613892
64,LEFT_EYE_INNER,0.5368491411209106,0.3084326982498169,-0.12248282134532928
64,LEFT_EYE,0.5360012650489807,0.3071626126766205,-0.12263587862253189
64,LEFT_EYE_OUTER,0.5351409912109375,0.30592796206474304,-0.12274114042520523
64,RIGHT_EYE_INNER,0.5348888039588928,0.30692440271377563,-0.1829422563314438
64,RIGHT_EYE,0.5325214266777039,0.30447471141815186,-0.1830083578824997
64,RIGHT_EYE_OUTER,0.5298882126808167,0.30190661549568176,-0.18318010866641998
64,LEFT_EAR,0.5138083696365356,0.2965391278266907,-0.022571364417672157
64,RIGHT_EAR,0.5050840377807617,0.2912370562553406,-0.29367727041244507
64,MOUTH_LEFT,0.5181162357330322,0.3363802134990692,-0.09387330710887909
64,MOUTH_RIGHT,0.5157684087753296,0.33434829115867615,-0.17279063165187836
64,LEFT_SHOULDER,0.45226234197616577,0.36029019951820374,0.16458790004253387
64,RIGHT_SHOULDER,0.42217451333999634,0.35152488946914673,-0.4058879017829895
64,LEFT_ELBOW,0.4398886561393738,0.4772884249687195,0.2709713578224182
64,RIGHT_ELBOW,0.41951459646224976,0.4832523763179779,-0.44583025574684143
64,LEFT_WRIST,0.48062649369239807,0.5584185719490051,0.1945270448923111
64,RIGHT_WRIST,0.4742492139339447,0.5687870383262634,-0.3530782461166382
64,LEFT_PINKY,0.49929603934288025,0.5839446783065796,0.19865338504314423
64,RIGHT_PINKY,0.4892667233943939,0.6014938950538635,-0.3939526677131653
64,LEFT_INDEX,0.5034241676330566,0.5859536528587341,0.15618079900741577
64,RIGHT_INDEX,0.49753737449645996,0.5984433889389038,-0.3819655776023865
64,LEFT_THUMB,0.5069730877876282,0.5829275250434875,0.17155656218528748
64,RIGHT_THUMB,0.49179577827453613,0.5880347490310669,-0.3443683981895447
64,LEFT_HIP,0.33284181356430054,0.5642095804214478,0.16742625832557678
64,RIGHT_HIP,0.29737645387649536,0.5607465505599976,-0.16726869344711304
64,LEFT_KNEE,0.3420283794403076,0.7263846397399902,0.3072702884674072
64,RIGHT_KNEE,0.31159985065460205,0.7294375896453857,-0.08778350055217743
64,LEFT_ANKLE,0.33633536100387573,0.8795172572135925,0.49471601843833923
64,RIGHT_ANKLE,0.32138100266456604,0.92450350522995,0.011937212198972702
64,LEFT_HEEL,0.3182292878627777,0.9107568860054016,0.5074740648269653
64,RIGHT_HEEL,0.3022643029689789,0.9499030113220215,0.01251496933400631
64,LEFT_FOOT_INDEX,0.4123753607273102,0.9151979684829712,0.444296270608902
64,RIGHT_FOOT_INDEX,0.40013474225997925,0.9544597864151001,-0.11132427304983139
65,NOSE,0.5330311059951782,0.32755592465400696,-0.134212926030159
65,LEFT_EYE_INNER,0.5364693999290466,0.307893306016922,-0.116029754281044
65,LEFT_EYE,0.535659670829773,0.30665478110313416,-0.11618164926767349
65,LEFT_EYE_OUTER,0.5348340272903442,0.30544501543045044,-0.11628055572509766
65,RIGHT_EYE_INNER,0.5344160795211792,0.30633917450904846,-0.17743852734565735
65,RIGHT_EYE,0.532025933265686,0.30391305685043335,-0.17749980092048645
65,RIGHT_EYE_OUTER,0.5293818712234497,0.3013809323310852,-0.17766126990318298
65,LEFT_EAR,0.513437807559967,0.2958875000476837,-0.013422613963484764
65,RIGHT_EAR,0.5048231482505798,0.29059791564941406,-0.28925949335098267
65,MOUTH_LEFT,0.5176025629043579,0.33575746417045593,-0.08800768852233887
65,MOUTH_RIGHT,0.5150667428970337,0.33356159925460815,-0.16822895407676697
65,LEFT_SHOULDER,0.45227107405662537,0.36010342836380005,0.17320670187473297
65,RIGHT_SHOULDER,0.4221981167793274,0.3512192666530609,-0.40471944212913513
65,LEFT_ELBOW,0.43906673789024353,0.47717151045799255,0.2798273265361786
65,RIGHT_ELBOW,0.4198683202266693,0.48324427008628845,-0.4464501440525055
65,LEFT_WRIST,0.479548841714859,0.5573122501373291,0.199396014213562
65,RIGHT_WRIST,0.47446703910827637,0.5691629648208618,-0.35743269324302673
65,LEFT_PINKY,0.49874624609947205,0.5839560031890869,0.20317742228507996
65,RIGHT_PINKY,0.48930540680885315,0.6020035743713379,-0.3990669250488281
65,LEFT_INDEX,0.5027961730957031,0.5858604311943054,0.16050446033477783
65,RIGHT_INDEX,0.4976775050163269,0.5986484289169312,-0.3880811333656311
65,LEFT_THUMB,0.5057864785194397,0.5830799341201782,0.17626969516277313
65,RIGHT_THUMB,0.4919049143791199,0.5885815024375916,-0.34910619258880615
65,LEFT_HIP,0.3330491781234741,0.5642122030258179,0.16885556280612946
65,RIGHT_HIP,0.297893226146698,0.5607618689537048,-0.16869957745075226
65,LEFT_KNEE,0.34210270643234253,0.726300060749054,0.31946009397506714
65,RIGHT_KNEE,0.31196507811546326,0.7293699383735657,-0.0994146466255188
65,LEFT_ANKLE,0.33619943261146545,0.8795416951179504,0.5142118334770203
65,RIGHT_ANKLE,0.32087257504463196,0.9249395132064819,-0.014948787167668343
65,LEFT_HEEL,0.31771165132522583,0.9110487103462219,0.5274738073348999
65,RIGHT_HEEL,0.3022438585758209,0.9498888850212097,-0.016140852123498917
65,LEFT_FOOT_INDEX,0.4126889705657959,0.9154294729232788,0.46505483984947205
65,RIGHT_FOOT_INDEX,0.40049704909324646,0.9547210931777954,-0.14284318685531616
66,NOSE,0.5327378511428833,0.3273128867149353,-0.13252969086170197
66,LEFT_EYE_INNER,0.5361331701278687,0.30772754549980164,-0.11393237113952637
66,LEFT_EYE,0.5353280901908875,0.30648910999298096,-0.11408384889364243
66,LEFT_EYE_OUTER,0.5345019698143005,0.3052749037742615,-0.11417947709560394
66,RIGHT_EYE_INNER,0.5340648889541626,0.30618587136268616,-0.1758471429347992
66,RIGHT_EYE,0.5316835045814514,0.3037891387939453,-0.1759084165096283
66,RIGHT_EYE_OUTER,0.529060959815979,0.30129560828208923,-0.17606742680072784
66,LEFT_EAR,0.5129181146621704,0.2955886125564575,-0.010474172420799732
66,RIGHT_EAR,0.5046813488006592,0.29051223397254944,-0.28856131434440613
66,MOUTH_LEFT,0.5173223614692688,0.335520476102829,-0.08609902858734131
66,MOUTH_RIGHT,0.5147523283958435,0.3332737684249878,-0.16700740158557892
66,LEFT_SHOULDER,0.45227622985839844,0.35995790362358093,0.17670688033103943
66,RIGHT_SHOULDER,0.42224884033203125,0.35112830996513367,-0.4049844741821289
66,LEFT_ELBOW,0.4382993280887604,0.47708892822265625,0.2826116979122162
66,RIGHT_ELBOW,0.4202229976654053,0.4833144545555115,-0.44673314690589905
66,LEFT_WRIST,0.4788554310798645,0.5567048192024231,0.20015859603881836
66,RIGHT_WRIST,0.4746376574039459,0.5696441531181335,-0.3587527573108673
66,LEFT_PINKY,0.4982337951660156,0.5839563608169556,0.20401549339294434
66,RIGHT_PINKY,0.4894103407859802,0.60236656665802,-0.4004366397857666
66,LEFT_INDEX,0.502273440361023,0.5857546925544739,0.16123029589653015
66,RIGHT_INDEX,0.49794164299964905,0.5988205075263977,-0.3895609974861145
66,LEFT_THUMB,0.5046898722648621,0.5832313299179077,0.176924929022789
66,RIGHT_THUMB,0.4920005798339844,0.5889907479286194,-0.35044243931770325
66,LEFT_HIP,0.33314990997314453,0.5641888976097107,0.17045199871063232
66,RIGHT_HIP,0.2982823848724365,0.5607635378837585,-0.17030790448188782
66,LEFT_KNEE,0.3420947790145874,0.7261818647384644,0.3290395736694336
66,RIGHT_KNEE,0.3124317526817322,0.7293268442153931,-0.10407805442810059
66,LEFT_ANKLE,0.3361141085624695,0.8794953227043152,0.5288925766944885
66,RIGHT_ANKLE,0.32049503922462463,0.9250420331954956,-0.022190330550074577
66,LEFT_HEEL,0.3174258768558502,0.9110162854194641,0.5426693558692932
66,RIGHT_HEEL,0.3022180497646332,0.9498547315597534,-0.02362949028611183
66,LEFT_FOOT_INDEX,0.41293272376060486,0.915497899055481,0.4809206426143646
66,RIGHT_FOOT_INDEX,0.4006858468055725,0.9548388719558716,-0.15071424841880798
67,NOSE,0.5321329236030579,0.3268149197101593,-0.12282608449459076
67,LEFT_EYE_INNER,0.5353953242301941,0.3072355389595032,-0.10361307859420776
67,LEFT_EYE,0.5346012711524963,0.30600064992904663,-0.10375934839248657
67,LEFT_EYE_OUTER,0.533790647983551,0.30479520559310913,-0.10384826362133026
67,RIGHT_EYE_INNER,0.5333206653594971,0.30572986602783203,-0.16606472432613373
67,RIGHT_EYE,0.5309593677520752,0.3033788502216339,-0.16611404716968536
67,RIGHT_EYE_OUTER,0.528375506401062,0.3009471297264099,-0.16627435386180878
67,LEFT_EAR,0.5124527812004089,0.2952941358089447,0.0007707214681431651
67,RIGHT_EAR,0.5043889284133911,0.29036182165145874,-0.2794552743434906
67,MOUTH_LEFT,0.5168335437774658,0.3348820209503174,-0.07610074430704117
67,MOUTH_RIGHT,0.514268696308136,0.33259040117263794,-0.15779991447925568
67,LEFT_SHOULDER,0.4524194598197937,0.3599552512168884,0.18902559578418732
67,RIGHT_SHOULDER,0.42212849855422974,0.35019034147262573,-0.39995190501213074
67,LEFT_ELBOW,0.43827110528945923,0.47664347290992737,0.2982187271118164
67,RIGHT_ELBOW,0.42046627402305603,0.48217493295669556,-0.4471054971218109
67,LEFT_WRIST,0.47882866859436035,0.5562773942947388,0.2186482697725296
67,RIGHT_WRIST,0.4747507572174072,0.569292426109314,-0.3721277117729187
67,LEFT_PINKY,0.496523916721344,0.5837795734405518,0.22445568442344666
67,RIGHT_PINKY,0.48933106660842896,0.6024829149246216,-0.41512957215309143
67,LEFT_INDEX,0.5022851824760437,0.5856692790985107,0.18164238333702087
67,RIGHT_INDEX,0.49794912338256836,0.5988048911094666,-0.40367627143859863
67,LEFT_THUMB,0.49838313460350037,0.5792301893234253,0.1956903040409088
67,RIGHT_THUMB,0.49211782217025757,0.5889538526535034,-0.3636411130428314
67,LEFT_HIP,0.33342164754867554,0.5640221834182739,0.17201998829841614
67,RIGHT_HIP,0.2983953058719635,0.5600166320800781,-0.17189829051494598
67,LEFT_KNEE,0.3425774574279785,0.7240139245986938,0.33640703558921814
67,RIGHT_KNEE,0.31247594952583313,0.7280470728874207,-0.13532774150371552
67,LEFT_ANKLE,0.3361232280731201,0.878602147102356,0.5414000749588013
67,RIGHT_ANKLE,0.32031527161598206,0.9249774217605591,-0.08505263179540634
67,LEFT_HEEL,0.31768545508384705,0.9095935821533203,0.5556768774986267
67,RIGHT_HEEL,0.3021593689918518,0.9497880935668945,-0.09014968574047089
67,LEFT_FOOT_INDEX,0.4131343364715576,0.9154866933822632,0.4942067563533783
67,RIGHT_FOOT_INDEX,0.400867223739624,0.9548203349113464,-0.22410933673381805
68,NOSE,0.5318880081176758,0.3266828656196594,-0.11334560811519623
68,LEFT_EYE_INNER,0.5350636839866638,0.30711036920547485,-0.09393911808729172
68,LEFT_EYE,0.5342222452163696,0.3058311343193054,-0.09408290684223175
68,LEFT_EYE_OUTER,0.5333645939826965,0.3045768141746521,-0.0941668301820755
68,RIGHT_EYE_INNER,0.533136248588562,0.30568739771842957,-0.1567356288433075
68,RIGHT_EYE,0.5308396816253662,0.3033633530139923,-0.15678147971630096
68,RIGHT_EYE_OUTER,0.5283167362213135,0.30095645785331726,-0.156940758228302
68,LEFT_EAR,0.512148380279541,0.2951353192329407,0.00960866641253233
68,RIGHT_EAR,0.5043800473213196,0.2903765141963959,-0.27195078134536743
68,MOUTH_LEFT,0.5164812803268433,0.3345218896865845,-0.06694261729717255
68,MOUTH_RIGHT,0.5141152143478394,0.3323248028755188,-0.14910373091697693
68,LEFT_SHOULDER,0.45242518186569214,0.35983437299728394,0.19810537993907928
68,RIGHT_SHOULDER,0.42222467064857483,0.35000455379486084,-0.3955225944519043
68,LEFT_ELBOW,0.4379623532295227,0.4729512631893158,0.304599791765213
68,RIGHT_ELBOW,0.42138180136680603,0.4821694493293762,-0.44578084349632263
68,LEFT_WRIST,0.47848206758499146,0.5563137531280518,0.22599045932292938
68,RIGHT_WRIST,0.4750439524650574,0.5695379972457886,-0.36984604597091675
68,LEFT_PINKY,0.4953406751155853,0.5837703347206116,0.23308105766773224
68,RIGHT_PINKY,0.4893379211425781,0.6027368307113647,-0.41239696741104126
68,LEFT_INDEX,0.5021041035652161,0.5856770277023315,0.19012214243412018
68,RIGHT_INDEX,0.49805861711502075,0.5989635586738586,-0.4005607068538666
68,LEFT_THUMB,0.49546942114830017,0.5779783725738525,0.20302966237068176
68,RIGHT_THUMB,0.49232831597328186,0.5891538858413696,-0.36125725507736206
68,LEFT_HIP,0.33342719078063965,0.563705563545227,0.17395026981830597
68,RIGHT_HIP,0.29874470829963684,0.5598706007003784,-0.17385566234588623
68,LEFT_KNEE,0.34261977672576904,0.722919762134552,0.3400731682777405
68,RIGHT_KNEE,0.3125379979610443,0.7277737259864807,-0.13127920031547546
68,LEFT_ANKLE,0.33610862493515015,0.8782469034194946,0.5450727343559265
68,RIGHT_ANKLE,0.3202594816684723,0.9249812960624695,-0.07499723136425018
68,LEFT_HEEL,0.31780827045440674,0.9089082479476929,0.5594983100891113
68,RIGHT_HEEL,0.302156001329422,0.9497731328010559,-0.07933265715837479
68,LEFT_FOOT_INDEX,0.41329509019851685,0.9154758453369141,0.49981409311294556
68,RIGHT_FOOT_INDEX,0.40104803442955017,0.9548529386520386,-0.20972661674022675
69,NOSE,0.5317997336387634,0.32616621255874634,-0.10808603465557098
69,LEFT_EYE_INNER,0.5349500179290771,0.30660054087638855,-0.08845672011375427
69,LEFT_EYE,0.5340937376022339,0.3053303062915802,-0.088600292801857
69,LEFT_EYE_OUTER,0.5332198739051819,0.3040817975997925,-0.08868522197008133
69,RIGHT_EYE_INNER,0.5330501794815063,0.30522310733795166,-0.15165947377681732
69,RIGHT_EYE,0.5307578444480896,0.3029586970806122,-0.15170705318450928
69,RIGHT_EYE_OUTER,0.5282396078109741,0.30061548948287964,-0.15186944603919983
69,LEFT_EAR,0.5120201706886292,0.29480987787246704,0.015482163056731224
69,RIGHT_EAR,0.5043016672134399,0.29016393423080444,-0.26739224791526794
69,MOUTH_LEFT,0.5162981152534485,0.33407771587371826,-0.061548519879579544
69,MOUTH_RIGHT,0.5139831304550171,0.33193033933639526,-0.1440984308719635
69,LEFT_SHOULDER,0.4524303376674652,0.35983893275260925,0.20762649178504944
69,RIGHT_SHOULDER,0.4225676655769348,0.34959477186203003,-0.3956737220287323
69,LEFT_ELBOW,0.4380350708961487,0.4711495339870453,0.3102726340293884
69,RIGHT_ELBOW,0.42260485887527466,0.481617271900177,-0.44471225142478943
69,LEFT_WRIST,0.4785560667514801,0.5559347867965698,0.22669342160224915
69,RIGHT_WRIST,0.4753986895084381,0.5701484084129333,-0.35455232858657837
69,LEFT_PINKY,0.4945707321166992,0.5829137563705444,0.2335529625415802
69,RIGHT_PINKY,0.48934513330459595,0.6037265062332153,-0.395882785320282
69,LEFT_INDEX,0.5018064379692078,0.5850725173950195,0.19101367890834808
69,RIGHT_INDEX,0.498175710439682,0.5991970300674438,-0.38095277547836304
69,LEFT_THUMB,0.4936557412147522,0.5763062238693237,0.20343086123466492
69,RIGHT_THUMB,0.4925786852836609,0.589445173740387,-0.3443361818790436
69,LEFT_HIP,0.3327309489250183,0.5634051561355591,0.17682094871997833
69,RIGHT_HIP,0.2989969253540039,0.5596716403961182,-0.1767401546239853
69,LEFT_KNEE,0.34225326776504517,0.7226760983467102,0.3404741883277893
69,RIGHT_KNEE,0.3129346966743469,0.7277282476425171,-0.12267216295003891
69,LEFT_ANKLE,0.33618155121803284,0.8779430389404297,0.5443044304847717
69,RIGHT_ANKLE,0.3203097879886627,0.9249431490898132,-0.050781674683094025
69,LEFT_HEEL,0.31825879216194153,0.9081140756607056,0.5586590766906738
69,RIGHT_HEEL,0.30217307806015015,0.9496527910232544,-0.05325300246477127
69,LEFT_FOOT_INDEX,0.4123286306858063,0.9151188731193542,0.4975379407405853
69,RIGHT_FOOT_INDEX,0.4012760519981384,0.954841136932373,-0.18084539473056793
70,NOSE,0.5317476391792297,0.32580795884132385,-0.10391326248645782
70,LEFT_EYE_INNER,0.5348743796348572,0.30629634857177734,-0.08429224044084549
70,LEFT_EYE,0.5340023636817932,0.30503058433532715,-0.0844370499253273
70,LEFT_EYE_OUTER,0.5331097841262817,0.3037838339805603,-0.08452300727367401
70,RIGHT_EYE_INNER,0.5330015420913696,0.30496758222579956,-0.14756758511066437
70,RIGHT_EYE,0.5307150483131409,0.3027539551258087,-0.14761212468147278
70,RIGHT_EYE_OUTER,0.528204619884491,0.3004635274410248,-0.14777448773384094
70,LEFT_EAR,0.5118759870529175,0.2946016788482666,0.01941719837486744
70,RIGHT_EAR,0.504262387752533,0.2900845408439636,-0.2636670172214508
70,MOUTH_LEFT,0.5161731839179993,0.3337617516517639,-0.0574529655277729
70,MOUTH_RIGHT,0.5138804912567139,0.3316355347633362,-0.14005473256111145
70,LEFT_SHOULDER,0.4524751305580139,0.3598409593105316,0.21076209843158722
70,RIGHT_SHOULDER,0.42277297377586365,0.3493974804878235,-0.39350467920303345
70,LEFT_ELBOW,0.43961653113365173,0.4712018072605133,0.31406235694885254
70,RIGHT_ELBOW,0.4230862557888031,0.4813097417354584,-0.44342485070228577
70,LEFT_WRIST,0.47859662771224976,0.5562231540679932,0.23383578658103943
70,RIGHT_WRIST,0.4754612445831299,0.5715852975845337,-0.35405898094177246
70,LEFT_PINKY,0.4950779974460602,0.5834301114082336,0.24155716598033905
70,RIGHT_PINKY,0.48928457498550415,0.6050589084625244,-0.3956998586654663
70,LEFT_INDEX,0.5018753409385681,0.5852558016777039,0.19887809455394745
70,RIGHT_INDEX,0.49815884232521057,0.6006059646606445,-0.3807118535041809
70,LEFT_THUMB,0.49358564615249634,0.576511025428772,0.21067900955677032
70,RIGHT_THUMB,0.49262872338294983,0.5903333425521851,-0.3438917100429535
70,LEFT_HIP,0.33223721385002136,0.5633217096328735,0.17770841717720032
70,RIGHT_HIP,0.2992932200431824,0.559665858745575,-0.17762741446495056
70,LEFT_KNEE,0.3416793644428253,0.7226723432540894,0.33691784739494324
70,RIGHT_KNEE,0.31339555978775024,0.7277759313583374,-0.11956135928630829
70,LEFT_ANKLE,0.33616238832473755,0.8779764175415039,0.5368173122406006
70,RIGHT_ANKLE,0.32031649351119995,0.9250351190567017,-0.04364842176437378
70,LEFT_HEEL,0.31801170110702515,0.9086312055587769,0.5507552027702332
70,RIGHT_HEEL,0.302176296710968,0.9496215581893921,-0.04564826935529709
70,LEFT_FOOT_INDEX,0.41266879439353943,0.9152921438217163,0.489218533039093
70,RIGHT_FOOT_INDEX,0.40160107612609863,0.9549776911735535,-0.17299161851406097
71,NOSE,0.5316945314407349,0.3254811763763428,-0.10696395486593246
71,LEFT_EYE_INNER,0.5347806215286255,0.30588462948799133,-0.08747391402721405
71,LEFT_EYE,0.5338773131370544,0.304574191570282,-0.08762019872665405
71,LEFT_EYE_OUTER,0.5329527258872986,0.303293913602829,-0.08770734071731567
71,RIGHT_EYE_INNER,0.5329827070236206,0.30463477969169617,-0.15080443024635315
71,RIGHT_EYE,0.5307133793830872,0.3024367094039917,-0.15085062384605408
71,RIGHT_EYE_OUTER,0.5282115340232849,0.300174742937088,-0.15101367235183716
71,LEFT_EAR,0.5116754770278931,0.2942240238189697,0.01687980629503727
71,RIGHT_EAR,0.5042200684547424,0.2899206280708313,-0.26672905683517456
71,MOUTH_LEFT,0.5159072875976562,0.33328503370285034,-0.06029481813311577
71,MOUTH_RIGHT,0.5137231945991516,0.3312832713127136,-0.1430281549692154
71,LEFT_SHOULDER,0.45251065492630005,0.3595636785030365,0.2090567797422409
71,RIGHT_SHOULDER,0.4227530360221863,0.3493269085884094,-0.39440545439720154
71,LEFT_ELBOW,0.43957948684692383,0.4696182310581207,0.30998605489730835
71,RIGHT_ELBOW,0.42263922095298767,0.4813525080680847,-0.4428444504737854
71,LEFT_WRIST,0.47852078080177307,0.5561788082122803,0.22883541882038116
71,RIGHT_WRIST,0.47552385926246643,0.5729691982269287,-0.35198304057121277
71,LEFT_PINKY,0.49514108896255493,0.5834436416625977,0.23469381034374237
71,RIGHT_PINKY,0.48924651741981506,0.605841875076294,-0.39321020245552063
71,LEFT_INDEX,0.5017174482345581,0.5852261185646057,0.19321367144584656
71,RIGHT_INDEX,0.4981563985347748,0.6008421778678894,-0.379295289516449
71,LEFT_THUMB,0.49291831254959106,0.5762662291526794,0.20615918934345245
71,RIGHT_THUMB,0.4927191138267517,0.5910932421684265,-0.34231194853782654
71,LEFT_HIP,0.3322051465511322,0.5632831454277039,0.17752107977867126
71,RIGHT_HIP,0.29948917031288147,0.559669017791748,-0.17744353413581848
71,LEFT_KNEE,0.34166058897972107,0.7226492166519165,0.33482831716537476
71,RIGHT_KNEE,0.3147699236869812,0.727767825126648,-0.11399483680725098
71,LEFT_ANKLE,0.3362193703651428,0.877612292766571,0.5332133173942566
71,RIGHT_ANKLE,0.32049208879470825,0.9249807596206665,-0.031121764332056046
71,LEFT_HEEL,0.3183371424674988,0.9076863527297974,0.5470044612884521
71,RIGHT_HEEL,0.3024304509162903,0.9491822123527527,-0.03199676424264908
71,LEFT_FOOT_INDEX,0.4129346013069153,0.9152225255966187,0.4858766496181488
71,RIGHT_FOOT_INDEX,0.4023255407810211,0.9549548029899597,-0.154976487159729
72,NOSE,0.5316941142082214,0.3256151080131531,-0.1334221065044403
72,LEFT_EYE_INNER,0.5347799062728882,0.3063270151615143,-0.1150326356291771
72,LEFT_EYE,0.533877968788147,0.3049688935279846,-0.11518726497888565
72,LEFT_EYE_OUTER,0.5329530239105225,0.3036111295223236,-0.11529149860143661
72,RIGHT_EYE_INNER,0.5329667329788208,0.3050520122051239,-0.17702849209308624
72,RIGHT_EYE,0.5306910872459412,0.3028228282928467,-0.1770671159029007
72,RIGHT_EYE_OUTER,0.5281778573989868,0.3005141615867615,-0.17721962928771973
72,LEFT_EAR,0.5116147398948669,0.2943115830421448,-0.013193868100643158
72,RIGHT_EAR,0.5041692852973938,0.29012414813041687,-0.2909426987171173
72,MOUTH_LEFT,0.5159479975700378,0.33331388235092163,-0.08757676184177399
72,MOUTH_RIGHT,0.5137251615524292,0.33129221200942993,-0.1685638129711151
72,LEFT_SHOULDER,0.45274263620376587,0.35947397351264954,0.17118951678276062
72,RIGHT_SHOULDER,0.42097049951553345,0.3493475317955017,-0.4054785370826721
72,LEFT_ELBOW,0.4396427571773529,0.4687437117099762,0.2816559672355652
72,RIGHT_ELBOW,0.4210134446620941,0.4811020791530609,-0.4583142399787903
72,LEFT_WRIST,0.4785575866699219,0.5554511547088623,0.20788224041461945
72,RIGHT_WRIST,0.47542962431907654,0.5680018067359924,-0.38170403242111206
72,LEFT_PINKY,0.4960922598838806,0.5833645462989807,0.21439635753631592
72,RIGHT_PINKY,0.48937496542930603,0.6028196215629578,-0.4244597554206848
72,LEFT_INDEX,0.5072399973869324,0.5840831398963928,0.17167417705059052
72,RIGHT_INDEX,0.49826520681381226,0.5975118279457092,-0.41188836097717285
72,LEFT_THUMB,0.5045052766799927,0.577458918094635,0.1850261688232422
72,RIGHT_THUMB,0.4928361773490906,0.5856388211250305,-0.37323492765426636
72,LEFT_HIP,0.3339479863643646,0.5636178255081177,0.17405973374843597
72,RIGHT_HIP,0.2994846701622009,0.5597832202911377,-0.17393717169761658
72,LEFT_KNEE,0.34245502948760986,0.7232889533042908,0.32642862200737
72,RIGHT_KNEE,0.3165861964225769,0.7286152839660645,-0.10855276882648468
72,LEFT_ANKLE,0.33625224232673645,0.8770844340324402,0.5198367834091187
72,RIGHT_ANKLE,0.3185310363769531,0.9249584078788757,-0.025211786851286888
72,LEFT_HEEL,0.3184121549129486,0.9064828157424927,0.5328816771507263
72,RIGHT_HEEL,0.30108821392059326,0.9491754770278931,-0.026335731148719788
72,LEFT_FOOT_INDEX,0.4123888611793518,0.9142128229141235,0.4709491729736328
72,RIGHT_FOOT_INDEX,0.4023204743862152,0.9549388885498047,-0.14983613789081573
73,NOSE,0.5316954851150513,0.3256933093070984,-0.13922515511512756
73,LEFT_EYE_INNER,0.5347605347633362,0.30658072233200073,-0.12125431001186371
73,LEFT_EYE,0.5338623523712158,0.30521857738494873,-0.12141011655330658
73,LEFT_EYE_OUTER,0.5329393148422241,0.303841769695282,-0.12152300029993057
73,RIGHT_EYE_INNER,0.5329185724258423,0.30524754524230957,-0.1824457347393036
73,RIGHT_EYE,0.5306296348571777,0.30298981070518494,-0.1824798285961151
73,RIGHT_EYE_OUTER,0.5281042456626892,0.300653874874115,-0.18262970447540283
73,LEFT_EAR,0.5115896463394165,0.294623464345932,-0.02071503922343254
73,RIGHT_EAR,0.504128098487854,0.29045888781547546,-0.29472991824150085
73,MOUTH_LEFT,0.5159991979598999,0.33335500955581665,-0.0938023179769516
73,MOUTH_RIGHT,0.5137342214584351,0.3313124179840088,-0.17367182672023773
73,LEFT_SHOULDER,0.452974796295166,0.359829843044281,0.16094081103801727
73,RIGHT_SHOULDER,0.41981929540634155,0.34943467378616333,-0.4065883755683899
73,LEFT_ELBOW,0.44084519147872925,0.4709283411502838,0.27115482091903687
73,RIGHT_ELBOW,0.419929563999176,0.4810573160648346,-0.4569268822669983
73,LEFT_WRIST,0.4810265004634857,0.5562414526939392,0.19838789105415344
73,RIGHT_WRIST,0.475464403629303,0.5667177438735962,-0.37674835324287415
73,LEFT_PINKY,0.49736231565475464,0.5834521055221558,0.20394428074359894
73,RIGHT_PINKY,0.4899516999721527,0.6014829874038696,-0.41900715231895447
73,LEFT_INDEX,0.5102466344833374,0.5839844942092896,0.16148558259010315
73,RIGHT_INDEX,0.4988648295402527,0.596121609210968,-0.40641188621520996
73,LEFT_THUMB,0.5090162754058838,0.5794294476509094,0.1756020188331604
73,RIGHT_THUMB,0.4930947422981262,0.5847407579421997,-0.36817067861557007
73,LEFT_HIP,0.3345068395137787,0.5641754269599915,0.17041531205177307
73,RIGHT_HIP,0.29954010248184204,0.5599132776260376,-0.17025956511497498
73,LEFT_KNEE,0.34248241782188416,0.7243183851242065,0.3098231256008148
73,RIGHT_KNEE,0.3178824782371521,0.7300806641578674,-0.0949767604470253
73,LEFT_ANKLE,0.3357688784599304,0.8770988583564758,0.4917798638343811
73,RIGHT_ANKLE,0.31784871220588684,0.9249496459960938,0.0023786104284226894
73,LEFT_HEEL,0.31746190786361694,0.906549334526062,0.5038016438484192
73,RIGHT_HEEL,0.30043861269950867,0.9492481350898743,0.0030217573512345552
73,LEFT_FOOT_INDEX,0.41099971532821655,0.9137666821479797,0.4416844844818115
73,RIGHT_FOOT_INDEX,0.4023321270942688,0.9549330472946167,-0.11696354299783707
74,NOSE,0.5315917730331421,0.32570186257362366,-0.14166012406349182
74,LEFT_EYE_INNER,0.5346255898475647,0.30668869614601135,-0.12376545369625092
74,LEFT_EYE,0.5337586998939514,0.3053438067436218,-0.12392089515924454
74,LEFT_EYE_OUTER,0.5328612327575684,0.30397847294807434,-0.12403537333011627
74,RIGHT_EYE_INNER,0.5326531529426575,0.30530133843421936,-0.18469873070716858
74,RIGHT_EYE,0.530310869216919,0.30302873253822327,-0.18473076820373535
74,RIGHT_EYE_OUTER,0.5277339220046997,0.30068087577819824,-0.18487951159477234
74,LEFT_EAR,0.5115568041801453,0.2948630750179291,-0.023399362340569496
74,RIGHT_EAR,0.5039215087890625,0.2906019389629364,-0.2962086796760559
74,MOUTH_LEFT,0.5159950256347656,0.33336424827575684,-0.09630419313907623
74,MOUTH_RIGHT,0.5136314630508423,0.3313075006008148,-0.1758098006248474
74,LEFT_SHOULDER,0.45314207673072815,0.3599070906639099,0.15772134065628052
74,RIGHT_SHOULDER,0.41905584931373596,0.34945496916770935,-0.4071415066719055
74,LEFT_ELBOW,0.44169148802757263,0.4723440706729889,0.26639318466186523
74,RIGHT_ELBOW,0.41913285851478577,0.4810330271720886,-0.4560367465019226
74,LEFT_WRIST,0.482990026473999,0.5566331744194031,0.19185635447502136
74,RIGHT_WRIST,0.47548985481262207,0.5658470988273621,-0.37400946021080017
74,LEFT_PINKY,0.49843063950538635,0.5834497809410095,0.19672977924346924
74,RIGHT_PINKY,0.4905529022216797,0.6004529595375061,-0.4160798192024231
74,LEFT_INDEX,0.5120788216590881,0.5836545825004578,0.15420424938201904
74,RIGHT_INDEX,0.49941879510879517,0.5949474573135376,-0.4033862054347992
74,LEFT_THUMB,0.5119936466217041,0.5807989835739136,0.16890892386436462
74,RIGHT_THUMB,0.494528204202652,0.5834537744522095,-0.3653373122215271
74,LEFT_HIP,0.33505702018737793,0.564430296421051,0.1683274805545807
74,RIGHT_HIP,0.2995728552341461,0.5599424242973328,-0.1681593507528305
74,LEFT_KNEE,0.3425063490867615,0.7248317003250122,0.3042435050010681
74,RIGHT_KNEE,0.31867653131484985,0.7306495904922485,-0.09023749828338623
74,LEFT_ANKLE,0.3355399966239929,0.877100944519043,0.4845364987850189
74,RIGHT_ANKLE,0.3174245059490204,0.9249483346939087,0.009269685484468937
74,LEFT_HEEL,0.3170783221721649,0.9066221117973328,0.49640554189682007
74,RIGHT_HEEL,0.3000791668891907,0.9492926597595215,0.010048484429717064
74,LEFT_FOOT_INDEX,0.41026586294174194,0.9132081270217896,0.4337703585624695
74,RIGHT_FOOT_INDEX,0.40234702825546265,0.9549161195755005,-0.1102621927857399
75,NOSE,0.531519889831543,0.32612547278404236,-0.12834446132183075
75,LEFT_EYE_INNER,0.5345711708068848,0.3073464035987854,-0.11049485206604004
75,LEFT_EYE,0.5337000489234924,0.3059542775154114,-0.11065252870321274
75,LEFT_EYE_OUTER,0.5327963829040527,0.30451858043670654,-0.1107659563422203
75,RIGHT_EYE_INNER,0.5326243042945862,0.3060700297355652,-0.1714949756860733
75,RIGHT_EYE,0.530297040939331,0.30385005474090576,-0.17152193188667297
75,RIGHT_EYE_OUTER,0.5277329087257385,0.3015446066856384,-0.17167624831199646
75,LEFT_EAR,0.5114585757255554,0.29511401057243347,-0.012621154077351093
75,RIGHT_EAR,0.5039355158805847,0.2914164364337921,-0.28514569997787476
75,MOUTH_LEFT,0.5159953832626343,0.33383461833000183,-0.08404289931058884
75,MOUTH_RIGHT,0.5136334896087646,0.3318341374397278,-0.16347044706344604
75,LEFT_SHOULDER,0.45290130376815796,0.3597806394100189,0.1661616563796997
75,RIGHT_SHOULDER,0.4195575714111328,0.3497803807258606,-0.4014078676700592
75,LEFT_ELBOW,0.4425545334815979,0.47335657477378845,0.26939234137535095
75,RIGHT_ELBOW,0.4209510385990143,0.4810423254966736,-0.4455699324607849
75,LEFT_WRIST,0.48428383469581604,0.5570489168167114,0.19437479972839355
75,RIGHT_WRIST,0.47627773880958557,0.566890299320221,-0.350483775138855
75,LEFT_PINKY,0.5033305287361145,0.5838587880134583,0.19915175437927246
75,RIGHT_PINKY,0.49142903089523315,0.6006413698196411,-0.39065054059028625
75,LEFT_INDEX,0.5139343738555908,0.5834259390830994,0.15665307641029358
75,RIGHT_INDEX,0.5006723999977112,0.5956627726554871,-0.37577304244041443
75,LEFT_THUMB,0.5161328315734863,0.5824561715126038,0.17149493098258972
75,RIGHT_THUMB,0.4957110285758972,0.5849058628082275,-0.3409498333930969
75,LEFT_HIP,0.3349573612213135,0.5644186735153198,0.16846466064453125
75,RIGHT_HIP,0.2996366322040558,0.5601142048835754,-0.16829964518547058
75,LEFT_KNEE,0.34234297275543213,0.7258175015449524,0.2977129817008972
75,RIGHT_KNEE,0.3190683126449585,0.7323839068412781,-0.0841236412525177
75,LEFT_ANKLE,0.33473628759384155,0.878272533416748,0.4691615700721741
75,RIGHT_ANKLE,0.3170371651649475,0.9250396490097046,0.02535981498658657
75,LEFT_HEEL,0.31652772426605225,0.9073923230171204,0.48009616136550903
75,RIGHT_HEEL,0.29881176352500916,0.9494792222976685,0.02748328074812889
75,LEFT_FOOT_INDEX,0.4099218249320984,0.9130216836929321,0.41724228858947754
75,RIGHT_FOOT_INDEX,0.4024023115634918,0.954919695854187,-0.08938820660114288
76,NOSE,0.5314529538154602,0.3263074457645416,-0.12157009541988373
76,LEFT_EYE_INNER,0.5345207452774048,0.30764082074165344,-0.10339301824569702
76,LEFT_EYE,0.5336512923240662,0.30624282360076904,-0.10354937613010406
76,LEFT_EYE_OUTER,0.5327478647232056,0.3047860860824585,-0.10365959256887436
76,RIGHT_EYE_INNER,0.5325790047645569,0.3063681423664093,-0.164713054895401
76,RIGHT_EYE,0.5302596688270569,0.3041572570800781,-0.16473928093910217
76,RIGHT_EYE_OUTER,0.5277062058448792,0.30185142159461975,-0.16489720344543457
76,LEFT_EAR,0.5114058256149292,0.29523274302482605,-0.004721165169030428
76,RIGHT_EAR,0.5039342045783997,0.29167935252189636,-0.27861788868904114
76,MOUTH_LEFT,0.5159929990768433,0.33406463265419006,-0.07700185477733612
76,MOUTH_RIGHT,0.5136276483535767,0.3320467174053192,-0.15682823956012726
76,LEFT_SHOULDER,0.45280274748802185,0.3597610294818878,0.1755952388048172
76,RIGHT_SHOULDER,0.4198203980922699,0.3498400151729584,-0.39784085750579834
76,LEFT_ELBOW,0.44300732016563416,0.47435179352760315,0.2748759090900421
76,RIGHT_ELBOW,0.42154422402381897,0.48104745149612427,-0.4424440860748291
76,LEFT_WRIST,0.4854007363319397,0.5576664209365845,0.1997576504945755
76,RIGHT_WRIST,0.47680193185806274,0.5675045251846313,-0.3502599596977234
76,LEFT_PINKY,0.505705714225769,0.5843397974967957,0.2059696465730667
76,RIGHT_PINKY,0.4919770658016205,0.6007717847824097,-0.3910311460494995
76,LEFT_INDEX,0.5149284601211548,0.583322286605835,0.16295452415943146
76,RIGHT_INDEX,0.5013771653175354,0.595767617225647,-0.37589210271835327
76,LEFT_THUMB,0.5183880925178528,0.5836465954780579,0.17645350098609924
76,RIGHT_THUMB,0.49652233719825745,0.5854017734527588,-0.34065425395965576
76,LEFT_HIP,0.33494898676872253,0.5644123554229736,0.16851100325584412
76,RIGHT_HIP,0.2996808588504791,0.5602109432220459,-0.16833794116973877
76,LEFT_KNEE,0.34220439195632935,0.7264934182167053,0.2985104024410248
76,RIGHT_KNEE,0.3193354308605194,0.7334664463996887,-0.08357933908700943
76,LEFT_ANKLE,0.33411145210266113,0.8789036870002747,0.47281724214553833
76,RIGHT_ANKLE,0.3166658878326416,0.9251936674118042,0.025523999705910683
76,LEFT_HEEL,0.3160926103591919,0.9078472852706909,0.4841344356536865
76,RIGHT_HEEL,0.29797911643981934,0.9497382044792175,0.027569998055696487
76,LEFT_FOOT_INDEX,0.40965136885643005,0.9128978848457336,0.42135459184646606
76,RIGHT_FOOT_INDEX,0.4024578928947449,0.9549300074577332,-0.09034682810306549
77,NOSE,0.5312000513076782,0.3266131281852722,-0.12140943855047226
77,LEFT_EYE_INNER,0.5342646837234497,0.3079293966293335,-0.10313687473535538
77,LEFT_EYE,0.5334157347679138,0.3065132796764374,-0.10329481214284897
77,LEFT_EYE_OUTER,0.5325347185134888,0.30502748489379883,-0.10340561717748642
77,RIGHT_EYE_INNER,0.5321469306945801,0.30660197138786316,-0.16475728154182434
77,RIGHT_EYE,0.52970290184021,0.3043370544910431,-0.16478601098060608
77,RIGHT_EYE_OUTER,0.5270200967788696,0.3019710183143616,-0.16494935750961304
77,LEFT_EAR,0.5111472606658936,0.29530102014541626,-0.0031502980273216963
77,RIGHT_EAR,0.5033265352249146,0.2917102873325348,-0.27869299054145813
77,MOUTH_LEFT,0.515936017036438,0.334444522857666,-0.07628287374973297
77,MOUTH_RIGHT,0.5134645700454712,0.33235788345336914,-0.15658943355083466
77,LEFT_SHOULDER,0.4527755379676819,0.36017292737960815,0.17923107743263245
77,RIGHT_SHOULDER,0.41988569498062134,0.35015517473220825,-0.3980664908885956
77,LEFT_ELBOW,0.44467824697494507,0.4771849513053894,0.282116562128067
77,RIGHT_ELBOW,0.42155686020851135,0.4810318052768707,-0.4431563913822174
77,LEFT_WRIST,0.4872158169746399,0.5595200061798096,0.2077561914920807
77,RIGHT_WRIST,0.47691091895103455,0.5681594610214233,-0.3586879372596741
77,LEFT_PINKY,0.5090223550796509,0.5852579474449158,0.21513381600379944
77,RIGHT_PINKY,0.4924548268318176,0.6008373498916626,-0.4019632935523987
77,LEFT_INDEX,0.5224071741104126,0.5838465094566345,0.1706020087003708
77,RIGHT_INDEX,0.5019420981407166,0.5958818197250366,-0.38453030586242676
77,LEFT_THUMB,0.524217963218689,0.5854990482330322,0.1837647557258606
77,RIGHT_THUMB,0.49709099531173706,0.585963249206543,-0.34856116771698
77,LEFT_HIP,0.3345221281051636,0.5663048028945923,0.1686454713344574
77,RIGHT_HIP,0.2993074059486389,0.5616293549537659,-0.16846853494644165
77,LEFT_KNEE,0.34239286184310913,0.7283533811569214,0.29724395275115967
77,RIGHT_KNEE,0.3193044364452362,0.7358987331390381,-0.07585012912750244
77,LEFT_ANKLE,0.33388227224349976,0.8810720443725586,0.4723786413669586
77,RIGHT_ANKLE,0.3166911005973816,0.9254228472709656,0.04671352356672287
77,LEFT_HEEL,0.3159272074699402,0.9089714884757996,0.4839826226234436
77,RIGHT_HEEL,0.2980234622955322,0.9501175880432129,0.05031256750226021
77,LEFT_FOOT_INDEX,0.4095998704433441,0.9132044911384583,0.41989606618881226
77,RIGHT_FOOT_INDEX,0.40289539098739624,0.9549263715744019,-0.06797121465206146
78,NOSE,0.5310037136077881,0.3269089460372925,-0.1184156984090805
78,LEFT_EYE_INNER,0.5340805649757385,0.3081791400909424,-0.09973570704460144
78,LEFT_EYE,0.5332401990890503,0.3067343533039093,-0.09989504516124725
78,LEFT_EYE_OUTER,0.5323673486709595,0.30521243810653687,-0.10000363737344742
78,RIGHT_EYE_INNER,0.5318824052810669,0.3068484663963318,-0.16182368993759155
78,RIGHT_EYE,0.5293822884559631,0.3045502007007599,-0.1618562787771225
78,RIGHT_EYE_OUTER,0.5266443490982056,0.30214160680770874,-0.16202512383460999
78,LEFT_EAR,0.5108945369720459,0.29533547163009644,0.0017678471049293876
78,RIGHT_EAR,0.5029100775718689,0.29176515340805054,-0.2758578658103943
78,MOUTH_LEFT,0.5158430337905884,0.33477479219436646,-0.0727483257651329
78,MOUTH_RIGHT,0.5133088231086731,0.33266502618789673,-0.15362784266471863
78,LEFT_SHOULDER,0.45271292328834534,0.36023569107055664,0.18549969792366028
78,RIGHT_SHOULDER,0.41992419958114624,0.3506126403808594,-0.3965769410133362
78,LEFT_ELBOW,0.44660648703575134,0.47813042998313904,0.2883649468421936
78,RIGHT_ELBOW,0.421522319316864,0.48115935921669006,-0.44232749938964844
78,LEFT_WRIST,0.493251234292984,0.5619054436683655,0.21097509562969208
78,RIGHT_WRIST,0.4769821763038635,0.5684314370155334,-0.35740339756011963
78,LEFT_PINKY,0.5125051736831665,0.5848497152328491,0.21794864535331726
78,RIGHT_PINKY,0.49264463782310486,0.6009899377822876,-0.40046340227127075
78,LEFT_INDEX,0.5250635147094727,0.5839275121688843,0.173274427652359
78,RIGHT_INDEX,0.502225935459137,0.5959938764572144,-0.383590430021286
78,LEFT_THUMB,0.5282379984855652,0.5857271552085876,0.18682590126991272
78,RIGHT_THUMB,0.49739083647727966,0.5860316157341003,-0.3473874032497406
78,LEFT_HIP,0.3342798054218292,0.5667632222175598,0.16922764480113983
78,RIGHT_HIP,0.29925858974456787,0.5624233484268188,-0.16904877126216888
78,LEFT_KNEE,0.3423798978328705,0.7293569445610046,0.29874441027641296
78,RIGHT_KNEE,0.31928735971450806,0.7374707460403442,-0.07789693772792816
78,LEFT_ANKLE,0.33363574743270874,0.8820511698722839,0.47801336646080017
78,RIGHT_ANKLE,0.3165515959262848,0.9260135889053345,0.03805413842201233
78,LEFT_HEEL,0.3157185912132263,0.9097970724105835,0.4899582266807556
78,RIGHT_HEEL,0.297892689704895,0.9510329365730286,0.04076247289776802
78,LEFT_FOOT_INDEX,0.40922975540161133,0.9134107828140259,0.4266100823879242
78,RIGHT_FOOT_INDEX,0.40289515256881714,0.9549339413642883,-0.07885806262493134
79,NOSE,0.5319820642471313,0.32689839601516724,-0.13513648509979248
79,LEFT_EYE_INNER,0.5347506999969482,0.3079093098640442,-0.11645136028528214
79,LEFT_EYE,0.5338396430015564,0.3063981533050537,-0.1166197657585144
79,LEFT_EYE_OUTER,0.5328826308250427,0.30481091141700745,-0.11673825979232788
79,RIGHT_EYE_INNER,0.5326975584030151,0.30673748254776,-0.17920154333114624
79,RIGHT_EYE,0.5302586555480957,0.30447694659233093,-0.17925132811069489
79,RIGHT_EYE_OUTER,0.5275880098342896,0.30209699273109436,-0.1794331818819046
79,LEFT_EAR,0.5109032988548279,0.29504331946372986,-0.01279074139893055
79,RIGHT_EAR,0.5033969283103943,0.2917625308036804,-0.29314330220222473
79,MOUTH_LEFT,0.5167816281318665,0.33483749628067017,-0.08839689195156097
79,MOUTH_RIGHT,0.5144868493080139,0.3328440189361572,-0.17009711265563965
79,LEFT_SHOULDER,0.4527796804904938,0.3602781295776367,0.17387506365776062
79,RIGHT_SHOULDER,0.4196145534515381,0.35131874680519104,-0.40938514471054077
79,LEFT_ELBOW,0.44712918996810913,0.47893595695495605,0.28169509768486023
79,RIGHT_ELBOW,0.42045435309410095,0.4826449453830719,-0.4549759328365326
79,LEFT_WRIST,0.5045598745346069,0.5690293312072754,0.2055797129869461
79,RIGHT_WRIST,0.47678107023239136,0.5686075091362,-0.3732087314128876
79,LEFT_PINKY,0.5140286684036255,0.5848070383071899,0.21267759799957275
79,RIGHT_PINKY,0.4926261007785797,0.6010313034057617,-0.41637229919433594
79,LEFT_INDEX,0.5262756943702698,0.5841086506843567,0.1681114286184311
79,RIGHT_INDEX,0.5021566152572632,0.5957609415054321,-0.4011044502258301
79,LEFT_THUMB,0.5287356376647949,0.5861786603927612,0.1813913881778717
79,RIGHT_THUMB,0.497415691614151,0.5861872434616089,-0.36385488510131836
79,LEFT_HIP,0.3347878158092499,0.5675309300422668,0.16922257840633392
79,RIGHT_HIP,0.2989766001701355,0.5626655220985413,-0.16904695332050323
79,LEFT_KNEE,0.3425537049770355,0.7299864292144775,0.30322372913360596
79,RIGHT_KNEE,0.3187231421470642,0.7371864318847656,-0.07525385916233063
79,LEFT_ANKLE,0.3337400555610657,0.8820292353630066,0.49390000104904175
79,RIGHT_ANKLE,0.31640344858169556,0.9260116815567017,0.04493056982755661
79,LEFT_HEEL,0.31584447622299194,0.9098879098892212,0.507243812084198
79,RIGHT_HEEL,0.29787686467170715,0.9509724378585815,0.04806249961256981
79,LEFT_FOOT_INDEX,0.4092350900173187,0.9143587350845337,0.44288402795791626
79,RIGHT_FOOT_INDEX,0.4027651250362396,0.9549415707588196,-0.07369831204414368
80,NOSE,0.5323663949966431,0.32676392793655396,-0.14581680297851562
80,LEFT_EYE_INNER,0.5349894165992737,0.3073795437812805,-0.1274927258491516
80,LEFT_EYE,0.534063458442688,0.3058585226535797,-0.12766213715076447
80,LEFT_EYE_OUTER,0.5330826044082642,0.3042760491371155,-0.12778343260288239
80,RIGHT_EYE_INNER,0.532925546169281,0.306377112865448,-0.19007006287574768
80,RIGHT_EYE,0.5304799675941467,0.30419832468032837,-0.19011852145195007
80,RIGHT_EYE_OUTER,0.5278065204620361,0.30189117789268494,-0.19029948115348816
80,LEFT_EAR,0.510892927646637,0.29487136006355286,-0.0240144282579422
80,RIGHT_EAR,0.5034992694854736,0.29175639152526855,-0.3036346733570099
80,MOUTH_LEFT,0.517109751701355,0.33484265208244324,-0.09900890290737152
80,MOUTH_RIGHT,0.5148425102233887,0.3328845500946045,-0.1805129051208496
80,LEFT_SHOULDER,0.4529244005680084,0.3603163957595825,0.1621856391429901
80,RIGHT_SHOULDER,0.4193578362464905,0.35174310207366943,-0.41653355956077576
80,LEFT_ELBOW,0.4479030668735504,0.47922953963279724,0.27251026034355164
80,RIGHT_ELBOW,0.4204358458518982,0.48366492986679077,-0.46330294013023376
80,LEFT_WRIST,0.508538544178009,0.5719033479690552,0.19849224388599396
80,RIGHT_WRIST,0.47702836990356445,0.5696142911911011,-0.38609158992767334
80,LEFT_PINKY,0.5156418085098267,0.584781289100647,0.20537039637565613
80,RIGHT_PINKY,0.4926987290382385,0.6011525392532349,-0.43004804849624634
80,LEFT_INDEX,0.5278217196464539,0.5842047929763794,0.16068711876869202
80,RIGHT_INDEX,0.5025380253791809,0.5958091020584106,-0.41544342041015625
80,LEFT_THUMB,0.529464602470398,0.5866919755935669,0.17432987689971924
80,RIGHT_THUMB,0.49796104431152344,0.5863660573959351,-0.3771786391735077
80,LEFT_HIP,0.33613091707229614,0.568056583404541,0.16846957802772522
80,RIGHT_HIP,0.298842191696167,0.5630473494529724,-0.16829858720302582
80,LEFT_KNEE,0.34302663803100586,0.7300469875335693,0.30404049158096313
80,RIGHT_KNEE,0.3182315230369568,0.7369884848594666,-0.07195527106523514
80,LEFT_ANKLE,0.33377522230148315,0.881964385509491,0.49551695585250854
80,RIGHT_ANKLE,0.3162834048271179,0.9259721040725708,0.04912155494093895
80,LEFT_HEEL,0.31589019298553467,0.9098725318908691,0.5091229677200317
80,RIGHT_HEEL,0.29789426922798157,0.9507229924201965,0.052201468497514725
80,LEFT_FOOT_INDEX,0.4091925621032715,0.9146150350570679,0.44414716958999634
80,RIGHT_FOOT_INDEX,0.4024711549282074,0.9549352526664734,-0.0699964314699173
81,NOSE,0.5328694581985474,0.32683679461479187,-0.14228114485740662
81,LEFT_EYE_INNER,0.5353338122367859,0.3073822557926178,-0.12386530637741089
81,LEFT_EYE,0.5343602299690247,0.30586177110671997,-0.12403005361557007
81,LEFT_EYE_OUTER,0.5333330035209656,0.30427584052085876,-0.12414480745792389
81,RIGHT_EYE_INNER,0.5333990454673767,0.3064207434654236,-0.18644295632839203
81,RIGHT_EYE,0.5310121774673462,0.3042616844177246,-0.1864892989397049
81,RIGHT_EYE_OUTER,0.5283883810043335,0.3019588887691498,-0.1866675317287445
81,LEFT_EAR,0.5109738707542419,0.29489666223526,-0.020796922966837883
81,RIGHT_EAR,0.5036856532096863,0.29181915521621704,-0.3003230392932892
81,MOUTH_LEFT,0.5172847509384155,0.3349407911300659,-0.09565956145524979
81,MOUTH_RIGHT,0.5153113603591919,0.3331756293773651,-0.17714425921440125
81,LEFT_SHOULDER,0.45269274711608887,0.36007872223854065,0.1641543209552765
81,RIGHT_SHOULDER,0.4193856120109558,0.35292306542396545,-0.41617923974990845
81,LEFT_ELBOW,0.44626444578170776,0.4791439473628998,0.27061671018600464
81,RIGHT_ELBOW,0.42138662934303284,0.48499226570129395,-0.45793551206588745
81,LEFT_WRIST,0.5037063360214233,0.568469226360321,0.1942501664161682
81,RIGHT_WRIST,0.4785596430301666,0.5698453783988953,-0.3699866831302643
81,LEFT_PINKY,0.5146952867507935,0.5853847861289978,0.20001408457756042
81,RIGHT_PINKY,0.4933103919029236,0.6012157201766968,-0.41201719641685486
81,LEFT_INDEX,0.5274128913879395,0.5834306478500366,0.156578928232193
81,RIGHT_INDEX,0.5031945705413818,0.5958393812179565,-0.3966290056705475
81,LEFT_THUMB,0.5290342569351196,0.5866713523864746,0.17041552066802979
81,RIGHT_THUMB,0.49909472465515137,0.586554229259491,-0.36072102189064026
81,LEFT_HIP,0.3362347185611725,0.5681358575820923,0.16746145486831665
81,RIGHT_HIP,0.2988399863243103,0.5636010766029358,-0.16728492081165314
81,LEFT_KNEE,0.34307610988616943,0.730033278465271,0.3036525249481201
81,RIGHT_KNEE,0.3182228207588196,0.7368106245994568,-0.05996912717819214
81,LEFT_ANKLE,0.3338194489479065,0.8816529512405396,0.4940265119075775
81,RIGHT_ANKLE,0.31629452109336853,0.9259673953056335,0.06912730634212494
81,LEFT_HEEL,0.31590405106544495,0.90965336561203,0.5076152682304382
81,RIGHT_HEEL,0.29795950651168823,0.9507037401199341,0.07341628521680832
81,LEFT_FOOT_INDEX,0.40913909673690796,0.9145469665527344,0.4433911442756653
81,RIGHT_FOOT_INDEX,0.4025266766548157,0.9549268484115601,-0.04478917643427849
82,NOSE,0.5332604646682739,0.3268362283706665,-0.1404941976070404
82,LEFT_EYE_INNER,0.5356166362762451,0.30730363726615906,-0.12211412191390991
82,LEFT_EYE,0.5346148014068604,0.30576977133750916,-0.1222744807600975
82,LEFT_EYE_OUTER,0.5335566997528076,0.3041733205318451,-0.12238345295190811
82,RIGHT_EYE_INNER,0.5336974263191223,0.30638426542282104,-0.1847963035106659
82,RIGHT_EYE,0.5313083529472351,0.30423256754875183,-0.1848403513431549
82,RIGHT_EYE_OUTER,0.5286777019500732,0.30193057656288147,-0.1850193440914154
82,LEFT_EAR,0.511017382144928,0.2948988676071167,-0.019165733829140663
82,RIGHT_EAR,0.5037208795547485,0.29182058572769165,-0.2993775010108948
82,MOUTH_LEFT,0.517441987991333,0.33495625853538513,-0.09392144531011581
82,MOUTH_RIGHT,0.5155912041664124,0.3332671523094177,-0.17550384998321533
82,LEFT_SHOULDER,0.4526751935482025,0.35996195673942566,0.1653793752193451
82,RIGHT_SHOULDER,0.4193626046180725,0.35337960720062256,-0.41436511278152466
82,LEFT_ELBOW,0.4461294710636139,0.47909727692604065,0.2699309289455414
82,RIGHT_ELBOW,0.4214708209037781,0.4856930673122406,-0.45193833112716675
82,LEFT_WRIST,0.5008403062820435,0.5666858553886414,0.19136106967926025
82,RIGHT_WRIST,0.4787103235721588,0.5698881149291992,-0.3578421473503113
82,LEFT_PINKY,0.5140606164932251,0.5858914256095886,0.19606679677963257
82,RIGHT_PINKY,0.493455171585083,0.6012611985206604,-0.3984299600124359
82,LEFT_INDEX,0.5272449254989624,0.583016037940979,0.15328337252140045
82,RIGHT_INDEX,0.5033475756645203,0.5959866642951965,-0.38422393798828125
82,LEFT_THUMB,0.5277800559997559,0.5867527723312378,0.1676892638206482
82,RIGHT_THUMB,0.49924618005752563,0.5866996049880981,-0.34875622391700745
82,LEFT_HIP,0.3365216553211212,0.5682842135429382,0.1667366474866867
82,RIGHT_HIP,0.2988014817237854,0.5641083717346191,-0.16655661165714264
82,LEFT_KNEE,0.3431485891342163,0.7301999926567078,0.30214741826057434
82,RIGHT_KNEE,0.3182096481323242,0.7369537353515625,-0.06081966683268547
82,LEFT_ANKLE,0.3339017331600189,0.8816218376159668,0.48974698781967163
82,RIGHT_ANKLE,0.31633907556533813,0.9262181520462036,0.06259366124868393
82,LEFT_HEEL,0.31593140959739685,0.9096453785896301,0.5029062032699585
82,RIGHT_HEEL,0.29810184240341187,0.9508767127990723,0.06622032076120377
82,LEFT_FOOT_INDEX,0.40913456678390503,0.9145634770393372,0.4389727711677551
82,RIGHT_FOOT_INDEX,0.4026135504245758,0.9550010561943054,-0.052559711039066315
83,NOSE,0.5326225757598877,0.32468196749687195,-0.14831416308879852
83,LEFT_EYE_INNER,0.5349681973457336,0.3047617971897125,-0.13015779852867126
83,LEFT_EYE,0.5342036485671997,0.3036861717700958,-0.13031646609306335
83,LEFT_EYE_OUTER,0.5333493947982788,0.302592396736145,-0.1304355412721634
83,RIGHT_EYE_INNER,0.5320227742195129,0.3029244542121887,-0.19033542275428772
83,RIGHT_EYE,0.5290910005569458,0.30051201581954956,-0.1903744637966156
83,RIGHT_EYE_OUTER,0.5258721709251404,0.29799845814704895,-0.19054201245307922
83,LEFT_EAR,0.5110265016555786,0.29467111825942993,-0.025869425386190414
83,RIGHT_EAR,0.501868486404419,0.289426326751709,-0.2975013256072998
83,MOUTH_LEFT,0.5170658826828003,0.33373889327049255,-0.10130258649587631
83,MOUTH_RIGHT,0.5143014192581177,0.33164188265800476,-0.1797601580619812
83,LEFT_SHOULDER,0.4530324339866638,0.3607843518257141,0.15880583226680756
83,RIGHT_SHOULDER,0.41896000504493713,0.35330289602279663,-0.414207398891449
83,LEFT_ELBOW,0.4447031021118164,0.47926226258277893,0.2703884243965149
83,RIGHT_ELBOW,0.42137837409973145,0.48420804738998413,-0.45274773240089417
83,LEFT_WRIST,0.5003598928451538,0.5700382590293884,0.19465306401252747
83,RIGHT_WRIST,0.47802796959877014,0.5644709467887878,-0.37720412015914917
83,LEFT_PINKY,0.5136256217956543,0.585921049118042,0.20038409531116486
83,RIGHT_PINKY,0.4991146922111511,0.6012982726097107,-0.4215729832649231
83,LEFT_INDEX,0.5268093347549438,0.5825074911117554,0.156150221824646
83,RIGHT_INDEX,0.5034762620925903,0.5912139415740967,-0.40666231513023376
83,LEFT_THUMB,0.5263023376464844,0.5867189168930054,0.17081096768379211
83,RIGHT_THUMB,0.49936676025390625,0.5823808908462524,-0.36854666471481323
83,LEFT_HIP,0.33694687485694885,0.5690352320671082,0.1635306179523468
83,RIGHT_HIP,0.298755943775177,0.5644164681434631,-0.16335073113441467
83,LEFT_KNEE,0.34339386224746704,0.7307185530662537,0.2826692461967468
83,RIGHT_KNEE,0.31786787509918213,0.736868143081665,-0.05756114795804024
83,LEFT_ANKLE,0.33389729261398315,0.8815926313400269,0.4573332667350769
83,RIGHT_ANKLE,0.31622540950775146,0.9262131452560425,0.0675918310880661
83,LEFT_HEEL,0.31585633754730225,0.9094602465629578,0.4691886007785797
83,RIGHT_HEEL,0.29806607961654663,0.9507660865783691,0.07141269743442535
83,LEFT_FOOT_INDEX,0.4091249108314514,0.9146232604980469,0.4015445113182068
83,RIGHT_FOOT_INDEX,0.40261316299438477,0.9550030827522278,-0.048158593475818634
84,NOSE,0.5322971940040588,0.3246288597583771,-0.1737644523382187
84,LEFT_EYE_INNER,0.5346144437789917,0.3046935200691223,-0.15656986832618713
84,LEFT_EYE,0.5337948203086853,0.30354034900665283,-0.15673401951789856
84,LEFT_EYE_OUTER,0.5328470468521118,0.30233633518218994,-0.1568538397550583
84,RIGHT_EYE_INNER,0.531798243522644,0.3030502200126648,-0.2170638144016266
84,RIGHT_EYE,0.5289344191551208,0.3006499409675598,-0.2171347439289093
84,RIGHT_EYE_OUTER,0.5257848501205444,0.2981090545654297,-0.2172701358795166
84,LEFT_EAR,0.5103036165237427,0.2941422760486603,-0.05563977360725403
84,RIGHT_EAR,0.5017775297164917,0.289484441280365,-0.32733917236328125
84,MOUTH_LEFT,0.5168212652206421,0.33369675278663635,-0.12812618911266327
84,MOUTH_RIGHT,0.5141773819923401,0.33167764544487,-0.2071472704410553
84,LEFT_SHOULDER,0.45322251319885254,0.36066770553588867,0.126750648021698
84,RIGHT_SHOULDER,0.4181334376335144,0.35453692078590393,-0.42798155546188354
84,LEFT_ELBOW,0.44402384757995605,0.4761141836643219,0.22762426733970642
84,RIGHT_ELBOW,0.42274004220962524,0.48886340856552124,-0.45764321088790894
84,LEFT_WRIST,0.4965892434120178,0.5624394416809082,0.136757954955101
84,RIGHT_WRIST,0.4797062873840332,0.5745176076889038,-0.36699527502059937
84,LEFT_PINKY,0.5104932188987732,0.5847654938697815,0.1365617960691452
84,RIGHT_PINKY,0.49883484840393066,0.6058541536331177,-0.4059843420982361
84,LEFT_INDEX,0.524355411529541,0.5825150609016418,0.0928208976984024
84,RIGHT_INDEX,0.5039022564888,0.5976847410202026,-0.39683088660240173
84,LEFT_THUMB,0.5160567164421082,0.5789400339126587,0.1128372773528099
84,RIGHT_THUMB,0.5001305341720581,0.5890394449234009,-0.359223872423172
84,LEFT_HIP,0.33932799100875854,0.5676374435424805,0.16286687552928925
84,RIGHT_HIP,0.29866278171539307,0.5639470815658569,-0.16271021962165833
84,LEFT_KNEE,0.3451451063156128,0.7280122637748718,0.3306540548801422
84,RIGHT_KNEE,0.31523412466049194,0.7352522611618042,-0.09951519966125488
84,LEFT_ANKLE,0.3357468545436859,0.8785134553909302,0.5456594824790955
84,RIGHT_ANKLE,0.31622666120529175,0.9260629415512085,-0.03573339805006981
84,LEFT_HEEL,0.31929826736450195,0.9064057469367981,0.5613153576850891
84,RIGHT_HEEL,0.2983139455318451,0.9507405161857605,-0.039629943668842316
84,LEFT_FOOT_INDEX,0.41095513105392456,0.9140841364860535,0.5042556524276733
84,RIGHT_FOOT_INDEX,0.40129512548446655,0.9548393487930298,-0.16950184106826782
85,NOSE,0.5309885144233704,0.32440096139907837,-0.18164226412773132
85,LEFT_EYE_INNER,0.5334795713424683,0.30453160405158997,-0.1643488109111786
85,LEFT_EYE,0.5326327085494995,0.30333250761032104,-0.1645137369632721
85,LEFT_EYE_OUTER,0.5316380262374878,0.3020618259906769,-0.16463205218315125
85,RIGHT_EYE_INNER,0.5306830406188965,0.3030773997306824,-0.22521011531352997
85,RIGHT_EYE,0.5278268456459045,0.30074894428253174,-0.22527548670768738
85,RIGHT_EYE_OUTER,0.5247017741203308,0.2982521951198578,-0.22541086375713348
85,LEFT_EAR,0.5089915990829468,0.2937249541282654,-0.06270193308591843
85,RIGHT_EAR,0.500644326210022,0.2894740700721741,-0.33556869626045227
85,MOUTH_LEFT,0.5156310796737671,0.3335381746292114,-0.13563469052314758
85,MOUTH_RIGHT,0.5129973888397217,0.33160871267318726,-0.21513326466083527
85,LEFT_SHOULDER,0.45339351892471313,0.3608883321285248,0.12185485661029816
85,RIGHT_SHOULDER,0.4166164994239807,0.3548874855041504,-0.4351259171962738
85,LEFT_ELBOW,0.4435303211212158,0.47518864274024963,0.22596435248851776
85,RIGHT_ELBOW,0.42235636711120605,0.48992735147476196,-0.467536598443985
85,LEFT_WRIST,0.4933852553367615,0.5589243769645691,0.13669845461845398
85,RIGHT_WRIST,0.480197012424469,0.5815554261207581,-0.37333717942237854
85,LEFT_PINKY,0.507839560508728,0.5837418437004089,0.13714846968650818
85,RIGHT_PINKY,0.4978486895561218,0.6062338352203369,-0.41317328810691833
85,LEFT_INDEX,0.5214492082595825,0.5824981331825256,0.093263179063797
85,RIGHT_INDEX,0.503579318523407,0.5985168814659119,-0.4049208164215088
85,LEFT_THUMB,0.5139164924621582,0.5799063444137573,0.11279358714818954
85,RIGHT_THUMB,0.4999766945838928,0.5898253321647644,-0.3658255934715271
85,LEFT_HIP,0.34009167551994324,0.5671325922012329,0.16279514133930206
85,RIGHT_HIP,0.29787248373031616,0.5633186101913452,-0.16265256702899933
85,LEFT_KNEE,0.3456086814403534,0.7268288135528564,0.33924028277397156
85,RIGHT_KNEE,0.3129086494445801,0.7340729236602783,-0.11124620586633682
85,LEFT_ANKLE,0.3370640277862549,0.8780778050422668,0.5587947368621826
85,RIGHT_ANKLE,0.3162328600883484,0.9255582690238953,-0.04661288484930992
85,LEFT_HEEL,0.3212127089500427,0.9060745239257812,0.5747764706611633
85,RIGHT_HEEL,0.2984004318714142,0.9504046440124512,-0.05057305097579956
85,LEFT_FOOT_INDEX,0.412527471780777,0.9138728380203247,0.5154595971107483
85,RIGHT_FOOT_INDEX,0.40095290541648865,0.9543666839599609,-0.18365944921970367
86,NOSE,0.5300920009613037,0.3241012394428253,-0.18386366963386536
86,LEFT_EYE_INNER,0.5326667428016663,0.30430692434310913,-0.16604286432266235
86,LEFT_EYE,0.531830370426178,0.30309194326400757,-0.1662074476480484
86,LEFT_EYE_OUTER,0.5308376550674438,0.3017868995666504,-0.16632160544395447
86,RIGHT_EYE_INNER,0.5297936201095581,0.30297499895095825,-0.22708337008953094
86,RIGHT_EYE,0.5269041061401367,0.3007219731807709,-0.22714409232139587
86,RIGHT_EYE_OUTER,0.5237612128257751,0.2982814908027649,-0.22728529572486877
86,LEFT_EAR,0.5082527995109558,0.29342737793922424,-0.0621529221534729
86,RIGHT_EAR,0.4998700022697449,0.28941428661346436,-0.3358592391014099
86,MOUTH_LEFT,0.5149203538894653,0.33335012197494507,-0.13700291514396667
86,MOUTH_RIGHT,0.5121430158615112,0.33144673705101013,-0.2167983502149582
86,LEFT_SHOULDER,0.45382213592529297,0.3613467514514923,0.12378895282745361
86,RIGHT_SHOULDER,0.4153553545475006,0.3548693060874939,-0.4361657202243805
86,LEFT_ELBOW,0.4434880316257477,0.4748305380344391,0.2318427562713623
86,RIGHT_ELBOW,0.42073893547058105,0.4898328185081482,-0.4763025641441345
86,LEFT_WRIST,0.4924930930137634,0.5581334829330444,0.1477363407611847
86,RIGHT_WRIST,0.4786449074745178,0.5810244083404541,-0.39737623929977417
86,LEFT_PINKY,0.5071622133255005,0.5836812853813171,0.14976081252098083
86,RIGHT_PINKY,0.49621152877807617,0.6061803102493286,-0.44041937589645386
86,LEFT_INDEX,0.5205683708190918,0.5826680660247803,0.10548142343759537
86,RIGHT_INDEX,0.502716064453125,0.5986067056655884,-0.4322980046272278
86,LEFT_THUMB,0.5108179450035095,0.5770848393440247,0.12397849559783936
86,RIGHT_THUMB,0.49842557311058044,0.589809775352478,-0.39039725065231323
86,LEFT_HIP,0.34063395857810974,0.5669726729393005,0.16297413408756256
86,RIGHT_HIP,0.2973536252975464,0.5627927184104919,-0.16283045709133148
86,LEFT_KNEE,0.34588122367858887,0.7263656854629517,0.3423447906970978
86,RIGHT_KNEE,0.3116600215435028,0.7335293889045715,-0.1285523623228073
86,LEFT_ANKLE,0.33784496784210205,0.8779509663581848,0.5624241828918457
86,RIGHT_ANKLE,0.3162233233451843,0.9254805445671082,-0.07197640836238861
86,LEFT_HEEL,0.32238537073135376,0.9059672355651855,0.578298032283783
86,RIGHT_HEEL,0.2984519302845001,0.9503217935562134,-0.07704995572566986
86,LEFT_FOOT_INDEX,0.41310057044029236,0.9138121604919434,0.5170512199401855
86,RIGHT_FOOT_INDEX,0.400579035282135,0.9542890787124634,-0.2148069143295288
87,NOSE,0.5291522741317749,0.324121356010437,-0.17532940208911896
87,LEFT_EYE_INNER,0.5318371057510376,0.30433303117752075,-0.1576632708311081
87,LEFT_EYE,0.5310311913490295,0.3031120002269745,-0.15782484412193298
87,LEFT_EYE_OUTER,0.530068039894104,0.3017987310886383,-0.1579432338476181
87,RIGHT_EYE_INNER,0.5289644002914429,0.3030472695827484,-0.21875044703483582
87,RIGHT_EYE,0.5261148810386658,0.30082961916923523,-0.21880145370960236
87,RIGHT_EYE_OUTER,0.5230106115341187,0.29842400550842285,-0.21895214915275574
87,LEFT_EAR,0.5075727105140686,0.29339712858200073,-0.05453162640333176
87,RIGHT_EAR,0.49911636114120483,0.2894396185874939,-0.3281078338623047
87,MOUTH_LEFT,0.514222264289856,0.33333897590637207,-0.12875549495220184
87,MOUTH_RIGHT,0.5113971829414368,0.33144626021385193,-0.2085142880678177
87,LEFT_SHOULDER,0.45367735624313354,0.36112919449806213,0.13067230582237244
87,RIGHT_SHOULDER,0.4146861135959625,0.35503020882606506,-0.4326964318752289
87,LEFT_ELBOW,0.44321098923683167,0.4739159643650055,0.23875272274017334
87,RIGHT_ELBOW,0.41778936982154846,0.48998206853866577,-0.4744262099266052
87,LEFT_WRIST,0.4923187792301178,0.5562328100204468,0.15652599930763245
87,RIGHT_WRIST,0.4763975739479065,0.5803407430648804,-0.39237162470817566
87,LEFT_PINKY,0.5085242986679077,0.5830093622207642,0.15944938361644745
87,RIGHT_PINKY,0.49419069290161133,0.6061985492706299,-0.43632563948631287
87,LEFT_INDEX,0.5204287767410278,0.5802326798439026,0.11550910770893097
87,RIGHT_INDEX,0.5011712312698364,0.5986241698265076,-0.42388755083084106
87,LEFT_THUMB,0.5118979215621948,0.5798240900039673,0.13277015089988708
87,RIGHT_THUMB,0.4958994388580322,0.5897548198699951,-0.3841440677642822
87,LEFT_HIP,0.3405361771583557,0.5661249756813049,0.16399328410625458
87,RIGHT_HIP,0.2968066334724426,0.5624953508377075,-0.1638786643743515
87,LEFT_KNEE,0.34586969017982483,0.7253403067588806,0.34573283791542053
87,RIGHT_KNEE,0.31161490082740784,0.7330926656723022,-0.1269558072090149
87,LEFT_ANKLE,0.3383091986179352,0.8773131370544434,0.5641124248504639
87,RIGHT_ANKLE,0.31630370020866394,0.9254769086837769,-0.071011021733284
87,LEFT_HEEL,0.3229920268058777,0.9055417776107788,0.5797743201255798
87,RIGHT_HEEL,0.2990082800388336,0.9503205418586731,-0.07592081278562546
87,LEFT_FOOT_INDEX,0.4134470820426941,0.9132040143013,0.5211149454116821
87,RIGHT_FOOT_INDEX,0.4005507528781891,0.9542585611343384,-0.20931127667427063
88,NOSE,0.5284571647644043,0.3239329159259796,-0.1709267944097519
88,LEFT_EYE_INNER,0.531243622303009,0.30419620871543884,-0.15271586179733276
88,LEFT_EYE,0.5305416584014893,0.30299562215805054,-0.15287959575653076
88,LEFT_EYE_OUTER,0.5296791791915894,0.30170196294784546,-0.1529947966337204
88,RIGHT_EYE_INNER,0.5280054211616516,0.3028746247291565,-0.21397069096565247
88,RIGHT_EYE,0.5249916315078735,0.3006663918495178,-0.2140246331691742
88,RIGHT_EYE_OUTER,0.5217236876487732,0.2982785105705261,-0.2141752541065216
88,LEFT_EAR,0.5073121190071106,0.29328006505966187,-0.049747973680496216
88,RIGHT_EAR,0.49818986654281616,0.2893262803554535,-0.3235452473163605
88,MOUTH_LEFT,0.5138550400733948,0.3332032561302185,-0.12416352331638336
88,MOUTH_RIGHT,0.510584831237793,0.33116522431373596,-0.20417681336402893
88,LEFT_SHOULDER,0.45376428961753845,0.36111271381378174,0.1350911557674408
88,RIGHT_SHOULDER,0.41337284445762634,0.3547336459159851,-0.4298892021179199
88,LEFT_ELBOW,0.443192720413208,0.473447322845459,0.24146732687950134
88,RIGHT_ELBOW,0.414559930562973,0.489837646484375,-0.47308939695358276
88,LEFT_WRIST,0.4923534393310547,0.5559848546981812,0.15946416556835175
88,RIGHT_WRIST,0.47512006759643555,0.5793699622154236,-0.4050149917602539
88,LEFT_PINKY,0.510341227054596,0.5830204486846924,0.1627320498228073
88,RIGHT_PINKY,0.4930708408355713,0.6061614751815796,-0.44883543252944946
88,LEFT_INDEX,0.5203177332878113,0.5806506276130676,0.11918967962265015
88,RIGHT_INDEX,0.5002375841140747,0.5986267328262329,-0.4406168460845947
88,LEFT_THUMB,0.5123430490493774,0.5829412937164307,0.13536277413368225
88,RIGHT_THUMB,0.4945906102657318,0.5896353125572205,-0.39817625284194946
88,LEFT_HIP,0.3405629098415375,0.5655707120895386,0.1649819314479828
88,RIGHT_HIP,0.29606643319129944,0.5618071556091309,-0.16489601135253906
88,LEFT_KNEE,0.3459915220737457,0.7246139645576477,0.3481408953666687
88,RIGHT_KNEE,0.3114725947380066,0.7323377132415771,-0.15481650829315186
88,LEFT_ANKLE,0.3388747274875641,0.8771772384643555,0.5686938762664795
88,RIGHT_ANKLE,0.3163069784641266,0.9254838824272156,-0.12097014486789703
88,LEFT_HEEL,0.3236313760280609,0.9054716229438782,0.5843535661697388
88,RIGHT_HEEL,0.29890403151512146,0.9510868191719055,-0.12849093973636627
88,LEFT_FOOT_INDEX,0.4159117639064789,0.9132571220397949,0.5235939621925354
88,RIGHT_FOOT_INDEX,0.4004959464073181,0.9542943239212036,-0.2699051797389984
89,NOSE,0.5283918380737305,0.3238479495048523,-0.17230476438999176
89,LEFT_EYE_INNER,0.5311604738235474,0.30421483516693115,-0.15319329500198364
89,LEFT_EYE,0.530505895614624,0.3030065894126892,-0.15336093306541443
89,LEFT_EYE_OUTER,0.5296814441680908,0.30171969532966614,-0.15347538888454437
89,RIGHT_EYE_INNER,0.5278050899505615,0.30289676785469055,-0.21415729820728302
89,RIGHT_EYE,0.5247508883476257,0.3006925880908966,-0.21421019732952118
89,RIGHT_EYE_OUTER,0.5214270353317261,0.2983008921146393,-0.21436187624931335
89,LEFT_EAR,0.5074783563613892,0.2933187782764435,-0.04786282032728195
89,RIGHT_EAR,0.498032808303833,0.28922706842422485,-0.3213967978954315
89,MOUTH_LEFT,0.5138689875602722,0.33315426111221313,-0.12485206127166748
89,MOUTH_RIGHT,0.5105694532394409,0.3310469388961792,-0.20456716418266296
89,LEFT_SHOULDER,0.45434221625328064,0.3612768054008484,0.13635629415512085
89,RIGHT_SHOULDER,0.41288167238235474,0.3541313409805298,-0.4283579885959625
89,LEFT_ELBOW,0.44114017486572266,0.47113409638404846,0.2436053305864334
89,RIGHT_ELBOW,0.40342259407043457,0.48778730630874634,-0.47757601737976074
89,LEFT_WRIST,0.49219194054603577,0.5557038187980652,0.16116715967655182
89,RIGHT_WRIST,0.47250452637672424,0.5761259198188782,-0.4333958029747009
89,LEFT_PINKY,0.5092011094093323,0.5825883746147156,0.16507461667060852
89,RIGHT_PINKY,0.4903874397277832,0.6047084331512451,-0.4795025885105133
89,LEFT_INDEX,0.5197696685791016,0.5807245373725891,0.12120787054300308
89,RIGHT_INDEX,0.498415470123291,0.5977038145065308,-0.472832053899765
89,LEFT_THUMB,0.5125483274459839,0.5832759141921997,0.1377369910478592
89,RIGHT_THUMB,0.4947117269039154,0.5872511863708496,-0.4276820123195648
89,LEFT_HIP,0.34069201350212097,0.5642281174659729,0.1649925261735916
89,RIGHT_HIP,0.2951483130455017,0.5597497224807739,-0.1649065911769867
89,LEFT_KNEE,0.3459834158420563,0.7235952615737915,0.34235692024230957
89,RIGHT_KNEE,0.3113569915294647,0.7303988337516785,-0.17496049404144287
89,LEFT_ANKLE,0.33883920311927795,0.8771573901176453,0.5637064576148987
89,RIGHT_ANKLE,0.3159727454185486,0.9249089360237122,-0.14714941382408142
89,LEFT_HEEL,0.323472797870636,0.9054619669914246,0.5773633718490601
89,RIGHT_HEEL,0.29721540212631226,0.9511398077011108,-0.15541796386241913
89,LEFT_FOOT_INDEX,0.41574031114578247,0.9135366678237915,0.5067071318626404
89,RIGHT_FOOT_INDEX,0.4001193940639496,0.9542376399040222,-0.3015002906322479
90,NOSE,0.5283858776092529,0.323750764131546,-0.17460545897483826
90,LEFT_EYE_INNER,0.5310971736907959,0.30419662594795227,-0.1553918868303299
90,LEFT_EYE,0.5304826498031616,0.3030068874359131,-0.15555909276008606
90,LEFT_EYE_OUTER,0.5296905040740967,0.30172818899154663,-0.1556750237941742
90,RIGHT_EYE_INNER,0.5276424288749695,0.3028389811515808,-0.21563181281089783
90,RIGHT_EYE,0.5245659947395325,0.3006356358528137,-0.21568754315376282
90,RIGHT_EYE_OUTER,0.5212219953536987,0.298240065574646,-0.2158346176147461
90,LEFT_EAR,0.5078384876251221,0.2933894395828247,-0.04948282614350319
90,RIGHT_EAR,0.4979971945285797,0.2891624867916107,-0.32048195600509644
90,MOUTH_LEFT,0.513890266418457,0.3330618441104889,-0.1272609531879425
90,MOUTH_RIGHT,0.5105894207954407,0.3308632969856262,-0.20603522658348083
90,LEFT_SHOULDER,0.45453324913978577,0.3612777888774872,0.13398167490959167
90,RIGHT_SHOULDER,0.41297897696495056,0.35402023792266846,-0.4272453188896179
90,LEFT_ELBOW,0.4396461546421051,0.4695460796356201,0.24050357937812805
90,RIGHT_ELBOW,0.40571242570877075,0.4877791404724121,-0.4750730097293854
90,LEFT_WRIST,0.48813819885253906,0.5538885593414307,0.15724994242191315
90,RIGHT_WRIST,0.472698837518692,0.575908899307251,-0.4161955714225769
90,LEFT_PINKY,0.507158637046814,0.5814850926399231,0.16022303700447083
90,RIGHT_PINKY,0.49044370651245117,0.6049214601516724,-0.46010488271713257
90,LEFT_INDEX,0.5182907581329346,0.5807398557662964,0.11690382659435272
90,RIGHT_INDEX,0.4985028803348541,0.597804605960846,-0.45188480615615845
90,LEFT_THUMB,0.5118892192840576,0.5835074186325073,0.13406221568584442
90,RIGHT_THUMB,0.4945591986179352,0.587339460849762,-0.40957528352737427
90,LEFT_HIP,0.3407041132450104,0.5627853870391846,0.16471344232559204
90,RIGHT_HIP,0.294945627450943,0.5581321120262146,-0.1646348387002945
90,LEFT_KNEE,0.346013605594635,0.7224274277687073,0.3351965844631195
90,RIGHT_KNEE,0.3113907277584076,0.7289506196975708,-0.1634162813425064
90,LEFT_ANKLE,0.3388858735561371,0.876991868019104,0.5483694672584534
90,RIGHT_ANKLE,0.315682590007782,0.9242871403694153,-0.12702395021915436
90,LEFT_HEEL,0.32342198491096497,0.9052969813346863,0.5612642168998718
90,RIGHT_HEEL,0.29621538519859314,0.951148509979248,-0.13426893949508667
90,LEFT_FOOT_INDEX,0.4156705439090729,0.9135905504226685,0.4932035803794861
90,RIGHT_FOOT_INDEX,0.39973869919776917,0.954206645488739,-0.2759391665458679
91,NOSE,0.5283395648002625,0.32326287031173706,-0.18810763955116272
91,LEFT_EYE_INNER,0.5310720801353455,0.30390989780426025,-0.16940249502658844
91,LEFT_EYE,0.5304790735244751,0.3028215765953064,-0.16955934464931488
91,LEFT_EYE_OUTER,0.5297022461891174,0.3016359210014343,-0.1696714609861374
91,RIGHT_EYE_INNER,0.527546763420105,0.30238017439842224,-0.22808809578418732
91,RIGHT_EYE,0.5244113802909851,0.30014628171920776,-0.22815847396850586
91,RIGHT_EYE_OUTER,0.5209888219833374,0.2977016568183899,-0.2282901555299759
91,LEFT_EAR,0.5079763531684875,0.2934035360813141,-0.06186559796333313
91,RIGHT_EAR,0.4974662661552429,0.28847795724868774,-0.3258909583091736
91,MOUTH_LEFT,0.513878583908081,0.33290791511535645,-0.140392005443573
91,MOUTH_RIGHT,0.5105117559432983,0.3306027054786682,-0.21717894077301025
91,LEFT_SHOULDER,0.45476460456848145,0.3622182011604309,0.12448036670684814
91,RIGHT_SHOULDER,0.4131523668766022,0.3540214002132416,-0.428477942943573
91,LEFT_ELBOW,0.4409254491329193,0.4714646339416504,0.22657832503318787
91,RIGHT_ELBOW,0.4066878855228424,0.4889070987701416,-0.4724816381931305
91,LEFT_WRIST,0.4875677525997162,0.5554022789001465,0.13440760970115662
91,RIGHT_WRIST,0.4747372269630432,0.5775681734085083,-0.3901793658733368
91,LEFT_PINKY,0.5054672956466675,0.5820534825325012,0.13400903344154358
91,RIGHT_PINKY,0.49117931723594666,0.6065000295639038,-0.43009623885154724
91,LEFT_INDEX,0.5163185000419617,0.5827276706695557,0.09062045812606812
91,RIGHT_INDEX,0.4992033541202545,0.5988212823867798,-0.42392367124557495
91,LEFT_THUMB,0.5078312754631042,0.580674409866333,0.11086015403270721
91,RIGHT_THUMB,0.4955107271671295,0.5894019603729248,-0.3836120665073395
91,LEFT_HIP,0.34026142954826355,0.5628072023391724,0.1645849049091339
91,RIGHT_HIP,0.29495662450790405,0.5582230091094971,-0.16450712084770203
91,LEFT_KNEE,0.34605586528778076,0.7224718332290649,0.3425690531730652
91,RIGHT_KNEE,0.31144171953201294,0.7291713953018188,-0.1385154277086258
91,LEFT_ANKLE,0.33928415179252625,0.8768997192382812,0.5584048628807068
91,RIGHT_ANKLE,0.31529730558395386,0.9243081212043762,-0.09597225487232208
91,LEFT_HEEL,0.3236905038356781,0.9051430821418762,0.5734550952911377
91,RIGHT_HEEL,0.29551267623901367,0.9513694047927856,-0.10292123258113861
91,LEFT_FOOT_INDEX,0.41727644205093384,0.9136536717414856,0.5140966176986694
91,RIGHT_FOOT_INDEX,0.3996824622154236,0.9542339444160461,-0.2402021884918213
92,NOSE,0.5282679796218872,0.3229406774044037,-0.1878877729177475
92,LEFT_EYE_INNER,0.5310192108154297,0.30374374985694885,-0.16911013424396515
92,LEFT_EYE,0.530456006526947,0.30272212624549866,-0.1692662537097931
92,LEFT_EYE_OUTER,0.5297074317932129,0.3015955686569214,-0.16937753558158875
92,RIGHT_EYE_INNER,0.5273891687393188,0.3020893335342407,-0.2276626080274582
92,RIGHT_EYE,0.5241792798042297,0.2998284697532654,-0.2277296781539917
92,RIGHT_EYE_OUTER,0.5206681489944458,0.2973465323448181,-0.22785958647727966
92,LEFT_EAR,0.5080748796463013,0.2934330701828003,-0.06151483207941055
92,RIGHT_EAR,0.49695929884910583,0.2880431115627289,-0.3249742388725281
92,MOUTH_LEFT,0.5138570666313171,0.33279258012771606,-0.14022605121135712
92,MOUTH_RIGHT,0.5104007124900818,0.330390065908432,-0.2168443500995636
92,LEFT_SHOULDER,0.45505040884017944,0.3627603352069855,0.12420205026865005
92,RIGHT_SHOULDER,0.41319379210472107,0.3540014326572418,-0.42756614089012146
92,LEFT_ELBOW,0.44166383147239685,0.47214841842651367,0.22809991240501404
92,RIGHT_ELBOW,0.4076150953769684,0.4892658293247223,-0.47080153226852417
92,LEFT_WRIST,0.4874730706214905,0.5561074614524841,0.13862012326717377
92,RIGHT_WRIST,0.47500625252723694,0.5777117609977722,-0.3891231417655945
92,LEFT_PINKY,0.5047837495803833,0.582410454750061,0.13882295787334442
92,RIGHT_PINKY,0.4912782609462738,0.6070365309715271,-0.42919522523880005
92,LEFT_INDEX,0.5152359008789062,0.5837944746017456,0.09527503699064255
92,RIGHT_INDEX,0.4992605745792389,0.5991917848587036,-0.42330822348594666
92,LEFT_THUMB,0.506298840045929,0.5790709257125854,0.11517050117254257
92,RIGHT_THUMB,0.4955321252346039,0.5897850394248962,-0.3827458918094635
92,LEFT_HIP,0.34003084897994995,0.562862753868103,0.16440600156784058
92,RIGHT_HIP,0.2949164807796478,0.5582274794578552,-0.16433006525039673
92,LEFT_KNEE,0.346109539270401,0.7225688695907593,0.3420388698577881
92,RIGHT_KNEE,0.3114873170852661,0.7292302250862122,-0.13301271200180054
92,LEFT_ANKLE,0.33949264883995056,0.8768108487129211,0.5554876327514648
92,RIGHT_ANKLE,0.3150184750556946,0.9242880940437317,-0.0872122198343277
92,LEFT_HEEL,0.3237946927547455,0.904986560344696,0.5705784559249878
92,RIGHT_HEEL,0.29499751329421997,0.9514043927192688,-0.09218528121709824
92,LEFT_FOOT_INDEX,0.41814813017845154,0.9137716293334961,0.5120223760604858
92,RIGHT_FOOT_INDEX,0.39958813786506653,0.9542393684387207,-0.22825714945793152
93,NOSE,0.5282613039016724,0.32267528772354126,-0.18428447842597961
93,LEFT_EYE_INNER,0.5310160517692566,0.30327969789505005,-0.16536268591880798
93,LEFT_EYE,0.5304571390151978,0.30231523513793945,-0.1655210256576538
93,LEFT_EYE_OUTER,0.5297144651412964,0.3012554943561554,-0.16563233733177185
93,RIGHT_EYE_INNER,0.527364194393158,0.3015700876712799,-0.224649578332901
93,RIGHT_EYE,0.5241332650184631,0.2993210554122925,-0.2247118502855301
93,RIGHT_EYE_OUTER,0.5205920934677124,0.2968370318412781,-0.22484560310840607
93,LEFT_EAR,0.5081074833869934,0.2932969331741333,-0.05860428884625435
93,RIGHT_EAR,0.4968538284301758,0.28760597109794617,-0.3240509629249573
93,MOUTH_LEFT,0.513865053653717,0.3327105939388275,-0.13666409254074097
93,MOUTH_RIGHT,0.5104095935821533,0.3302665948867798,-0.21422138810157776
93,LEFT_SHOULDER,0.45531877875328064,0.36288684606552124,0.12518784403800964
93,RIGHT_SHOULDER,0.41381773352622986,0.35375624895095825,-0.42787665128707886
93,LEFT_ELBOW,0.44264689087867737,0.4726730287075043,0.22921857237815857
93,RIGHT_ELBOW,0.4084608554840088,0.4893791675567627,-0.4725610613822937
93,LEFT_WRIST,0.48766249418258667,0.5579744577407837,0.1444302201271057
93,RIGHT_WRIST,0.47523921728134155,0.5778530836105347,-0.39984291791915894
93,LEFT_PINKY,0.5048275589942932,0.5834184288978577,0.14550547301769257
93,RIGHT_PINKY,0.4916464388370514,0.6074332594871521,-0.4420919418334961
93,LEFT_INDEX,0.5152380466461182,0.5854789018630981,0.10181941092014313
93,RIGHT_INDEX,0.5000225901603699,0.5995723009109497,-0.43590205907821655
93,LEFT_THUMB,0.5065646171569824,0.5792446136474609,0.1209532842040062
93,RIGHT_THUMB,0.49585390090942383,0.5903096199035645,-0.393572062253952
93,LEFT_HIP,0.33986300230026245,0.5628637671470642,0.16612549126148224
93,RIGHT_HIP,0.2953067719936371,0.5582687854766846,-0.1660679429769516
93,LEFT_KNEE,0.3455478549003601,0.72232586145401,0.349458783864975
93,RIGHT_KNEE,0.31175047159194946,0.7293040752410889,-0.13378533720970154
93,LEFT_ANKLE,0.3391405940055847,0.8767903447151184,0.5655947327613831
93,RIGHT_ANKLE,0.31483832001686096,0.9242240786552429,-0.08781252801418304
93,LEFT_HEEL,0.3234952986240387,0.9049755334854126,0.5810011029243469
93,RIGHT_HEEL,0.29467257857322693,0.9514719247817993,-0.09336341917514801
93,LEFT_FOOT_INDEX,0.4181446135044098,0.9138913154602051,0.5225009918212891
93,RIGHT_FOOT_INDEX,0.4001784324645996,0.954529881477356,-0.22937174141407013
94,NOSE,0.5282837152481079,0.32251113653182983,-0.18523402512073517
94,LEFT_EYE_INNER,0.5310413837432861,0.3029673397541046,-0.16593584418296814
94,LEFT_EYE,0.5304863452911377,0.30202823877334595,-0.16609449684619904
94,LEFT_EYE_OUTER,0.529750645160675,0.3010002374649048,-0.16620394587516785
94,RIGHT_EYE_INNER,0.5273754596710205,0.3012407124042511,-0.22580111026763916
94,RIGHT_EYE,0.524151623249054,0.298997700214386,-0.225859597325325
94,RIGHT_EYE_OUTER,0.5206068158149719,0.2965075373649597,-0.22599104046821594
94,LEFT_EAR,0.5081502795219421,0.29316994547843933,-0.057740598917007446
94,RIGHT_EAR,0.4968004822731018,0.2873052954673767,-0.32598191499710083
94,MOUTH_LEFT,0.5139261484146118,0.3326813280582428,-0.13714829087257385
94,MOUTH_RIGHT,0.5104359984397888,0.3302212059497833,-0.2155221700668335
94,LEFT_SHOULDER,0.4558936059474945,0.3631286025047302,0.12739971280097961
94,RIGHT_SHOULDER,0.414105087518692,0.3534950613975525,-0.43011242151260376
94,LEFT_ELBOW,0.44374603033065796,0.4733444154262543,0.23217801749706268
94,RIGHT_ELBOW,0.40858468413352966,0.4894217848777771,-0.4769774079322815
94,LEFT_WRIST,0.4879259169101715,0.5598994493484497,0.14590749144554138
94,RIGHT_WRIST,0.475426584482193,0.5778771638870239,-0.411991685628891
94,LEFT_PINKY,0.5048712491989136,0.5850746035575867,0.14654521644115448
94,RIGHT_PINKY,0.4920732378959656,0.6077060699462891,-0.45591920614242554
94,LEFT_INDEX,0.5152460932731628,0.5873697996139526,0.10250343382358551
94,RIGHT_INDEX,0.5008598566055298,0.5998761653900146,-0.44945088028907776
94,LEFT_THUMB,0.5068830847740173,0.5792959332466125,0.12228212505578995
94,RIGHT_THUMB,0.4963143765926361,0.5906779170036316,-0.40580257773399353
94,LEFT_HIP,0.3398195803165436,0.5628952980041504,0.16692708432674408
94,RIGHT_HIP,0.2956118583679199,0.5582942366600037,-0.16687794029712677
94,LEFT_KNEE,0.34528759121894836,0.7223284244537354,0.35503166913986206
94,RIGHT_KNEE,0.31199154257774353,0.7293598651885986,-0.1354866474866867
94,LEFT_ANKLE,0.33885708451271057,0.8767898678779602,0.5756882429122925
94,RIGHT_ANKLE,0.3145848512649536,0.9241859316825867,-0.091560497879982
94,LEFT_HEEL,0.32323694229125977,0.9049757719039917,0.5915825963020325
94,RIGHT_HEEL,0.294399619102478,0.9515264630317688,-0.0975750982761383
94,LEFT_FOOT_INDEX,0.41814103722572327,0.914035439491272,0.5329581499099731
94,RIGHT_FOOT_INDEX,0.40037259459495544,0.9548065066337585,-0.23458321392536163
95,NOSE,0.5287944078445435,0.3224945068359375,-0.19718174636363983
95,LEFT_EYE_INNER,0.5314751267433167,0.30296987295150757,-0.1783372461795807
95,LEFT_EYE,0.5308797359466553,0.30202189087867737,-0.17849592864513397
95,LEFT_EYE_OUTER,0.5301007032394409,0.3009814918041229,-0.17860902845859528
95,RIGHT_EYE_INNER,0.5279899835586548,0.3012780249118805,-0.23966637253761292
95,RIGHT_EYE,0.5249001383781433,0.2991047501564026,-0.23972150683403015
95,RIGHT_EYE_OUTER,0.5214999914169312,0.2967071533203125,-0.23984035849571228
95,LEFT_EAR,0.508158802986145,0.29304543137550354,-0.07081808894872665
95,RIGHT_EAR,0.4973612427711487,0.28740888833999634,-0.34645384550094604
95,MOUTH_LEFT,0.5143951177597046,0.33267948031425476,-0.14918573200702667
95,MOUTH_RIGHT,0.5110585689544678,0.33023709058761597,-0.22946453094482422
95,LEFT_SHOULDER,0.45629945397377014,0.3629196882247925,0.11570576578378677
95,RIGHT_SHOULDER,0.4136410355567932,0.3544646203517914,-0.4436616897583008
95,LEFT_ELBOW,0.4468521475791931,0.4734802842140198,0.2273118942975998
95,RIGHT_ELBOW,0.4090704321861267,0.4912281632423401,-0.4867578148841858
95,LEFT_WRIST,0.4885735511779785,0.5611715912818909,0.135978102684021
95,RIGHT_WRIST,0.4766126573085785,0.5828229784965515,-0.4244784712791443
95,LEFT_PINKY,0.5073121786117554,0.5876186490058899,0.13460664451122284
95,RIGHT_PINKY,0.4921029210090637,0.6106312870979309,-0.4703785479068756
95,LEFT_INDEX,0.5152584314346313,0.5898035764694214,0.08905117213726044
95,RIGHT_INDEX,0.5008046627044678,0.6048387289047241,-0.4640420079231262
95,LEFT_THUMB,0.5071051120758057,0.5803664922714233,0.11206036806106567
95,RIGHT_THUMB,0.496326208114624,0.5962408781051636,-0.4183317720890045
95,LEFT_HIP,0.3403404951095581,0.5626075267791748,0.16712932288646698
95,RIGHT_HIP,0.2956264615058899,0.5583865642547607,-0.16708704829216003
95,LEFT_KNEE,0.34530848264694214,0.7218207716941833,0.36600998044013977
95,RIGHT_KNEE,0.3124324381351471,0.7290470600128174,-0.1319025158882141
95,LEFT_ANKLE,0.3391866683959961,0.8748906850814819,0.5992522835731506
95,RIGHT_ANKLE,0.3145800530910492,0.9241178631782532,-0.08053680509328842
95,LEFT_HEEL,0.3233363628387451,0.903336226940155,0.6168012022972107
95,RIGHT_HEEL,0.29436519742012024,0.9514448046684265,-0.08575518429279327
95,LEFT_FOOT_INDEX,0.4193061888217926,0.9118650555610657,0.5608648061752319
95,RIGHT_FOOT_INDEX,0.4002125859260559,0.954694926738739,-0.22505831718444824
96,NOSE,0.5276179909706116,0.3201344609260559,-0.21308653056621552
96,LEFT_EYE_INNER,0.5306207537651062,0.30023428797721863,-0.19426748156547546
96,LEFT_EYE,0.5302096605300903,0.2994718551635742,-0.19442221522331238
96,LEFT_EYE_OUTER,0.5296085476875305,0.2986573874950409,-0.19454306364059448
96,RIGHT_EYE_INNER,0.5261431932449341,0.2975867688655853,-0.250950425863266
96,RIGHT_EYE,0.5225800275802612,0.295001357793808,-0.25097984075546265
96,RIGHT_EYE_OUTER,0.5187044143676758,0.292272686958313,-0.25108787417411804
96,LEFT_EAR,0.5080000758171082,0.2912514805793762,-0.08155449479818344
96,RIGHT_EAR,0.4951757788658142,0.2840145230293274,-0.34084442257881165
96,MOUTH_LEFT,0.5133158564567566,0.3304472863674164,-0.16316255927085876
96,MOUTH_RIGHT,0.508648693561554,0.3271709978580475,-0.2374945431947708
96,LEFT_SHOULDER,0.458965003490448,0.36253124475479126,0.10608094930648804
96,RIGHT_SHOULDER,0.41205698251724243,0.35393911600112915,-0.4419481158256531
96,LEFT_ELBOW,0.4532430171966553,0.47356730699539185,0.22809259593486786
96,RIGHT_ELBOW,0.4100734293460846,0.48964253067970276,-0.4857807159423828
96,LEFT_WRIST,0.4955192506313324,0.5651325583457947,0.145298570394516
96,RIGHT_WRIST,0.47499269247055054,0.582014799118042,-0.4572739601135254
96,LEFT_PINKY,0.5106998085975647,0.5921176075935364,0.14372947812080383
96,RIGHT_PINKY,0.491582453250885,0.610476016998291,-0.5065621137619019
96,LEFT_INDEX,0.5156396627426147,0.5944496393203735,0.09715594351291656
96,RIGHT_INDEX,0.4999663233757019,0.6049448251724243,-0.5054768323898315
96,LEFT_THUMB,0.5082951784133911,0.5847982168197632,0.12277259677648544
96,RIGHT_THUMB,0.4957728981971741,0.5958994030952454,-0.45427027344703674
96,LEFT_HIP,0.34286391735076904,0.5619926452636719,0.16249482333660126
96,RIGHT_HIP,0.297669380903244,0.5581690073013306,-0.1624620258808136
96,LEFT_KNEE,0.3456474840641022,0.7217886447906494,0.31395962834358215
96,RIGHT_KNEE,0.3142803907394409,0.728324294090271,-0.1730605661869049
96,LEFT_ANKLE,0.3387484550476074,0.8740533590316772,0.5033887028694153
96,RIGHT_ANKLE,0.3141578733921051,0.924157977104187,-0.15758764743804932
96,LEFT_HEEL,0.32291436195373535,0.9029260873794556,0.5156044960021973
96,RIGHT_HEEL,0.2943902611732483,0.9513155817985535,-0.16720283031463623
96,LEFT_FOOT_INDEX,0.41657495498657227,0.91139155626297,0.4515659809112549
96,RIGHT_FOOT_INDEX,0.3983701169490814,0.9550350308418274,-0.31068748235702515
97,NOSE,0.5272375345230103,0.31892964243888855,-0.22458097338676453
97,LEFT_EYE_INNER,0.5303142666816711,0.29897984862327576,-0.20572587847709656
97,LEFT_EYE,0.5299651026725769,0.2982858121395111,-0.20587654411792755
97,LEFT_EYE_OUTER,0.5294259190559387,0.297547310590744,-0.20600442588329315
97,RIGHT_EYE_INNER,0.5254850387573242,0.2960306406021118,-0.26218560338020325
97,RIGHT_EYE,0.5217495560646057,0.2933275103569031,-0.2622162401676178
97,RIGHT_EYE_OUTER,0.5177096724510193,0.2905005216598511,-0.26232099533081055
97,LEFT_EAR,0.507850170135498,0.29014652967453003,-0.09162725508213043
97,RIGHT_EAR,0.4941318929195404,0.28241199254989624,-0.34598350524902344
97,MOUTH_LEFT,0.5128978490829468,0.32936978340148926,-0.17411425709724426
97,MOUTH_RIGHT,0.5078040957450867,0.3258378207683563,-0.24792997539043427
97,LEFT_SHOULDER,0.4591837525367737,0.3620195984840393,0.0995449349284172
97,RIGHT_SHOULDER,0.4113571047782898,0.3541361391544342,-0.44182735681533813
97,LEFT_ELBOW,0.4537826478481293,0.473579078912735,0.2201773226261139
97,RIGHT_ELBOW,0.41654521226882935,0.490165650844574,-0.486814022064209
97,LEFT_WRIST,0.4972662925720215,0.5667415857315063,0.1411430835723877
97,RIGHT_WRIST,0.4782637059688568,0.5824421048164368,-0.4426261782646179
97,LEFT_PINKY,0.5126227140426636,0.5931861400604248,0.14018090069293976
97,RIGHT_PINKY,0.4931924343109131,0.6112340092658997,-0.4891532361507416
97,LEFT_INDEX,0.5165039300918579,0.5952743887901306,0.09438681602478027
97,RIGHT_INDEX,0.5014097690582275,0.606112003326416,-0.4853551983833313
97,LEFT_THUMB,0.512708306312561,0.5856665372848511,0.11811403185129166
97,RIGHT_THUMB,0.49774280190467834,0.5967249870300293,-0.43818265199661255
97,LEFT_HIP,0.34332579374313354,0.5618779063224792,0.16152694821357727
97,RIGHT_HIP,0.2988586127758026,0.5582213997840881,-0.16150012612342834
97,LEFT_KNEE,0.34564411640167236,0.7219274640083313,0.3085152208805084
97,RIGHT_KNEE,0.31550663709640503,0.7283672094345093,-0.15982913970947266
97,LEFT_ANKLE,0.33802109956741333,0.8740135431289673,0.4956984519958496
97,RIGHT_ANKLE,0.3140624165534973,0.9244458079338074,-0.12311762571334839
97,LEFT_HEEL,0.32176482677459717,0.9031152725219727,0.5079768300056458
97,RIGHT_HEEL,0.29449325799942017,0.9513208270072937,-0.13010410964488983
97,LEFT_FOOT_INDEX,0.4151817858219147,0.9111959338188171,0.44572752714157104
97,RIGHT_FOOT_INDEX,0.3979899287223816,0.9556373357772827,-0.2689191997051239
98,NOSE,0.5268118381500244,0.3184349238872528,-0.23483702540397644
98,LEFT_EYE_INNER,0.5299765467643738,0.2984972596168518,-0.21534354984760284
98,LEFT_EYE,0.5296999216079712,0.2978581488132477,-0.21548819541931152
98,LEFT_EYE_OUTER,0.5292395353317261,0.2971741855144501,-0.21561622619628906
98,RIGHT_EYE_INNER,0.5248821377754211,0.2953435480594635,-0.2713250517845154
98,RIGHT_EYE,0.5210434794425964,0.2925650179386139,-0.2713598906993866
98,RIGHT_EYE_OUTER,0.5169125199317932,0.28966718912124634,-0.27146095037460327
98,LEFT_EAR,0.5078308582305908,0.2898154854774475,-0.09818093478679657
98,RIGHT_EAR,0.4934430718421936,0.28159865736961365,-0.34940218925476074
98,MOUTH_LEFT,0.5125490427017212,0.32883360981941223,-0.18321797251701355
98,MOUTH_RIGHT,0.5071645975112915,0.3251103162765503,-0.25629356503486633
98,LEFT_SHOULDER,0.4592662453651428,0.36158913373947144,0.0967290997505188
98,RIGHT_SHOULDER,0.41125330328941345,0.35420024394989014,-0.442878782749176
98,LEFT_ELBOW,0.4538395404815674,0.47352057695388794,0.21437105536460876
98,RIGHT_ELBOW,0.42027679085731506,0.4904613494873047,-0.4867631793022156
98,LEFT_WRIST,0.4980100691318512,0.5672883987426758,0.13368281722068787
98,RIGHT_WRIST,0.4805784225463867,0.5827468633651733,-0.4350689947605133
98,LEFT_PINKY,0.5135877728462219,0.5931710600852966,0.13283100724220276
98,RIGHT_PINKY,0.4945530891418457,0.6114715933799744,-0.48053526878356934
98,LEFT_INDEX,0.5171678066253662,0.5952039957046509,0.08758095651865005
98,RIGHT_INDEX,0.5028520226478577,0.6061629056930542,-0.47578829526901245
98,LEFT_THUMB,0.5130676031112671,0.5856904983520508,0.11036671698093414
98,RIGHT_THUMB,0.4992690980434418,0.5969850420951843,-0.4300723075866699
98,LEFT_HIP,0.3435384929180145,0.5618107914924622,0.16098496317863464
98,RIGHT_HIP,0.2998010516166687,0.5583081245422363,-0.16096654534339905
98,LEFT_KNEE,0.3456382751464844,0.72209632396698,0.30495792627334595
98,RIGHT_KNEE,0.31649917364120483,0.728400707244873,-0.15663452446460724
98,LEFT_ANKLE,0.3375653326511383,0.874025821685791,0.49015793204307556
98,RIGHT_ANKLE,0.3138221502304077,0.9246246218681335,-0.11736220121383667
98,LEFT_HEEL,0.321474552154541,0.9030469655990601,0.5023120641708374
98,RIGHT_HEEL,0.29451578855514526,0.9513221979141235,-0.12309248745441437
98,LEFT_FOOT_INDEX,0.4144960045814514,0.911114513874054,0.44052544236183167
98,RIGHT_FOOT_INDEX,0.3975280821323395,0.9559087753295898,-0.26800552010536194
99,NOSE,0.525597095489502,0.3178136646747589,-0.2635498046875
99,LEFT_EYE_INNER,0.529046893119812,0.2980034649372101,-0.2413080632686615
99,LEFT_EYE,0.5288904905319214,0.29746946692466736,-0.24143412709236145
99,LEFT_EYE_OUTER,0.5285671949386597,0.29688596725463867,-0.24156415462493896
99,RIGHT_EYE_INNER,0.5236349701881409,0.29450729489326477,-0.29485785961151123
99,RIGHT_EYE,0.5197035074234009,0.2915845215320587,-0.29490476846694946
99,RIGHT_EYE_OUTER,0.5154234170913696,0.2884795367717743,-0.29499149322509766
99,LEFT_EAR,0.5076680183410645,0.28959545493125916,-0.11140760034322739
99,RIGHT_EAR,0.4919731020927429,0.2801077961921692,-0.3517687916755676
99,MOUTH_LEFT,0.5112632513046265,0.32806509733200073,-0.20715217292308807
99,MOUTH_RIGHT,0.5053790807723999,0.32402074337005615,-0.27671554684638977
99,LEFT_SHOULDER,0.45848408341407776,0.35982194542884827,0.09521641582250595
99,RIGHT_SHOULDER,0.41190680861473083,0.35419273376464844,-0.4433286786079407
99,LEFT_ELBOW,0.45364540815353394,0.4730003774166107,0.20084615051746368
99,RIGHT_ELBOW,0.430018812417984,0.4910340905189514,-0.47629839181900024
99,LEFT_WRIST,0.497685968875885,0.5670430660247803,0.11055861413478851
99,RIGHT_WRIST,0.48532015085220337,0.5844001173973083,-0.3853732943534851
99,LEFT_PINKY,0.5133376717567444,0.592953085899353,0.10871198028326035
99,RIGHT_PINKY,0.4972343444824219,0.6126564145088196,-0.42486900091171265
99,LEFT_INDEX,0.5169126987457275,0.5951060652732849,0.06502272188663483
99,RIGHT_INDEX,0.505156934261322,0.6068824529647827,-0.4192756712436676
99,LEFT_THUMB,0.5118587613105774,0.585917592048645,0.0870681032538414
99,RIGHT_THUMB,0.5018757581710815,0.5982280373573303,-0.3791813552379608
99,LEFT_HIP,0.34328940510749817,0.5617878437042236,0.16105809807777405
99,RIGHT_HIP,0.30080893635749817,0.5591477155685425,-0.16104456782341003
99,LEFT_KNEE,0.34456780552864075,0.7229981422424316,0.30260494351387024
99,RIGHT_KNEE,0.317879319190979,0.7298828959465027,-0.11630453169345856
99,LEFT_ANKLE,0.337133526802063,0.8740459680557251,0.4787765145301819
99,RIGHT_ANKLE,0.3137862980365753,0.9252456426620483,-0.04414554685354233
99,LEFT_HEEL,0.3207939565181732,0.9031950831413269,0.4903284013271332
99,RIGHT_HEEL,0.2945517301559448,0.9514180421829224,-0.04661848396062851
99,LEFT_FOOT_INDEX,0.4139235019683838,0.911053478717804,0.43310508131980896
99,RIGHT_FOOT_INDEX,0.3973558247089386,0.9560366868972778,-0.169692724943161
100,NOSE,0.5253393650054932,0.31751352548599243,-0.25068649649620056
100,LEFT_EYE_INNER,0.5287821292877197,0.29777011275291443,-0.2299303114414215
100,LEFT_EYE,0.5286198854446411,0.2972185015678406,-0.23006491363048553
100,LEFT_EYE_OUTER,0.5282981395721436,0.2966156601905823,-0.23019246757030487
100,RIGHT_EYE_INNER,0.5233813524246216,0.2943534851074219,-0.2848917543888092
100,RIGHT_EYE,0.5194685459136963,0.29146403074264526,-0.2849391996860504
100,RIGHT_EYE_OUTER,0.5152185559272766,0.2883707880973816,-0.2850345969200134
100,LEFT_EAR,0.5073987245559692,0.28909409046173096,-0.1068497747182846
100,RIGHT_EAR,0.49167704582214355,0.27965277433395386,-0.35179561376571655
100,MOUTH_LEFT,0.5109689831733704,0.3277149796485901,-0.19698359072208405
100,MOUTH_RIGHT,0.5051122307777405,0.32372939586639404,-0.26849883794784546
100,LEFT_SHOULDER,0.45831298828125,0.3590509593486786,0.09516926109790802
100,RIGHT_SHOULDER,0.4120798707008362,0.3541907072067261,-0.4435604512691498
100,LEFT_ELBOW,0.4536376893520355,0.47282060980796814,0.19904938340187073
100,RIGHT_ELBOW,0.4330589771270752,0.4914613664150238,-0.47420963644981384
100,LEFT_WRIST,0.4974212646484375,0.5668655633926392,0.10937048494815826
100,RIGHT_WRIST,0.48725637793540955,0.5857053995132446,-0.3838393986225128
100,LEFT_PINKY,0.5131567120552063,0.592858612537384,0.10792525857686996
100,RIGHT_PINKY,0.4983842372894287,0.6135528087615967,-0.4239535331726074
100,LEFT_INDEX,0.5167148113250732,0.5951200127601624,0.0640929788351059
100,RIGHT_INDEX,0.5062655210494995,0.6076287031173706,-0.4179781377315521
100,LEFT_THUMB,0.511892557144165,0.5865132212638855,0.08587132394313812
100,RIGHT_THUMB,0.5032347440719604,0.5993186831474304,-0.37757766246795654
100,LEFT_HIP,0.3432435989379883,0.5617568492889404,0.16099204123020172
100,RIGHT_HIP,0.30134835839271545,0.5594570636749268,-0.1609818935394287
100,LEFT_KNEE,0.3443276882171631,0.7234607934951782,0.30524393916130066
100,RIGHT_KNEE,0.3184249997138977,0.7302311658859253,-0.1165502518415451
100,LEFT_ANKLE,0.3368597626686096,0.8740586042404175,0.48621878027915955
100,RIGHT_ANKLE,0.3137168288230896,0.9257500767707825,-0.05230052396655083
100,LEFT_HEEL,0.32068389654159546,0.9030481576919556,0.49828070402145386
100,RIGHT_HEEL,0.2946006953716278,0.9514880180358887,-0.056007616221904755
100,LEFT_FOOT_INDEX,0.41365846991539,0.9109708666801453,0.4404330849647522
100,RIGHT_FOOT_INDEX,0.3971889019012451,0.9561806917190552,-0.18223729729652405
101,NOSE,0.5254689455032349,0.3174087405204773,-0.21220335364341736
101,LEFT_EYE_INNER,0.5287984013557434,0.2972257137298584,-0.19286157190799713
101,LEFT_EYE,0.5286270380020142,0.29657673835754395,-0.1930108517408371
101,LEFT_EYE_OUTER,0.5282984375953674,0.2958739399909973,-0.19312931597232819
101,RIGHT_EYE_INNER,0.5234254598617554,0.29400888085365295,-0.25150802731513977
101,RIGHT_EYE,0.519507110118866,0.2911943793296814,-0.2515401244163513
101,RIGHT_EYE_OUTER,0.5152554512023926,0.28821223974227905,-0.2516680955886841
101,LEFT_EAR,0.5072845816612244,0.28821712732315063,-0.07866694778203964
101,RIGHT_EAR,0.4917525351047516,0.279666006565094,-0.3396018147468567
101,MOUTH_LEFT,0.5109928846359253,0.3275698721408844,-0.1617744266986847
101,MOUTH_RIGHT,0.5051631331443787,0.3237031400203705,-0.2382526844739914
101,LEFT_SHOULDER,0.45824480056762695,0.35908043384552,0.1148197203874588
101,RIGHT_SHOULDER,0.4129135012626648,0.35297828912734985,-0.4426175057888031
101,LEFT_ELBOW,0.45358890295028687,0.47355398535728455,0.226598858833313
101,RIGHT_ELBOW,0.431192547082901,0.48989540338516235,-0.4771522879600525
101,LEFT_WRIST,0.497224897146225,0.5687769651412964,0.14578339457511902
101,RIGHT_WRIST,0.4866357445716858,0.5853596925735474,-0.4000418782234192
101,LEFT_PINKY,0.5130254030227661,0.5950596928596497,0.14688682556152344
101,RIGHT_PINKY,0.49823111295700073,0.6135069727897644,-0.44753485918045044
101,LEFT_INDEX,0.5166605114936829,0.5967556238174438,0.10020321607589722
101,RIGHT_INDEX,0.5062477588653564,0.6078527569770813,-0.43708401918411255
101,LEFT_THUMB,0.51200270652771,0.5886003375053406,0.1213790774345398
101,RIGHT_THUMB,0.5031200647354126,0.5991657972335815,-0.3930231034755707
101,LEFT_HIP,0.34319084882736206,0.5626747012138367,0.16381296515464783
101,RIGHT_HIP,0.3023006319999695,0.5606454014778137,-0.163795605301857
101,LEFT_KNEE,0.34433233737945557,0.7250738143920898,0.3084593415260315
101,RIGHT_KNEE,0.3193209767341614,0.7328596115112305,-0.08759818971157074
101,LEFT_ANKLE,0.33633384108543396,0.8756316900253296,0.4962370991706848
101,RIGHT_ANKLE,0.31376487016677856,0.9261414408683777,0.025413822382688522
101,LEFT_HEEL,0.32031047344207764,0.9039880633354187,0.5089600086212158
101,RIGHT_HEEL,0.29550403356552124,0.9514203071594238,0.02751452662050724
101,LEFT_FOOT_INDEX,0.41350454092025757,0.9113740921020508,0.4488978981971741
101,RIGHT_FOOT_INDEX,0.3974931836128235,0.9561827778816223,-0.09768344461917877
102,NOSE,0.5256636738777161,0.3171279728412628,-0.1975601464509964
102,LEFT_EYE_INNER,0.5288313627243042,0.2964223027229309,-0.17835929989814758
102,LEFT_EYE,0.5286393761634827,0.2957044243812561,-0.17851100862026215
102,LEFT_EYE_OUTER,0.5283023118972778,0.29495397210121155,-0.1786251962184906
102,RIGHT_EYE_INNER,0.5234907865524292,0.2933841347694397,-0.2378576695919037
102,RIGHT_EYE,0.5195756554603577,0.290649950504303,-0.237885981798172
102,RIGHT_EYE_OUTER,0.5153415203094482,0.2877982258796692,-0.2380141317844391
102,LEFT_EAR,0.5072514414787292,0.2875005602836609,-0.0666896253824234
102,RIGHT_EAR,0.4919373393058777,0.2796023190021515,-0.3329325318336487
102,MOUTH_LEFT,0.5110421776771545,0.3272010385990143,-0.14806446433067322
102,MOUTH_RIGHT,0.5052744150161743,0.3234807848930359,-0.22579984366893768
102,LEFT_SHOULDER,0.4582294821739197,0.35909536480903625,0.12295480817556381
102,RIGHT_SHOULDER,0.41336971521377563,0.35193631052970886,-0.4397732615470886
102,LEFT_ELBOW,0.45348286628723145,0.47386735677719116,0.23880675435066223
102,RIGHT_ELBOW,0.43007540702819824,0.4885169565677643,-0.4789045453071594
102,LEFT_WRIST,0.49711519479751587,0.5694997310638428,0.16096016764640808
102,RIGHT_WRIST,0.4863169193267822,0.5849601030349731,-0.41408753395080566
102,LEFT_PINKY,0.5129536390304565,0.5960555672645569,0.16240070760250092
102,RIGHT_PINKY,0.49815791845321655,0.6134172081947327,-0.4632529318332672
102,LEFT_INDEX,0.5166587829589844,0.5974119305610657,0.11528432369232178
102,RIGHT_INDEX,0.5062121152877808,0.6078530550003052,-0.45328837633132935
102,LEFT_THUMB,0.5121882557868958,0.5893867015838623,0.13660690188407898
102,RIGHT_THUMB,0.503002405166626,0.5989971160888672,-0.4073970913887024
102,LEFT_HIP,0.34312358498573303,0.5628539323806763,0.16529463231563568
102,RIGHT_HIP,0.3027909994125366,0.5609613656997681,-0.16527493298053741
102,LEFT_KNEE,0.34437692165374756,0.7253410816192627,0.31192758679389954
102,RIGHT_KNEE,0.3200242519378662,0.7333412170410156,-0.08987870067358017
102,LEFT_ANKLE,0.33627620339393616,0.8756674528121948,0.5012024641036987
102,RIGHT_ANKLE,0.3138197362422943,0.9262404441833496,0.013955789618194103
102,LEFT_HEEL,0.32020124793052673,0.9041566848754883,0.5144737958908081
102,RIGHT_HEEL,0.2960868179798126,0.9513142704963684,0.014851349405944347
102,LEFT_FOOT_INDEX,0.41336411237716675,0.9114042520523071,0.4506099224090576
102,RIGHT_FOOT_INDEX,0.39759236574172974,0.9561821222305298,-0.11214753240346909
103,NOSE,0.5256258249282837,0.31465473771095276,-0.2363666296005249
103,LEFT_EYE_INNER,0.5286986827850342,0.2938382029533386,-0.21580322086811066
103,LEFT_EYE,0.5285415649414062,0.2932930588722229,-0.21595260500907898
103,LEFT_EYE_OUTER,0.528229296207428,0.292733371257782,-0.21607084572315216
103,RIGHT_EYE_INNER,0.5231260061264038,0.2904523015022278,-0.2727017104625702
103,RIGHT_EYE,0.5191261172294617,0.28766947984695435,-0.2727311849594116
103,RIGHT_EYE_OUTER,0.5148165822029114,0.284812331199646,-0.27284273505210876
103,LEFT_EAR,0.5071966052055359,0.28627604246139526,-0.09285271167755127
103,RIGHT_EAR,0.4917265772819519,0.2780317962169647,-0.34878870844841003
103,MOUTH_LEFT,0.5109410285949707,0.3252677917480469,-0.1826068013906479
103,MOUTH_RIGHT,0.5049391984939575,0.32136255502700806,-0.2570786774158478
103,LEFT_SHOULDER,0.46032872796058655,0.359798789024353,0.10305745899677277
103,RIGHT_SHOULDER,0.4118996262550354,0.3503531813621521,-0.44465845823287964
103,LEFT_ELBOW,0.4563772678375244,0.4754234254360199,0.23750093579292297
103,RIGHT_ELBOW,0.42328205704689026,0.4854031205177307,-0.5022991895675659
103,LEFT_WRIST,0.49878329038619995,0.569878876209259,0.1570941060781479
103,RIGHT_WRIST,0.4787994921207428,0.574186384677887,-0.48201480507850647
103,LEFT_PINKY,0.5138986706733704,0.5962556004524231,0.15782448649406433
103,RIGHT_PINKY,0.49440041184425354,0.6082106232643127,-0.5349493622779846
103,LEFT_INDEX,0.5174170732498169,0.5975750684738159,0.11121910810470581
103,RIGHT_INDEX,0.5033532381057739,0.6026600003242493,-0.532111644744873
103,LEFT_THUMB,0.513735830783844,0.5896884202957153,0.13302233815193176
103,RIGHT_THUMB,0.4997447431087494,0.5920337438583374,-0.47864198684692383
103,LEFT_HIP,0.34463971853256226,0.5633761882781982,0.1647314727306366
103,RIGHT_HIP,0.3026297688484192,0.5607389211654663,-0.16471470892429352
103,LEFT_KNEE,0.34712857007980347,0.7253350019454956,0.31320077180862427
103,RIGHT_KNEE,0.3200247883796692,0.7329934239387512,-0.13445904850959778
103,LEFT_ANKLE,0.3362217843532562,0.8759685754776001,0.5033516883850098
103,RIGHT_ANKLE,0.3138138949871063,0.926024317741394,-0.07366257160902023
103,LEFT_HEEL,0.3199833631515503,0.9043671488761902,0.5167379379272461
103,RIGHT_HEEL,0.2957499921321869,0.9514187574386597,-0.07857874780893326
103,LEFT_FOOT_INDEX,0.41234198212623596,0.9123830795288086,0.4546157717704773
103,RIGHT_FOOT_INDEX,0.3972284495830536,0.9561820030212402,-0.22299937903881073
104,NOSE,0.5256164073944092,0.3134949803352356,-0.236756831407547
104,LEFT_EYE_INNER,0.5285797119140625,0.29261988401412964,-0.21652093529701233
104,LEFT_EYE,0.5284321308135986,0.2921002209186554,-0.21667221188545227
104,LEFT_EYE_OUTER,0.528123676776886,0.2915796935558319,-0.21679072082042694
104,RIGHT_EYE_INNER,0.5228862762451172,0.28925496339797974,-0.2737109661102295
104,RIGHT_EYE,0.5188413858413696,0.28650933504104614,-0.2737412750720978
104,RIGHT_EYE_OUTER,0.5144959688186646,0.2837023138999939,-0.2738552391529083
104,LEFT_EAR,0.5070158243179321,0.2854800820350647,-0.09497078508138657
104,RIGHT_EAR,0.49147820472717285,0.27740198373794556,-0.35162392258644104
104,MOUTH_LEFT,0.5108648538589478,0.3242604732513428,-0.18355296552181244
104,MOUTH_RIGHT,0.5047730207443237,0.3203977644443512,-0.2583548426628113
104,LEFT_SHOULDER,0.4614737629890442,0.36017829179763794,0.100006103515625
104,RIGHT_SHOULDER,0.4112180769443512,0.3494996130466461,-0.44607800245285034
104,LEFT_ELBOW,0.45762380957603455,0.4761814475059509,0.2363056242465973
104,RIGHT_ELBOW,0.42072591185569763,0.48397278785705566,-0.5020679235458374
104,LEFT_WRIST,0.4990929961204529,0.5700503587722778,0.15629400312900543
104,RIGHT_WRIST,0.4756605625152588,0.5699871182441711,-0.4715934693813324
104,LEFT_PINKY,0.5140361189842224,0.5963109135627747,0.15659108757972717
104,RIGHT_PINKY,0.49242886900901794,0.6057023406028748,-0.522525429725647
104,LEFT_INDEX,0.517544150352478,0.5976988673210144,0.10967078059911728
104,RIGHT_INDEX,0.501695990562439,0.6001123189926147,-0.520143985748291
104,LEFT_THUMB,0.5140279531478882,0.589934229850769,0.1323707401752472
104,RIGHT_THUMB,0.4977878928184509,0.5887941122055054,-0.4680512845516205
104,LEFT_HIP,0.3456099033355713,0.5636378526687622,0.16448310017585754
104,RIGHT_HIP,0.30261096358299255,0.5605415105819702,-0.16446644067764282
104,LEFT_KNEE,0.3476376235485077,0.725337028503418,0.31286942958831787
104,RIGHT_KNEE,0.31998080015182495,0.7329355478286743,-0.14218378067016602
104,LEFT_ANKLE,0.3360801041126251,0.8765442967414856,0.505408763885498
104,RIGHT_ANKLE,0.31381019949913025,0.9259295463562012,-0.08212663233280182
104,LEFT_HEEL,0.319553941488266,0.9048283696174622,0.5187277793884277
104,RIGHT_HEEL,0.29540663957595825,0.9515031576156616,-0.08692662417888641
104,LEFT_FOOT_INDEX,0.41152602434158325,0.9130368232727051,0.45316267013549805
104,RIGHT_FOOT_INDEX,0.3970378041267395,0.9561794400215149,-0.22992980480194092
105,NOSE,0.5247436761856079,0.3119460940361023,-0.2689133286476135
105,LEFT_EYE_INNER,0.5278648138046265,0.2916281521320343,-0.24685387313365936
105,LEFT_EYE,0.5278280973434448,0.2912449240684509,-0.24700114130973816
105,LEFT_EYE_OUTER,0.5276352167129517,0.2908450961112976,-0.24712321162223816
105,RIGHT_EYE_INNER,0.5219805836677551,0.28813937306404114,-0.2998681962490082
105,RIGHT_EYE,0.5179204940795898,0.28543421626091003,-0.29991430044174194
105,RIGHT_EYE_OUTER,0.5135542750358582,0.2826373279094696,-0.3000229001045227
105,LEFT_EAR,0.5069562196731567,0.2853069007396698,-0.11428197473287582
105,RIGHT_EAR,0.4908447861671448,0.27669599652290344,-0.35381555557250977
105,MOUTH_LEFT,0.5102695226669312,0.32306182384490967,-0.2115335464477539
105,MOUTH_RIGHT,0.5038514733314514,0.3190040588378906,-0.2808007597923279
105,LEFT_SHOULDER,0.4636501669883728,0.3605518937110901,0.08935071527957916
105,RIGHT_SHOULDER,0.40970492362976074,0.34857067465782166,-0.44526100158691406
105,LEFT_ELBOW,0.45902585983276367,0.47714942693710327,0.21966151893138885
105,RIGHT_ELBOW,0.42025551199913025,0.48309677839279175,-0.5078409910202026
105,LEFT_WRIST,0.5009221434593201,0.5716849565505981,0.1387828290462494
105,RIGHT_WRIST,0.47596555948257446,0.5705206394195557,-0.508675754070282
105,LEFT_PINKY,0.5145567059516907,0.5966874957084656,0.13678835332393646
105,RIGHT_PINKY,0.4925728738307953,0.6056684255599976,-0.5638737082481384
105,LEFT_INDEX,0.5179799199104309,0.5981487035751343,0.0893859937787056
105,RIGHT_INDEX,0.5030425786972046,0.600226104259491,-0.5618485808372498
105,LEFT_THUMB,0.5146545171737671,0.5906129479408264,0.1150999516248703
105,RIGHT_THUMB,0.49832406640052795,0.5888444185256958,-0.5060856938362122
105,LEFT_HIP,0.3464072346687317,0.5642329454421997,0.16283902525901794
105,RIGHT_HIP,0.3018195331096649,0.5598700642585754,-0.1628277599811554
105,LEFT_KNEE,0.3507482707500458,0.7250165343284607,0.3087632656097412
105,RIGHT_KNEE,0.31994229555130005,0.7314279079437256,-0.18389184772968292
105,LEFT_ANKLE,0.33605509996414185,0.8766733407974243,0.5030694007873535
105,RIGHT_ANKLE,0.3133551776409149,0.9258092641830444,-0.14852043986320496
105,LEFT_HEEL,0.31934916973114014,0.9048416018486023,0.5159672498703003
105,RIGHT_HEEL,0.29451650381088257,0.9515030980110168,-0.15629974007606506
105,LEFT_FOOT_INDEX,0.4109441637992859,0.9141510128974915,0.4464401304721832
105,RIGHT_FOOT_INDEX,0.3956312835216522,0.9563608169555664,-0.30782681703567505
106,NOSE,0.5238515138626099,0.3108467757701874,-0.278216153383255
106,LEFT_EYE_INNER,0.5271466970443726,0.29086047410964966,-0.255980908870697
106,LEFT_EYE,0.527199387550354,0.29057446122169495,-0.2561246156692505
106,LEFT_EYE_OUTER,0.5271027088165283,0.2902665138244629,-0.2562457323074341
106,RIGHT_EYE_INNER,0.5211002826690674,0.2872721552848816,-0.3085562288761139
106,RIGHT_EYE,0.5170141458511353,0.2845999598503113,-0.3086034655570984
106,RIGHT_EYE_OUTER,0.5126400589942932,0.28184518218040466,-0.3087121844291687
106,LEFT_EAR,0.5068384408950806,0.28511613607406616,-0.12133977562189102
106,RIGHT_EAR,0.490267276763916,0.2762269377708435,-0.35669437050819397
106,MOUTH_LEFT,0.5095895528793335,0.3220851421356201,-0.22000043094158173
106,MOUTH_RIGHT,0.5028530359268188,0.31784650683403015,-0.2885397970676422
106,LEFT_SHOULDER,0.4647110402584076,0.36072105169296265,0.08544500917196274
106,RIGHT_SHOULDER,0.40879273414611816,0.3479894697666168,-0.4457525610923767
106,LEFT_ELBOW,0.4598960280418396,0.477426141500473,0.21301540732383728
106,RIGHT_ELBOW,0.4192507863044739,0.4826386570930481,-0.5051095485687256
106,LEFT_WRIST,0.500763475894928,0.5719567537307739,0.1303110271692276
106,RIGHT_WRIST,0.4759008288383484,0.5706235766410828,-0.49204540252685547
106,LEFT_PINKY,0.5146734714508057,0.5967859625816345,0.12743225693702698
106,RIGHT_PINKY,0.49264025688171387,0.605638325214386,-0.5452012419700623
106,LEFT_INDEX,0.518136739730835,0.5984212160110474,0.08006608486175537
106,RIGHT_INDEX,0.5031118392944336,0.6001170873641968,-0.5435327291488647
106,LEFT_THUMB,0.5148192644119263,0.5910975337028503,0.10654546320438385
106,RIGHT_THUMB,0.4983431398868561,0.5887492299079895,-0.48916664719581604
106,LEFT_HIP,0.3467983305454254,0.5650006532669067,0.16214878857135773
106,RIGHT_HIP,0.3010845482349396,0.5597227811813354,-0.1621401607990265
106,LEFT_KNEE,0.3514276444911957,0.7251349091529846,0.3098345100879669
106,RIGHT_KNEE,0.31983456015586853,0.7313903570175171,-0.17350232601165771
106,LEFT_ANKLE,0.3360615372657776,0.8766050338745117,0.5045260190963745
106,RIGHT_ANKLE,0.31295064091682434,0.925879955291748,-0.12958285212516785
106,LEFT_HEEL,0.31922397017478943,0.9048259854316711,0.5175554752349854
106,RIGHT_HEEL,0.2939036786556244,0.9515548944473267,-0.13625797629356384
106,LEFT_FOOT_INDEX,0.41045886278152466,0.9144401550292969,0.44922295212745667
106,RIGHT_FOOT_INDEX,0.3949269652366638,0.9565247297286987,-0.2843213975429535
107,NOSE,0.5231359004974365,0.3109758496284485,-0.2756657302379608
107,LEFT_EYE_INNER,0.5265229940414429,0.29106801748275757,-0.25353431701660156
107,LEFT_EYE,0.526631236076355,0.29075825214385986,-0.25368446111679077
107,LEFT_EYE_OUTER,0.5265980362892151,0.29041939973831177,-0.253801167011261
107,RIGHT_EYE_INNER,0.5202187895774841,0.28752440214157104,-0.3071393072605133
107,RIGHT_EYE,0.5160130262374878,0.2848552465438843,-0.30720385909080505
107,RIGHT_EYE_OUTER,0.5115628242492676,0.2821073830127716,-0.3073250353336334
107,LEFT_EAR,0.506492018699646,0.285308837890625,-0.11983267217874527
107,RIGHT_EAR,0.4893086850643158,0.27634671330451965,-0.3588029444217682
107,MOUTH_LEFT,0.5091015100479126,0.3220803141593933,-0.21762442588806152
107,MOUTH_RIGHT,0.5021911859512329,0.31783515214920044,-0.28760403394699097
107,LEFT_SHOULDER,0.46447739005088806,0.3607616126537323,0.08788412064313889
107,RIGHT_SHOULDER,0.40858468413352966,0.34795984625816345,-0.44750314950942993
107,LEFT_ELBOW,0.4597506523132324,0.47749248147010803,0.212848499417305
107,RIGHT_ELBOW,0.41937392950057983,0.48266011476516724,-0.5115845203399658
107,LEFT_WRIST,0.5000552535057068,0.5718632936477661,0.13132411241531372
107,RIGHT_WRIST,0.4749755859375,0.5703963041305542,-0.5040485858917236
107,LEFT_PINKY,0.5138339996337891,0.5974832773208618,0.12961173057556152
107,RIGHT_PINKY,0.4914337992668152,0.6051465272903442,-0.5568434596061707
107,LEFT_INDEX,0.517633318901062,0.5988106727600098,0.08290719985961914
107,RIGHT_INDEX,0.5014751553535461,0.5999904870986938,-0.5565681457519531
107,LEFT_THUMB,0.5124489665031433,0.5911899209022522,0.10789705812931061
107,RIGHT_THUMB,0.49552589654922485,0.5882285833358765,-0.501618504524231
107,LEFT_HIP,0.34670302271842957,0.5651542544364929,0.16239747405052185
107,RIGHT_HIP,0.29892709851264954,0.5594003200531006,-0.1623946875333786
107,LEFT_KNEE,0.3527703285217285,0.7233017683029175,0.3293665051460266
107,RIGHT_KNEE,0.3190608620643616,0.7303962111473083,-0.21792025864124298
107,LEFT_ANKLE,0.3362436592578888,0.8758374452590942,0.5464731454849243
107,RIGHT_ANKLE,0.31291505694389343,0.925905704498291,-0.20499500632286072
107,LEFT_HEEL,0.3198778033256531,0.903535008430481,0.561261773109436
107,RIGHT_HEEL,0.29364943504333496,0.9521767497062683,-0.21555855870246887
107,LEFT_FOOT_INDEX,0.411032110452652,0.9143140912055969,0.49271589517593384
107,RIGHT_FOOT_INDEX,0.39488452672958374,0.9565814733505249,-0.37463927268981934
108,NOSE,0.5229529142379761,0.3111438751220703,-0.2838923931121826
108,LEFT_EYE_INNER,0.5265171527862549,0.29116013646125793,-0.2605244517326355
108,LEFT_EYE,0.5266172885894775,0.2909254729747772,-0.26066580414772034
108,LEFT_EYE_OUTER,0.5265794992446899,0.29067397117614746,-0.2607809603214264
108,RIGHT_EYE_INNER,0.5202852487564087,0.28765246272087097,-0.3153969347476959
108,RIGHT_EYE,0.5161134600639343,0.28502899408340454,-0.31547486782073975
108,RIGHT_EYE_OUTER,0.5116927027702332,0.282315731048584,-0.3156028687953949
108,LEFT_EAR,0.5065129995346069,0.2857644855976105,-0.12117113173007965
108,RIGHT_EAR,0.48931366205215454,0.27641725540161133,-0.3651362359523773
108,MOUTH_LEFT,0.5089566111564636,0.3221774399280548,-0.2235475480556488
108,MOUTH_RIGHT,0.5021327137947083,0.31795233488082886,-0.2949618101119995
108,LEFT_SHOULDER,0.4643062651157379,0.36076581478118896,0.0902569591999054
108,RIGHT_SHOULDER,0.4064633250236511,0.34801119565963745,-0.45565491914749146
108,LEFT_ELBOW,0.4598211348056793,0.4773642420768738,0.2138012945652008
108,RIGHT_ELBOW,0.4214459955692291,0.48327216506004333,-0.5095351934432983
108,LEFT_WRIST,0.4999634623527527,0.5714141726493835,0.1257818341255188
108,RIGHT_WRIST,0.4774177074432373,0.568311870098114,-0.46017733216285706
108,LEFT_PINKY,0.5136903524398804,0.597409188747406,0.12324517965316772
108,RIGHT_PINKY,0.4919095039367676,0.6046862006187439,-0.5063988566398621
108,LEFT_INDEX,0.517605721950531,0.5985450744628906,0.07763232290744781
108,RIGHT_INDEX,0.5031455755233765,0.5988838076591492,-0.5082116723060608
108,LEFT_THUMB,0.5116490125656128,0.5904785394668579,0.10229126363992691
108,RIGHT_THUMB,0.49712222814559937,0.5875426530838013,-0.45681795477867126
108,LEFT_HIP,0.3446139097213745,0.566181480884552,0.16518788039684296
108,RIGHT_HIP,0.29616445302963257,0.5601897239685059,-0.16520389914512634
108,LEFT_KNEE,0.3526040315628052,0.7249612212181091,0.34605976939201355
108,RIGHT_KNEE,0.31862249970436096,0.7346397638320923,-0.21047842502593994
108,LEFT_ANKLE,0.33544260263442993,0.8758546710014343,0.5705400109291077
108,RIGHT_ANKLE,0.3127652704715729,0.9290874600410461,-0.20228509604930878
108,LEFT_HEEL,0.31647998094558716,0.9035266637802124,0.5864882469177246
108,RIGHT_HEEL,0.29326149821281433,0.9552434682846069,-0.21086709201335907
108,LEFT_FOOT_INDEX,0.41045236587524414,0.9147087931632996,0.5222604274749756
108,RIGHT_FOOT_INDEX,0.39516937732696533,0.9582463502883911,-0.3485419750213623
109,NOSE,0.521952211856842,0.31117159128189087,-0.3114561438560486
109,LEFT_EYE_INNER,0.5261329412460327,0.29127103090286255,-0.2866365611553192
109,LEFT_EYE,0.5263307690620422,0.29095837473869324,-0.2867783308029175
109,LEFT_EYE_OUTER,0.5263867378234863,0.2908383905887604,-0.2868924140930176
109,RIGHT_EYE_INNER,0.5197702646255493,0.287818968296051,-0.33750617504119873
109,RIGHT_EYE,0.5155645608901978,0.28513485193252563,-0.33758994936943054
109,RIGHT_EYE_OUTER,0.5110790729522705,0.2823188900947571,-0.3377021253108978
109,LEFT_EAR,0.5065690279006958,0.2861146926879883,-0.1384633183479309
109,RIGHT_EAR,0.48885518312454224,0.2762243151664734,-0.36699825525283813
109,MOUTH_LEFT,0.5083085298538208,0.32200706005096436,-0.24823661148548126
109,MOUTH_RIGHT,0.5010053515434265,0.3174433410167694,-0.3144451975822449
109,LEFT_SHOULDER,0.46422791481018066,0.3607117235660553,0.08049025386571884
109,RIGHT_SHOULDER,0.4034694731235504,0.34793320298194885,-0.4538425803184509
109,LEFT_ELBOW,0.4601634442806244,0.47620540857315063,0.19639460742473602
109,RIGHT_ELBOW,0.41957950592041016,0.48332804441452026,-0.5042694807052612
109,LEFT_WRIST,0.4990798830986023,0.5703446865081787,0.09683487564325333
109,RIGHT_WRIST,0.47732067108154297,0.5614009499549866,-0.46026068925857544
109,LEFT_PINKY,0.5132904052734375,0.5973676443099976,0.09140254557132721
109,RIGHT_PINKY,0.4919593334197998,0.5985608100891113,-0.5071272850036621
109,LEFT_INDEX,0.51753830909729,0.5984218716621399,0.045908473432064056
109,RIGHT_INDEX,0.5028730034828186,0.5925596952438354,-0.5100549459457397
109,LEFT_THUMB,0.5118178129196167,0.5904499292373657,0.07325862348079681
109,RIGHT_THUMB,0.4963896870613098,0.5810770392417908,-0.45732077956199646
109,LEFT_HIP,0.3445897400379181,0.5661665201187134,0.1650266945362091
109,RIGHT_HIP,0.2942773699760437,0.5601226091384888,-0.1650489717721939
109,LEFT_KNEE,0.3525289297103882,0.7250407934188843,0.3425038456916809
109,RIGHT_KNEE,0.3180537521839142,0.7349311113357544,-0.199871227145195
109,LEFT_ANKLE,0.3352307975292206,0.8756944537162781,0.5603750944137573
109,RIGHT_ANKLE,0.3126199245452881,0.9300106763839722,-0.1807556450366974
109,LEFT_HEEL,0.31551167368888855,0.902847170829773,0.5753710269927979
109,RIGHT_HEEL,0.2927773594856262,0.9559584856033325,-0.19001628458499908
109,LEFT_FOOT_INDEX,0.409534215927124,0.9152505993843079,0.5087202191352844
109,RIGHT_FOOT_INDEX,0.3951340317726135,0.9586129188537598,-0.34323981404304504
110,NOSE,0.5215926766395569,0.31124335527420044,-0.29737281799316406
110,LEFT_EYE_INNER,0.5259996652603149,0.29150375723838806,-0.27387723326683044
110,LEFT_EYE,0.526218056678772,0.2912743091583252,-0.2740212082862854
110,LEFT_EYE_OUTER,0.5263037085533142,0.2912212312221527,-0.27413439750671387
110,RIGHT_EYE_INNER,0.5196772217750549,0.28784555196762085,-0.32585209608078003
110,RIGHT_EYE,0.5155032873153687,0.285211980342865,-0.32593056559562683
110,RIGHT_EYE_OUTER,0.511044979095459,0.2824273109436035,-0.32604560256004333
110,LEFT_EAR,0.506605863571167,0.28641945123672485,-0.1318172663450241
110,RIGHT_EAR,0.48877567052841187,0.27625197172164917,-0.3646021783351898
110,MOUTH_LEFT,0.5080329179763794,0.3220509886741638,-0.23637890815734863
110,MOUTH_RIGHT,0.500704824924469,0.31746312975883484,-0.30415207147598267
110,LEFT_SHOULDER,0.46429768204689026,0.36064884066581726,0.08301085978746414
110,RIGHT_SHOULDER,0.4020170569419861,0.34775885939598083,-0.45276719331741333
110,LEFT_ELBOW,0.4609082341194153,0.47589540481567383,0.19868329167366028
110,RIGHT_ELBOW,0.4190825819969177,0.4833911061286926,-0.4980708062648773
110,LEFT_WRIST,0.49977779388427734,0.5703155994415283,0.10040048509836197
110,RIGHT_WRIST,0.47747164964675903,0.5616656541824341,-0.45993462204933167
110,LEFT_PINKY,0.5134857892990112,0.5971745252609253,0.0954069122672081
110,RIGHT_PINKY,0.4922727942466736,0.5984024405479431,-0.5070498585700989
110,LEFT_INDEX,0.517662525177002,0.5983618497848511,0.04966247081756592
110,RIGHT_INDEX,0.5029596090316772,0.592383623123169,-0.5096730589866638
110,LEFT_THUMB,0.5128158926963806,0.5904272794723511,0.07677634060382843
110,RIGHT_THUMB,0.4967727065086365,0.5817662477493286,-0.4572621285915375
110,LEFT_HIP,0.3445652723312378,0.5660332441329956,0.16499409079551697
110,RIGHT_HIP,0.2935647964477539,0.5598527789115906,-0.1650138795375824
110,LEFT_KNEE,0.35249027609825134,0.7250391840934753,0.3430957794189453
110,RIGHT_KNEE,0.3178160488605499,0.734804093837738,-0.2069757729768753
110,LEFT_ANKLE,0.3350749611854553,0.8756744265556335,0.5599950551986694
110,RIGHT_ANKLE,0.3124883770942688,0.9301496744155884,-0.19598159193992615
110,LEFT_HEEL,0.3149988055229187,0.902652382850647,0.5748775005340576
110,RIGHT_HEEL,0.29239970445632935,0.9560562372207642,-0.2064065933227539
110,LEFT_FOOT_INDEX,0.40898680686950684,0.915935218334198,0.5084511637687683
110,RIGHT_FOOT_INDEX,0.39509445428848267,0.958715558052063,-0.3614462614059448
111,NOSE,0.5216315984725952,0.3122481405735016,-0.24598053097724915
111,LEFT_EYE_INNER,0.5260082483291626,0.29292815923690796,-0.22655744850635529
111,LEFT_EYE,0.526221752166748,0.2926124930381775,-0.22671422362327576
111,LEFT_EYE_OUTER,0.5263024568557739,0.2924465835094452,-0.22681984305381775
111,RIGHT_EYE_INNER,0.5197283029556274,0.28937774896621704,-0.2828909456729889
111,RIGHT_EYE,0.5155869722366333,0.28669899702072144,-0.2829652428627014
111,RIGHT_EYE_OUTER,0.5111792087554932,0.28392493724823,-0.2831049859523773
111,LEFT_EAR,0.5066104531288147,0.287257581949234,-0.10353245586156845
111,RIGHT_EAR,0.48881006240844727,0.27745476365089417,-0.3545630872249603
111,MOUTH_LEFT,0.5080465078353882,0.3225216865539551,-0.19183221459388733
111,MOUTH_RIGHT,0.5007616281509399,0.31806066632270813,-0.26550760865211487
111,LEFT_SHOULDER,0.4644133448600769,0.36065053939819336,0.09725802391767502
111,RIGHT_SHOULDER,0.4024021029472351,0.34777918457984924,-0.4486847519874573
111,LEFT_ELBOW,0.46116629242897034,0.47589486837387085,0.2093573361635208
111,RIGHT_ELBOW,0.4208449423313141,0.483724981546402,-0.4926150441169739
111,LEFT_WRIST,0.5014737844467163,0.5702911615371704,0.10788808017969131
111,RIGHT_WRIST,0.47997087240219116,0.5690861940383911,-0.44889187812805176
111,LEFT_PINKY,0.5169229507446289,0.5971329808235168,0.10138292610645294
111,RIGHT_PINKY,0.4936164319515228,0.6020099520683289,-0.49524298310279846
111,LEFT_INDEX,0.5204880833625793,0.5983113050460815,0.05608488991856575
111,RIGHT_INDEX,0.50456702709198,0.5959771871566772,-0.4969353675842285
111,LEFT_THUMB,0.5142473578453064,0.5903321504592896,0.08421866595745087
111,RIGHT_THUMB,0.4990302622318268,0.5867713093757629,-0.44584712386131287
111,LEFT_HIP,0.3441203236579895,0.5659384727478027,0.1653553545475006
111,RIGHT_HIP,0.2935563623905182,0.5598502159118652,-0.16536496579647064
111,LEFT_KNEE,0.3523997366428375,0.725111186504364,0.34172847867012024
111,RIGHT_KNEE,0.3178165555000305,0.7347197532653809,-0.19933590292930603
111,LEFT_ANKLE,0.3350623548030853,0.8756763339042664,0.5570093393325806
111,RIGHT_ANKLE,0.31241726875305176,0.9299015998840332,-0.17867279052734375
111,LEFT_HEEL,0.31485679745674133,0.9026644825935364,0.5718755125999451
111,RIGHT_HEEL,0.29170140624046326,0.9555569887161255,-0.1877099871635437
111,LEFT_FOOT_INDEX,0.40893977880477905,0.9160453081130981,0.5052351355552673
111,RIGHT_FOOT_INDEX,0.39504483342170715,0.9586596488952637,-0.336996853351593
112,NOSE,0.5216614007949829,0.3128490746021271,-0.23796412348747253
112,LEFT_EYE_INNER,0.5260154008865356,0.2938176989555359,-0.21847565472126007
112,LEFT_EYE,0.526225209236145,0.2934779226779938,-0.21863007545471191
112,LEFT_EYE_OUTER,0.5263029932975769,0.2932659983634949,-0.2187361717224121
112,RIGHT_EYE_INNER,0.5197693705558777,0.29029399156570435,-0.27452319860458374
112,RIGHT_EYE,0.5156564116477966,0.28758493065834045,-0.2745954096317291
112,RIGHT_EYE_OUTER,0.5112917423248291,0.28480130434036255,-0.2747321128845215
112,LEFT_EAR,0.5066537261009216,0.2879965007305145,-0.09628333151340485
112,RIGHT_EAR,0.4888330399990082,0.2781979441642761,-0.3479631841182709
112,MOUTH_LEFT,0.5080660581588745,0.32286375761032104,-0.184038445353508
112,MOUTH_RIGHT,0.5007829070091248,0.31850308179855347,-0.2573715150356293
112,LEFT_SHOULDER,0.4645262360572815,0.36069047451019287,0.10268199443817139
112,RIGHT_SHOULDER,0.4026775360107422,0.34779196977615356,-0.44384703040122986
112,LEFT_ELBOW,0.46150296926498413,0.4758893847465515,0.21365240216255188
112,RIGHT_ELBOW,0.4226827025413513,0.48392778635025024,-0.486316055059433
112,LEFT_WRIST,0.503182053565979,0.5702751874923706,0.10886422544717789
112,RIGHT_WRIST,0.48185592889785767,0.5732776522636414,-0.441334068775177
112,LEFT_PINKY,0.5190725922584534,0.5971053838729858,0.10338548570871353
112,RIGHT_PINKY,0.4947277009487152,0.604398787021637,-0.4873489737510681
112,LEFT_INDEX,0.5223316550254822,0.5982910990715027,0.0567149892449379
112,RIGHT_INDEX,0.5057350397109985,0.5985032320022583,-0.4887632727622986
112,LEFT_THUMB,0.5155426263809204,0.5901890397071838,0.08552391827106476
112,RIGHT_THUMB,0.501214861869812,0.5888417363166809,-0.4382089674472809
112,LEFT_HIP,0.3439153730869293,0.5658621788024902,0.1655401736497879
112,RIGHT_HIP,0.2935483753681183,0.5598478317260742,-0.16554489731788635
112,LEFT_KNEE,0.3523389995098114,0.7251468300819397,0.33843135833740234
112,RIGHT_KNEE,0.3178478479385376,0.734666645526886,-0.19961652159690857
112,LEFT_ANKLE,0.33505186438560486,0.875757098197937,0.5462807416915894
112,RIGHT_ANKLE,0.31232750415802,0.9298063516616821,-0.1816168874502182
112,LEFT_HEEL,0.31473761796951294,0.9027261734008789,0.5602259635925293
112,RIGHT_HEEL,0.2912740111351013,0.9552847146987915,-0.19090981781482697
112,LEFT_FOOT_INDEX,0.40895432233810425,0.9160751104354858,0.4945729374885559
112,RIGHT_FOOT_INDEX,0.39505767822265625,0.9586508870124817,-0.3388882279396057
113,NOSE,0.5216888189315796,0.31368961930274963,-0.21062636375427246
113,LEFT_EYE_INNER,0.5260233283042908,0.2948024868965149,-0.1916123926639557
113,LEFT_EYE,0.5262226462364197,0.294331818819046,-0.19177734851837158
113,LEFT_EYE_OUTER,0.5262829065322876,0.293973833322525,-0.19188624620437622
113,RIGHT_EYE_INNER,0.5198867321014404,0.29153722524642944,-0.24921968579292297
113,RIGHT_EYE,0.5158674716949463,0.28881850838661194,-0.24928346276283264
113,RIGHT_EYE_OUTER,0.5116277933120728,0.28601697087287903,-0.2494300901889801
113,LEFT_EAR,0.5065953135490417,0.2883737087249756,-0.07608840614557266
113,RIGHT_EAR,0.48884886503219604,0.2788451313972473,-0.33523130416870117
113,MOUTH_LEFT,0.508075475692749,0.3233496844768524,-0.15928854048252106
113,MOUTH_RIGHT,0.5008031725883484,0.31926387548446655,-0.23481516540050507
113,LEFT_SHOULDER,0.46441420912742615,0.3606916666030884,0.1142377033829689
113,RIGHT_SHOULDER,0.40289074182510376,0.3478083908557892,-0.43353110551834106
113,LEFT_ELBOW,0.4614604115486145,0.4759577810764313,0.22796618938446045
113,RIGHT_ELBOW,0.4229854643344879,0.48396772146224976,-0.48263388872146606
113,LEFT_WRIST,0.5038937926292419,0.5701671838760376,0.1400398463010788
113,RIGHT_WRIST,0.4822050929069519,0.5772096514701843,-0.4425453245639801
113,LEFT_PINKY,0.5188568234443665,0.5959190726280212,0.1378650665283203
113,RIGHT_PINKY,0.4949330687522888,0.6068862080574036,-0.48918527364730835
113,LEFT_INDEX,0.5232619047164917,0.5976108312606812,0.09288270771503448
113,RIGHT_INDEX,0.505755603313446,0.601152777671814,-0.4898504316806793
113,LEFT_THUMB,0.5161626935005188,0.5892976522445679,0.11725201457738876
113,RIGHT_THUMB,0.5012310743331909,0.5921858549118042,-0.43934664130210876
113,LEFT_HIP,0.34391069412231445,0.5658884644508362,0.16557179391384125
113,RIGHT_HIP,0.29359549283981323,0.5598565936088562,-0.16557246446609497
113,LEFT_KNEE,0.3533472418785095,0.7249260544776917,0.33708757162094116
113,RIGHT_KNEE,0.3180825114250183,0.7345004081726074,-0.21733729541301727
113,LEFT_ANKLE,0.3350517749786377,0.875890851020813,0.5447463989257812
113,RIGHT_ANKLE,0.31215766072273254,0.929725170135498,-0.21182377636432648
113,LEFT_HEEL,0.3148922324180603,0.9027377963066101,0.5587446689605713
113,RIGHT_HEEL,0.2911019027233124,0.9552093744277954,-0.22230467200279236
113,LEFT_FOOT_INDEX,0.4089730381965637,0.9161027669906616,0.4934234023094177
113,RIGHT_FOOT_INDEX,0.3951144814491272,0.9587976336479187,-0.37162843346595764
114,NOSE,0.5214319825172424,0.31407907605171204,-0.21664223074913025
114,LEFT_EYE_INNER,0.525809645652771,0.29538390040397644,-0.19756929576396942
114,LEFT_EYE,0.5259994864463806,0.2949320673942566,-0.19772982597351074
114,LEFT_EYE_OUTER,0.526069164276123,0.29457351565361023,-0.19783839583396912
114,RIGHT_EYE_INNER,0.5197959542274475,0.2920265197753906,-0.25372475385665894
114,RIGHT_EYE,0.5158161520957947,0.2892495393753052,-0.2537889778614044
114,RIGHT_EYE_OUTER,0.5116099119186401,0.2863932251930237,-0.2539297342300415
114,LEFT_EAR,0.5065419673919678,0.2889891564846039,-0.07915972173213959
114,RIGHT_EAR,0.4886626601219177,0.27915626764297485,-0.3323155343532562
114,MOUTH_LEFT,0.5078732967376709,0.3235653042793274,-0.1640973687171936
114,MOUTH_RIGHT,0.5006944537162781,0.31944575905799866,-0.23769304156303406
114,LEFT_SHOULDER,0.4643944799900055,0.3607432246208191,0.11384417861700058
114,RIGHT_SHOULDER,0.40304964780807495,0.34779947996139526,-0.4290291666984558
114,LEFT_ELBOW,0.4614354968070984,0.4760269522666931,0.22813770174980164
114,RIGHT_ELBOW,0.42287760972976685,0.48397335410118103,-0.478892982006073
114,LEFT_WRIST,0.5043048858642578,0.5701161026954651,0.1416158676147461
114,RIGHT_WRIST,0.4821486473083496,0.5777989625930786,-0.4408920705318451
114,LEFT_PINKY,0.5187151432037354,0.5950146913528442,0.13944582641124725
114,RIGHT_PINKY,0.4949260354042053,0.6074838638305664,-0.4874497950077057
114,LEFT_INDEX,0.5236849784851074,0.5970615148544312,0.09448543936014175
114,RIGHT_INDEX,0.5056710839271545,0.6019045114517212,-0.4882054328918457
114,LEFT_THUMB,0.5164527297019958,0.5886609554290771,0.11877176910638809
114,RIGHT_THUMB,0.5010719299316406,0.5929679274559021,-0.4378395080566406
114,LEFT_HIP,0.343959242105484,0.5661243200302124,0.16555622220039368
114,RIGHT_HIP,0.29362303018569946,0.5600023865699768,-0.16555507481098175
114,LEFT_KNEE,0.3534414768218994,0.7249652147293091,0.33631598949432373
114,RIGHT_KNEE,0.31845593452453613,0.7344222068786621,-0.20900201797485352
114,LEFT_ANKLE,0.33505135774612427,0.8761785626411438,0.5408065915107727
114,RIGHT_ANKLE,0.3121461868286133,0.9296678304672241,-0.1978767216205597
114,LEFT_HEEL,0.3150758147239685,0.902819812297821,0.5545302629470825
114,RIGHT_HEEL,0.29105880856513977,0.9551935195922852,-0.20778970420360565
114,LEFT_FOOT_INDEX,0.4091227650642395,0.9161106944084167,0.4904100000858307
114,RIGHT_FOOT_INDEX,0.39539751410484314,0.9589217901229858,-0.35536086559295654
115,NOSE,0.517573356628418,0.3141424357891083,-0.3137204647064209
115,LEFT_EYE_INNER,0.5231974124908447,0.2956620752811432,-0.28990504145622253
115,LEFT_EYE,0.5237168073654175,0.2953649163246155,-0.2900683283805847
115,LEFT_EYE_OUTER,0.524135410785675,0.29516246914863586,-0.2902013957500458
115,RIGHT_EYE_INNER,0.5162965059280396,0.2920295000076294,-0.33644425868988037
115,RIGHT_EYE,0.5119441747665405,0.28922274708747864,-0.33652248978614807
115,RIGHT_EYE_OUTER,0.5073397755622864,0.286284476518631,-0.33662280440330505
115,LEFT_EAR,0.5060549378395081,0.2897188067436218,-0.1427774876356125
115,RIGHT_EAR,0.48465627431869507,0.2791464924812317,-0.3515489995479584
115,MOUTH_LEFT,0.5053061246871948,0.3236171305179596,-0.25073322653770447
115,MOUTH_RIGHT,0.49677449464797974,0.3193710446357727,-0.3115675449371338
115,LEFT_SHOULDER,0.46482935547828674,0.3608649671077728,0.07123641669750214
115,RIGHT_SHOULDER,0.4002191424369812,0.3475204110145569,-0.4306727349758148
115,LEFT_ELBOW,0.4618973135948181,0.4764134883880615,0.1724928319454193
115,RIGHT_ELBOW,0.42207759618759155,0.4835660457611084,-0.4801560342311859
115,LEFT_WRIST,0.5079851746559143,0.570601761341095,0.06313492357730865
115,RIGHT_WRIST,0.481621116399765,0.5782899856567383,-0.46909451484680176
115,LEFT_PINKY,0.5220555067062378,0.5950251817703247,0.05447869375348091
115,RIGHT_PINKY,0.4937664568424225,0.6090763807296753,-0.5218691825866699
115,LEFT_INDEX,0.5257445573806763,0.5968155264854431,0.006975860334932804
115,RIGHT_INDEX,0.5047807097434998,0.6022753715515137,-0.5252888798713684
115,LEFT_THUMB,0.5188544988632202,0.5885921120643616,0.03886806592345238
115,RIGHT_THUMB,0.5002464652061462,0.5934871435165405,-0.46861058473587036
115,LEFT_HIP,0.34628966450691223,0.5659476518630981,0.1617826670408249
115,RIGHT_HIP,0.29370445013046265,0.5596231818199158,-0.16179001331329346
115,LEFT_KNEE,0.35473376512527466,0.7245389223098755,0.3012058138847351
115,RIGHT_KNEE,0.31835025548934937,0.7323383688926697,-0.2607744634151459
115,LEFT_ANKLE,0.3362801671028137,0.8761659860610962,0.4768921732902527
115,RIGHT_ANKLE,0.3120724856853485,0.9289434552192688,-0.2806575894355774
115,LEFT_HEEL,0.31775087118148804,0.9020335078239441,0.48722022771835327
115,RIGHT_HEEL,0.29085516929626465,0.9552816152572632,-0.2945895791053772
115,LEFT_FOOT_INDEX,0.41024214029312134,0.9158592224121094,0.4158499240875244
115,RIGHT_FOOT_INDEX,0.39540189504623413,0.9589780569076538,-0.4536624550819397
116,NOSE,0.5164510011672974,0.3142324984073639,-0.3152741491794586
116,LEFT_EYE_INNER,0.5221774578094482,0.2958727478981018,-0.2923916280269623
116,LEFT_EYE,0.5227600336074829,0.2956600785255432,-0.2925606071949005
116,LEFT_EYE_OUTER,0.5232570767402649,0.2955288290977478,-0.2926962971687317
116,RIGHT_EYE_INNER,0.5151317715644836,0.2920446991920471,-0.33905044198036194
116,RIGHT_EYE,0.5106929540634155,0.2892190217971802,-0.33912360668182373
116,RIGHT_EYE_OUTER,0.5059636235237122,0.28624245524406433,-0.3392285704612732
116,LEFT_EAR,0.5057952404022217,0.29025036096572876,-0.15001323819160461
116,RIGHT_EAR,0.483062744140625,0.2791469395160675,-0.35708704590797424
116,MOUTH_LEFT,0.5045055747032166,0.3237978219985962,-0.25429767370224
116,MOUTH_RIGHT,0.4956650137901306,0.31938496232032776,-0.31530892848968506
116,LEFT_SHOULDER,0.4652927815914154,0.36164891719818115,0.05809343606233597
116,RIGHT_SHOULDER,0.3985430598258972,0.3470252752304077,-0.43167415261268616
116,LEFT_ELBOW,0.46267470717430115,0.47705259919166565,0.15766361355781555
116,RIGHT_ELBOW,0.41946786642074585,0.48323744535446167,-0.4842231273651123
116,LEFT_WRIST,0.5117269158363342,0.5716040134429932,0.053135715425014496
116,RIGHT_WRIST,0.4807169437408447,0.5783007740974426,-0.4890718460083008
116,LEFT_PINKY,0.5253594517707825,0.5953406095504761,0.045888885855674744
116,RIGHT_PINKY,0.49242013692855835,0.6099385023117065,-0.5432842969894409
116,LEFT_INDEX,0.5279918909072876,0.5967987775802612,-0.001998791005462408
116,RIGHT_INDEX,0.5026407241821289,0.603567898273468,-0.5454866290092468
116,LEFT_THUMB,0.5213527083396912,0.5886350274085999,0.028886497020721436
116,RIGHT_THUMB,0.49886855483055115,0.5936862230300903,-0.4886403977870941
116,LEFT_HIP,0.3479399085044861,0.5658401846885681,0.15805034339427948
116,RIGHT_HIP,0.29373276233673096,0.5591930150985718,-0.15805986523628235
116,LEFT_KNEE,0.35537511110305786,0.7243121862411499,0.2837624251842499
116,RIGHT_KNEE,0.3182716369628906,0.7308540940284729,-0.2565332055091858
116,LEFT_ANKLE,0.3371962308883667,0.8762086033821106,0.4503127932548523
116,RIGHT_ANKLE,0.3120177388191223,0.9284447431564331,-0.27087900042533875
116,LEFT_HEEL,0.3195466995239258,0.9018890261650085,0.45978131890296936
116,RIGHT_HEEL,0.29093536734580994,0.9550016522407532,-0.28413769602775574
116,LEFT_FOOT_INDEX,0.4105464518070221,0.9158574938774109,0.38638535141944885
116,RIGHT_FOOT_INDEX,0.39536675810813904,0.9589837193489075,-0.4418051838874817
117,NOSE,0.516414999961853,0.3142404854297638,-0.31417328119277954
117,LEFT_EYE_INNER,0.5218459367752075,0.29587578773498535,-0.29430028796195984
117,LEFT_EYE,0.5223491787910461,0.29566389322280884,-0.2944764494895935
117,LEFT_EYE_OUTER,0.5227721929550171,0.295532763004303,-0.29461032152175903
117,RIGHT_EYE_INNER,0.5150336027145386,0.2920439839363098,-0.3442392349243164
117,RIGHT_EYE,0.5106598734855652,0.2892082929611206,-0.3443215787410736
117,RIGHT_EYE_OUTER,0.5059794187545776,0.28621706366539,-0.34445422887802124
117,LEFT_EAR,0.5051429271697998,0.2901975214481354,-0.1665375530719757
117,RIGHT_EAR,0.4828876852989197,0.27907711267471313,-0.3906831443309784
117,MOUTH_LEFT,0.5042335391044617,0.3238261938095093,-0.25832051038742065
117,MOUTH_RIGHT,0.49574804306030273,0.3193921744823456,-0.323927104473114
117,LEFT_SHOULDER,0.4654638171195984,0.36175864934921265,0.028017621487379074
117,RIGHT_SHOULDER,0.39746955037117004,0.3466595411300659,-0.4608740210533142
117,LEFT_ELBOW,0.4625558853149414,0.4772525429725647,0.1251012533903122
117,RIGHT_ELBOW,0.4228913187980652,0.48269709944725037,-0.5193475484848022
117,LEFT_WRIST,0.5115082859992981,0.5733375549316406,0.023920102044939995
117,RIGHT_WRIST,0.4806324541568756,0.5800939202308655,-0.5229612588882446
117,LEFT_PINKY,0.5259193181991577,0.5970483422279358,0.01717398315668106
117,RIGHT_PINKY,0.4917186200618744,0.6119228005409241,-0.5779545903205872
117,LEFT_INDEX,0.5285925269126892,0.5977718234062195,-0.030325422063469887
117,RIGHT_INDEX,0.501308798789978,0.6071285009384155,-0.5781396627426147
117,LEFT_THUMB,0.5221930742263794,0.5896611213684082,-0.00019582847016863525
117,RIGHT_THUMB,0.49813327193260193,0.5965942740440369,-0.521702766418457
117,LEFT_HIP,0.3492429554462433,0.5657058954238892,0.15522445738315582
117,RIGHT_HIP,0.29360535740852356,0.5585628747940063,-0.15524140000343323
117,LEFT_KNEE,0.3566393256187439,0.7238539457321167,0.28833910822868347
117,RIGHT_KNEE,0.31794965267181396,0.7295666933059692,-0.27273663878440857
117,LEFT_ANKLE,0.33764246106147766,0.876218318939209,0.4702354967594147
117,RIGHT_ANKLE,0.3119586408138275,0.9283068776130676,-0.29022741317749023
117,LEFT_HEEL,0.320529967546463,0.9018288850784302,0.4813137650489807
117,RIGHT_HEEL,0.29091066122055054,0.9546791911125183,-0.30435875058174133
117,LEFT_FOOT_INDEX,0.410527765750885,0.9158560037612915,0.40656334161758423
117,RIGHT_FOOT_INDEX,0.3950958251953125,0.9587327837944031,-0.47126054763793945
118,NOSE,0.5164860486984253,0.314253568649292,-0.31062668561935425
118,LEFT_EYE_INNER,0.5216737985610962,0.2958677411079407,-0.29361116886138916
118,LEFT_EYE,0.5220521092414856,0.2956284284591675,-0.29388248920440674
118,LEFT_EYE_OUTER,0.5223244428634644,0.2954382598400116,-0.29404154419898987
118,RIGHT_EYE_INNER,0.5150972008705139,0.292045533657074,-0.33881545066833496
118,RIGHT_EYE,0.5107903480529785,0.2892083525657654,-0.33893802762031555
118,RIGHT_EYE_OUTER,0.5061784982681274,0.286215603351593,-0.3391537666320801
118,LEFT_EAR,0.5038098096847534,0.28942394256591797,-0.15116164088249207
118,RIGHT_EAR,0.48306211829185486,0.2790318429470062,-0.3848693072795868
118,MOUTH_LEFT,0.5040501356124878,0.3238387703895569,-0.2501366436481476
118,MOUTH_RIGHT,0.4958726465702057,0.31940481066703796,-0.3194320797920227
118,LEFT_SHOULDER,0.4675208032131195,0.3636108934879303,0.04405808448791504
118,RIGHT_SHOULDER,0.39438396692276,0.34442195296287537,-0.4522426128387451
118,LEFT_ELBOW,0.4645187258720398,0.48172101378440857,0.13843221962451935
118,RIGHT_ELBOW,0.41865548491477966,0.47929811477661133,-0.5122896432876587
118,LEFT_WRIST,0.5109733939170837,0.5790796279907227,0.03754748776555061
118,RIGHT_WRIST,0.4783274233341217,0.5804031491279602,-0.5288055539131165
118,LEFT_PINKY,0.5253117680549622,0.6030967235565186,0.030681878328323364
118,RIGHT_PINKY,0.48846641182899475,0.6119239330291748,-0.5846933126449585
118,LEFT_INDEX,0.5283864736557007,0.6035152673721313,-0.016128694638609886
118,RIGHT_INDEX,0.4983031153678894,0.6076257824897766,-0.5855954885482788
118,LEFT_THUMB,0.5220980048179626,0.5943681001663208,0.013992535881698132
118,RIGHT_THUMB,0.4956657290458679,0.5972491502761841,-0.5278632044792175
118,LEFT_HIP,0.350482314825058,0.5657302141189575,0.15143433213233948
118,RIGHT_HIP,0.29248178005218506,0.5568888187408447,-0.15141303837299347
118,LEFT_KNEE,0.35816386342048645,0.723461389541626,0.27619093656539917
118,RIGHT_KNEE,0.31708961725234985,0.7261435389518738,-0.30374637246131897
118,LEFT_ANKLE,0.33788198232650757,0.8766624331474304,0.44722890853881836
118,RIGHT_ANKLE,0.31182193756103516,0.9281250834465027,-0.34521621465682983
118,LEFT_HEEL,0.3205487132072449,0.9028216600418091,0.45685380697250366
118,RIGHT_HEEL,0.2905500531196594,0.9545632600784302,-0.3616204261779785
118,LEFT_FOOT_INDEX,0.41052836179733276,0.9171721339225769,0.3765833079814911
118,RIGHT_FOOT_INDEX,0.39476293325424194,0.9587318301200867,-0.5368406176567078
119,NOSE,0.5161731839179993,0.31421881914138794,-0.32290345430374146
119,LEFT_EYE_INNER,0.521268367767334,0.29577335715293884,-0.30273574590682983
119,LEFT_EYE,0.5216361284255981,0.2955448031425476,-0.30293595790863037
119,LEFT_EYE_OUTER,0.5218908190727234,0.2953500747680664,-0.3030828535556793
119,RIGHT_EYE_INNER,0.5147498846054077,0.29183143377304077,-0.3487057387828827
119,RIGHT_EYE,0.5104541182518005,0.2888832092285156,-0.34879270195961
119,RIGHT_EYE_OUTER,0.5058215856552124,0.28573504090309143,-0.3489283621311188
119,LEFT_EAR,0.5035401582717896,0.28905194997787476,-0.16819851100444794
119,RIGHT_EAR,0.48280277848243713,0.2782832980155945,-0.3819940686225891
119,MOUTH_LEFT,0.5037411451339722,0.32378342747688293,-0.26527267694473267
119,MOUTH_RIGHT,0.4956911504268646,0.3191933035850525,-0.32745563983917236
119,LEFT_SHOULDER,0.46943560242652893,0.36378687620162964,0.018717197701334953
119,RIGHT_SHOULDER,0.3912990689277649,0.3419256806373596,-0.4502650201320648
119,LEFT_ELBOW,0.46464985609054565,0.48226481676101685,0.10627919435501099
119,RIGHT_ELBOW,0.4171612858772278,0.47808629274368286,-0.5114099383354187
119,LEFT_WRIST,0.5117694139480591,0.5796158313751221,-0.005245105363428593
119,RIGHT_WRIST,0.477916955947876,0.5805500745773315,-0.5327672958374023
119,LEFT_PINKY,0.5251198410987854,0.6036123037338257,-0.016500458121299744
119,RIGHT_PINKY,0.48868197202682495,0.6119146347045898,-0.5907374024391174
119,LEFT_INDEX,0.5286911725997925,0.6032834649085999,-0.06567712128162384
119,RIGHT_INDEX,0.49822360277175903,0.6075987815856934,-0.590847909450531
119,LEFT_THUMB,0.5229938626289368,0.5945404767990112,-0.029780477285385132
119,RIGHT_THUMB,0.4953078329563141,0.597260594367981,-0.532023549079895
119,LEFT_HIP,0.35277193784713745,0.5651848316192627,0.14639827609062195
119,RIGHT_HIP,0.29245996475219727,0.5550599098205566,-0.14634162187576294
119,LEFT_KNEE,0.3590410053730011,0.7231740951538086,0.25092968344688416
119,RIGHT_KNEE,0.31558847427368164,0.7249630689620972,-0.2893458902835846
119,LEFT_ANKLE,0.33786576986312866,0.8769652247428894,0.4039936065673828
119,RIGHT_ANKLE,0.3116319477558136,0.9276521801948547,-0.31935250759124756
119,LEFT_HEEL,0.3205151855945587,0.9031961560249329,0.4117279052734375
119,RIGHT_HEEL,0.2904183566570282,0.9542860984802246,-0.33454757928848267
119,LEFT_FOOT_INDEX,0.4104904234409332,0.9180917739868164,0.3275315761566162
119,RIGHT_FOOT_INDEX,0.3935389220714569,0.958724856376648,-0.505703330039978
120,NOSE,0.5125014185905457,0.31153643131256104,-0.3163852393627167
120,LEFT_EYE_INNER,0.51900315284729,0.29311472177505493,-0.29253169894218445
120,LEFT_EYE,0.5197592377662659,0.29329919815063477,-0.29271215200424194
120,LEFT_EYE_OUTER,0.5203701853752136,0.2934911847114563,-0.29283735156059265
120,RIGHT_EYE_INNER,0.5113750696182251,0.28815698623657227,-0.3372742533683777
120,RIGHT_EYE,0.5067685842514038,0.28497403860092163,-0.33735471963882446
120,RIGHT_EYE_OUTER,0.5018496513366699,0.28171902894973755,-0.33748266100883484
120,LEFT_EAR,0.5033966302871704,0.288614422082901,-0.159529447555542
120,RIGHT_EAR,0.4800735414028168,0.2764069139957428,-0.3367569148540497
120,MOUTH_LEFT,0.5007072687149048,0.3219345211982727,-0.2553514242172241
120,MOUTH_RIGHT,0.4914132058620453,0.3165051341056824,-0.3157762587070465
120,LEFT_SHOULDER,0.4725858271121979,0.36501073837280273,0.03158567473292351
120,RIGHT_SHOULDER,0.3889375329017639,0.33716708421707153,-0.4048767685890198
120,LEFT_ELBOW,0.46566352248191833,0.4840925335884094,0.13161078095436096
120,RIGHT_ELBOW,0.3921571671962738,0.4779786467552185,-0.5034996271133423
120,LEFT_WRIST,0.5051611661911011,0.5792965888977051,0.011391155421733856
120,RIGHT_WRIST,0.4690633714199066,0.5636122226715088,-0.554486870765686
120,LEFT_PINKY,0.5172806978225708,0.6033753752708435,-0.0030027651228010654
120,RIGHT_PINKY,0.48050743341445923,0.5986193418502808,-0.6170107126235962
120,LEFT_INDEX,0.5209532380104065,0.6034831404685974,-0.052431851625442505
120,RIGHT_INDEX,0.4908536970615387,0.5937042832374573,-0.6193111538887024
120,LEFT_THUMB,0.5161159634590149,0.5947931408882141,-0.013240618631243706
120,RIGHT_THUMB,0.4850069582462311,0.5838593244552612,-0.5551849603652954
120,LEFT_HIP,0.3540303409099579,0.5632491707801819,0.14740683138370514
120,RIGHT_HIP,0.2920606732368469,0.5530002117156982,-0.14733782410621643
120,LEFT_KNEE,0.36134424805641174,0.7227505445480347,0.26849010586738586
120,RIGHT_KNEE,0.3156008720397949,0.7252925634384155,-0.3006492257118225
120,LEFT_ANKLE,0.3412458598613739,0.8757842183113098,0.4269701838493347
120,RIGHT_ANKLE,0.31162387132644653,0.9276437759399414,-0.35061436891555786
120,LEFT_HEEL,0.32377174496650696,0.9023698568344116,0.43708816170692444
120,RIGHT_HEEL,0.2904283404350281,0.9555637240409851,-0.3692343831062317
120,LEFT_FOOT_INDEX,0.41161274909973145,0.918062686920166,0.3741339445114136
120,RIGHT_FOOT_INDEX,0.39303940534591675,0.9587827920913696,-0.5620541572570801
121,NOSE,0.509729266166687,0.309802770614624,-0.3304239809513092
121,LEFT_EYE_INNER,0.5169824361801147,0.292245477437973,-0.30388492345809937
121,LEFT_EYE,0.5180467367172241,0.29270675778388977,-0.30405929684638977
121,LEFT_EYE_OUTER,0.5189398527145386,0.29311811923980713,-0.3041864335536957
121,RIGHT_EYE_INNER,0.5085462927818298,0.28645986318588257,-0.34364792704582214
121,RIGHT_EYE,0.5036546587944031,0.28302448987960815,-0.3437267243862152
121,RIGHT_EYE_OUTER,0.4983738362789154,0.2795511782169342,-0.3438315987586975
121,LEFT_EAR,0.5033025741577148,0.2885618507862091,-0.15299426019191742
121,RIGHT_EAR,0.47731906175613403,0.27492207288742065,-0.3265284597873688
121,MOUTH_LEFT,0.498867928981781,0.3205413520336151,-0.26568958163261414
121,MOUTH_RIGHT,0.4888114929199219,0.3143562078475952,-0.3183648884296417
121,LEFT_SHOULDER,0.47285914421081543,0.36510199308395386,0.04179542511701584
121,RIGHT_SHOULDER,0.3880491852760315,0.3340751826763153,-0.3895082473754883
121,LEFT_ELBOW,0.4655489921569824,0.48398709297180176,0.13411998748779297
121,RIGHT_ELBOW,0.3979424238204956,0.47358518838882446,-0.4511469006538391
121,LEFT_WRIST,0.4975578784942627,0.5788680911064148,0.007260654121637344
121,RIGHT_WRIST,0.4659288823604584,0.5648074746131897,-0.48162826895713806
121,LEFT_PINKY,0.5080643892288208,0.6024785041809082,-0.008898823522031307
121,RIGHT_PINKY,0.479457288980484,0.599220335483551,-0.539159893989563
121,LEFT_INDEX,0.5120327472686768,0.603110671043396,-0.05582984536886215
121,RIGHT_INDEX,0.4877815246582031,0.5930221080780029,-0.5473762154579163
121,LEFT_THUMB,0.5062546730041504,0.5947622656822205,-0.01668083854019642
121,RIGHT_THUMB,0.48338502645492554,0.5843275785446167,-0.4840667247772217
121,LEFT_HIP,0.3551172912120819,0.563139796257019,0.1463538408279419
121,RIGHT_HIP,0.29209595918655396,0.5525730848312378,-0.14627705514431
121,LEFT_KNEE,0.3616197109222412,0.7228022217750549,0.2677179276943207
121,RIGHT_KNEE,0.31559333205223083,0.725764811038971,-0.30067527294158936
121,LEFT_ANKLE,0.34238263964653015,0.8751883506774902,0.44145137071609497
121,RIGHT_ANKLE,0.31158000230789185,0.9276293516159058,-0.34818851947784424
121,LEFT_HEEL,0.324981689453125,0.9017850160598755,0.45110225677490234
121,RIGHT_HEEL,0.29030340909957886,0.9559181332588196,-0.3664274215698242
121,LEFT_FOOT_INDEX,0.41181960701942444,0.9182356595993042,0.3695752024650574
121,RIGHT_FOOT_INDEX,0.39268025755882263,0.9587804079055786,-0.5522345304489136
122,NOSE,0.5092073678970337,0.30950289964675903,-0.3308785557746887
122,LEFT_EYE_INNER,0.5164980292320251,0.2921178340911865,-0.3042667806148529
122,LEFT_EYE,0.5175978541374207,0.29262834787368774,-0.30444175004959106
122,LEFT_EYE_OUTER,0.5185402631759644,0.2930707037448883,-0.3045704960823059
122,RIGHT_EYE_INNER,0.5079578757286072,0.2861103117465973,-0.3441975712776184
122,RIGHT_EYE,0.5029839277267456,0.28257840871810913,-0.3442760407924652
122,RIGHT_EYE_OUTER,0.4975956380367279,0.27901023626327515,-0.3443756103515625
122,LEFT_EAR,0.5032621026039124,0.28855615854263306,-0.1505744457244873
122,RIGHT_EAR,0.476353257894516,0.2744791805744171,-0.3273158073425293
122,MOUTH_LEFT,0.4983636736869812,0.3202788233757019,-0.2665133476257324
122,MOUTH_RIGHT,0.48808684945106506,0.3138761818408966,-0.3188503086566925
122,LEFT_SHOULDER,0.4727315306663513,0.365111768245697,0.04676680639386177
122,RIGHT_SHOULDER,0.3882986903190613,0.33387163281440735,-0.3901660442352295
122,LEFT_ELBOW,0.4654490053653717,0.48407477140426636,0.1347896009683609
122,RIGHT_ELBOW,0.40075159072875977,0.4721444249153137,-0.4461359977722168
122,LEFT_WRIST,0.4956214427947998,0.5787440538406372,0.00904922280460596
122,RIGHT_WRIST,0.46452394127845764,0.5657060742378235,-0.4677554965019226
122,LEFT_PINKY,0.5056399703025818,0.6021474003791809,-0.007060366682708263
122,RIGHT_PINKY,0.4775613248348236,0.6001049280166626,-0.5237808227539062
122,LEFT_INDEX,0.5091156363487244,0.6030369997024536,-0.05394138768315315
122,RIGHT_INDEX,0.4849174916744232,0.594048023223877,-0.5319386124610901
122,LEFT_THUMB,0.5053356289863586,0.5945984721183777,-0.014865659177303314
122,RIGHT_THUMB,0.48198366165161133,0.5849586725234985,-0.4699627459049225
122,LEFT_HIP,0.355278879404068,0.5631526112556458,0.14600901305675507
122,RIGHT_HIP,0.292116641998291,0.5525984168052673,-0.14593029022216797
122,LEFT_KNEE,0.36170151829719543,0.7233260869979858,0.26704004406929016
122,RIGHT_KNEE,0.31560367345809937,0.7270511388778687,-0.2965070307254791
122,LEFT_ANKLE,0.3433348834514618,0.8750123977661133,0.44288524985313416
122,RIGHT_ANKLE,0.3115693926811218,0.9276238679885864,-0.3401486277580261
122,LEFT_HEEL,0.3251933157444,0.9017320871353149,0.45217928290367126
122,RIGHT_HEEL,0.2902964949607849,0.956103503704071,-0.35800114274024963
122,LEFT_FOOT_INDEX,0.41224074363708496,0.9182217717170715,0.36748430132865906
122,RIGHT_FOOT_INDEX,0.3926239609718323,0.9588038325309753,-0.5410434603691101
123,NOSE,0.5096692442893982,0.309612512588501,-0.3241322636604309
123,LEFT_EYE_INNER,0.5167023539543152,0.2919690012931824,-0.2988215982913971
123,LEFT_EYE,0.517733097076416,0.2924485504627228,-0.2989974617958069
123,LEFT_EYE_OUTER,0.5186176300048828,0.2928526997566223,-0.29912978410720825
123,RIGHT_EYE_INNER,0.5083822011947632,0.2860621511936188,-0.34004801511764526
123,RIGHT_EYE,0.5034789443016052,0.2825574576854706,-0.34012240171432495
123,RIGHT_EYE_OUTER,0.49816814064979553,0.2790110409259796,-0.3402232229709625
123,LEFT_EAR,0.5031992197036743,0.28834831714630127,-0.14900651574134827
123,RIGHT_EAR,0.4764435291290283,0.274252325296402,-0.3290064036846161
123,MOUTH_LEFT,0.498604953289032,0.32030969858169556,-0.2618720531463623
123,MOUTH_RIGHT,0.4885798990726471,0.31403210759162903,-0.3158308267593384
123,LEFT_SHOULDER,0.4728926718235016,0.3658517897129059,0.045474324375391006
123,RIGHT_SHOULDER,0.38851049542427063,0.3340133726596832,-0.3927536606788635
123,LEFT_ELBOW,0.465829074382782,0.48465949296951294,0.13224704563617706
123,RIGHT_ELBOW,0.402940034866333,0.4699111580848694,-0.45848196744918823
123,LEFT_WRIST,0.4963836073875427,0.5784624218940735,0.013062129728496075
123,RIGHT_WRIST,0.4636092782020569,0.5654678344726562,-0.5077498555183411
123,LEFT_PINKY,0.5111669301986694,0.6016353368759155,-0.000727144826669246
123,RIGHT_PINKY,0.4778628349304199,0.5977020263671875,-0.5672797560691833
123,LEFT_INDEX,0.5282078981399536,0.6028221845626831,-0.04993566498160362
123,RIGHT_INDEX,0.48414772748947144,0.5917839407920837,-0.5718201398849487
123,LEFT_THUMB,0.5179681777954102,0.5944477319717407,-0.011432940140366554
123,RIGHT_THUMB,0.48072680830955505,0.5842469334602356,-0.5097420811653137
123,LEFT_HIP,0.3560979962348938,0.5625842213630676,0.1452958881855011
123,RIGHT_HIP,0.2922326624393463,0.5525083541870117,-0.14521774649620056
123,LEFT_KNEE,0.36455386877059937,0.7231026887893677,0.25552141666412354
123,RIGHT_KNEE,0.31564897298812866,0.7270944714546204,-0.28783872723579407
123,LEFT_ANKLE,0.34493017196655273,0.8732833862304688,0.4200122356414795
123,RIGHT_ANKLE,0.3112494647502899,0.9272345304489136,-0.3211260437965393
123,LEFT_HEEL,0.3263322710990906,0.9000580906867981,0.42810264229774475
123,RIGHT_HEEL,0.2902996838092804,0.9558358192443848,-0.3376614451408386
123,LEFT_FOOT_INDEX,0.41351214051246643,0.9166699647903442,0.34134870767593384
123,RIGHT_FOOT_INDEX,0.3925308287143707,0.9585030674934387,-0.5157114267349243
124,NOSE,0.5097333192825317,0.3096933960914612,-0.3034210205078125
124,LEFT_EYE_INNER,0.5166543126106262,0.29192978143692017,-0.2778662443161011
124,LEFT_EYE,0.5176199078559875,0.2923899292945862,-0.27805188298225403
124,LEFT_EYE_OUTER,0.5184406042098999,0.2927670478820801,-0.2781800627708435
124,RIGHT_EYE_INNER,0.5084359645843506,0.2860701084136963,-0.31674012541770935
124,RIGHT_EYE,0.5035088658332825,0.28256410360336304,-0.3168085515499115
124,RIGHT_EYE_OUTER,0.49815231561660767,0.27899831533432007,-0.31691065430641174
124,LEFT_EAR,0.5029663443565369,0.28824907541275024,-0.12947137653827667
124,RIGHT_EAR,0.47597259283065796,0.27402427792549133,-0.30764126777648926
124,MOUTH_LEFT,0.4985855221748352,0.3203621506690979,-0.2423943281173706
124,MOUTH_RIGHT,0.4884151518344879,0.31416943669319153,-0.29362836480140686
124,LEFT_SHOULDER,0.4731527268886566,0.36645281314849854,0.052426405251026154
124,RIGHT_SHOULDER,0.387491375207901,0.33376583456993103,-0.3746620714664459
124,LEFT_ELBOW,0.4662274718284607,0.4853774905204773,0.136420339345932
124,RIGHT_ELBOW,0.4024748206138611,0.4675094485282898,-0.461444228887558
124,LEFT_WRIST,0.4969727396965027,0.5783302783966064,0.017606910318136215
124,RIGHT_WRIST,0.46151265501976013,0.563827395439148,-0.5227225422859192
124,LEFT_PINKY,0.5115525722503662,0.6012551784515381,0.0035443920642137527
124,RIGHT_PINKY,0.47521454095840454,0.5939503908157349,-0.5833522081375122
124,LEFT_INDEX,0.5228896141052246,0.6021763682365417,-0.04529791697859764
124,RIGHT_INDEX,0.4826746881008148,0.5891711115837097,-0.586627721786499
124,LEFT_THUMB,0.5193641781806946,0.5942914485931396,-0.006663165986537933
124,RIGHT_THUMB,0.47700029611587524,0.5811613202095032,-0.5242673754692078
124,LEFT_HIP,0.3564239740371704,0.5623244643211365,0.14434568583965302
124,RIGHT_HIP,0.29225167632102966,0.5522775053977966,-0.14425328373908997
124,LEFT_KNEE,0.3651784062385559,0.7230972051620483,0.2482592761516571
124,RIGHT_KNEE,0.31569963693618774,0.7271664142608643,-0.2855319082736969
124,LEFT_ANKLE,0.3448852598667145,0.8731406331062317,0.40523138642311096
124,RIGHT_ANKLE,0.31082016229629517,0.9269605875015259,-0.32502347230911255
124,LEFT_HEEL,0.32624009251594543,0.9000446200370789,0.4125807285308838
124,RIGHT_HEEL,0.29024457931518555,0.955623984336853,-0.34211888909339905
124,LEFT_FOOT_INDEX,0.41364485025405884,0.9158507585525513,0.325292706489563
124,RIGHT_FOOT_INDEX,0.3923181891441345,0.9583191871643066,-0.5220756530761719
125,NOSE,0.508213222026825,0.30852290987968445,-0.32871213555336
125,LEFT_EYE_INNER,0.5154005289077759,0.2904239594936371,-0.29835960268974304
125,LEFT_EYE,0.5165295004844666,0.29100340604782104,-0.29854267835617065
125,LEFT_EYE_OUTER,0.5175126791000366,0.29146867990493774,-0.2986454665660858
125,RIGHT_EYE_INNER,0.5068269968032837,0.2843831181526184,-0.335969477891922
125,RIGHT_EYE,0.5018996596336365,0.28090783953666687,-0.3360479474067688
125,RIGHT_EYE_OUTER,0.4964647889137268,0.2772521376609802,-0.33617374300956726
125,LEFT_EAR,0.5027109980583191,0.2876356840133667,-0.13251081109046936
125,RIGHT_EAR,0.47442540526390076,0.2726551592350006,-0.3126015365123749
125,MOUTH_LEFT,0.49777770042419434,0.3197500705718994,-0.2624051868915558
125,MOUTH_RIGHT,0.4871005415916443,0.3133077025413513,-0.31154584884643555
125,LEFT_SHOULDER,0.4744686186313629,0.36721885204315186,0.05017608404159546
125,RIGHT_SHOULDER,0.38384106755256653,0.33169668912887573,-0.38089483976364136
125,LEFT_ELBOW,0.4674473702907562,0.4852686822414398,0.10755755007266998
125,RIGHT_ELBOW,0.39806699752807617,0.4624656140804291,-0.4649873375892639
125,LEFT_WRIST,0.4968993067741394,0.5781075358390808,-0.0510268397629261
125,RIGHT_WRIST,0.4591646194458008,0.5630446672439575,-0.5183956027030945
125,LEFT_PINKY,0.5103614926338196,0.6011313796043396,-0.07703019678592682
125,RIGHT_PINKY,0.471992552280426,0.5939210653305054,-0.5792506337165833
125,LEFT_INDEX,0.5181810855865479,0.6019118428230286,-0.12348103523254395
125,RIGHT_INDEX,0.4799887537956238,0.5898551940917969,-0.5835689902305603
125,LEFT_THUMB,0.5130249261856079,0.5941857099533081,-0.07609353959560394
125,RIGHT_THUMB,0.4742882251739502,0.5811594724655151,-0.5196108222007751
125,LEFT_HIP,0.3564949035644531,0.5639612078666687,0.14287619292736053
125,RIGHT_HIP,0.29170334339141846,0.5524793863296509,-0.14276090264320374
125,LEFT_KNEE,0.3655482530593872,0.7230802774429321,0.24371600151062012
125,RIGHT_KNEE,0.315693736076355,0.7271956205368042,-0.2906009554862976
125,LEFT_ANKLE,0.3451784551143646,0.8731600642204285,0.4139290452003479
125,RIGHT_ANKLE,0.31082838773727417,0.9260334968566895,-0.31789517402648926
125,LEFT_HEEL,0.3262785077095032,0.9000692367553711,0.42229509353637695
125,RIGHT_HEEL,0.29072847962379456,0.9528293609619141,-0.3346201181411743
125,LEFT_FOOT_INDEX,0.4138423502445221,0.9145515561103821,0.3281506299972534
125,RIGHT_FOOT_INDEX,0.39221593737602234,0.9571794271469116,-0.515394389629364
126,NOSE,0.5073591470718384,0.30755895376205444,-0.3241754174232483
126,LEFT_EYE_INNER,0.5147256851196289,0.28930291533470154,-0.29775866866111755
126,LEFT_EYE,0.5159161686897278,0.2899276614189148,-0.29793936014175415
126,LEFT_EYE_OUTER,0.5169690847396851,0.29042351245880127,-0.2979962229728699
126,RIGHT_EYE_INNER,0.5059535503387451,0.2831726670265198,-0.33125561475753784
126,RIGHT_EYE,0.5010094046592712,0.27971065044403076,-0.33133676648139954
126,RIGHT_EYE_OUTER,0.49556058645248413,0.27602460980415344,-0.3314743638038635
126,LEFT_EAR,0.5024738907814026,0.2869289219379425,-0.1283589005470276
126,RIGHT_EAR,0.47365838289260864,0.2716284394264221,-0.3015911877155304
126,MOUTH_LEFT,0.49713239073753357,0.3190140724182129,-0.2612879276275635
126,MOUTH_RIGHT,0.48618847131729126,0.31243282556533813,-0.30689653754234314
126,LEFT_SHOULDER,0.47530612349510193,0.367247611284256,0.05032946541905403
126,RIGHT_SHOULDER,0.38200560212135315,0.3309730887413025,-0.3712383508682251
126,LEFT_ELBOW,0.4683603346347809,0.48495668172836304,0.10775762796401978
126,RIGHT_ELBOW,0.39661580324172974,0.4609266221523285,-0.454089879989624
126,LEFT_WRIST,0.4968239665031433,0.5769845247268677,-0.04897227883338928
126,RIGHT_WRIST,0.4578946530818939,0.5625554323196411,-0.49948883056640625
126,LEFT_PINKY,0.5079337954521179,0.600854754447937,-0.07457419484853745
126,RIGHT_PINKY,0.4703391194343567,0.5937253832817078,-0.5593067407608032
126,LEFT_INDEX,0.5130952000617981,0.6018621921539307,-0.11813831329345703
126,RIGHT_INDEX,0.4774482250213623,0.5898692011833191,-0.566900908946991
126,LEFT_THUMB,0.5080372095108032,0.5937739610671997,-0.07268507033586502
126,RIGHT_THUMB,0.4729381501674652,0.5811395645141602,-0.5012979507446289
126,LEFT_HIP,0.35660451650619507,0.5647079944610596,0.14124400913715363
126,RIGHT_HIP,0.29135069251060486,0.5526542067527771,-0.14113011956214905
126,LEFT_KNEE,0.36564356088638306,0.7231066226959229,0.24327655136585236
126,RIGHT_KNEE,0.315631240606308,0.7275705337524414,-0.2906274199485779
126,LEFT_ANKLE,0.345237135887146,0.8730691075325012,0.41345077753067017
126,RIGHT_ANKLE,0.31084495782852173,0.9254339337348938,-0.3151640295982361
126,LEFT_HEEL,0.3262512981891632,0.9000838994979858,0.42181771993637085
126,RIGHT_HEEL,0.29127028584480286,0.9509191513061523,-0.33117374777793884
126,LEFT_FOOT_INDEX,0.4138967990875244,0.913561224937439,0.3285828232765198
126,RIGHT_FOOT_INDEX,0.39201703667640686,0.9566420316696167,-0.5151541829109192
127,NOSE,0.5031448602676392,0.30570974946022034,-0.23683002591133118
127,LEFT_EYE_INNER,0.512687623500824,0.2881772816181183,-0.20475752651691437
127,LEFT_EYE,0.5143615007400513,0.2891334891319275,-0.2049442082643509
127,LEFT_EYE_OUTER,0.5158520936965942,0.2899058759212494,-0.20501431822776794
127,RIGHT_EYE_INNER,0.5029004812240601,0.28133848309516907,-0.23696699738502502
127,RIGHT_EYE,0.4977632462978363,0.2777535915374756,-0.2370365560054779
127,RIGHT_EYE_OUTER,0.49217233061790466,0.27398163080215454,-0.2371857911348343
127,LEFT_EAR,0.5024818181991577,0.2869669795036316,-0.03484230861067772
127,RIGHT_EAR,0.4711586534976959,0.27032792568206787,-0.18008427321910858
127,MOUTH_LEFT,0.4947342276573181,0.3179231584072113,-0.1703181117773056
127,MOUTH_RIGHT,0.48250871896743774,0.3106803596019745,-0.21225599944591522
127,LEFT_SHOULDER,0.4778147339820862,0.36915943026542664,0.12909291684627533
127,RIGHT_SHOULDER,0.37870627641677856,0.32699984312057495,-0.2577478289604187
127,LEFT_ELBOW,0.4686052203178406,0.48504072427749634,0.11478181928396225
127,RIGHT_ELBOW,0.37584394216537476,0.453698068857193,-0.3723190426826477
127,LEFT_WRIST,0.4876050353050232,0.5753041505813599,-0.07801540940999985
127,RIGHT_WRIST,0.4452146589756012,0.5512199997901917,-0.4802832007408142
127,LEFT_PINKY,0.49335259199142456,0.6007805466651917,-0.11306132376194
127,RIGHT_PINKY,0.45244693756103516,0.5809147953987122,-0.5439655184745789
127,LEFT_INDEX,0.49692225456237793,0.6016403436660767,-0.15217943489551544
127,RIGHT_INDEX,0.4623856544494629,0.5763694047927856,-0.5496929883956909
127,LEFT_THUMB,0.4910244941711426,0.5924462676048279,-0.10084323585033417
127,RIGHT_THUMB,0.4604126513004303,0.5671559572219849,-0.4815850257873535
127,LEFT_HIP,0.3593551516532898,0.5647441148757935,0.1379634290933609
127,RIGHT_HIP,0.2913696765899658,0.5509970784187317,-0.13774681091308594
127,LEFT_KNEE,0.3692179024219513,0.7203478217124939,0.21107399463653564
127,RIGHT_KNEE,0.31536340713500977,0.7258332967758179,-0.3197835683822632
127,LEFT_ANKLE,0.34515389800071716,0.8732096552848816,0.3645218014717102
127,RIGHT_ANKLE,0.31068748235702515,0.9241622090339661,-0.3615996241569519
127,LEFT_HEEL,0.32619836926460266,0.9001011848449707,0.3706340193748474
127,RIGHT_HEEL,0.2909805178642273,0.9505419731140137,-0.37838417291641235
127,LEFT_FOOT_INDEX,0.41355323791503906,0.9141932725906372,0.26482996344566345
127,RIGHT_FOOT_INDEX,0.3913809657096863,0.956297755241394,-0.5802329778671265
128,NOSE,0.5038121342658997,0.30414074659347534,-0.20307394862174988
128,LEFT_EYE_INNER,0.5129067897796631,0.2867296636104584,-0.17028842866420746
128,LEFT_EYE,0.5144960284233093,0.2876899838447571,-0.17046403884887695
128,LEFT_EYE_OUTER,0.5159274339675903,0.28850749135017395,-0.17052847146987915
128,RIGHT_EYE_INNER,0.5033594369888306,0.27990609407424927,-0.20634329319000244
128,RIGHT_EYE,0.4982772469520569,0.2762920558452606,-0.20641100406646729
128,RIGHT_EYE_OUTER,0.4927428662776947,0.2724481225013733,-0.20655998587608337
128,LEFT_EAR,0.5024892091751099,0.2861061990261078,-0.00590147078037262
128,RIGHT_EAR,0.47125792503356934,0.26852330565452576,-0.16660170257091522
128,MOUTH_LEFT,0.4949866235256195,0.3169265389442444,-0.13880233466625214
128,MOUTH_RIGHT,0.4830375611782074,0.30961596965789795,-0.18575787544250488
128,LEFT_SHOULDER,0.4784061908721924,0.37053006887435913,0.15335945785045624
128,RIGHT_SHOULDER,0.37767690420150757,0.324811190366745,-0.25877073407173157
128,LEFT_ELBOW,0.4687735438346863,0.485483318567276,0.1353619247674942
128,RIGHT_ELBOW,0.37485170364379883,0.4516911506652832,-0.38424426317214966
128,LEFT_WRIST,0.4857432246208191,0.57491135597229,-0.058936260640621185
128,RIGHT_WRIST,0.44074076414108276,0.5488532781600952,-0.4839881956577301
128,LEFT_PINKY,0.49284228682518005,0.6008277535438538,-0.09099660813808441
128,RIGHT_PINKY,0.4472174644470215,0.5776669979095459,-0.5440925359725952
128,LEFT_INDEX,0.49437016248703003,0.6015692353248596,-0.12977595627307892
128,RIGHT_INDEX,0.4579099714756012,0.5730176568031311,-0.5506643652915955
128,LEFT_THUMB,0.4881373941898346,0.5918919444084167,-0.08157086372375488
128,RIGHT_THUMB,0.45599865913391113,0.5645338296890259,-0.48507723212242126
128,LEFT_HIP,0.36027461290359497,0.5649452209472656,0.1388154923915863
128,RIGHT_HIP,0.29136592149734497,0.5502404570579529,-0.1386219710111618
128,LEFT_KNEE,0.3700489103794098,0.7197862267494202,0.2258550375699997
128,RIGHT_KNEE,0.31500330567359924,0.7245962023735046,-0.3286372721195221
128,LEFT_ANKLE,0.34492984414100647,0.8737839460372925,0.3879261016845703
128,RIGHT_ANKLE,0.31066155433654785,0.9237038493156433,-0.3765381872653961
128,LEFT_HEEL,0.3260400891304016,0.9003559947013855,0.3951718509197235
128,RIGHT_HEEL,0.2909393012523651,0.9505898356437683,-0.3937479853630066
128,LEFT_FOOT_INDEX,0.41346701979637146,0.914939284324646,0.29563918709754944
128,RIGHT_FOOT_INDEX,0.39110079407691956,0.9562724232673645,-0.5952921509742737
129,NOSE,0.5041691064834595,0.3033035099506378,-0.29818540811538696
129,LEFT_EYE_INNER,0.5129359364509583,0.2859582304954529,-0.26742279529571533
129,LEFT_EYE,0.5144855976104736,0.28686875104904175,-0.2675875723361969
129,LEFT_EYE_OUTER,0.5158923864364624,0.28767111897468567,-0.267638623714447
129,RIGHT_EYE_INNER,0.503452479839325,0.27935922145843506,-0.3024672567844391
129,RIGHT_EYE,0.4983789920806885,0.27582651376724243,-0.30257099866867065
129,RIGHT_EYE_OUTER,0.49286818504333496,0.27208882570266724,-0.302723228931427
129,LEFT_EAR,0.5024484395980835,0.2856506109237671,-0.0923527181148529
129,RIGHT_EAR,0.47087669372558594,0.2679040729999542,-0.23080554604530334
129,MOUTH_LEFT,0.4951708912849426,0.3162362277507782,-0.22982783615589142
129,MOUTH_RIGHT,0.48334962129592896,0.3089544475078583,-0.27526023983955383
129,LEFT_SHOULDER,0.4789934754371643,0.3713906407356262,0.08340469747781754
129,RIGHT_SHOULDER,0.3754650056362152,0.3243432641029358,-0.2965250611305237
129,LEFT_ELBOW,0.4692930579185486,0.48591169714927673,0.08807407319545746
129,RIGHT_ELBOW,0.37567391991615295,0.4528614580631256,-0.4046759605407715
129,LEFT_WRIST,0.48736491799354553,0.569038987159729,-0.124447762966156
129,RIGHT_WRIST,0.4445321559906006,0.5451273918151855,-0.5148472785949707
129,LEFT_PINKY,0.4955238699913025,0.5955978631973267,-0.15936250984668732
129,RIGHT_PINKY,0.4530911445617676,0.572202742099762,-0.5797778367996216
129,LEFT_INDEX,0.49784278869628906,0.5968087911605835,-0.20122921466827393
129,RIGHT_INDEX,0.4629818797111511,0.5685526132583618,-0.5884910225868225
129,LEFT_THUMB,0.4919922947883606,0.5856289267539978,-0.14860454201698303
129,RIGHT_THUMB,0.46029943227767944,0.5599126815795898,-0.5175196528434753
129,LEFT_HIP,0.36093276739120483,0.565060019493103,0.13899007439613342
129,RIGHT_HIP,0.29092714190483093,0.5501917004585266,-0.13881739974021912
129,LEFT_KNEE,0.3699750602245331,0.7185764312744141,0.2278081476688385
129,RIGHT_KNEE,0.3150091767311096,0.7242035269737244,-0.3160519599914551
129,LEFT_ANKLE,0.34412625432014465,0.874699592590332,0.3971855640411377
129,RIGHT_ANKLE,0.31066805124282837,0.9232595562934875,-0.36732155084609985
129,LEFT_HEEL,0.32555264234542847,0.9011960029602051,0.4050237238407135
129,RIGHT_HEEL,0.29095762968063354,0.9506424069404602,-0.38185080885887146
129,LEFT_FOOT_INDEX,0.41317805647850037,0.9156662225723267,0.2998521625995636
129,RIGHT_FOOT_INDEX,0.3910565972328186,0.956250011920929,-0.562712550163269
130,NOSE,0.5044375658035278,0.3028736412525177,-0.31210607290267944
130,LEFT_EYE_INNER,0.5130515694618225,0.2855491042137146,-0.2820819020271301
130,LEFT_EYE,0.5145608186721802,0.2863967716693878,-0.28224125504493713
130,LEFT_EYE_OUTER,0.5159359574317932,0.2871513068675995,-0.28229576349258423
130,RIGHT_EYE_INNER,0.5036798119544983,0.27914756536483765,-0.31784752011299133
130,RIGHT_EYE,0.4986324906349182,0.27565592527389526,-0.31795018911361694
130,RIGHT_EYE_OUTER,0.4931565225124359,0.2719898223876953,-0.31809842586517334
130,LEFT_EAR,0.5024049878120422,0.28509142994880676,-0.11329326778650284
130,RIGHT_EAR,0.47094178199768066,0.2674575448036194,-0.25373584032058716
130,MOUTH_LEFT,0.4952481687068939,0.3158462643623352,-0.24578452110290527
130,MOUTH_RIGHT,0.4836024343967438,0.3086848855018616,-0.2922496199607849
130,LEFT_SHOULDER,0.4794113039970398,0.37206166982650757,0.06505986303091049
130,RIGHT_SHOULDER,0.37459084391593933,0.3239842355251312,-0.3148416578769684
130,LEFT_ELBOW,0.46947377920150757,0.48635855317115784,0.0935739204287529
130,RIGHT_ELBOW,0.3758326768875122,0.4534105658531189,-0.4179302752017975
130,LEFT_WRIST,0.4884101450443268,0.5665591955184937,-0.09998446702957153
130,RIGHT_WRIST,0.4464142322540283,0.543171763420105,-0.5131145715713501
130,LEFT_PINKY,0.497063547372818,0.5931268930435181,-0.13189606368541718
130,RIGHT_PINKY,0.4559863209724426,0.5710238218307495,-0.5758051872253418
130,LEFT_INDEX,0.49979227781295776,0.594338595867157,-0.17416967451572418
130,RIGHT_INDEX,0.4656555652618408,0.5665673613548279,-0.5816450119018555
130,LEFT_THUMB,0.49404650926589966,0.5827073454856873,-0.12396582216024399
130,RIGHT_THUMB,0.4624697268009186,0.5577257871627808,-0.5145450830459595
130,LEFT_HIP,0.36101216077804565,0.5653223395347595,0.1387418508529663
130,RIGHT_HIP,0.2904304563999176,0.5502367615699768,-0.13858816027641296
130,LEFT_KNEE,0.3697153925895691,0.7184995412826538,0.222731351852417
130,RIGHT_KNEE,0.31501126289367676,0.7243123650550842,-0.29553931951522827
130,LEFT_ANKLE,0.34358006715774536,0.87529456615448,0.3896336257457733
130,RIGHT_ANKLE,0.31105560064315796,0.923214316368103,-0.31199726462364197
130,LEFT_HEEL,0.32509952783584595,0.9018123745918274,0.3971686065196991
130,RIGHT_HEEL,0.2913901209831238,0.9506404995918274,-0.3261459767818451
130,LEFT_FOOT_INDEX,0.4131631851196289,0.9156967997550964,0.29169055819511414
130,RIGHT_FOOT_INDEX,0.39118826389312744,0.956280529499054,-0.5208972692489624
131,NOSE,0.5038948059082031,0.30298787355422974,-0.24011781811714172
131,LEFT_EYE_INNER,0.512550950050354,0.28565284609794617,-0.20921270549297333
131,LEFT_EYE,0.5141229629516602,0.2864822447299957,-0.20938996970653534
131,LEFT_EYE_OUTER,0.5155491232872009,0.28722116351127625,-0.20944125950336456
131,RIGHT_EYE_INNER,0.5027351379394531,0.27925771474838257,-0.24245934188365936
131,RIGHT_EYE,0.4975394606590271,0.2757556736469269,-0.24255383014678955
131,RIGHT_EYE_OUTER,0.4919664263725281,0.2720930874347687,-0.2427118718624115
131,LEFT_EAR,0.5019510984420776,0.2851031720638275,-0.041989319026470184
131,RIGHT_EAR,0.47010722756385803,0.2674899995326996,-0.1874539852142334
131,MOUTH_LEFT,0.4949285089969635,0.31586557626724243,-0.1742068976163864
131,MOUTH_RIGHT,0.4828876852989197,0.308663934469223,-0.21697255969047546
131,LEFT_SHOULDER,0.4792465269565582,0.3726767301559448,0.12082449346780777
131,RIGHT_SHOULDER,0.37516555190086365,0.32275962829589844,-0.24108199775218964
131,LEFT_ELBOW,0.4688257575035095,0.4886600077152252,0.11354199796915054
131,RIGHT_ELBOW,0.3596973121166229,0.45003819465637207,-0.28976717591285706
131,LEFT_WRIST,0.48205238580703735,0.5472042560577393,-0.10024712979793549
131,RIGHT_WRIST,0.43669819831848145,0.5229296088218689,-0.3430628180503845
131,LEFT_PINKY,0.4963230490684509,0.5828641653060913,-0.13874298334121704
131,RIGHT_PINKY,0.44989505410194397,0.5543878078460693,-0.3911816477775574
131,LEFT_INDEX,0.4975755214691162,0.5707365274429321,-0.17280182242393494
131,RIGHT_INDEX,0.4596957266330719,0.5362576246261597,-0.40514320135116577
131,LEFT_THUMB,0.49117541313171387,0.5594983696937561,-0.12211696803569794
131,RIGHT_THUMB,0.4559019207954407,0.5260469913482666,-0.3457697033882141
131,LEFT_HIP,0.3615275025367737,0.5659888386726379,0.13702310621738434
131,RIGHT_HIP,0.29055100679397583,0.5502790808677673,-0.13681578636169434
131,LEFT_KNEE,0.3705044388771057,0.7185360193252563,0.22744429111480713
131,RIGHT_KNEE,0.315533310174942,0.7241816520690918,-0.28739914298057556
131,LEFT_ANKLE,0.34344831109046936,0.8750948905944824,0.39498746395111084
131,RIGHT_ANKLE,0.31087177991867065,0.9229525327682495,-0.31293314695358276
131,LEFT_HEEL,0.3247082233428955,0.9015170931816101,0.40277838706970215
131,RIGHT_HEEL,0.2899918556213379,0.9509310722351074,-0.3274444043636322
131,LEFT_FOOT_INDEX,0.4131564199924469,0.9158958196640015,0.30107733607292175
131,RIGHT_FOOT_INDEX,0.39097315073013306,0.9567335844039917,-0.5202451944351196
132,NOSE,0.5038262009620667,0.3030551075935364,-0.22500476241111755
132,LEFT_EYE_INNER,0.5123511552810669,0.28590863943099976,-0.19319450855255127
132,LEFT_EYE,0.5139195322990417,0.2867191433906555,-0.19337986409664154
132,LEFT_EYE_OUTER,0.5153412222862244,0.28743118047714233,-0.19342294335365295
132,RIGHT_EYE_INNER,0.5025167465209961,0.2793966829776764,-0.2273242026567459
132,RIGHT_EYE,0.4972829818725586,0.27579089999198914,-0.22740498185157776
132,RIGHT_EYE_OUTER,0.49170032143592834,0.27221107482910156,-0.2275303602218628
132,LEFT_EAR,0.5016497373580933,0.2851858139038086,-0.024197706952691078
132,RIGHT_EAR,0.46952706575393677,0.2675785422325134,-0.17326895892620087
132,MOUTH_LEFT,0.4946621060371399,0.31591781973838806,-0.1588280200958252
132,MOUTH_RIGHT,0.482663094997406,0.3087335228919983,-0.20236006379127502
132,LEFT_SHOULDER,0.4791063368320465,0.37417033314704895,0.13719403743743896
132,RIGHT_SHOULDER,0.37503689527511597,0.32197415828704834,-0.23159542679786682
132,LEFT_ELBOW,0.4687080383300781,0.48895835876464844,0.10264183580875397
132,RIGHT_ELBOW,0.35820719599723816,0.44712862372398376,-0.2612362504005432
132,LEFT_WRIST,0.47823962569236755,0.5340290069580078,-0.18060484528541565
132,RIGHT_WRIST,0.43858957290649414,0.516730010509491,-0.28325536847114563
132,LEFT_PINKY,0.4877714216709137,0.561693549156189,-0.22972257435321808
132,RIGHT_PINKY,0.4517025351524353,0.550815224647522,-0.32997360825538635
132,LEFT_INDEX,0.48309436440467834,0.5458060503005981,-0.2578679621219635
132,RIGHT_INDEX,0.46175235509872437,0.5292680859565735,-0.3438737988471985
132,LEFT_THUMB,0.48454350233078003,0.5422936677932739,-0.20170819759368896
132,RIGHT_THUMB,0.45705920457839966,0.5208874940872192,-0.2850286364555359
132,LEFT_HIP,0.3602222800254822,0.5651243925094604,0.13627073168754578
132,RIGHT_HIP,0.28895479440689087,0.5482677817344666,-0.1360185146331787
132,LEFT_KNEE,0.3703424334526062,0.7174029350280762,0.22572024166584015
132,RIGHT_KNEE,0.3155449628829956,0.7237175107002258,-0.28411442041397095
132,LEFT_ANKLE,0.34221142530441284,0.8753765821456909,0.3891361355781555
132,RIGHT_ANKLE,0.3107894957065582,0.923007607460022,-0.3137701451778412
132,LEFT_HEEL,0.32332438230514526,0.9015809893608093,0.3961171507835388
132,RIGHT_HEEL,0.28974270820617676,0.951403021812439,-0.3285066485404968
132,LEFT_FOOT_INDEX,0.41314974427223206,0.9166136980056763,0.2889212965965271
132,RIGHT_FOOT_INDEX,0.39100274443626404,0.957068145275116,-0.5213044881820679
133,NOSE,0.5038290619850159,0.30478283762931824,-0.1870662271976471
133,LEFT_EYE_INNER,0.5123188495635986,0.28840237855911255,-0.15534135699272156
133,LEFT_EYE,0.5138304829597473,0.28897836804389954,-0.15551485121250153
133,LEFT_EYE_OUTER,0.5151761770248413,0.28939688205718994,-0.15555045008659363
133,RIGHT_EYE_INNER,0.5026235580444336,0.28197985887527466,-0.19052669405937195
133,RIGHT_EYE,0.4974042475223541,0.2779056429862976,-0.1906113177537918
133,RIGHT_EYE_OUTER,0.49183744192123413,0.2737453877925873,-0.19072529673576355
133,LEFT_EAR,0.5007067322731018,0.28560322523117065,0.011381646618247032
133,RIGHT_EAR,0.46884483098983765,0.2675977349281311,-0.1415242999792099
133,MOUTH_LEFT,0.4942612051963806,0.3166334927082062,-0.12202759087085724
133,MOUTH_RIGHT,0.48259156942367554,0.30965811014175415,-0.16681239008903503
133,LEFT_SHOULDER,0.47899746894836426,0.374345600605011,0.1509183645248413
133,RIGHT_SHOULDER,0.3722307085990906,0.3205632269382477,-0.19339342415332794
133,LEFT_ELBOW,0.4672834277153015,0.4889436662197113,0.056260060518980026
133,RIGHT_ELBOW,0.35556846857070923,0.4437531530857086,-0.20198097825050354
133,LEFT_WRIST,0.45920950174331665,0.5110622644424438,-0.25578421354293823
133,RIGHT_WRIST,0.43297791481018066,0.5057536959648132,-0.18267489969730377
133,LEFT_PINKY,0.45209938287734985,0.5288962125778198,-0.31150826811790466
133,RIGHT_PINKY,0.4505031704902649,0.5311598181724548,-0.21807162463665009
133,LEFT_INDEX,0.4488912522792816,0.5078170895576477,-0.3163735270500183
133,RIGHT_INDEX,0.45622023940086365,0.507485032081604,-0.23316690325737
133,LEFT_THUMB,0.44854608178138733,0.5015932321548462,-0.2674919366836548
133,RIGHT_THUMB,0.4500655233860016,0.49929991364479065,-0.1833038330078125
133,LEFT_HIP,0.35983261466026306,0.5649594068527222,0.131179541349411
133,RIGHT_HIP,0.28823724389076233,0.5475146174430847,-0.13087762892246246
133,LEFT_KNEE,0.3702354431152344,0.7170421481132507,0.21803171932697296
133,RIGHT_KNEE,0.31511765718460083,0.7237783670425415,-0.27643054723739624
133,LEFT_ANKLE,0.3417747914791107,0.875665545463562,0.38140493631362915
133,RIGHT_ANKLE,0.31077465415000916,0.9232679605484009,-0.3137335777282715
133,LEFT_HEEL,0.32269546389579773,0.901934802532196,0.3885115385055542
133,RIGHT_HEEL,0.2896604835987091,0.9518558382987976,-0.32906675338745117
133,LEFT_FOOT_INDEX,0.4131450653076172,0.9177883267402649,0.2774166464805603
133,RIGHT_FOOT_INDEX,0.39063939452171326,0.9571863412857056,-0.521369993686676
134,NOSE,0.5039328336715698,0.30526673793792725,-0.16343344748020172
134,LEFT_EYE_INNER,0.5123587846755981,0.2893519699573517,-0.1311931014060974
134,LEFT_EYE,0.5138415098190308,0.2898542284965515,-0.13136573135852814
134,LEFT_EYE_OUTER,0.515135645866394,0.29016950726509094,-0.13141313195228577
134,RIGHT_EYE_INNER,0.5026978850364685,0.28303879499435425,-0.16801482439041138
134,RIGHT_EYE,0.49750858545303345,0.27881672978401184,-0.16809746623039246
134,RIGHT_EYE_OUTER,0.49196213483810425,0.27441245317459106,-0.1682148277759552
134,LEFT_EAR,0.5000332593917847,0.2857638895511627,0.03469318896532059
134,RIGHT_EAR,0.4684176445007324,0.26767224073410034,-0.1253291219472885
134,MOUTH_LEFT,0.49417805671691895,0.3167668282985687,-0.0986848920583725
134,MOUTH_RIGHT,0.4826490879058838,0.309919536113739,-0.14556041359901428
134,LEFT_SHOULDER,0.4789244532585144,0.37433165311813354,0.1736215502023697
134,RIGHT_SHOULDER,0.3704514801502228,0.319574236869812,-0.1830795258283615
134,LEFT_ELBOW,0.466411292552948,0.48888880014419556,0.07431178539991379
134,RIGHT_ELBOW,0.3543162941932678,0.4426268935203552,-0.20010928809642792
134,LEFT_WRIST,0.457306444644928,0.5109672546386719,-0.2231639325618744
134,RIGHT_WRIST,0.43200764060020447,0.49982935190200806,-0.1919001042842865
134,LEFT_PINKY,0.44956937432289124,0.529238760471344,-0.2769858241081238
134,RIGHT_PINKY,0.4501422941684723,0.5329044461250305,-0.23026327788829803
134,LEFT_INDEX,0.44700154662132263,0.5086580514907837,-0.28386205434799194
134,RIGHT_INDEX,0.4560175836086273,0.514761745929718,-0.243539959192276
134,LEFT_THUMB,0.4460994303226471,0.501649022102356,-0.23563797771930695
134,RIGHT_THUMB,0.4494248926639557,0.5014029145240784,-0.1920194923877716
134,LEFT_HIP,0.3598330020904541,0.5647566318511963,0.13055530190467834
134,RIGHT_HIP,0.28827232122421265,0.5470268130302429,-0.13023048639297485
134,LEFT_KNEE,0.37020689249038696,0.717054545879364,0.21595826745033264
134,RIGHT_KNEE,0.3145678639411926,0.7238197326660156,-0.27782419323921204
134,LEFT_ANKLE,0.34141483902931213,0.8761517405509949,0.38088154792785645
134,RIGHT_ANKLE,0.3108200430870056,0.9239288568496704,-0.318081796169281
134,LEFT_HEEL,0.32226356863975525,0.9024149179458618,0.38826778531074524
134,RIGHT_HEEL,0.2896638512611389,0.9525496363639832,-0.33463054895401
134,LEFT_FOOT_INDEX,0.40940800309181213,0.92902672290802,0.2780206799507141
134,RIGHT_FOOT_INDEX,0.39053764939308167,0.9575235247612,-0.5296431183815002
135,NOSE,0.5038729906082153,0.3064149022102356,-0.1592385172843933
135,LEFT_EYE_INNER,0.512327253818512,0.29086023569107056,-0.12822827696800232
135,LEFT_EYE,0.5137726068496704,0.2911681532859802,-0.1284092366695404
135,LEFT_EYE_OUTER,0.5150287747383118,0.29133597016334534,-0.12846295535564423
135,RIGHT_EYE_INNER,0.5027765035629272,0.28522905707359314,-0.1663467139005661
135,RIGHT_EYE,0.4975879192352295,0.28113433718681335,-0.16643086075782776
135,RIGHT_EYE_OUTER,0.4920491576194763,0.2766807973384857,-0.1665782332420349
135,LEFT_EAR,0.49981507658958435,0.28651928901672363,0.03207848221063614
135,RIGHT_EAR,0.468454509973526,0.2684163451194763,-0.13474050164222717
135,MOUTH_LEFT,0.4939543604850769,0.31721997261047363,-0.09581561386585236
135,MOUTH_RIGHT,0.48271432518959045,0.31085118651390076,-0.14460328221321106
135,LEFT_SHOULDER,0.4790194630622864,0.37437179684638977,0.17469479143619537
135,RIGHT_SHOULDER,0.3701026141643524,0.3194357454776764,-0.19501608610153198
135,LEFT_ELBOW,0.46326184272766113,0.4857950806617737,0.1268213838338852
135,RIGHT_ELBOW,0.3505781590938568,0.44208723306655884,-0.23527595400810242
135,LEFT_WRIST,0.46140652894973755,0.5218502879142761,-0.1591695100069046
135,RIGHT_WRIST,0.4306162893772125,0.5088399648666382,-0.2674344480037689
135,LEFT_PINKY,0.46142226457595825,0.5403507947921753,-0.22174033522605896
135,RIGHT_PINKY,0.44603538513183594,0.539557158946991,-0.31275737285614014
135,LEFT_INDEX,0.4602906107902527,0.5294885039329529,-0.23390479385852814
135,RIGHT_INDEX,0.45526427030563354,0.5257657766342163,-0.3250073790550232
135,LEFT_THUMB,0.4578685164451599,0.5223678350448608,-0.1771707683801651
135,RIGHT_THUMB,0.4493161737918854,0.5135535001754761,-0.26855191588401794
135,LEFT_HIP,0.3602444529533386,0.5647615194320679,0.13117006421089172
135,RIGHT_HIP,0.2897252142429352,0.5471268892288208,-0.13085412979125977
135,LEFT_KNEE,0.37016451358795166,0.7172338366508484,0.20891138911247253
135,RIGHT_KNEE,0.3140295147895813,0.7238619327545166,-0.2812781035900116
135,LEFT_ANKLE,0.3413064479827881,0.8762887120246887,0.36523959040641785
135,RIGHT_ANKLE,0.3109172284603119,0.9239315986633301,-0.3271241784095764
135,LEFT_HEEL,0.322204053401947,0.902453601360321,0.3715488910675049
135,RIGHT_HEEL,0.28990817070007324,0.9525471925735474,-0.34409141540527344
135,LEFT_FOOT_INDEX,0.4053824543952942,0.933264434337616,0.26338279247283936
135,RIGHT_FOOT_INDEX,0.388990581035614,0.9576084017753601,-0.5381333827972412
136,NOSE,0.5038933157920837,0.3071080446243286,-0.17202599346637726
136,LEFT_EYE_INNER,0.51240473985672,0.2916162312030792,-0.14214619994163513
136,LEFT_EYE,0.513812243938446,0.29177194833755493,-0.14232507348060608
136,LEFT_EYE_OUTER,0.5150405168533325,0.2918166220188141,-0.14237366616725922
136,RIGHT_EYE_INNER,0.5031358599662781,0.28646159172058105,-0.18091870844364166
136,RIGHT_EYE,0.4980801045894623,0.2825191617012024,-0.18100109696388245
136,RIGHT_EYE_OUTER,0.49261656403541565,0.278111070394516,-0.18115150928497314
136,LEFT_EAR,0.49974316358566284,0.28665024042129517,0.014973347075283527
136,RIGHT_EAR,0.46864190697669983,0.2688431143760681,-0.15458396077156067
136,MOUTH_LEFT,0.493981271982193,0.31739479303359985,-0.10963879525661469
136,MOUTH_RIGHT,0.4829200208187103,0.3113299012184143,-0.15927983820438385
136,LEFT_SHOULDER,0.4792289137840271,0.37434571981430054,0.15832087397575378
136,RIGHT_SHOULDER,0.3698508143424988,0.3189451992511749,-0.2110685557126999
136,LEFT_ELBOW,0.46195465326309204,0.4843679368495941,0.12217742204666138
136,RIGHT_ELBOW,0.3501243591308594,0.44187813997268677,-0.2428983747959137
136,LEFT_WRIST,0.4623623490333557,0.5257968902587891,-0.15255962312221527
136,RIGHT_WRIST,0.43063458800315857,0.5121558904647827,-0.2650238871574402
136,LEFT_PINKY,0.46586671471595764,0.547470211982727,-0.20266398787498474
136,RIGHT_PINKY,0.4452381730079651,0.5416697263717651,-0.30846747756004333
136,LEFT_INDEX,0.4649345874786377,0.5382381081581116,-0.2259249985218048
136,RIGHT_INDEX,0.45514053106307983,0.5297623872756958,-0.3223198652267456
136,LEFT_THUMB,0.4618072509765625,0.5297443866729736,-0.1721089780330658
136,RIGHT_THUMB,0.44940704107284546,0.5174970626831055,-0.26645615696907043
136,LEFT_HIP,0.3607409596443176,0.5647521615028381,0.1305631548166275
136,RIGHT_HIP,0.2905260920524597,0.5472157001495361,-0.1302521675825119
136,LEFT_KNEE,0.3702996075153351,0.7172530889511108,0.18466717004776
136,RIGHT_KNEE,0.31346216797828674,0.7237136960029602,-0.26648223400115967
136,LEFT_ANKLE,0.34150853753089905,0.8764020204544067,0.33200204372406006
136,RIGHT_ANKLE,0.3113994598388672,0.9230872988700867,-0.28966253995895386
136,LEFT_HEEL,0.3222770690917969,0.9025086164474487,0.33725088834762573
136,RIGHT_HEEL,0.29113051295280457,0.9504610896110535,-0.304585337638855
136,LEFT_FOOT_INDEX,0.40549102425575256,0.9317046999931335,0.22511014342308044
136,RIGHT_FOOT_INDEX,0.3873584270477295,0.957351803779602,-0.4949030876159668
137,NOSE,0.5054683685302734,0.3071126937866211,-0.18979260325431824
137,LEFT_EYE_INNER,0.5133259296417236,0.2915867865085602,-0.15979759395122528
137,LEFT_EYE,0.5146015882492065,0.2917605936527252,-0.15997490286827087
137,LEFT_EYE_OUTER,0.5156773328781128,0.2917778491973877,-0.16003216803073883
137,RIGHT_EYE_INNER,0.5043514966964722,0.28643396496772766,-0.19802609086036682
137,RIGHT_EYE,0.4994262754917145,0.28254932165145874,-0.19810889661312103
137,RIGHT_EYE_OUTER,0.4940261244773865,0.27820903062820435,-0.19825094938278198
137,LEFT_EAR,0.49975356459617615,0.28638792037963867,-0.0005709825782105327
137,RIGHT_EAR,0.4696947932243347,0.26886212825775146,-0.1594560742378235
137,MOUTH_LEFT,0.4947187900543213,0.3173903822898865,-0.12662404775619507
137,MOUTH_RIGHT,0.4844265580177307,0.31133830547332764,-0.17548221349716187
137,LEFT_SHOULDER,0.47997942566871643,0.3744722306728363,0.1516420543193817
137,RIGHT_SHOULDER,0.3700220286846161,0.3189072012901306,-0.22680774331092834
137,LEFT_ELBOW,0.46209749579429626,0.4841539263725281,0.12018988281488419
137,RIGHT_ELBOW,0.3477400541305542,0.44112086296081543,-0.27154797315597534
137,LEFT_WRIST,0.48229700326919556,0.5285640358924866,-0.1564299464225769
137,RIGHT_WRIST,0.430006742477417,0.5133883953094482,-0.3664071559906006
137,LEFT_PINKY,0.4920977056026459,0.5498790740966797,-0.20431509613990784
137,RIGHT_PINKY,0.4460766911506653,0.5444723963737488,-0.4183337688446045
137,LEFT_INDEX,0.503167986869812,0.5423339605331421,-0.2368963062763214
137,RIGHT_INDEX,0.4560543894767761,0.5325189232826233,-0.42943769693374634
137,LEFT_THUMB,0.4866923689842224,0.5335898995399475,-0.1795409470796585
137,RIGHT_THUMB,0.4503936171531677,0.5203753709793091,-0.36873993277549744
137,LEFT_HIP,0.36268851161003113,0.5647937059402466,0.13081268966197968
137,RIGHT_HIP,0.2924623489379883,0.5472715497016907,-0.13051903247833252
137,LEFT_KNEE,0.370387464761734,0.7187604308128357,0.16060087084770203
137,RIGHT_KNEE,0.31331074237823486,0.7232480049133301,-0.23885807394981384
137,LEFT_ANKLE,0.3418039083480835,0.8766387701034546,0.292651891708374
137,RIGHT_ANKLE,0.312141478061676,0.9214154481887817,-0.23761017620563507
137,LEFT_HEEL,0.32234227657318115,0.9026147723197937,0.29614880681037903
137,RIGHT_HEEL,0.29221296310424805,0.9488562345504761,-0.2507200837135315
137,LEFT_FOOT_INDEX,0.40555229783058167,0.9352323412895203,0.1832132488489151
137,RIGHT_FOOT_INDEX,0.3873918056488037,0.9565308690071106,-0.4372534155845642
138,NOSE,0.5062800645828247,0.30699464678764343,-0.19660483300685883
138,LEFT_EYE_INNER,0.5137021541595459,0.2914638817310333,-0.16656050086021423
138,LEFT_EYE,0.5149027109146118,0.2915998101234436,-0.1667402982711792
138,LEFT_EYE_OUTER,0.5159074068069458,0.29158467054367065,-0.16679878532886505
138,RIGHT_EYE_INNER,0.5049262046813965,0.2864153981208801,-0.20314271748065948
138,RIGHT_EYE,0.5000545382499695,0.28251758217811584,-0.20323653519153595
138,RIGHT_EYE_OUTER,0.4947025775909424,0.2781907320022583,-0.20338451862335205
138,LEFT_EAR,0.4997752606868744,0.2862313687801361,-0.007009091321378946
138,RIGHT_EAR,0.47043800354003906,0.26888781785964966,-0.17502924799919128
138,MOUTH_LEFT,0.4951260983943939,0.31715482473373413,-0.13331982493400574
138,MOUTH_RIGHT,0.48535043001174927,0.3112691342830658,-0.17996181547641754
138,LEFT_SHOULDER,0.4807116985321045,0.37450072169303894,0.14691752195358276
138,RIGHT_SHOULDER,0.36994367837905884,0.31894803047180176,-0.23184828460216522
138,LEFT_ELBOW,0.462571918964386,0.4838142395019531,0.11893358081579208
138,RIGHT_ELBOW,0.3458631634712219,0.44003748893737793,-0.3192353844642639
138,LEFT_WRIST,0.4874415993690491,0.5302397608757019,-0.16168424487113953
138,RIGHT_WRIST,0.43059831857681274,0.514914870262146,-0.43005889654159546
138,LEFT_PINKY,0.498268187046051,0.5524359345436096,-0.2099616825580597
138,RIGHT_PINKY,0.44679489731788635,0.5429506301879883,-0.4876728057861328
138,LEFT_INDEX,0.5054907202720642,0.5443557500839233,-0.24552249908447266
138,RIGHT_INDEX,0.45624175667762756,0.5323805809020996,-0.4972311556339264
138,LEFT_THUMB,0.4943162500858307,0.535675048828125,-0.18599523603916168
138,RIGHT_THUMB,0.45096129179000854,0.5206078886985779,-0.4323213994503021
138,LEFT_HIP,0.3641144931316376,0.5647743940353394,0.1309555619955063
138,RIGHT_HIP,0.2933289110660553,0.5471401214599609,-0.1306646317243576
138,LEFT_KNEE,0.37047654390335083,0.719572901725769,0.1749235987663269
138,RIGHT_KNEE,0.3125125765800476,0.7231466770172119,-0.24382419884204865
138,LEFT_ANKLE,0.3419263958930969,0.8769755363464355,0.3212859034538269
138,RIGHT_ANKLE,0.3124474883079529,0.9206070899963379,-0.2453758269548416
138,LEFT_HEEL,0.322456032037735,0.9028074145317078,0.32625383138656616
138,RIGHT_HEEL,0.2927977442741394,0.9485818147659302,-0.25902631878852844
138,LEFT_FOOT_INDEX,0.4056532382965088,0.9359475374221802,0.21319568157196045
138,RIGHT_FOOT_INDEX,0.3876686692237854,0.9556118845939636,-0.45107603073120117
139,NOSE,0.5063573718070984,0.30644547939300537,-0.1565910428762436
139,LEFT_EYE_INNER,0.5136896967887878,0.2910394072532654,-0.1245981827378273
139,LEFT_EYE,0.514876127243042,0.2912183105945587,-0.12474711984395981
139,LEFT_EYE_OUTER,0.5158615112304688,0.29123497009277344,-0.12478075176477432
139,RIGHT_EYE_INNER,0.5049411058425903,0.2859260141849518,-0.16099455952644348
139,RIGHT_EYE,0.5000861883163452,0.2820226848125458,-0.1610625684261322
139,RIGHT_EYE_OUTER,0.49475401639938354,0.27770087122917175,-0.16118255257606506
139,LEFT_EAR,0.49963831901550293,0.28597384691238403,0.041117023676633835
139,RIGHT_EAR,0.470559298992157,0.26850876212120056,-0.11856864392757416
139,MOUTH_LEFT,0.49522751569747925,0.3166244626045227,-0.09176572412252426
139,MOUTH_RIGHT,0.48564356565475464,0.3107641041278839,-0.13813035190105438
139,LEFT_SHOULDER,0.4805969297885895,0.37438052892684937,0.17748218774795532
139,RIGHT_SHOULDER,0.3698984980583191,0.3171911835670471,-0.1682017743587494
139,LEFT_ELBOW,0.46260255575180054,0.4809490740299225,0.09777732193470001
139,RIGHT_ELBOW,0.3400026559829712,0.4352611005306244,-0.20746202766895294
139,LEFT_WRIST,0.4671440124511719,0.5126670002937317,-0.22525759041309357
139,RIGHT_WRIST,0.42625609040260315,0.5075282454490662,-0.24320518970489502
139,LEFT_PINKY,0.4641469419002533,0.5323862433433533,-0.2847268581390381
139,RIGHT_PINKY,0.4408443570137024,0.5392235517501831,-0.28817394375801086
139,LEFT_INDEX,0.4648279547691345,0.5139435529708862,-0.2987474799156189
139,RIGHT_INDEX,0.45370858907699585,0.5184139013290405,-0.2991162836551666
139,LEFT_THUMB,0.46185407042503357,0.5063044428825378,-0.24179616570472717
139,RIGHT_THUMB,0.448081910610199,0.5103872418403625,-0.24306027591228485
139,LEFT_HIP,0.364030659198761,0.5647508502006531,0.1300741285085678
139,RIGHT_HIP,0.2939210534095764,0.547157347202301,-0.12975896894931793
139,LEFT_KNEE,0.3707776665687561,0.7221758365631104,0.179488867521286
139,RIGHT_KNEE,0.3125120997428894,0.7242954969406128,-0.24688339233398438
139,LEFT_ANKLE,0.3424823582172394,0.8773767352104187,0.33199137449264526
139,RIGHT_ANKLE,0.3123338520526886,0.9206618070602417,-0.25817862153053284
139,LEFT_HEEL,0.3227117955684662,0.9029524922370911,0.3376678228378296
139,RIGHT_HEEL,0.2922581732273102,0.9490132331848145,-0.27248942852020264
139,LEFT_FOOT_INDEX,0.4058384895324707,0.9392509460449219,0.22178533673286438
139,RIGHT_FOOT_INDEX,0.3875730335712433,0.9556787610054016,-0.4650948643684387
140,NOSE,0.506157398223877,0.3063528835773468,-0.15726116299629211
140,LEFT_EYE_INNER,0.5135173797607422,0.29101258516311646,-0.1258591115474701
140,LEFT_EYE,0.5147364139556885,0.2911891043186188,-0.12601371109485626
140,LEFT_EYE_OUTER,0.5157468318939209,0.29120495915412903,-0.12605047225952148
140,RIGHT_EYE_INNER,0.5047917366027832,0.28588801622390747,-0.1616540253162384
140,RIGHT_EYE,0.49992790818214417,0.2819553315639496,-0.16171976923942566
140,RIGHT_EYE_OUTER,0.4946015477180481,0.2776089310646057,-0.16184820234775543
140,LEFT_EAR,0.49960947036743164,0.2859591841697693,0.04004576802253723
140,RIGHT_EAR,0.4705771505832672,0.2684870958328247,-0.11568830907344818
140,MOUTH_LEFT,0.4951843321323395,0.3164665699005127,-0.09196889400482178
140,MOUTH_RIGHT,0.48560938239097595,0.31058797240257263,-0.13751867413520813
140,LEFT_SHOULDER,0.48058682680130005,0.37434881925582886,0.17749594151973724
140,RIGHT_SHOULDER,0.36947470903396606,0.31567567586898804,-0.16439467668533325
140,LEFT_ELBOW,0.46270138025283813,0.47967514395713806,0.08774878829717636
140,RIGHT_ELBOW,0.3391135632991791,0.4324750304222107,-0.1987227499485016
140,LEFT_WRIST,0.4588852524757385,0.5094641447067261,-0.23312726616859436
140,RIGHT_WRIST,0.4257192015647888,0.5047978758811951,-0.23257382214069366
140,LEFT_PINKY,0.4535953104496002,0.5295902490615845,-0.2920214533805847
140,RIGHT_PINKY,0.4397098422050476,0.538760781288147,-0.2773108184337616
140,LEFT_INDEX,0.45328956842422485,0.510376513004303,-0.3052951395511627
140,RIGHT_INDEX,0.45438989996910095,0.5170246958732605,-0.2893314063549042
140,LEFT_THUMB,0.4515385627746582,0.5024765729904175,-0.2491622269153595
140,RIGHT_THUMB,0.4478980600833893,0.5079141855239868,-0.2329055517911911
140,LEFT_HIP,0.36393722891807556,0.5647080540657043,0.12912674248218536
140,RIGHT_HIP,0.2938815653324127,0.5471160411834717,-0.12878811359405518
140,LEFT_KNEE,0.3708494305610657,0.7237558960914612,0.17986030876636505
140,RIGHT_KNEE,0.31240564584732056,0.7249584794044495,-0.25366804003715515
140,LEFT_ANKLE,0.3423665165901184,0.8795280456542969,0.33333343267440796
140,RIGHT_ANKLE,0.3118356764316559,0.9207412004470825,-0.2775440812110901
140,LEFT_HEEL,0.322220116853714,0.9047509431838989,0.3390139639377594
140,RIGHT_HEEL,0.29152292013168335,0.9497978091239929,-0.2932547926902771
140,LEFT_FOOT_INDEX,0.40597862005233765,0.9415655136108398,0.2190152108669281
140,RIGHT_FOOT_INDEX,0.38759297132492065,0.9556000828742981,-0.49363279342651367
141,NOSE,0.5060528516769409,0.30706316232681274,-0.16726991534233093
141,LEFT_EYE_INNER,0.513504147529602,0.2916262745857239,-0.13462848961353302
141,LEFT_EYE,0.5147129893302917,0.2916436195373535,-0.13480916619300842
141,LEFT_EYE_OUTER,0.5157023072242737,0.2915239632129669,-0.1348545104265213
141,RIGHT_EYE_INNER,0.5047987699508667,0.28668642044067383,-0.16421940922737122
141,RIGHT_EYE,0.49993181228637695,0.28274041414260864,-0.1643424779176712
141,RIGHT_EYE_OUTER,0.4946128726005554,0.27831870317459106,-0.1644320785999298
141,LEFT_EAR,0.4994388520717621,0.28593841195106506,0.02497384324669838
141,RIGHT_EAR,0.4706590175628662,0.268582284450531,-0.13070063292980194
141,MOUTH_LEFT,0.4951123297214508,0.31669193506240845,-0.1048634871840477
141,MOUTH_RIGHT,0.48558932542800903,0.31103187799453735,-0.1475597769021988
141,LEFT_SHOULDER,0.4805618226528168,0.37288898229599,0.16785022616386414
141,RIGHT_SHOULDER,0.3695858120918274,0.31482869386672974,-0.189621701836586
141,LEFT_ELBOW,0.4642462730407715,0.4786498546600342,0.08769780397415161
141,RIGHT_ELBOW,0.33322471380233765,0.43263348937034607,-0.23133213818073273
141,LEFT_WRIST,0.4593478739261627,0.510283350944519,-0.24315443634986877
141,RIGHT_WRIST,0.4263109564781189,0.5072776675224304,-0.2656879127025604
141,LEFT_PINKY,0.458933025598526,0.529779314994812,-0.30165842175483704
141,RIGHT_PINKY,0.4407218396663666,0.5371139049530029,-0.31017202138900757
141,LEFT_INDEX,0.4583268165588379,0.5105801820755005,-0.3178057074546814
141,RIGHT_INDEX,0.4545629620552063,0.5206078290939331,-0.32214194536209106
141,LEFT_THUMB,0.4543505609035492,0.5027605295181274,-0.26114219427108765
141,RIGHT_THUMB,0.44751882553100586,0.5112076997756958,-0.26603591442108154
141,LEFT_HIP,0.36407047510147095,0.565359890460968,0.1292051076889038
141,RIGHT_HIP,0.29410141706466675,0.5477590560913086,-0.1288863569498062
141,LEFT_KNEE,0.37083590030670166,0.7254905700683594,0.1815289705991745
141,RIGHT_KNEE,0.31185615062713623,0.7269898056983948,-0.23789933323860168
141,LEFT_ANKLE,0.3423205018043518,0.8806964755058289,0.3491208851337433
141,RIGHT_ANKLE,0.31157776713371277,0.9207700490951538,-0.24417057633399963
141,LEFT_HEEL,0.32152822613716125,0.9063935279846191,0.3556199371814728
141,RIGHT_HEEL,0.2914116084575653,0.9499290585517883,-0.2580450475215912
141,LEFT_FOOT_INDEX,0.404898077249527,0.9439271688461304,0.22207722067832947
141,RIGHT_FOOT_INDEX,0.38778942823410034,0.9553574323654175,-0.4548802375793457
142,NOSE,0.503707766532898,0.30766361951828003,-0.17387691140174866
142,LEFT_EYE_INNER,0.5120967626571655,0.292449414730072,-0.1427362859249115
142,LEFT_EYE,0.513481855392456,0.2924446165561676,-0.14291341602802277
142,LEFT_EYE_OUTER,0.5146297216415405,0.29232385754585266,-0.14296261966228485
142,RIGHT_EYE_INNER,0.5031886100769043,0.2875047028064728,-0.1767270565032959
142,RIGHT_EYE,0.49829012155532837,0.28351256251335144,-0.1767842173576355
142,RIGHT_EYE_OUTER,0.49294930696487427,0.27906334400177,-0.1768822818994522
142,LEFT_EAR,0.49917149543762207,0.2866356670856476,0.017718099057674408
142,RIGHT_EAR,0.4699844419956207,0.26903867721557617,-0.1367822140455246
142,MOUTH_LEFT,0.49355730414390564,0.3169628381729126,-0.10822159051895142
142,MOUTH_RIGHT,0.4837709367275238,0.3113502264022827,-0.1496710330247879
142,LEFT_SHOULDER,0.4805164933204651,0.372273325920105,0.1698598712682724
142,RIGHT_SHOULDER,0.3696655035018921,0.3147470951080322,-0.19943788647651672
142,LEFT_ELBOW,0.4648362100124359,0.47699838876724243,0.09601465612649918
142,RIGHT_ELBOW,0.3316177725791931,0.43276748061180115,-0.24442000687122345
142,LEFT_WRIST,0.4671376645565033,0.511518657207489,-0.23011799156665802
142,RIGHT_WRIST,0.42529958486557007,0.508407473564148,-0.28867441415786743
142,LEFT_PINKY,0.46890491247177124,0.5323155522346497,-0.28760644793510437
142,RIGHT_PINKY,0.4403451979160309,0.5353100895881653,-0.3381325602531433
142,LEFT_INDEX,0.47085437178611755,0.5141269564628601,-0.3102613091468811
142,RIGHT_INDEX,0.4537683427333832,0.5226616859436035,-0.34899675846099854
142,LEFT_THUMB,0.4661926329135895,0.5057719945907593,-0.2508127987384796
142,RIGHT_THUMB,0.4463788568973541,0.513002336025238,-0.2883549928665161
142,LEFT_HIP,0.36400967836380005,0.5654315948486328,0.13062848150730133
142,RIGHT_HIP,0.29418322443962097,0.5479095578193665,-0.1302780956029892
142,LEFT_KNEE,0.3708328306674957,0.7254164218902588,0.18478232622146606
142,RIGHT_KNEE,0.3116292953491211,0.727164626121521,-0.24416334927082062
142,LEFT_ANKLE,0.3419300317764282,0.8816046714782715,0.3480536937713623
142,RIGHT_ANKLE,0.31145304441452026,0.9208061099052429,-0.25558122992515564
142,LEFT_HEEL,0.3203957676887512,0.9074450731277466,0.3541664481163025
142,RIGHT_HEEL,0.2913967967033386,0.9500047564506531,-0.26989907026290894
142,LEFT_FOOT_INDEX,0.4058760106563568,0.9360500574111938,0.22711554169654846
142,RIGHT_FOOT_INDEX,0.38793396949768066,0.9548860788345337,-0.46633392572402954
143,NOSE,0.4991695284843445,0.3073476254940033,-0.1520460844039917
143,LEFT_EYE_INNER,0.508692741394043,0.29242318868637085,-0.11926667392253876
143,LEFT_EYE,0.5104905962944031,0.2924292981624603,-0.11945129930973053
143,LEFT_EYE_OUTER,0.5120963454246521,0.2923789620399475,-0.11954365670681
143,RIGHT_EYE_INNER,0.4994250237941742,0.2873137891292572,-0.15482904016971588
143,RIGHT_EYE,0.49459195137023926,0.28328201174736023,-0.15486030280590057
143,RIGHT_EYE_OUTER,0.4894116520881653,0.2788918614387512,-0.15498539805412292
143,LEFT_EAR,0.49909693002700806,0.28739723563194275,0.0646677166223526
143,RIGHT_EAR,0.46902769804000854,0.2690783441066742,-0.0922587662935257
143,MOUTH_LEFT,0.4907398819923401,0.3168354630470276,-0.07871285080909729
143,MOUTH_RIGHT,0.4807719588279724,0.31088510155677795,-0.12417812645435333
143,LEFT_SHOULDER,0.4805978238582611,0.3717350363731384,0.2207915335893631
143,RIGHT_SHOULDER,0.37325721979141235,0.3095969557762146,-0.14644967019557953
143,LEFT_ELBOW,0.46502652764320374,0.4717005789279938,0.0928020030260086
143,RIGHT_ELBOW,0.3287939727306366,0.4009547233581543,-0.22947637736797333
143,LEFT_WRIST,0.46568506956100464,0.48580843210220337,-0.25694817304611206
143,RIGHT_WRIST,0.4234932065010071,0.48595985770225525,-0.28093451261520386
143,LEFT_PINKY,0.4662453532218933,0.49845877289772034,-0.3157782256603241
143,RIGHT_PINKY,0.4414753019809723,0.5209311246871948,-0.3296511471271515
143,LEFT_INDEX,0.47027307748794556,0.48143261671066284,-0.32926028966903687
143,RIGHT_INDEX,0.4539667069911957,0.506088376045227,-0.33140629529953003
143,LEFT_THUMB,0.4660347104072571,0.47631406784057617,-0.27479907870292664
143,RIGHT_THUMB,0.44626015424728394,0.4964022636413574,-0.2785833477973938
143,LEFT_HIP,0.36441129446029663,0.5648506283760071,0.13127560913562775
143,RIGHT_HIP,0.29427000880241394,0.5469728708267212,-0.1308344006538391
143,LEFT_KNEE,0.3721877932548523,0.7253358364105225,0.17887546122074127
143,RIGHT_KNEE,0.3112291991710663,0.7256381511688232,-0.27425211668014526
143,LEFT_ANKLE,0.34192773699760437,0.8818565607070923,0.3367297351360321
143,RIGHT_ANKLE,0.31141605973243713,0.9206887483596802,-0.2850628197193146
143,LEFT_HEEL,0.3203616440296173,0.9080630540847778,0.3419594466686249
143,RIGHT_HEEL,0.2915675640106201,0.9500104188919067,-0.29952797293663025
143,LEFT_FOOT_INDEX,0.4063125252723694,0.9433034658432007,0.2028687298297882
143,RIGHT_FOOT_INDEX,0.3859473466873169,0.9545296430587769,-0.5173732042312622
144,NOSE,0.49298763275146484,0.3048412501811981,-0.17355287075042725
144,LEFT_EYE_INNER,0.5045850872993469,0.29009580612182617,-0.13538594543933868
144,LEFT_EYE,0.5068628191947937,0.29073914885520935,-0.13566838204860687
144,LEFT_EYE_OUTER,0.5089880228042603,0.2913385033607483,-0.13587960600852966
144,RIGHT_EYE_INNER,0.49475622177124023,0.28383973240852356,-0.15801510214805603
144,RIGHT_EYE,0.4900853633880615,0.28000104427337646,-0.15801885724067688
144,RIGHT_EYE_OUTER,0.4851648807525635,0.2761664092540741,-0.15812592208385468
144,LEFT_EAR,0.4990106523036957,0.2877374589443207,0.0441778190433979
144,RIGHT_EAR,0.4680662751197815,0.2689819931983948,-0.105332151055336
144,MOUTH_LEFT,0.4869697093963623,0.31565114855766296,-0.08277586847543716
144,MOUTH_RIGHT,0.4768010675907135,0.3088701665401459,-0.1398506760597229
144,LEFT_SHOULDER,0.48058876395225525,0.3717135787010193,0.20498976111412048
144,RIGHT_SHOULDER,0.3754604458808899,0.3083248436450958,-0.13970932364463806
144,LEFT_ELBOW,0.4587000012397766,0.46692055463790894,0.08356087654829025
144,RIGHT_ELBOW,0.3273071050643921,0.4052954614162445,-0.2384282797574997
144,LEFT_WRIST,0.43850407004356384,0.4755028188228607,-0.2541317343711853
144,RIGHT_WRIST,0.40646442770957947,0.4711422026157379,-0.3802034556865692
144,LEFT_PINKY,0.4305379390716553,0.4851953387260437,-0.31060484051704407
144,RIGHT_PINKY,0.4198083281517029,0.4986962378025055,-0.4416966438293457
144,LEFT_INDEX,0.43829256296157837,0.4684204161167145,-0.32571297883987427
144,RIGHT_INDEX,0.4300185739994049,0.48061689734458923,-0.44225865602493286
144,LEFT_THUMB,0.43750524520874023,0.4645105004310608,-0.27102649211883545
144,RIGHT_THUMB,0.42142707109451294,0.47235408425331116,-0.38101282715797424
144,LEFT_HIP,0.36437302827835083,0.5645430684089661,0.1319328248500824
144,RIGHT_HIP,0.29427605867385864,0.5465769171714783,-0.1314324587583542
144,LEFT_KNEE,0.3745420575141907,0.7228401899337769,0.18566405773162842
144,RIGHT_KNEE,0.3110155761241913,0.725002646446228,-0.2922995388507843
144,LEFT_ANKLE,0.34206080436706543,0.88182133436203,0.3612356185913086
144,RIGHT_ANKLE,0.31139710545539856,0.9205688238143921,-0.3061290383338928
144,LEFT_HEEL,0.32037821412086487,0.908082127571106,0.36710184812545776
144,RIGHT_HEEL,0.2919866740703583,0.9495836496353149,-0.3225298523902893
144,LEFT_FOOT_INDEX,0.40932512283325195,0.9432101249694824,0.21212485432624817
144,RIGHT_FOOT_INDEX,0.38592031598091125,0.9534952044487,-0.5541996359825134
145,NOSE,0.4940287172794342,0.3061489164829254,-0.10334040969610214
145,LEFT_EYE_INNER,0.5048999786376953,0.29204481840133667,-0.07452744990587234
145,LEFT_EYE,0.5067931413650513,0.2923962473869324,-0.07466086745262146
145,LEFT_EYE_OUTER,0.5084803700447083,0.292759507894516,-0.07472479343414307
145,RIGHT_EYE_INNER,0.49550962448120117,0.28640782833099365,-0.12082648277282715
145,RIGHT_EYE,0.49078312516212463,0.28264835476875305,-0.1209050789475441
145,RIGHT_EYE_OUTER,0.4857000410556793,0.27888232469558716,-0.12103711068630219
145,LEFT_EAR,0.4968970715999603,0.28817445039749146,0.08605531603097916
145,RIGHT_EAR,0.46815934777259827,0.2702151834964752,-0.11696451902389526
145,MOUTH_LEFT,0.4862801432609558,0.3160749077796936,-0.03640742972493172
145,MOUTH_RIGHT,0.47700533270835876,0.309801310300827,-0.09942159056663513
145,LEFT_SHOULDER,0.46706509590148926,0.3671821653842926,0.23154763877391815
145,RIGHT_SHOULDER,0.3771238923072815,0.30897068977355957,-0.17232494056224823
145,LEFT_ELBOW,0.44945961236953735,0.46485456824302673,0.06341156363487244
145,RIGHT_ELBOW,0.3584313988685608,0.4279307425022125,-0.19423916935920715
145,LEFT_WRIST,0.41869181394577026,0.4269525408744812,-0.2962973117828369
145,RIGHT_WRIST,0.4213709235191345,0.4809224009513855,-0.03980252146720886
145,LEFT_PINKY,0.40816059708595276,0.42424917221069336,-0.3533424437046051
145,RIGHT_PINKY,0.4303074777126312,0.5064435005187988,-0.05143468827009201
145,LEFT_INDEX,0.4099343717098236,0.4074241518974304,-0.33394524455070496
145,RIGHT_INDEX,0.4388410449028015,0.48812660574913025,-0.06600858271121979
145,LEFT_THUMB,0.4093998968601227,0.4079294204711914,-0.3012896776199341
145,RIGHT_THUMB,0.42862755060195923,0.48051953315734863,-0.03626876324415207
145,LEFT_HIP,0.3631628155708313,0.5645415782928467,0.14716880023479462
145,RIGHT_HIP,0.29429084062576294,0.5469379425048828,-0.1469038426876068
145,LEFT_KNEE,0.37576737999916077,0.7224159240722656,0.17550253868103027
145,RIGHT_KNEE,0.3110118508338928,0.7253848314285278,-0.29766279458999634
145,LEFT_ANKLE,0.34247565269470215,0.8823100328445435,0.2905629873275757
145,RIGHT_ANKLE,0.31070655584335327,0.9205621480941772,-0.3457901179790497
145,LEFT_HEEL,0.3206596374511719,0.9094423055648804,0.2920204997062683
145,RIGHT_HEEL,0.2915535569190979,0.9498075246810913,-0.36400261521339417
145,LEFT_FOOT_INDEX,0.4108031690120697,0.9424675107002258,0.16532160341739655
145,RIGHT_FOOT_INDEX,0.38596317172050476,0.9528617858886719,-0.5656882524490356
146,NOSE,0.4943632483482361,0.30668967962265015,-0.10100921243429184
146,LEFT_EYE_INNER,0.5051208734512329,0.2926788628101349,-0.07420670986175537
146,LEFT_EYE,0.5070850849151611,0.29286763072013855,-0.07430712878704071
146,LEFT_EYE_OUTER,0.5086783170700073,0.2930937707424164,-0.07433383166790009
146,RIGHT_EYE_INNER,0.49605512619018555,0.2873423397541046,-0.12507835030555725
146,RIGHT_EYE,0.4915718138217926,0.28358936309814453,-0.12515798211097717
146,RIGHT_EYE_OUTER,0.4867500364780426,0.2797919511795044,-0.12528635561466217
146,LEFT_EAR,0.49567103385925293,0.2881293296813965,0.08075873553752899
146,RIGHT_EAR,0.46844378113746643,0.27041032910346985,-0.1324431449174881
146,MOUTH_LEFT,0.4866011142730713,0.31616097688674927,-0.03782639652490616
146,MOUTH_RIGHT,0.47727155685424805,0.31014692783355713,-0.1045113205909729
146,LEFT_SHOULDER,0.460287868976593,0.36368080973625183,0.2247225046157837
146,RIGHT_SHOULDER,0.37798869609832764,0.30926379561424255,-0.22123673558235168
146,LEFT_ELBOW,0.44650202989578247,0.4641020894050598,0.054835546761751175
146,RIGHT_ELBOW,0.3765988349914551,0.43329548835754395,-0.20113447308540344
146,LEFT_WRIST,0.42174363136291504,0.418062299489975,-0.3133641481399536
146,RIGHT_WRIST,0.4412793517112732,0.46304696798324585,0.008924813009798527
146,LEFT_PINKY,0.41435909271240234,0.4138719141483307,-0.36970052123069763
146,RIGHT_PINKY,0.4541231095790863,0.48020392656326294,0.007365933153778315
146,LEFT_INDEX,0.41431528329849243,0.3979272246360779,-0.34395766258239746
146,RIGHT_INDEX,0.455068439245224,0.4723742604255676,-0.011973892338573933
146,LEFT_THUMB,0.41220027208328247,0.3984917998313904,-0.3168715834617615
146,RIGHT_THUMB,0.44490495324134827,0.4645078182220459,0.012281060218811035
146,LEFT_HIP,0.3618762493133545,0.5645199418067932,0.15505309402942657
146,RIGHT_HIP,0.2943773865699768,0.5472058057785034,-0.15493647754192352
146,LEFT_KNEE,0.3764353394508362,0.722378134727478,0.18127237260341644
146,RIGHT_KNEE,0.31100547313690186,0.7259731292724609,-0.2909165620803833
146,LEFT_ANKLE,0.34278666973114014,0.8829437494277954,0.30244728922843933
146,RIGHT_ANKLE,0.3103295564651489,0.9206916093826294,-0.3405810594558716
146,LEFT_HEEL,0.320919007062912,0.9099462628364563,0.3046383559703827
146,RIGHT_HEEL,0.2913559377193451,0.9504576921463013,-0.35839563608169556
146,LEFT_FOOT_INDEX,0.4107426702976227,0.9366097450256348,0.18465714156627655
146,RIGHT_FOOT_INDEX,0.3859577178955078,0.9524699449539185,-0.5523514747619629
147,NOSE,0.49497589468955994,0.306728333234787,-0.1023612841963768
147,LEFT_EYE_INNER,0.5054144859313965,0.2926996946334839,-0.07303425669670105
147,LEFT_EYE,0.5073081254959106,0.29290446639060974,-0.07317421585321426
147,LEFT_EYE_OUTER,0.5088434219360352,0.29315322637557983,-0.07323940098285675
147,RIGHT_EYE_INNER,0.49641862511634827,0.2873310148715973,-0.11865486949682236
147,RIGHT_EYE,0.4919171929359436,0.28357017040252686,-0.11873885244131088
147,RIGHT_EYE_OUTER,0.48706555366516113,0.279763400554657,-0.11885489523410797
147,LEFT_EAR,0.4956391751766205,0.2883458435535431,0.08835545182228088
147,RIGHT_EAR,0.4684659540653229,0.2704102694988251,-0.11141777038574219
147,MOUTH_LEFT,0.4868583083152771,0.3162347972393036,-0.03767779842019081
147,MOUTH_RIGHT,0.47755223512649536,0.3102481961250305,-0.09666711091995239
147,LEFT_SHOULDER,0.4629148840904236,0.36387476325035095,0.23842212557792664
147,RIGHT_SHOULDER,0.3771340250968933,0.3087060749530792,-0.19403822720050812
147,LEFT_ELBOW,0.44664016366004944,0.4664982259273529,0.05517054349184036
147,RIGHT_ELBOW,0.37379008531570435,0.43779581785202026,-0.1746254861354828
147,LEFT_WRIST,0.4244675040245056,0.4463442862033844,-0.27962398529052734
147,RIGHT_WRIST,0.43741172552108765,0.4728353023529053,-0.059228818863630295
147,LEFT_PINKY,0.41620635986328125,0.4511527121067047,-0.33518293499946594
147,RIGHT_PINKY,0.43893542885780334,0.4941016137599945,-0.0786978155374527
147,LEFT_INDEX,0.4192684292793274,0.43451181054115295,-0.3278261721134186
147,RIGHT_INDEX,0.450484037399292,0.4838458001613617,-0.09218002110719681
147,LEFT_THUMB,0.4179328978061676,0.4322337210178375,-0.2890409827232361
147,RIGHT_THUMB,0.4413531422615051,0.47526082396507263,-0.05699126049876213
147,LEFT_HIP,0.358620822429657,0.5647262930870056,0.15263524651527405
147,RIGHT_HIP,0.293979287147522,0.5475664734840393,-0.15240022540092468
147,LEFT_KNEE,0.3767291307449341,0.7225797772407532,0.19287604093551636
147,RIGHT_KNEE,0.31104493141174316,0.7264196872711182,-0.28948158025741577
147,LEFT_ANKLE,0.34298890829086304,0.8829909563064575,0.31348931789398193
147,RIGHT_ANKLE,0.30979618430137634,0.9209029078483582,-0.34286004304885864
147,LEFT_HEEL,0.32118546962738037,0.9103096723556519,0.3137928545475006
147,RIGHT_HEEL,0.2906065285205841,0.9513787031173706,-0.36181965470314026
147,LEFT_FOOT_INDEX,0.4109939634799957,0.9320574998855591,0.1918950229883194
147,RIGHT_FOOT_INDEX,0.38599008321762085,0.952099621295929,-0.5604695677757263
148,NOSE,0.49546247720718384,0.30673420429229736,-0.11141538619995117
148,LEFT_EYE_INNER,0.5056667327880859,0.2926890254020691,-0.08313123136758804
148,LEFT_EYE,0.5074585676193237,0.29289665818214417,-0.0832427367568016
148,LEFT_EYE_OUTER,0.5089093446731567,0.2931475043296814,-0.08328381925821304
148,RIGHT_EYE_INNER,0.4967619478702545,0.28731492161750793,-0.13038316369056702
148,RIGHT_EYE,0.49223536252975464,0.283552348613739,-0.13046863675117493
148,RIGHT_EYE_OUTER,0.487356036901474,0.27974075078964233,-0.13058550655841827
148,LEFT_EAR,0.49542951583862305,0.28838449716567993,0.0761490911245346
148,RIGHT_EAR,0.4684813618659973,0.27043312788009644,-0.1252490133047104
148,MOUTH_LEFT,0.48693132400512695,0.3162500560283661,-0.04775506258010864
148,MOUTH_RIGHT,0.4777582585811615,0.3102641999721527,-0.10872701555490494
148,LEFT_SHOULDER,0.4638754725456238,0.36374109983444214,0.22926108539104462
148,RIGHT_SHOULDER,0.37661847472190857,0.3089084327220917,-0.21451786160469055
148,LEFT_ELBOW,0.44495147466659546,0.4672187864780426,0.06369484961032867
148,RIGHT_ELBOW,0.3674895763397217,0.44364190101623535,-0.17690332233905792
148,LEFT_WRIST,0.4215013086795807,0.45485639572143555,-0.2989693880081177
148,RIGHT_WRIST,0.43654364347457886,0.4713788628578186,0.013433572836220264
148,LEFT_PINKY,0.4138643741607666,0.4600377082824707,-0.3548620045185089
148,RIGHT_PINKY,0.4400649666786194,0.49539071321487427,0.008943582884967327
148,LEFT_INDEX,0.4161047339439392,0.44360536336898804,-0.33842846751213074
148,RIGHT_INDEX,0.44634753465652466,0.47948020696640015,-0.012552897445857525
148,LEFT_THUMB,0.4140922427177429,0.4409193992614746,-0.30600839853286743
148,RIGHT_THUMB,0.441672146320343,0.46978411078453064,0.015205979347229004
148,LEFT_HIP,0.35574907064437866,0.5646787881851196,0.15578500926494598
148,RIGHT_HIP,0.29347994923591614,0.547636091709137,-0.15560980141162872
148,LEFT_KNEE,0.37678712606430054,0.7226033806800842,0.21956869959831238
148,RIGHT_KNEE,0.31108251214027405,0.7266843914985657,-0.2883468270301819
148,LEFT_ANKLE,0.3432844281196594,0.8829725384712219,0.3503789007663727
148,RIGHT_ANKLE,0.30959364771842957,0.9209623336791992,-0.33352378010749817
148,LEFT_HEEL,0.3215758204460144,0.9105092883110046,0.3530324101448059
148,RIGHT_HEEL,0.2902567386627197,0.9519718289375305,-0.35165101289749146
148,LEFT_FOOT_INDEX,0.4113844037055969,0.9295631647109985,0.2370571792125702
148,RIGHT_FOOT_INDEX,0.3860873579978943,0.9517413377761841,-0.5491234064102173
149,NOSE,0.49913138151168823,0.3066871762275696,-0.10403572022914886
149,LEFT_EYE_INNER,0.5080686211585999,0.2922101318836212,-0.07184077799320221
149,LEFT_EYE,0.5093294382095337,0.29232096672058105,-0.07200796157121658
149,LEFT_EYE_OUTER,0.5103021860122681,0.2924886643886566,-0.07210539281368256
149,RIGHT_EYE_INNER,0.499377578496933,0.28693583607673645,-0.11779852211475372
149,RIGHT_EYE,0.4944325089454651,0.28313595056533813,-0.11784138530492783
149,RIGHT_EYE_OUTER,0.48915785551071167,0.27931517362594604,-0.11795441806316376
149,LEFT_EAR,0.4957055151462555,0.2877129316329956,0.1030464768409729
149,RIGHT_EAR,0.4692167639732361,0.27006232738494873,-0.09948694705963135
149,MOUTH_LEFT,0.48894062638282776,0.3161865174770355,-0.03413598984479904
149,MOUTH_RIGHT,0.47992610931396484,0.31026774644851685,-0.09381525218486786
149,LEFT_SHOULDER,0.4654405117034912,0.36222848296165466,0.2606242299079895
149,RIGHT_SHOULDER,0.3765494227409363,0.30667802691459656,-0.1714407503604889
149,LEFT_ELBOW,0.45258384943008423,0.46667376160621643,0.12496880441904068
149,RIGHT_ELBOW,0.3502630293369293,0.4101995825767517,-0.2716933786869049
149,LEFT_WRIST,0.4254473149776459,0.4574337601661682,-0.20452837646007538
149,RIGHT_WRIST,0.4209168553352356,0.47440147399902344,-0.38527047634124756
149,LEFT_PINKY,0.420896053314209,0.4635556638240814,-0.25339239835739136
149,RIGHT_PINKY,0.4209267497062683,0.4990934431552887,-0.44211307168006897
149,LEFT_INDEX,0.4196557104587555,0.44550418853759766,-0.2559524178504944
149,RIGHT_INDEX,0.43612194061279297,0.48480239510536194,-0.4341346323490143
149,LEFT_THUMB,0.41517919301986694,0.4429876208305359,-0.2162310630083084
149,RIGHT_THUMB,0.431020587682724,0.47540098428726196,-0.38067108392715454
149,LEFT_HIP,0.3558988869190216,0.5622645616531372,0.15373776853084564
149,RIGHT_HIP,0.29274651408195496,0.5445059537887573,-0.1535205990076065
149,LEFT_KNEE,0.3768293261528015,0.7211191058158875,0.18986468017101288
149,RIGHT_KNEE,0.3107253313064575,0.7251312732696533,-0.335053026676178
149,LEFT_ANKLE,0.3436017632484436,0.8819537162780762,0.324087917804718
149,RIGHT_ANKLE,0.30938592553138733,0.9206128120422363,-0.40261197090148926
149,LEFT_HEEL,0.3221166729927063,0.9104851484298706,0.32738417387008667
149,RIGHT_HEEL,0.28992557525634766,0.9520737528800964,-0.4236598014831543
149,LEFT_FOOT_INDEX,0.4123152792453766,0.927180290222168,0.2013777792453766
149,RIGHT_FOOT_INDEX,0.3860618770122528,0.9510089159011841,-0.6421526074409485
150,NOSE,0.49908939003944397,0.30679458379745483,-0.13965457677841187
150,LEFT_EYE_INNER,0.5080784559249878,0.2922040522098541,-0.1061740294098854
150,LEFT_EYE,0.5093288421630859,0.2923174202442169,-0.10637348890304565
150,LEFT_EYE_OUTER,0.5102983713150024,0.292486310005188,-0.10650084912776947
150,RIGHT_EYE_INNER,0.499396413564682,0.2869276702404022,-0.15085214376449585
150,RIGHT_EYE,0.4944606423377991,0.28313201665878296,-0.15087637305259705
150,RIGHT_EYE_OUTER,0.4891931414604187,0.2793251872062683,-0.1510012298822403
150,LEFT_EAR,0.495732843875885,0.2879910171031952,0.09314506500959396
150,RIGHT_EAR,0.4691602289676666,0.2702287435531616,-0.11174283921718597
150,MOUTH_LEFT,0.48895081877708435,0.316318541765213,-0.06233932450413704
150,MOUTH_RIGHT,0.47993379831314087,0.31041261553764343,-0.12091846764087677
150,LEFT_SHOULDER,0.46779298782348633,0.3622559905052185,0.24339453876018524
150,RIGHT_SHOULDER,0.37535426020622253,0.30581215023994446,-0.17803506553173065
150,LEFT_ELBOW,0.4578651785850525,0.4651520848274231,0.11659745872020721
150,RIGHT_ELBOW,0.3394189178943634,0.40512412786483765,-0.3091500699520111
150,LEFT_WRIST,0.43408840894699097,0.4592660963535309,-0.21033719182014465
150,RIGHT_WRIST,0.415138304233551,0.476635605096817,-0.4381209909915924
150,LEFT_PINKY,0.42839574813842773,0.4661882817745209,-0.2567145824432373
150,RIGHT_PINKY,0.41747021675109863,0.5010442137718201,-0.4976455271244049
150,LEFT_INDEX,0.4327765107154846,0.4477319121360779,-0.27812254428863525
150,RIGHT_INDEX,0.4333403706550598,0.48738032579421997,-0.4917009770870209
150,LEFT_THUMB,0.4304005205631256,0.4449912905693054,-0.2273978739976883
150,RIGHT_THUMB,0.42813247442245483,0.478242963552475,-0.4343089163303375
150,LEFT_HIP,0.35610365867614746,0.5615633130073547,0.15290585160255432
150,RIGHT_HIP,0.2914896607398987,0.5437802672386169,-0.15273147821426392
150,LEFT_KNEE,0.3769567012786865,0.7207444310188293,0.19016192853450775
150,RIGHT_KNEE,0.31063491106033325,0.7246353030204773,-0.34685492515563965
150,LEFT_ANKLE,0.3436625897884369,0.8814651370048523,0.33876052498817444
150,RIGHT_ANKLE,0.30941370129585266,0.9202467799186707,-0.40731725096702576
150,LEFT_HEEL,0.3222247362136841,0.9104384183883667,0.3441671133041382
150,RIGHT_HEEL,0.2899152338504791,0.9521251916885376,-0.4278995096683502
150,LEFT_FOOT_INDEX,0.413002073764801,0.9257218241691589,0.21382656693458557
150,RIGHT_FOOT_INDEX,0.3864577114582062,0.9507949948310852,-0.652953565120697
151,NOSE,0.4984191358089447,0.3065907657146454,-0.11494521796703339
151,LEFT_EYE_INNER,0.50775146484375,0.29136601090431213,-0.08269941806793213
151,LEFT_EYE,0.5091031789779663,0.2916097044944763,-0.08286815136671066
151,LEFT_EYE_OUTER,0.510177731513977,0.2919071912765503,-0.08292258530855179
151,RIGHT_EYE_INNER,0.49894705414772034,0.2858632504940033,-0.12513312697410583
151,RIGHT_EYE,0.4940364360809326,0.2821109890937805,-0.12519840896129608
151,RIGHT_EYE_OUTER,0.488831102848053,0.2783964276313782,-0.12530505657196045
151,LEFT_EAR,0.49575361609458923,0.28793710470199585,0.09780500084161758
151,RIGHT_EAR,0.4690825343132019,0.26998820900917053,-0.09095945209264755
151,MOUTH_LEFT,0.48873788118362427,0.3162941336631775,-0.04319305717945099
151,MOUTH_RIGHT,0.47957223653793335,0.3103761672973633,-0.09830790013074875
151,LEFT_SHOULDER,0.4681231379508972,0.36203792691230774,0.23516151309013367
151,RIGHT_SHOULDER,0.3752819895744324,0.30433139204978943,-0.16187980771064758
151,LEFT_ELBOW,0.45214930176734924,0.4542942941188812,0.0630577877163887
151,RIGHT_ELBOW,0.33919334411621094,0.3883625864982605,-0.22671814262866974
151,LEFT_WRIST,0.40910929441452026,0.43540024757385254,-0.28241854906082153
151,RIGHT_WRIST,0.4161612391471863,0.45949453115463257,-0.16829150915145874
151,LEFT_PINKY,0.398212194442749,0.4419419765472412,-0.3421292304992676
151,RIGHT_PINKY,0.4220430850982666,0.4858253598213196,-0.20052781701087952
151,LEFT_INDEX,0.40089377760887146,0.4242110252380371,-0.3399045467376709
151,RIGHT_INDEX,0.43567436933517456,0.46837082505226135,-0.20203831791877747
151,LEFT_THUMB,0.40146857500076294,0.42191237211227417,-0.2936263084411621
151,RIGHT_THUMB,0.42987996339797974,0.45977720618247986,-0.16267246007919312
151,LEFT_HIP,0.3567163348197937,0.5615986585617065,0.14884795248508453
151,RIGHT_HIP,0.2912639081478119,0.5438857674598694,-0.14851418137550354
151,LEFT_KNEE,0.37698185443878174,0.7214254140853882,0.19044169783592224
151,RIGHT_KNEE,0.3101181387901306,0.7246460318565369,-0.3136172890663147
151,LEFT_ANKLE,0.3447865843772888,0.8813800811767578,0.3536085784435272
151,RIGHT_ANKLE,0.30947840213775635,0.9198724627494812,-0.33377984166145325
151,LEFT_HEEL,0.32401448488235474,0.9101705551147461,0.36021512746810913
151,RIGHT_HEEL,0.28994277119636536,0.9521113634109497,-0.35030367970466614
151,LEFT_FOOT_INDEX,0.4133892059326172,0.925617516040802,0.231060191988945
151,RIGHT_FOOT_INDEX,0.38564929366111755,0.9508067965507507,-0.568746030330658
152,NOSE,0.49737995862960815,0.30636927485466003,-0.12463180720806122
152,LEFT_EYE_INNER,0.5072458386421204,0.2907388508319855,-0.0905676931142807
152,LEFT_EYE,0.5087405443191528,0.29110100865364075,-0.09073099493980408
152,LEFT_EYE_OUTER,0.5099626779556274,0.29150456190109253,-0.09072719514369965
152,RIGHT_EYE_INNER,0.4982489049434662,0.28503626585006714,-0.1261691153049469
152,RIGHT_EYE,0.49334779381752014,0.28125229477882385,-0.12625296413898468
152,RIGHT_EYE_OUTER,0.48814645409584045,0.27755996584892273,-0.1263059675693512
152,LEFT_EAR,0.49584150314331055,0.2879363000392914,0.08775153011083603
152,RIGHT_EAR,0.46884140372276306,0.2697651982307434,-0.09574291855096817
152,MOUTH_LEFT,0.4882937967777252,0.31628021597862244,-0.04695197194814682
152,MOUTH_RIGHT,0.4789816737174988,0.3103261888027191,-0.1035710945725441
152,LEFT_SHOULDER,0.46823200583457947,0.3621366620063782,0.2198786437511444
152,RIGHT_SHOULDER,0.3752612769603729,0.3037688434123993,-0.15681590139865875
152,LEFT_ELBOW,0.449523389339447,0.45174700021743774,0.024809226393699646
152,RIGHT_ELBOW,0.3400317430496216,0.3941916823387146,-0.195147305727005
152,LEFT_WRIST,0.4010849595069885,0.42405182123184204,-0.33148813247680664
152,RIGHT_WRIST,0.4169634282588959,0.45361241698265076,-0.11715687811374664
152,LEFT_PINKY,0.38842740654945374,0.42878222465515137,-0.3949160873889923
152,RIGHT_PINKY,0.4256803095340729,0.4796605110168457,-0.14478884637355804
152,LEFT_INDEX,0.3902633786201477,0.41127514839172363,-0.38749200105667114
152,RIGHT_INDEX,0.43705281615257263,0.4630429744720459,-0.15067549049854279
152,LEFT_THUMB,0.3914244771003723,0.40970373153686523,-0.3408012092113495
152,RIGHT_THUMB,0.4302299916744232,0.45461493730545044,-0.11278202384710312
152,LEFT_HIP,0.35713812708854675,0.5617045164108276,0.14509697258472443
152,RIGHT_HIP,0.2910468280315399,0.5441080331802368,-0.1447157859802246
152,LEFT_KNEE,0.37709152698516846,0.7217687964439392,0.19293436408042908
152,RIGHT_KNEE,0.3097664713859558,0.7246536016464233,-0.29609715938568115
152,LEFT_ANKLE,0.3453202247619629,0.8812015652656555,0.36348652839660645
152,RIGHT_ANKLE,0.3094814717769623,0.9195149540901184,-0.31050002574920654
152,LEFT_HEEL,0.32483693957328796,0.9098275899887085,0.3702019453048706
152,RIGHT_HEEL,0.28994259238243103,0.9521077275276184,-0.32648715376853943
152,LEFT_FOOT_INDEX,0.4134698510169983,0.9258297681808472,0.23856620490550995
152,RIGHT_FOOT_INDEX,0.38419175148010254,0.9508184194564819,-0.5432735681533813
153,NOSE,0.49597230553627014,0.3069310188293457,-0.12147198617458344
153,LEFT_EYE_INNER,0.5064538717269897,0.2910560667514801,-0.0906507596373558
153,LEFT_EYE,0.5080158114433289,0.29133543372154236,-0.09078796207904816
153,LEFT_EYE_OUTER,0.5093473196029663,0.29166311025619507,-0.09076113253831863
153,RIGHT_EYE_INNER,0.49763235449790955,0.2855347692966461,-0.130264014005661
153,RIGHT_EYE,0.4929068088531494,0.2817181944847107,-0.1303451955318451
153,RIGHT_EYE_OUTER,0.48788848519325256,0.27792009711265564,-0.13041922450065613
153,LEFT_EAR,0.49579963088035583,0.2879526615142822,0.08270975947380066
153,RIGHT_EAR,0.4688383936882019,0.2697681784629822,-0.10158578306436539
153,MOUTH_LEFT,0.4871097207069397,0.3168806731700897,-0.05041145160794258
153,MOUTH_RIGHT,0.478315532207489,0.31094294786453247,-0.1063910499215126
153,LEFT_SHOULDER,0.4686194956302643,0.36018240451812744,0.20006318390369415
153,RIGHT_SHOULDER,0.3725612759590149,0.302444189786911,-0.15871305763721466
153,LEFT_ELBOW,0.4494451582431793,0.4515848755836487,0.024448512122035027
153,RIGHT_ELBOW,0.3347465693950653,0.3955570161342621,-0.17334118485450745
153,LEFT_WRIST,0.39766764640808105,0.4179096817970276,-0.3392958641052246
153,RIGHT_WRIST,0.41383785009384155,0.4143800735473633,-0.04782877117395401
153,LEFT_PINKY,0.37431612610816956,0.41844063997268677,-0.4036369323730469
153,RIGHT_PINKY,0.4214335083961487,0.424896776676178,-0.06186744570732117
153,LEFT_INDEX,0.37615519762039185,0.40094804763793945,-0.3898698091506958
153,RIGHT_INDEX,0.42864975333213806,0.4072722792625427,-0.07698140293359756
153,LEFT_THUMB,0.38069188594818115,0.40096360445022583,-0.3458103537559509
153,RIGHT_THUMB,0.4212304949760437,0.4047122895717621,-0.04485270008444786
153,LEFT_HIP,0.3581121563911438,0.562366247177124,0.14398989081382751
153,RIGHT_HIP,0.29062336683273315,0.5446555614471436,-0.1436387002468109
153,LEFT_KNEE,0.37748363614082336,0.7232931852340698,0.22062531113624573
153,RIGHT_KNEE,0.30978915095329285,0.7254576683044434,-0.2622412145137787
153,LEFT_ANKLE,0.34531235694885254,0.881602942943573,0.38674381375312805
153,RIGHT_ANKLE,0.3097150921821594,0.9195212125778198,-0.2829863429069519
153,LEFT_HEEL,0.32482194900512695,0.9099801182746887,0.393302857875824
153,RIGHT_HEEL,0.29060399532318115,0.9519327878952026,-0.2979954481124878
153,LEFT_FOOT_INDEX,0.4134671688079834,0.9260164499282837,0.2692262828350067
153,RIGHT_FOOT_INDEX,0.3842396140098572,0.9508557319641113,-0.49797338247299194
154,NOSE,0.49520835280418396,0.30695095658302307,-0.16074571013450623
154,LEFT_EYE_INNER,0.5061508417129517,0.2910592555999756,-0.1298934817314148
154,LEFT_EYE,0.5078263878822327,0.29134029150009155,-0.13001753389835358
154,LEFT_EYE_OUTER,0.5092467665672302,0.2916678488254547,-0.12995894253253937
154,RIGHT_EYE_INNER,0.49708637595176697,0.2855362594127655,-0.1687641739845276
154,RIGHT_EYE,0.4923483729362488,0.2817196249961853,-0.16883458197116852
154,RIGHT_EYE_OUTER,0.4873501658439636,0.27791446447372437,-0.16890457272529602
154,LEFT_EAR,0.4958372712135315,0.28795212507247925,0.05297163873910904
154,RIGHT_EAR,0.4685594141483307,0.26958608627319336,-0.12114932388067245
154,MOUTH_LEFT,0.4865998327732086,0.3169555962085724,-0.08742998540401459
154,MOUTH_RIGHT,0.4777974486351013,0.3109789490699768,-0.13914340734481812
154,LEFT_SHOULDER,0.46997061371803284,0.35941821336746216,0.17273226380348206
154,RIGHT_SHOULDER,0.37092214822769165,0.3022010028362274,-0.16246622800827026
154,LEFT_ELBOW,0.4496973156929016,0.4520661234855652,0.0018053727690130472
154,RIGHT_ELBOW,0.33309075236320496,0.3957505524158478,-0.17633464932441711
154,LEFT_WRIST,0.3946901261806488,0.4179602265357971,-0.3705422282218933
154,RIGHT_WRIST,0.41285938024520874,0.4117702543735504,-0.05290776491165161
154,LEFT_PINKY,0.3681405782699585,0.422741174697876,-0.43668490648269653
154,RIGHT_PINKY,0.4222845137119293,0.4229072034358978,-0.06707527488470078
154,LEFT_INDEX,0.37049248814582825,0.40486741065979004,-0.42207756638526917
154,RIGHT_INDEX,0.43091335892677307,0.4050041139125824,-0.08169875293970108
154,LEFT_THUMB,0.3776165544986725,0.40104514360427856,-0.3763403296470642
154,RIGHT_THUMB,0.42342764139175415,0.4028877317905426,-0.04993376508355141
154,LEFT_HIP,0.35929256677627563,0.5628871321678162,0.14114904403686523
154,RIGHT_HIP,0.2902783751487732,0.5456819534301758,-0.14079681038856506
154,LEFT_KNEE,0.37782934308052063,0.7241593599319458,0.2216377556324005
154,RIGHT_KNEE,0.30952540040016174,0.7269456386566162,-0.24718379974365234
154,LEFT_ANKLE,0.345491886138916,0.8815978169441223,0.3944967985153198
154,RIGHT_ANKLE,0.3097228705883026,0.9194736480712891,-0.24809841811656952
154,LEFT_HEEL,0.32513540983200073,0.9098104238510132,0.40145373344421387
154,RIGHT_HEEL,0.2909572720527649,0.9512912631034851,-0.2615033984184265
154,LEFT_FOOT_INDEX,0.41346248984336853,0.9261301755905151,0.2697235643863678
154,RIGHT_FOOT_INDEX,0.3818421959877014,0.9507910013198853,-0.4689880311489105
155,NOSE,0.49562162160873413,0.30696389079093933,-0.1779857575893402
155,LEFT_EYE_INNER,0.506645679473877,0.2909706234931946,-0.15360793471336365
155,LEFT_EYE,0.5083141326904297,0.2912117540836334,-0.15370714664459229
155,LEFT_EYE_OUTER,0.5097525119781494,0.29149797558784485,-0.15363667905330658
155,RIGHT_EYE_INNER,0.4977148175239563,0.2854442000389099,-0.19648584723472595
155,RIGHT_EYE,0.4930590093135834,0.2815930247306824,-0.19654706120491028
155,RIGHT_EYE_OUTER,0.488147109746933,0.27774590253829956,-0.19661541283130646
155,LEFT_EAR,0.4965149462223053,0.287291020154953,0.007867459207773209
155,RIGHT_EAR,0.4695509374141693,0.2693183720111847,-0.1849178671836853
155,MOUTH_LEFT,0.48702144622802734,0.3169582188129425,-0.11117056757211685
155,MOUTH_RIGHT,0.47845324873924255,0.3110577166080475,-0.16755051910877228
155,LEFT_SHOULDER,0.4696861803531647,0.35686397552490234,0.13417857885360718
155,RIGHT_SHOULDER,0.3712363839149475,0.3023965358734131,-0.2281603068113327
155,LEFT_ELBOW,0.44008368253707886,0.43539056181907654,-0.012676378712058067
155,RIGHT_ELBOW,0.3534952700138092,0.39826592803001404,-0.2182244509458542
155,LEFT_WRIST,0.3957180976867676,0.4019376337528229,-0.3588951528072357
155,RIGHT_WRIST,0.43578681349754333,0.4083579182624817,-0.04696311801671982
155,LEFT_PINKY,0.38024622201919556,0.4056263566017151,-0.41710835695266724
155,RIGHT_PINKY,0.457649290561676,0.4202331006526947,-0.05137999728322029
155,LEFT_INDEX,0.3813355565071106,0.38987094163894653,-0.4063214659690857
155,RIGHT_INDEX,0.4581611752510071,0.40202945470809937,-0.06542964279651642
155,LEFT_THUMB,0.38306841254234314,0.3879286050796509,-0.36624425649642944
155,RIGHT_THUMB,0.44748950004577637,0.39971956610679626,-0.0423584058880806
155,LEFT_HIP,0.3601686358451843,0.5629106163978577,0.14040733873844147
155,RIGHT_HIP,0.29028230905532837,0.5460149645805359,-0.14009059965610504
155,LEFT_KNEE,0.37823960185050964,0.7240542769432068,0.23523978888988495
155,RIGHT_KNEE,0.3095298707485199,0.7272999286651611,-0.24002797901630402
155,LEFT_ANKLE,0.3459056317806244,0.8806357383728027,0.40088072419166565
155,RIGHT_ANKLE,0.3097478151321411,0.9190549850463867,-0.24992258846759796
155,LEFT_HEEL,0.3257018029689789,0.9087050557136536,0.4076749384403229
155,RIGHT_HEEL,0.2912832498550415,0.9500255584716797,-0.2629648447036743
155,LEFT_FOOT_INDEX,0.41334137320518494,0.9251648187637329,0.29305705428123474
155,RIGHT_FOOT_INDEX,0.37986475229263306,0.9501368403434753,-0.44807058572769165
156,NOSE,0.4957773685455322,0.3067282736301422,-0.1998225301504135
156,LEFT_EYE_INNER,0.5071520805358887,0.29076576232910156,-0.17568054795265198
156,LEFT_EYE,0.5089790225028992,0.29112449288368225,-0.17586404085159302
156,LEFT_EYE_OUTER,0.510558545589447,0.2914745509624481,-0.17589478194713593
156,RIGHT_EYE_INNER,0.4977615773677826,0.28462350368499756,-0.2070014476776123
156,RIGHT_EYE,0.49307888746261597,0.2805716395378113,-0.20706549286842346
156,RIGHT_EYE_OUTER,0.48816704750061035,0.2766333222389221,-0.20714601874351501
156,LEFT_EAR,0.49862098693847656,0.28732118010520935,-0.00869213417172432
156,RIGHT_EAR,0.46969908475875854,0.2689889073371887,-0.16221638023853302
156,MOUTH_LEFT,0.48735636472702026,0.31695032119750977,-0.1317390650510788
156,MOUTH_RIGHT,0.47854989767074585,0.31096574664115906,-0.17413875460624695
156,LEFT_SHOULDER,0.47226864099502563,0.35553431510925293,0.11018536984920502
156,RIGHT_SHOULDER,0.3727540373802185,0.3016151487827301,-0.20831727981567383
156,LEFT_ELBOW,0.44146689772605896,0.4197591245174408,-0.07412965595722198
156,RIGHT_ELBOW,0.3410741686820984,0.3625848591327667,-0.43940767645835876
156,LEFT_WRIST,0.42587360739707947,0.39879950881004333,-0.399521142244339
156,RIGHT_WRIST,0.3828377425670624,0.39342838525772095,-0.6976889371871948
156,LEFT_PINKY,0.42066746950149536,0.4021528661251068,-0.45133480429649353
156,RIGHT_PINKY,0.37976908683776855,0.3996756672859192,-0.763480007648468
156,LEFT_INDEX,0.42027559876441956,0.3879115879535675,-0.4483276307582855
156,RIGHT_INDEX,0.3979398012161255,0.3914572596549988,-0.7502099275588989
156,LEFT_THUMB,0.4173427224159241,0.3877626955509186,-0.4078192710876465
156,RIGHT_THUMB,0.39415791630744934,0.3886775076389313,-0.6960423588752747
156,LEFT_HIP,0.36007750034332275,0.5626031160354614,0.13118556141853333
156,RIGHT_HIP,0.28985410928726196,0.5460478663444519,-0.1309548318386078
156,LEFT_KNEE,0.3782055377960205,0.72403484582901,0.15496867895126343
156,RIGHT_KNEE,0.3097004294395447,0.7275978326797485,-0.24707841873168945
156,LEFT_ANKLE,0.34253448247909546,0.8807320594787598,0.2349676787853241
156,RIGHT_ANKLE,0.30984076857566833,0.9190294146537781,-0.2605711817741394
156,LEFT_HEEL,0.3213917911052704,0.90870201587677,0.2348000705242157
156,RIGHT_HEEL,0.29140323400497437,0.9495174288749695,-0.27482718229293823
156,LEFT_FOOT_INDEX,0.4104216694831848,0.9252859950065613,0.13156220316886902
156,RIGHT_FOOT_INDEX,0.37998226284980774,0.9499732851982117,-0.4792500138282776
157,NOSE,0.49608224630355835,0.3066807687282562,-0.24784362316131592
157,LEFT_EYE_INNER,0.5074622631072998,0.2907187044620514,-0.2191711962223053
157,LEFT_EYE,0.5093527436256409,0.2910977602005005,-0.21935629844665527
157,LEFT_EYE_OUTER,0.511003315448761,0.2914632558822632,-0.21943099796772003
157,RIGHT_EYE_INNER,0.49788713455200195,0.28444093465805054,-0.251110702753067
157,RIGHT_EYE,0.49318403005599976,0.2803451716899872,-0.25117027759552
157,RIGHT_EYE_OUTER,0.4882756769657135,0.27639108896255493,-0.25127238035202026
157,LEFT_EAR,0.4993816316127777,0.2873094081878662,-0.031383216381073
157,RIGHT_EAR,0.46977248787879944,0.26891839504241943,-0.1801537573337555
157,MOUTH_LEFT,0.4876129627227783,0.3169681429862976,-0.1723368912935257
157,MOUTH_RIGHT,0.47881096601486206,0.3108653724193573,-0.2157585322856903
157,LEFT_SHOULDER,0.4741736948490143,0.35334399342536926,0.12001077085733414
157,RIGHT_SHOULDER,0.37346044182777405,0.3015057444572449,-0.204171821475029
157,LEFT_ELBOW,0.4417343735694885,0.42420095205307007,0.0018998736049979925
157,RIGHT_ELBOW,0.31940925121307373,0.365399569272995,-0.4729115068912506
157,LEFT_WRIST,0.4567199647426605,0.4047108292579651,-0.2274836003780365
157,RIGHT_WRIST,0.3609698414802551,0.3876308798789978,-0.7720543146133423
157,LEFT_PINKY,0.4639589786529541,0.407578706741333,-0.25979721546173096
157,RIGHT_PINKY,0.36117199063301086,0.39266881346702576,-0.842553436756134
157,LEFT_INDEX,0.4686920642852783,0.39517027139663696,-0.276091992855072
157,RIGHT_INDEX,0.37568217515945435,0.38007038831710815,-0.8327546119689941
157,LEFT_THUMB,0.4617083668708801,0.3947133421897888,-0.24156324565410614
157,RIGHT_THUMB,0.3743264973163605,0.37742504477500916,-0.7732056379318237
157,LEFT_HIP,0.36106544733047485,0.5622845888137817,0.13226541876792908
157,RIGHT_HIP,0.28985005617141724,0.5460752248764038,-0.13201558589935303
157,LEFT_KNEE,0.37819212675094604,0.7241761088371277,0.17191492021083832
157,RIGHT_KNEE,0.30970293283462524,0.7275944948196411,-0.26980575919151306
157,LEFT_ANKLE,0.340251624584198,0.8812479972839355,0.2874926030635834
157,RIGHT_ANKLE,0.3097895681858063,0.9191402196884155,-0.3163589537143707
157,LEFT_HEEL,0.31832143664360046,0.9089603424072266,0.2895409166812897
157,RIGHT_HEEL,0.2914026379585266,0.9494436383247375,-0.3317590057849884
157,LEFT_FOOT_INDEX,0.4078400731086731,0.9255181550979614,0.1783583164215088
157,RIGHT_FOOT_INDEX,0.3801933825016022,0.9501054883003235,-0.5202917456626892
158,NOSE,0.4972318112850189,0.3066266179084778,-0.23464004695415497
158,LEFT_EYE_INNER,0.5082204341888428,0.2905528247356415,-0.20703259110450745
158,LEFT_EYE,0.5100725889205933,0.2909313440322876,-0.2072146236896515
158,LEFT_EYE_OUTER,0.5117029547691345,0.2912977933883667,-0.20728528499603271
158,RIGHT_EYE_INNER,0.4986198842525482,0.28424379229545593,-0.2404145449399948
158,RIGHT_EYE,0.49389010667800903,0.28015318512916565,-0.24047093093395233
158,RIGHT_EYE_OUTER,0.4889725148677826,0.2762071192264557,-0.2405744045972824
158,LEFT_EAR,0.49991297721862793,0.28708869218826294,-0.026426564902067184
158,RIGHT_EAR,0.4701024889945984,0.26883772015571594,-0.1803753823041916
158,MOUTH_LEFT,0.48828786611557007,0.31697574257850647,-0.16203725337982178
158,MOUTH_RIGHT,0.4796150326728821,0.3108345866203308,-0.20744268596172333
158,LEFT_SHOULDER,0.4751299321651459,0.35237228870391846,0.11718006432056427
158,RIGHT_SHOULDER,0.37378180027008057,0.3014412522315979,-0.20400115847587585
158,LEFT_ELBOW,0.441873162984848,0.4239627420902252,0.009965471923351288
158,RIGHT_ELBOW,0.32013002038002014,0.35709017515182495,-0.4755210280418396
158,LEFT_WRIST,0.4622964859008789,0.40097156167030334,-0.2167464941740036
158,RIGHT_WRIST,0.35911011695861816,0.38610967993736267,-0.7551847696304321
158,LEFT_PINKY,0.46950656175613403,0.40211400389671326,-0.24981901049613953
158,RIGHT_PINKY,0.3586418032646179,0.39081114530563354,-0.8218992948532104
158,LEFT_INDEX,0.4745470881462097,0.39100903272628784,-0.26242154836654663
158,RIGHT_INDEX,0.3729938864707947,0.3777838349342346,-0.8119074106216431
158,LEFT_THUMB,0.46766790747642517,0.3912028670310974,-0.22943513095378876
158,RIGHT_THUMB,0.37565773725509644,0.3764466941356659,-0.7557876110076904
158,LEFT_HIP,0.36180341243743896,0.5621253252029419,0.13256147503852844
158,RIGHT_HIP,0.2898540496826172,0.5460878610610962,-0.1323065161705017
158,LEFT_KNEE,0.3781788945198059,0.7246068120002747,0.17950817942619324
158,RIGHT_KNEE,0.3097899556159973,0.7276337146759033,-0.27264171838760376
158,LEFT_ANKLE,0.33905982971191406,0.8816725611686707,0.3064274191856384
158,RIGHT_ANKLE,0.30970436334609985,0.9194909334182739,-0.324795126914978
158,LEFT_HEEL,0.3167814314365387,0.9092114567756653,0.30931776762008667
158,RIGHT_HEEL,0.2913759648799896,0.9494549036026001,-0.3404877185821533
158,LEFT_FOOT_INDEX,0.40657955408096313,0.9256964921951294,0.19432343542575836
158,RIGHT_FOOT_INDEX,0.3801336884498596,0.9504202008247375,-0.5247617959976196
159,NOSE,0.49775710701942444,0.3066781461238861,-0.24989263713359833
159,LEFT_EYE_INNER,0.5086010694503784,0.2905846834182739,-0.2237560749053955
159,LEFT_EYE,0.5104106664657593,0.2909429669380188,-0.22395405173301697
159,LEFT_EYE_OUTER,0.5120253562927246,0.29129737615585327,-0.22402653098106384
159,RIGHT_EYE_INNER,0.4992261528968811,0.2843247950077057,-0.25740283727645874
159,RIGHT_EYE,0.49456319212913513,0.28022462129592896,-0.2574503719806671
159,RIGHT_EYE_OUTER,0.4896889626979828,0.27623897790908813,-0.2575567364692688
159,LEFT_EAR,0.500199019908905,0.2869851589202881,-0.04464875906705856
159,RIGHT_EAR,0.47054368257522583,0.26872485876083374,-0.19942668080329895
159,MOUTH_LEFT,0.4884195327758789,0.3171294033527374,-0.17732897400856018
159,MOUTH_RIGHT,0.48017972707748413,0.3109050393104553,-0.22292307019233704
159,LEFT_SHOULDER,0.4767119288444519,0.35274073481559753,0.0962449461221695
159,RIGHT_SHOULDER,0.3737853765487671,0.30132338404655457,-0.20883330702781677
159,LEFT_ELBOW,0.4405508041381836,0.426973819732666,-0.014993056654930115
159,RIGHT_ELBOW,0.31531742215156555,0.36581724882125854,-0.4715794026851654
159,LEFT_WRIST,0.45417532324790955,0.4028471112251282,-0.28207293152809143
159,RIGHT_WRIST,0.3561677038669586,0.3800865113735199,-0.7519209384918213
159,LEFT_PINKY,0.4575546681880951,0.403842031955719,-0.31494927406311035
159,RIGHT_PINKY,0.35872066020965576,0.3787737786769867,-0.8211928606033325
159,LEFT_INDEX,0.4621979594230652,0.392001211643219,-0.33915629982948303
159,RIGHT_INDEX,0.3713988661766052,0.3658143877983093,-0.8107702136039734
159,LEFT_THUMB,0.45685625076293945,0.3922465443611145,-0.2980651557445526
159,RIGHT_THUMB,0.37373751401901245,0.3674073815345764,-0.7523080110549927
159,LEFT_HIP,0.36223843693733215,0.5621324777603149,0.1311609447002411
159,RIGHT_HIP,0.2898157835006714,0.5461899638175964,-0.13088452816009521
159,LEFT_KNEE,0.37795376777648926,0.7256211042404175,0.18126045167446136
159,RIGHT_KNEE,0.30979305505752563,0.7277204990386963,-0.26029470562934875
159,LEFT_ANKLE,0.3386616110801697,0.8821552991867065,0.3032079339027405
159,RIGHT_ANKLE,0.3097209632396698,0.9190160632133484,-0.28563448786735535
159,LEFT_HEEL,0.31676945090293884,0.9098976850509644,0.3058471977710724
159,RIGHT_HEEL,0.29139524698257446,0.9493904113769531,-0.2991761565208435
159,LEFT_FOOT_INDEX,0.40625232458114624,0.926068902015686,0.19122211635112762
159,RIGHT_FOOT_INDEX,0.38024264574050903,0.949779212474823,-0.48612886667251587
160,NOSE,0.4997727870941162,0.30668148398399353,-0.24754181504249573
160,LEFT_EYE_INNER,0.5098327994346619,0.29059308767318726,-0.22135834395885468
160,LEFT_EYE,0.5114868879318237,0.29094234108924866,-0.22155234217643738
160,LEFT_EYE_OUTER,0.5129796862602234,0.2912856936454773,-0.22163133323192596
160,RIGHT_EYE_INNER,0.5009374022483826,0.2843964099884033,-0.25633662939071655
160,RIGHT_EYE,0.49631986021995544,0.28029799461364746,-0.2563816010951996
160,RIGHT_EYE_OUTER,0.49150553345680237,0.2762849032878876,-0.2564944624900818
160,LEFT_EAR,0.5007546544075012,0.2867305874824524,-0.04288423806428909
160,RIGHT_EAR,0.4718039929866791,0.2685896158218384,-0.2038055658340454
160,MOUTH_LEFT,0.48969006538391113,0.317144513130188,-0.17518560588359833
160,MOUTH_RIGHT,0.4820604920387268,0.31092312932014465,-0.22250887751579285
160,LEFT_SHOULDER,0.4780862331390381,0.35302573442459106,0.10073456913232803
160,RIGHT_SHOULDER,0.37372273206710815,0.3010033965110779,-0.209009051322937
160,LEFT_ELBOW,0.4411798417568207,0.42850860953330994,-0.00932982936501503
160,RIGHT_ELBOW,0.31565842032432556,0.36894869804382324,-0.45957931876182556
160,LEFT_WRIST,0.4663669168949127,0.40536990761756897,-0.2940645217895508
160,RIGHT_WRIST,0.3546057641506195,0.3770923614501953,-0.7312214374542236
160,LEFT_PINKY,0.4750209450721741,0.40540990233421326,-0.32714423537254333
160,RIGHT_PINKY,0.35817357897758484,0.37481918931007385,-0.7968646287918091
160,LEFT_INDEX,0.47999852895736694,0.39377376437187195,-0.35049939155578613
160,RIGHT_INDEX,0.366946280002594,0.35934391617774963,-0.7889087200164795
160,LEFT_THUMB,0.47234025597572327,0.39414042234420776,-0.3098864257335663
160,RIGHT_THUMB,0.36916741728782654,0.3613050580024719,-0.732282280921936
160,LEFT_HIP,0.3630707859992981,0.5623025894165039,0.13064077496528625
160,RIGHT_HIP,0.28983739018440247,0.5464304685592651,-0.13036338984966278
160,LEFT_KNEE,0.37769216299057007,0.7265955805778503,0.18356478214263916
160,RIGHT_KNEE,0.3097931146621704,0.7277718186378479,-0.2527605891227722
160,LEFT_ANKLE,0.338357537984848,0.8826043009757996,0.304270476102829
160,RIGHT_ANKLE,0.3097216784954071,0.9186994433403015,-0.27314987778663635
160,LEFT_HEEL,0.3167591691017151,0.9104974865913391,0.3069573938846588
160,RIGHT_HEEL,0.29139748215675354,0.9493573904037476,-0.28646886348724365
160,LEFT_FOOT_INDEX,0.40604883432388306,0.926579475402832,0.19432789087295532
160,RIGHT_FOOT_INDEX,0.3802945613861084,0.9494587182998657,-0.47260618209838867
161,NOSE,0.5016849637031555,0.3056752383708954,-0.2473757565021515
161,LEFT_EYE_INNER,0.5115281343460083,0.2897305488586426,-0.22076284885406494
161,LEFT_EYE,0.5130282044410706,0.2900737226009369,-0.22095243632793427
161,LEFT_EYE_OUTER,0.5143726468086243,0.29040998220443726,-0.2210109680891037
161,RIGHT_EYE_INNER,0.5027390718460083,0.28355857729911804,-0.2567930221557617
161,RIGHT_EYE,0.4979400038719177,0.2793883681297302,-0.25683921575546265
161,RIGHT_EYE_OUTER,0.49297136068344116,0.2752165198326111,-0.2569415271282196
161,LEFT_EAR,0.5017183423042297,0.2857726216316223,-0.046860069036483765
161,RIGHT_EAR,0.4730410575866699,0.2666785418987274,-0.21359840035438538
161,MOUTH_LEFT,0.49087175726890564,0.3161167502403259,-0.1775665283203125
161,MOUTH_RIGHT,0.4830862879753113,0.31010040640830994,-0.2266070395708084
161,LEFT_SHOULDER,0.47801756858825684,0.3533368706703186,0.0760621502995491
161,RIGHT_SHOULDER,0.3736035227775574,0.30027249455451965,-0.22362203896045685
161,LEFT_ELBOW,0.4416774809360504,0.427952378988266,-0.05756856128573418
161,RIGHT_ELBOW,0.31681758165359497,0.36888208985328674,-0.5066887140274048
161,LEFT_WRIST,0.4593866765499115,0.38912907242774963,-0.34711700677871704
161,RIGHT_WRIST,0.3546733260154724,0.3628070056438446,-0.7840977907180786
161,LEFT_PINKY,0.4627106189727783,0.38488006591796875,-0.3894338011741638
161,RIGHT_PINKY,0.36403921246528625,0.35992246866226196,-0.8525155782699585
161,LEFT_INDEX,0.46729469299316406,0.37295785546302795,-0.3948360085487366
161,RIGHT_INDEX,0.37466320395469666,0.3466377258300781,-0.8394548296928406
161,LEFT_THUMB,0.4619992673397064,0.37538349628448486,-0.3574463725090027
161,RIGHT_THUMB,0.3693358302116394,0.35035794973373413,-0.783692479133606
161,LEFT_HIP,0.36306071281433105,0.563343346118927,0.13030046224594116
161,RIGHT_HIP,0.2897107005119324,0.547714114189148,-0.13004116714000702
161,LEFT_KNEE,0.37800881266593933,0.7271100878715515,0.19819560647010803
161,RIGHT_KNEE,0.3098192811012268,0.7286096215248108,-0.24257966876029968
161,LEFT_ANKLE,0.338437557220459,0.8828643560409546,0.331974595785141
161,RIGHT_ANKLE,0.3091094195842743,0.9186526536941528,-0.2537040114402771
161,LEFT_HEEL,0.3171572685241699,0.9105049967765808,0.3363787531852722
161,RIGHT_HEEL,0.29126742482185364,0.9491732716560364,-0.2664688229560852
161,LEFT_FOOT_INDEX,0.4061538279056549,0.9273154139518738,0.22704660892486572
161,RIGHT_FOOT_INDEX,0.3761085569858551,0.9501522779464722,-0.4533592760562897
162,NOSE,0.5032469034194946,0.3044273257255554,-0.2356281578540802
162,LEFT_EYE_INNER,0.5129386186599731,0.2887752950191498,-0.20862218737602234
162,LEFT_EYE,0.5143990516662598,0.2891564965248108,-0.20880639553070068
162,LEFT_EYE_OUTER,0.515696108341217,0.28953492641448975,-0.20885398983955383
162,RIGHT_EYE_INNER,0.5039912462234497,0.28259119391441345,-0.24441058933734894
162,RIGHT_EYE,0.499018132686615,0.2783812880516052,-0.24446073174476624
162,RIGHT_EYE_OUTER,0.49391597509384155,0.27411291003227234,-0.24456050992012024
162,LEFT_EAR,0.5025783777236938,0.28481394052505493,-0.036289624869823456
162,RIGHT_EAR,0.47392669320106506,0.26517605781555176,-0.20043686032295227
162,MOUTH_LEFT,0.4919859766960144,0.3148437440395355,-0.16652381420135498
162,MOUTH_RIGHT,0.4838477671146393,0.3089720904827118,-0.2148299515247345
162,LEFT_SHOULDER,0.47792449593544006,0.3534395098686218,0.07444722205400467
162,RIGHT_SHOULDER,0.3735031187534332,0.29999902844429016,-0.21753695607185364
162,LEFT_ELBOW,0.44228798151016235,0.4266807436943054,-0.08792243897914886
162,RIGHT_ELBOW,0.3167911171913147,0.36730071902275085,-0.49466657638549805
162,LEFT_WRIST,0.4519506096839905,0.3821491599082947,-0.39672142267227173
162,RIGHT_WRIST,0.3527979552745819,0.3624458611011505,-0.7687483429908752
162,LEFT_PINKY,0.451472669839859,0.3776763379573822,-0.4459637999534607
162,RIGHT_PINKY,0.3656580150127411,0.3599599003791809,-0.8373256921768188
162,LEFT_INDEX,0.45344170928001404,0.3646750748157501,-0.44511598348617554
162,RIGHT_INDEX,0.3771517872810364,0.34691768884658813,-0.8224766850471497
162,LEFT_THUMB,0.4494980275630951,0.36755624413490295,-0.40523481369018555
162,RIGHT_THUMB,0.3684033751487732,0.34909313917160034,-0.7674586772918701
162,LEFT_HIP,0.36308905482292175,0.5640060901641846,0.12831959128379822
162,RIGHT_HIP,0.289690226316452,0.5484092235565186,-0.12808911502361298
162,LEFT_KNEE,0.3781896233558655,0.7272999882698059,0.1992311179637909
162,RIGHT_KNEE,0.3098177909851074,0.7292720079421997,-0.2385680377483368
162,LEFT_ANKLE,0.3385147154331207,0.8831391334533691,0.33156007528305054
162,RIGHT_ANKLE,0.3087000250816345,0.9186590909957886,-0.25682395696640015
162,LEFT_HEEL,0.31774383783340454,0.910540759563446,0.33583489060401917
162,RIGHT_HEEL,0.2911796271800995,0.9491578936576843,-0.2704547047615051
162,LEFT_FOOT_INDEX,0.4064694344997406,0.9285181760787964,0.22653286159038544
162,RIGHT_FOOT_INDEX,0.3734671175479889,0.9510176777839661,-0.45630359649658203
163,NOSE,0.5048453211784363,0.30434906482696533,-0.2183857262134552
163,LEFT_EYE_INNER,0.5135766863822937,0.2887222170829773,-0.19368764758110046
163,LEFT_EYE,0.5149111151695251,0.28907203674316406,-0.19383859634399414
163,LEFT_EYE_OUTER,0.5161214470863342,0.2894083261489868,-0.19387619197368622
163,RIGHT_EYE_INNER,0.5051856637001038,0.2825745642185211,-0.231477290391922
163,RIGHT_EYE,0.5003814697265625,0.2783682346343994,-0.23155049979686737
163,RIGHT_EYE_OUTER,0.4954182207584381,0.2741081416606903,-0.23169776797294617
163,LEFT_EAR,0.5030189752578735,0.2847237288951874,-0.030714908614754677
163,RIGHT_EAR,0.4750010073184967,0.26520875096321106,-0.1949867308139801
163,MOUTH_LEFT,0.49350303411483765,0.3144301772117615,-0.15589973330497742
163,MOUTH_RIGHT,0.48562222719192505,0.30881214141845703,-0.20820248126983643
163,LEFT_SHOULDER,0.4778694212436676,0.35416072607040405,0.09205883741378784
163,RIGHT_SHOULDER,0.37350979447364807,0.2994880974292755,-0.2171664535999298
163,LEFT_ELBOW,0.44920697808265686,0.43057361245155334,-0.07712168246507645
163,RIGHT_ELBOW,0.3121766149997711,0.36590373516082764,-0.5098400712013245
163,LEFT_WRIST,0.4731599688529968,0.3889875113964081,-0.3400513529777527
163,RIGHT_WRIST,0.34970706701278687,0.3528832197189331,-0.8030215501785278
163,LEFT_PINKY,0.48033013939857483,0.3860644996166229,-0.37076979875564575
163,RIGHT_PINKY,0.3535541594028473,0.34659284353256226,-0.8702927827835083
163,LEFT_INDEX,0.48343735933303833,0.37341541051864624,-0.3714538514614105
163,RIGHT_INDEX,0.3640168011188507,0.3347473442554474,-0.8542073369026184
163,LEFT_THUMB,0.4761117100715637,0.3753477931022644,-0.347661554813385
163,RIGHT_THUMB,0.3647628724575043,0.33977290987968445,-0.8014739155769348
163,LEFT_HIP,0.36315643787384033,0.5647175908088684,0.12858238816261292
163,RIGHT_HIP,0.2897525429725647,0.548772931098938,-0.12832115590572357
163,LEFT_KNEE,0.3790932297706604,0.7265200018882751,0.19918154180049896
163,RIGHT_KNEE,0.3099246621131897,0.7292839288711548,-0.23793375492095947
163,LEFT_ANKLE,0.3385434150695801,0.8833452463150024,0.3249254822731018
163,RIGHT_ANKLE,0.3085750937461853,0.9186968803405762,-0.25900381803512573
163,LEFT_HEEL,0.31786420941352844,0.9105868339538574,0.3287320137023926
163,RIGHT_HEEL,0.2911829352378845,0.9491033554077148,-0.2725149691104889
163,LEFT_FOOT_INDEX,0.40648946166038513,0.9285508990287781,0.2251417189836502
163,RIGHT_FOOT_INDEX,0.3740217089653015,0.9511164426803589,-0.4517911970615387
164,NOSE,0.5046924352645874,0.3043656349182129,-0.21217143535614014
164,LEFT_EYE_INNER,0.5135070085525513,0.28875577449798584,-0.1879519373178482
164,LEFT_EYE,0.5148505568504333,0.2890949845314026,-0.18809542059898376
164,LEFT_EYE_OUTER,0.5160683989524841,0.28942054510116577,-0.188131645321846
164,RIGHT_EYE_INNER,0.5050845146179199,0.2825908064842224,-0.2249864637851715
164,RIGHT_EYE,0.5002875328063965,0.27838173508644104,-0.22506654262542725
164,RIGHT_EYE_OUTER,0.49533191323280334,0.27413123846054077,-0.2252209484577179
164,LEFT_EAR,0.5031067132949829,0.2847364842891693,-0.026719655841588974
164,RIGHT_EAR,0.47494739294052124,0.26524633169174194,-0.19179487228393555
164,MOUTH_LEFT,0.4934414327144623,0.3143661916255951,-0.15134379267692566
164,MOUTH_RIGHT,0.48552411794662476,0.30878177285194397,-0.20310227572917938
164,LEFT_SHOULDER,0.4777388572692871,0.35424649715423584,0.09902367740869522
164,RIGHT_SHOULDER,0.37342000007629395,0.29922083020210266,-0.21552681922912598
164,LEFT_ELBOW,0.45481300354003906,0.43062615394592285,-0.053562719374895096
164,RIGHT_ELBOW,0.3079386353492737,0.3674011528491974,-0.4968012869358063
164,LEFT_WRIST,0.47708362340927124,0.3904324173927307,-0.3237459361553192
164,RIGHT_WRIST,0.3489975333213806,0.3516160547733307,-0.7805449366569519
164,LEFT_PINKY,0.48406094312667847,0.3849116563796997,-0.3546670079231262
164,RIGHT_PINKY,0.35090476274490356,0.3445577919483185,-0.8454172015190125
164,LEFT_INDEX,0.48621588945388794,0.3730139136314392,-0.3533879220485687
164,RIGHT_INDEX,0.3609769642353058,0.3321077525615692,-0.8302656412124634
164,LEFT_THUMB,0.4788448214530945,0.37581712007522583,-0.3300658166408539
164,RIGHT_THUMB,0.36358100175857544,0.3375633656978607,-0.7788076996803284
164,LEFT_HIP,0.36317890882492065,0.5649095773696899,0.12872782349586487
164,RIGHT_HIP,0.28975459933280945,0.5488482713699341,-0.12848950922489166
164,LEFT_KNEE,0.3796045184135437,0.7262393236160278,0.19762474298477173
164,RIGHT_KNEE,0.3099759817123413,0.7292887568473816,-0.24100780487060547
164,LEFT_ANKLE,0.33831262588500977,0.8836339116096497,0.31647178530693054
164,RIGHT_ANKLE,0.3083767294883728,0.9187186360359192,-0.26423361897468567
164,LEFT_HEEL,0.31785616278648376,0.910744309425354,0.31983718276023865
164,RIGHT_HEEL,0.2911774516105652,0.949088454246521,-0.2781558334827423
164,LEFT_FOOT_INDEX,0.4064061641693115,0.9287891387939453,0.2224740982055664
164,RIGHT_FOOT_INDEX,0.37421342730522156,0.9511955976486206,-0.4606356620788574
165,NOSE,0.5048034191131592,0.30425721406936646,-0.19923296570777893
165,LEFT_EYE_INNER,0.5138057470321655,0.2887629270553589,-0.1720598042011261
165,LEFT_EYE,0.515169620513916,0.2891016900539398,-0.1722182035446167
165,LEFT_EYE_OUTER,0.5164120197296143,0.28942620754241943,-0.17223282158374786
165,RIGHT_EYE_INNER,0.5052820444107056,0.2826021611690521,-0.20625710487365723
165,RIGHT_EYE,0.5004147291183472,0.278396338224411,-0.2063440978527069
165,RIGHT_EYE_OUTER,0.49540314078330994,0.27414998412132263,-0.20647160708904266
165,LEFT_EAR,0.5036163330078125,0.28496018052101135,-0.008322584442794323
165,RIGHT_EAR,0.47502055764198303,0.2652590572834015,-0.16466093063354492
165,MOUTH_LEFT,0.49355584383010864,0.3141799569129944,-0.13599739968776703
165,MOUTH_RIGHT,0.4854867458343506,0.3086361289024353,-0.18328368663787842
165,LEFT_SHOULDER,0.47991329431533813,0.3557667136192322,0.09919539839029312
165,RIGHT_SHOULDER,0.37340837717056274,0.29924577474594116,-0.1821672022342682
165,LEFT_ELBOW,0.45501843094825745,0.42351579666137695,-0.07809983193874359
165,RIGHT_ELBOW,0.30678263306617737,0.364000141620636,-0.47151774168014526
165,LEFT_WRIST,0.4550653100013733,0.36603444814682007,-0.3811657130718231
165,RIGHT_WRIST,0.3475530743598938,0.34457695484161377,-0.7418919801712036
165,LEFT_PINKY,0.451069176197052,0.35644787549972534,-0.4259945750236511
165,RIGHT_PINKY,0.3508283197879791,0.34301263093948364,-0.8074159622192383
165,LEFT_INDEX,0.4510123133659363,0.34438398480415344,-0.4172774851322174
165,RIGHT_INDEX,0.36196619272232056,0.33031997084617615,-0.7899350523948669
165,LEFT_THUMB,0.447709321975708,0.34946468472480774,-0.38609370589256287
165,RIGHT_THUMB,0.36292749643325806,0.3346744179725647,-0.7390454411506653
165,LEFT_HIP,0.36328887939453125,0.5651270151138306,0.12698140740394592
165,RIGHT_HIP,0.28983262181282043,0.5486932396888733,-0.12681272625923157
165,LEFT_KNEE,0.37983834743499756,0.7264741659164429,0.19859667122364044
165,RIGHT_KNEE,0.3104407787322998,0.7284008860588074,-0.253219336271286
165,LEFT_ANKLE,0.33822694420814514,0.8838598132133484,0.3173162639141083
165,RIGHT_ANKLE,0.30836769938468933,0.9187424778938293,-0.2962169647216797
165,LEFT_HEEL,0.31789565086364746,0.9107788801193237,0.32086730003356934
165,RIGHT_HEEL,0.2911912202835083,0.949048638343811,-0.311748206615448
165,LEFT_FOOT_INDEX,0.4064386487007141,0.9289110898971558,0.22334346175193787
165,RIGHT_FOOT_INDEX,0.3746575117111206,0.9514546394348145,-0.4976106584072113
166,NOSE,0.5052375793457031,0.3042278289794922,-0.1929406225681305
166,LEFT_EYE_INNER,0.5141882300376892,0.28877031803131104,-0.16528621315956116
166,LEFT_EYE,0.5155106782913208,0.28910937905311584,-0.16545259952545166
166,LEFT_EYE_OUTER,0.5167127847671509,0.2894357442855835,-0.16546805202960968
166,RIGHT_EYE_INNER,0.5057200193405151,0.28263241052627563,-0.20104840397834778
166,RIGHT_EYE,0.5008344054222107,0.27844199538230896,-0.20113201439380646
166,RIGHT_EYE_OUTER,0.4958011507987976,0.27421486377716064,-0.20124602317810059
166,LEFT_EAR,0.5037800073623657,0.28501763939857483,-7.446608651662245e-05
166,RIGHT_EAR,0.47534680366516113,0.26538583636283875,-0.16446249186992645
166,MOUTH_LEFT,0.4939051568508148,0.3140656650066376,-0.12809538841247559
166,MOUTH_RIGHT,0.485706627368927,0.3085819184780121,-0.17717307806015015
166,LEFT_SHOULDER,0.48048990964889526,0.35649374127388,0.10176895558834076
166,RIGHT_SHOULDER,0.3734297454357147,0.29926005005836487,-0.1840287148952484
166,LEFT_ELBOW,0.4542487561702728,0.4214157462120056,-0.06995998322963715
166,RIGHT_ELBOW,0.3068622052669525,0.36100900173187256,-0.47240838408470154
166,LEFT_WRIST,0.44099393486976624,0.3654167652130127,-0.37829524278640747
166,RIGHT_WRIST,0.3472502827644348,0.34183040261268616,-0.7506729364395142
166,LEFT_PINKY,0.4350649416446686,0.3570697605609894,-0.4241812825202942
166,RIGHT_PINKY,0.3509289622306824,0.34269362688064575,-0.8179212808609009
166,LEFT_INDEX,0.43597421050071716,0.34460118412971497,-0.4185675084590912
166,RIGHT_INDEX,0.3622971475124359,0.33032840490341187,-0.8003379702568054
166,LEFT_THUMB,0.4337293207645416,0.3491664528846741,-0.3848051428794861
166,RIGHT_THUMB,0.362892210483551,0.33249396085739136,-0.7481446862220764
166,LEFT_HIP,0.36338040232658386,0.5652967095375061,0.1272830069065094
166,RIGHT_HIP,0.2899738848209381,0.5486672520637512,-0.12710252404212952
166,LEFT_KNEE,0.3801424205303192,0.7266404032707214,0.20308446884155273
166,RIGHT_KNEE,0.31092360615730286,0.72819584608078,-0.2605685591697693
166,LEFT_ANKLE,0.33820900321006775,0.8839993476867676,0.3259407877922058
166,RIGHT_ANKLE,0.3083633780479431,0.9188393354415894,-0.3031068444252014
166,LEFT_HEEL,0.31794294714927673,0.9107759594917297,0.32980290055274963
166,RIGHT_HEEL,0.29119592905044556,0.9490209817886353,-0.31860315799713135
166,LEFT_FOOT_INDEX,0.40642374753952026,0.9289766550064087,0.2289511263370514
166,RIGHT_FOOT_INDEX,0.3748818337917328,0.9519097208976746,-0.5061601996421814
167,NOSE,0.5056718587875366,0.3031737208366394,-0.21139506995677948
167,LEFT_EYE_INNER,0.514441967010498,0.28841254115104675,-0.18187540769577026
167,LEFT_EYE,0.5157346129417419,0.28882652521133423,-0.1820591390132904
167,LEFT_EYE_OUTER,0.5169044137001038,0.2892284095287323,-0.1821013242006302
167,RIGHT_EYE_INNER,0.5058921575546265,0.2822255790233612,-0.21729636192321777
167,RIGHT_EYE,0.5009345412254333,0.27806851267814636,-0.21737472712993622
167,RIGHT_EYE_OUTER,0.4958496689796448,0.2738785445690155,-0.21748605370521545
167,LEFT_EAR,0.503855288028717,0.2850276827812195,-0.00807408057153225
167,RIGHT_EAR,0.47541508078575134,0.2652016580104828,-0.17263254523277283
167,MOUTH_LEFT,0.49409574270248413,0.31295040249824524,-0.14330527186393738
167,MOUTH_RIGHT,0.4857938289642334,0.30730941891670227,-0.19217833876609802
167,LEFT_SHOULDER,0.48037654161453247,0.35650649666786194,0.09052466601133347
167,RIGHT_SHOULDER,0.37261301279067993,0.29786574840545654,-0.18687941133975983
167,LEFT_ELBOW,0.4547784924507141,0.41709452867507935,-0.08670002967119217
167,RIGHT_ELBOW,0.31045934557914734,0.3590976893901825,-0.479722261428833
167,LEFT_WRIST,0.44187837839126587,0.3604455888271332,-0.3964625298976898
167,RIGHT_WRIST,0.34773293137550354,0.32788822054862976,-0.7650682926177979
167,LEFT_PINKY,0.437375009059906,0.35239657759666443,-0.445403516292572
167,RIGHT_PINKY,0.3532164990901947,0.3306240141391754,-0.8340545892715454
167,LEFT_INDEX,0.43828195333480835,0.3404962420463562,-0.44081681966781616
167,RIGHT_INDEX,0.3641672134399414,0.3190135061740875,-0.8204264640808105
167,LEFT_THUMB,0.43065157532691956,0.3447365164756775,-0.4038825035095215
167,RIGHT_THUMB,0.36353832483291626,0.3235219717025757,-0.765103280544281
167,LEFT_HIP,0.3633904457092285,0.5651751756668091,0.12751458585262299
167,RIGHT_HIP,0.28997641801834106,0.5480051040649414,-0.1273316740989685
167,LEFT_KNEE,0.3813232183456421,0.7260738015174866,0.204425647854805
167,RIGHT_KNEE,0.3113211393356323,0.7274109125137329,-0.2732023596763611
167,LEFT_ANKLE,0.3390771448612213,0.8835020065307617,0.33702343702316284
167,RIGHT_ANKLE,0.3082171082496643,0.9185912013053894,-0.3111227750778198
167,LEFT_HEEL,0.3191574513912201,0.9104357957839966,0.34167543053627014
167,RIGHT_HEEL,0.2911074459552765,0.9488880038261414,-0.3269746005535126
167,LEFT_FOOT_INDEX,0.4066622257232666,0.928855299949646,0.23217973113059998
167,RIGHT_FOOT_INDEX,0.374803364276886,0.9518759846687317,-0.5264270901679993
168,NOSE,0.5060451030731201,0.3030247390270233,-0.23537090420722961
168,LEFT_EYE_INNER,0.5146305561065674,0.2883622348308563,-0.20315377414226532
168,LEFT_EYE,0.5159267783164978,0.2887633442878723,-0.20332202315330505
168,LEFT_EYE_OUTER,0.517115592956543,0.28914639353752136,-0.2034040242433548
168,RIGHT_EYE_INNER,0.5060526132583618,0.2822348475456238,-0.23991067707538605
168,RIGHT_EYE,0.5010255575180054,0.2780779302120209,-0.23998630046844482
168,RIGHT_EYE_OUTER,0.49588364362716675,0.27390632033348083,-0.2401164323091507
168,LEFT_EAR,0.504063606262207,0.2851082682609558,-0.021233946084976196
168,RIGHT_EAR,0.4754141867160797,0.26552101969718933,-0.19137999415397644
168,MOUTH_LEFT,0.4945400357246399,0.312953919172287,-0.16464075446128845
168,MOUTH_RIGHT,0.48594754934310913,0.3073188364505768,-0.21486704051494598
168,LEFT_SHOULDER,0.4794453978538513,0.35960686206817627,0.09147591888904572
168,RIGHT_SHOULDER,0.3708983361721039,0.29857856035232544,-0.1994171291589737
168,LEFT_ELBOW,0.46489596366882324,0.4344199299812317,0.003588486462831497
168,RIGHT_ELBOW,0.3014375567436218,0.37852829694747925,-0.48268312215805054
168,LEFT_WRIST,0.4785999655723572,0.3636817932128906,-0.21944384276866913
168,RIGHT_WRIST,0.3482077717781067,0.3228832483291626,-0.765200138092041
168,LEFT_PINKY,0.48412519693374634,0.3609514832496643,-0.2462678849697113
168,RIGHT_PINKY,0.3519003987312317,0.3076092600822449,-0.8300240635871887
168,LEFT_INDEX,0.4856407046318054,0.34878021478652954,-0.23977620899677277
168,RIGHT_INDEX,0.35946956276893616,0.2937733232975006,-0.8165910840034485
168,LEFT_THUMB,0.4783097803592682,0.3520379662513733,-0.2237595021724701
168,RIGHT_THUMB,0.36037206649780273,0.3024575710296631,-0.7650575041770935
168,LEFT_HIP,0.3633587658405304,0.5650774240493774,0.1292065978050232
168,RIGHT_HIP,0.28981879353523254,0.5477755665779114,-0.12904226779937744
168,LEFT_KNEE,0.3815503716468811,0.7236884832382202,0.17328469455242157
168,RIGHT_KNEE,0.3113219141960144,0.7260577082633972,-0.28762954473495483
168,LEFT_ANKLE,0.33817359805107117,0.882908046245575,0.29299306869506836
168,RIGHT_ANKLE,0.3087921738624573,0.9138380289077759,-0.31307482719421387
168,LEFT_HEEL,0.3180939853191376,0.9098677635192871,0.29613256454467773
168,RIGHT_HEEL,0.2915128171443939,0.9443793296813965,-0.3276459276676178
168,LEFT_FOOT_INDEX,0.40528732538223267,0.9286931753158569,0.18007336556911469
168,RIGHT_FOOT_INDEX,0.37571263313293457,0.9510079622268677,-0.5262354612350464
169,NOSE,0.5092408061027527,0.3029942810535431,-0.22729721665382385
169,LEFT_EYE_INNER,0.5168911218643188,0.28834131360054016,-0.19872570037841797
169,LEFT_EYE,0.5178534984588623,0.28870707750320435,-0.19887951016426086
169,LEFT_EYE_OUTER,0.5187085866928101,0.28903648257255554,-0.19901572167873383
169,RIGHT_EYE_INNER,0.5090348124504089,0.28229424357414246,-0.23727385699748993
169,RIGHT_EYE,0.5041654706001282,0.2782162129878998,-0.2373518943786621
169,RIGHT_EYE_OUTER,0.4990259110927582,0.2740921974182129,-0.2374650537967682
169,LEFT_EAR,0.5041918754577637,0.28477224707603455,-0.024109279736876488
169,RIGHT_EAR,0.47731074690818787,0.26558253169059753,-0.20887716114521027
169,MOUTH_LEFT,0.49675679206848145,0.3129483163356781,-0.16170695424079895
169,MOUTH_RIGHT,0.488260418176651,0.3073679506778717,-0.20925846695899963
169,LEFT_SHOULDER,0.47801241278648376,0.35952654480934143,0.09412120282649994
169,RIGHT_SHOULDER,0.37060895562171936,0.29861003160476685,-0.22495265305042267
169,LEFT_ELBOW,0.46092137694358826,0.43326884508132935,0.0948101356625557
169,RIGHT_ELBOW,0.30349859595298767,0.38067519664764404,-0.5111109018325806
169,LEFT_WRIST,0.471058189868927,0.361958384513855,-0.013452869839966297
169,RIGHT_WRIST,0.34932392835617065,0.30915918946266174,-0.80290687084198
169,LEFT_PINKY,0.48256635665893555,0.34828752279281616,-0.021606024354696274
169,RIGHT_PINKY,0.3527793288230896,0.2944789230823517,-0.8675121068954468
169,LEFT_INDEX,0.4806777834892273,0.3368064761161804,-0.017530469223856926
169,RIGHT_INDEX,0.3595893979072571,0.2814090847969055,-0.8570891618728638
169,LEFT_THUMB,0.47041845321655273,0.3415277898311615,-0.015328031964600086
169,RIGHT_THUMB,0.360577255487442,0.2900393605232239,-0.8046808242797852
169,LEFT_HIP,0.3631317615509033,0.5650184750556946,0.12925675511360168
169,RIGHT_HIP,0.2899554371833801,0.5478709936141968,-0.1290932446718216
169,LEFT_KNEE,0.38154149055480957,0.7236142754554749,0.1600486934185028
169,RIGHT_KNEE,0.3113189935684204,0.7260688543319702,-0.24067087471485138
169,LEFT_ANKLE,0.3378186523914337,0.882879912853241,0.2646675109863281
169,RIGHT_ANKLE,0.30897921323776245,0.9126118421554565,-0.24123549461364746
169,LEFT_HEEL,0.31775543093681335,0.9098475575447083,0.2665022015571594
169,RIGHT_HEEL,0.29158681631088257,0.9428127408027649,-0.2516767680644989
169,LEFT_FOOT_INDEX,0.4050214886665344,0.9287216067314148,0.15979497134685516
169,RIGHT_FOOT_INDEX,0.3771524727344513,0.9509223103523254,-0.421528160572052
170,NOSE,0.51053786277771,0.3030443787574768,-0.21243593096733093
170,LEFT_EYE_INNER,0.5180453062057495,0.28843554854393005,-0.18554331362247467
170,LEFT_EYE,0.5188828706741333,0.2887613773345947,-0.1856968104839325
170,LEFT_EYE_OUTER,0.5195873975753784,0.2890578508377075,-0.18582084774971008
170,RIGHT_EYE_INNER,0.510345995426178,0.28263258934020996,-0.22746634483337402
170,RIGHT_EYE,0.5054998397827148,0.27865520119667053,-0.22753891348838806
170,RIGHT_EYE_OUTER,0.5003133416175842,0.27456703782081604,-0.22766229510307312
170,LEFT_EAR,0.504224956035614,0.28474292159080505,-0.02267223224043846
170,RIGHT_EAR,0.4780137538909912,0.26587697863578796,-0.2076190710067749
170,MOUTH_LEFT,0.4977443218231201,0.31309425830841064,-0.15255776047706604
170,MOUTH_RIGHT,0.48925551772117615,0.30771201848983765,-0.20741228759288788
170,LEFT_SHOULDER,0.477388858795166,0.35950925946235657,0.09566808491945267
170,RIGHT_SHOULDER,0.3705112636089325,0.2986135482788086,-0.22457611560821533
170,LEFT_ELBOW,0.46199631690979004,0.4277821481227875,0.07597465813159943
170,RIGHT_ELBOW,0.304333359003067,0.3798510730266571,-0.5073717832565308
170,LEFT_WRIST,0.4678998589515686,0.360460102558136,-0.06627198308706284
170,RIGHT_WRIST,0.350068062543869,0.30636489391326904,-0.7888823747634888
170,LEFT_PINKY,0.4736565053462982,0.3455274701118469,-0.08036041259765625
170,RIGHT_PINKY,0.35321128368377686,0.2893839478492737,-0.8517099618911743
170,LEFT_INDEX,0.4734434485435486,0.33401650190353394,-0.07364453375339508
170,RIGHT_INDEX,0.3596111834049225,0.2779652178287506,-0.8400057554244995
170,LEFT_THUMB,0.46532440185546875,0.33915776014328003,-0.06802396476268768
170,RIGHT_THUMB,0.3601188063621521,0.2882065773010254,-0.789591908454895
170,LEFT_HIP,0.3630754053592682,0.5650091171264648,0.12920887768268585
170,RIGHT_HIP,0.29003918170928955,0.5479719042778015,-0.12904854118824005
170,LEFT_KNEE,0.3815782368183136,0.7234078049659729,0.16312816739082336
170,RIGHT_KNEE,0.3113281726837158,0.7257509827613831,-0.2435072362422943
170,LEFT_ANKLE,0.3372686505317688,0.8827325701713562,0.2707415223121643
170,RIGHT_ANKLE,0.3090977966785431,0.9111770391464233,-0.2541000247001648
170,LEFT_HEEL,0.31707480549812317,0.9097774624824524,0.2728743851184845
170,RIGHT_HEEL,0.29160094261169434,0.9413520693778992,-0.265934556722641
170,LEFT_FOOT_INDEX,0.40475067496299744,0.9286897778511047,0.1671612709760666
170,RIGHT_FOOT_INDEX,0.3778214156627655,0.9506737589836121,-0.43969598412513733
171,NOSE,0.5105190873146057,0.30314162373542786,-0.2236662358045578
171,LEFT_EYE_INNER,0.5179491639137268,0.28856343030929565,-0.19594821333885193
171,LEFT_EYE,0.5188015103340149,0.28887060284614563,-0.1961066573858261
171,LEFT_EYE_OUTER,0.5195274353027344,0.28914135694503784,-0.19621813297271729
171,RIGHT_EYE_INNER,0.510231614112854,0.2828654646873474,-0.23485498130321503
171,RIGHT_EYE,0.5053596496582031,0.27892014384269714,-0.23491930961608887
171,RIGHT_EYE_OUTER,0.5001516342163086,0.27483412623405457,-0.23502247035503387
171,LEFT_EAR,0.5041185617446899,0.284808874130249,-0.031546689569950104
171,RIGHT_EAR,0.4779598116874695,0.26638635993003845,-0.20884983241558075
171,MOUTH_LEFT,0.4978145956993103,0.3135501742362976,-0.15997621417045593
171,MOUTH_RIGHT,0.48941248655319214,0.3082064688205719,-0.2124488353729248
171,LEFT_SHOULDER,0.47657546401023865,0.3599507212638855,0.090543232858181
171,RIGHT_SHOULDER,0.3704538345336914,0.29868513345718384,-0.2252863645553589
171,LEFT_ELBOW,0.46119236946105957,0.4206714630126953,0.09326785802841187
171,RIGHT_ELBOW,0.3049515187740326,0.366097629070282,-0.5210973024368286
171,LEFT_WRIST,0.4615305960178375,0.3602868914604187,0.007721016649156809
171,RIGHT_WRIST,0.3504730463027954,0.2951781451702118,-0.8136947751045227
171,LEFT_PINKY,0.4515143930912018,0.3423387408256531,0.0036110212095081806
171,RIGHT_PINKY,0.3528226315975189,0.2843840420246124,-0.8788201212882996
171,LEFT_INDEX,0.4554212987422943,0.33342689275741577,0.007654222659766674
171,RIGHT_INDEX,0.3549616038799286,0.2691476047039032,-0.8644997477531433
171,LEFT_THUMB,0.45221251249313354,0.33718597888946533,0.007147380616515875
171,RIGHT_THUMB,0.3594341576099396,0.2809862792491913,-0.8145658373832703
171,LEFT_HIP,0.3628131151199341,0.5651748180389404,0.12891560792922974
171,RIGHT_HIP,0.2900415062904358,0.5481335520744324,-0.12875674664974213
171,LEFT_KNEE,0.38157007098197937,0.7242571115493774,0.15592309832572937
171,RIGHT_KNEE,0.3113270401954651,0.7257527709007263,-0.2600862979888916
171,LEFT_ANKLE,0.3368622660636902,0.8827084302902222,0.25666573643684387
171,RIGHT_ANKLE,0.3091360926628113,0.9109966158866882,-0.277483731508255
171,LEFT_HEEL,0.31676217913627625,0.9097267985343933,0.2581062614917755
171,RIGHT_HEEL,0.2916906177997589,0.9400145411491394,-0.2891639173030853
171,LEFT_FOOT_INDEX,0.40467125177383423,0.9286924600601196,0.14891216158866882
171,RIGHT_FOOT_INDEX,0.37779051065444946,0.9504802823066711,-0.45538243651390076
172,NOSE,0.5103424787521362,0.30318981409072876,-0.25056642293930054
172,LEFT_EYE_INNER,0.5178920030593872,0.28858333826065063,-0.2221939116716385
172,LEFT_EYE,0.5187049508094788,0.28889089822769165,-0.22234821319580078
172,LEFT_EYE_OUTER,0.5194024443626404,0.28916049003601074,-0.22244369983673096
172,RIGHT_EYE_INNER,0.5101727247238159,0.28290021419525146,-0.2593819797039032
172,RIGHT_EYE,0.5053290724754333,0.27896207571029663,-0.25944840908050537
172,RIGHT_EYE_OUTER,0.5000855326652527,0.2748827338218689,-0.2595570683479309
172,LEFT_EAR,0.5040157437324524,0.2849484384059906,-0.05222665145993233
172,RIGHT_EAR,0.47780123353004456,0.26677951216697693,-0.2246609628200531
172,MOUTH_LEFT,0.4977653920650482,0.31387972831726074,-0.18326234817504883
172,MOUTH_RIGHT,0.4893759787082672,0.3085210621356964,-0.23421747982501984
172,LEFT_SHOULDER,0.47625890374183655,0.36079591512680054,0.0785963386297226
172,RIGHT_SHOULDER,0.3702149987220764,0.2988332509994507,-0.23926255106925964
172,LEFT_ELBOW,0.46063002943992615,0.41644302010536194,0.08625467121601105
172,RIGHT_ELBOW,0.30536454916000366,0.3628593981266022,-0.5455020070075989
172,LEFT_WRIST,0.4585862159729004,0.3602745831012726,0.0052463095635175705
172,RIGHT_WRIST,0.3495272994041443,0.29953914880752563,-0.8554821014404297
172,LEFT_PINKY,0.4443400800228119,0.3415168523788452,0.0020775415468961
172,RIGHT_PINKY,0.3505733609199524,0.2875569462776184,-0.9243301153182983
172,LEFT_INDEX,0.4480924606323242,0.330077201128006,0.005224001128226519
172,RIGHT_INDEX,0.3530077338218689,0.2686278820037842,-0.9095560908317566
172,LEFT_THUMB,0.4469636082649231,0.3366761803627014,0.004464257974177599
172,RIGHT_THUMB,0.35765916109085083,0.28448325395584106,-0.8567922711372375
172,LEFT_HIP,0.3625943958759308,0.565386176109314,0.1289403736591339
172,RIGHT_HIP,0.29002270102500916,0.5482605695724487,-0.12878632545471191
172,LEFT_KNEE,0.38157910108566284,0.7246643304824829,0.16243116557598114
172,RIGHT_KNEE,0.3112928569316864,0.7257559895515442,-0.2664382755756378
172,LEFT_ANKLE,0.33682259917259216,0.8826475143432617,0.2713983654975891
172,RIGHT_ANKLE,0.3091634213924408,0.9107604026794434,-0.2793910801410675
172,LEFT_HEEL,0.3167825937271118,0.9096919894218445,0.2736451029777527
172,RIGHT_HEEL,0.29169997572898865,0.9399201273918152,-0.29043686389923096
172,LEFT_FOOT_INDEX,0.40469127893447876,0.9286834001541138,0.1643064022064209
172,RIGHT_FOOT_INDEX,0.3775841295719147,0.950066089630127,-0.4602036476135254
173,NOSE,0.5102300047874451,0.3026047646999359,-0.22297212481498718
173,LEFT_EYE_INNER,0.5176783204078674,0.2879297137260437,-0.19064632058143616
173,LEFT_EYE,0.5185434222221375,0.28841203451156616,-0.19078205525875092
173,LEFT_EYE_OUTER,0.5192928314208984,0.2888405919075012,-0.19087941944599152
173,RIGHT_EYE_INNER,0.5097972750663757,0.2821274995803833,-0.22366833686828613
173,RIGHT_EYE,0.5048125982284546,0.27827954292297363,-0.22371813654899597
173,RIGHT_EYE_OUTER,0.4994802474975586,0.2743496298789978,-0.22377228736877441
173,LEFT_EAR,0.5040101408958435,0.28514713048934937,-0.023460980504751205
173,RIGHT_EAR,0.47753605246543884,0.2669639587402344,-0.17904357612133026
173,MOUTH_LEFT,0.4977348744869232,0.3137216866016388,-0.15835002064704895
173,MOUTH_RIGHT,0.4893214702606201,0.30834561586380005,-0.20382723212242126
173,LEFT_SHOULDER,0.47363024950027466,0.3607293963432312,0.09938152134418488
173,RIGHT_SHOULDER,0.37438681721687317,0.2991877794265747,-0.20839133858680725
173,LEFT_ELBOW,0.44843751192092896,0.38935667276382446,0.20181140303611755
173,RIGHT_ELBOW,0.34245339035987854,0.330689013004303,-0.5243414640426636
173,LEFT_WRIST,0.42043066024780273,0.3186052143573761,0.24062351882457733
173,RIGHT_WRIST,0.35216572880744934,0.2751885950565338,-0.8269079923629761
173,LEFT_PINKY,0.4056635797023773,0.30614060163497925,0.2536027729511261
173,RIGHT_PINKY,0.3511849045753479,0.2530573010444641,-0.8938649296760559
173,LEFT_INDEX,0.3995460867881775,0.29017627239227295,0.25490444898605347
173,RIGHT_INDEX,0.3537350594997406,0.24628925323486328,-0.8808884620666504
173,LEFT_THUMB,0.41429996490478516,0.3006221354007721,0.24223682284355164
173,RIGHT_THUMB,0.3573562800884247,0.26277628540992737,-0.8293121457099915
173,LEFT_HIP,0.3624480366706848,0.5655767321586609,0.12785468995571136
173,RIGHT_HIP,0.290683388710022,0.5486530065536499,-0.12774375081062317
173,LEFT_KNEE,0.38157567381858826,0.7249575853347778,0.13613025844097137
173,RIGHT_KNEE,0.3123038411140442,0.725762128829956,-0.2679518461227417
173,LEFT_ANKLE,0.3365950584411621,0.8826658129692078,0.2059907466173172
173,RIGHT_ANKLE,0.30924203991889954,0.9105910062789917,-0.2820553183555603
173,LEFT_HEEL,0.31626445055007935,0.9098306894302368,0.20428164303302765
173,RIGHT_HEEL,0.2916988730430603,0.9390643835067749,-0.2919101119041443
173,LEFT_FOOT_INDEX,0.4043407440185547,0.9286017417907715,0.10431097447872162
173,RIGHT_FOOT_INDEX,0.3773209750652313,0.9499414563179016,-0.45519551634788513
174,NOSE,0.5101350545883179,0.3023551106452942,-0.207163006067276
174,LEFT_EYE_INNER,0.5172830820083618,0.28762686252593994,-0.17535178363323212
174,LEFT_EYE,0.5182022452354431,0.2881885766983032,-0.17549732327461243
174,LEFT_EYE_OUTER,0.5190158486366272,0.288692831993103,-0.175590381026268
174,RIGHT_EYE_INNER,0.5092772245407104,0.28178104758262634,-0.2070142924785614
174,RIGHT_EYE,0.5041977167129517,0.27797454595565796,-0.2070641815662384
174,RIGHT_EYE_OUTER,0.49882522225379944,0.27411356568336487,-0.20710477232933044
174,LEFT_EAR,0.5039001107215881,0.28531718254089355,-0.010920902714133263
174,RIGHT_EAR,0.4772140383720398,0.2672169506549835,-0.15996447205543518
174,MOUTH_LEFT,0.497719943523407,0.31365931034088135,-0.14363794028759003
174,MOUTH_RIGHT,0.4892573952674866,0.3082783818244934,-0.18703509867191315
174,LEFT_SHOULDER,0.471806138753891,0.360669881105423,0.10289563983678818
174,RIGHT_SHOULDER,0.3761966824531555,0.2994515299797058,-0.18660281598567963
174,LEFT_ELBOW,0.44084376096725464,0.38071638345718384,0.180121049284935
174,RIGHT_ELBOW,0.3529244065284729,0.32804572582244873,-0.5003913044929504
174,LEFT_WRIST,0.41026848554611206,0.3081236481666565,0.19142678380012512
174,RIGHT_WRIST,0.3539987802505493,0.2712807059288025,-0.814988911151886
174,LEFT_PINKY,0.39634162187576294,0.29597756266593933,0.19694337248802185
174,RIGHT_PINKY,0.35161110758781433,0.24813206493854523,-0.8812638521194458
174,LEFT_INDEX,0.39272844791412354,0.28123795986175537,0.19754929840564728
174,RIGHT_INDEX,0.35420140624046326,0.24231049418449402,-0.8664442896842957
174,LEFT_THUMB,0.3958222270011902,0.2912222445011139,0.1915782392024994
174,RIGHT_THUMB,0.35734519362449646,0.25860708951950073,-0.8124240636825562
174,LEFT_HIP,0.36240965127944946,0.5659880042076111,0.12452821433544159
174,RIGHT_HIP,0.2909643352031708,0.5493768453598022,-0.12444154918193817
174,LEFT_KNEE,0.38157176971435547,0.7252792716026306,0.1247723326086998
174,RIGHT_KNEE,0.3126094341278076,0.7258514761924744,-0.2553972601890564
174,LEFT_ANKLE,0.33635038137435913,0.8829503059387207,0.18614649772644043
174,RIGHT_ANKLE,0.3092821538448334,0.9106227159500122,-0.26638004183769226
174,LEFT_HEEL,0.31603166460990906,0.9100877046585083,0.18383657932281494
174,RIGHT_HEEL,0.2917053997516632,0.9388307332992554,-0.27588310837745667
174,LEFT_FOOT_INDEX,0.40429753065109253,0.9285469055175781,0.08597400784492493
174,RIGHT_FOOT_INDEX,0.3772924244403839,0.9496844410896301,-0.42330828309059143
175,NOSE,0.5104078054428101,0.30236464738845825,-0.18156805634498596
175,LEFT_EYE_INNER,0.5172919631004333,0.2875466048717499,-0.15508624911308289
175,LEFT_EYE,0.5181825160980225,0.2880653738975525,-0.15526288747787476
175,LEFT_EYE_OUTER,0.5189816951751709,0.28850919008255005,-0.15533876419067383
175,RIGHT_EYE_INNER,0.5095552206039429,0.28179386258125305,-0.1872197389602661
175,RIGHT_EYE,0.504676103591919,0.27804145216941833,-0.18727755546569824
175,RIGHT_EYE_OUTER,0.49944615364074707,0.2743207812309265,-0.18727944791316986
175,LEFT_EAR,0.503933846950531,0.2853739559650421,-0.003754138946533203
175,RIGHT_EAR,0.4777211546897888,0.2692246735095978,-0.15387067198753357
175,MOUTH_LEFT,0.4982013702392578,0.3137810230255127,-0.12159605324268341
175,MOUTH_RIGHT,0.49023327231407166,0.3088887631893158,-0.16566556692123413
175,LEFT_SHOULDER,0.46996551752090454,0.35653868317604065,0.10305517911911011
175,RIGHT_SHOULDER,0.3848491609096527,0.3020210564136505,-0.18496981263160706
175,LEFT_ELBOW,0.42160099744796753,0.348157674074173,0.16821575164794922
175,RIGHT_ELBOW,0.3731210231781006,0.32736626267433167,-0.4888700544834137
175,LEFT_WRIST,0.37310487031936646,0.28438982367515564,0.17639730870723724
175,RIGHT_WRIST,0.3603348433971405,0.2692738473415375,-0.8063058853149414
175,LEFT_PINKY,0.3583034574985504,0.2627476453781128,0.17615960538387299
175,RIGHT_PINKY,0.3518945872783661,0.24382667243480682,-0.8686385154724121
175,LEFT_INDEX,0.3609873354434967,0.25015223026275635,0.17016924917697906
175,RIGHT_INDEX,0.3544345796108246,0.2408987581729889,-0.8542218208312988
175,LEFT_THUMB,0.3638278543949127,0.2592555582523346,0.17299847304821014
175,RIGHT_THUMB,0.3573291003704071,0.25106072425842285,-0.8021458387374878
175,LEFT_HIP,0.36194372177124023,0.565126895904541,0.12495066225528717
175,RIGHT_HIP,0.2909013628959656,0.5488224029541016,-0.12486638128757477
175,LEFT_KNEE,0.38301119208335876,0.7221934795379639,0.13818590342998505
175,RIGHT_KNEE,0.31287941336631775,0.7253888845443726,-0.2855129539966583
175,LEFT_ANKLE,0.33620738983154297,0.8828063011169434,0.20966465771198273
175,RIGHT_ANKLE,0.3096986413002014,0.9110293388366699,-0.34066063165664673
175,LEFT_HEEL,0.31550920009613037,0.9099135398864746,0.208073228597641
175,RIGHT_HEEL,0.291881263256073,0.9389788508415222,-0.3547005355358124
175,LEFT_FOOT_INDEX,0.40411490201950073,0.9280120134353638,0.11555410921573639
175,RIGHT_FOOT_INDEX,0.37811750173568726,0.9497367739677429,-0.49707555770874023
176,NOSE,0.5105100870132446,0.30236464738845825,-0.1738540083169937
176,LEFT_EYE_INNER,0.5173042416572571,0.28744611144065857,-0.14757834374904633
176,LEFT_EYE,0.5181775093078613,0.28792494535446167,-0.1477554738521576
176,LEFT_EYE_OUTER,0.5189633965492249,0.28832072019577026,-0.14783211052417755
176,RIGHT_EYE_INNER,0.5097023844718933,0.2818050980567932,-0.18091529607772827
176,RIGHT_EYE,0.5048943758010864,0.27808597683906555,-0.18097127974033356
176,RIGHT_EYE_OUTER,0.49968719482421875,0.27446290850639343,-0.180964395403862
176,LEFT_EAR,0.5039302110671997,0.28539377450942993,0.00223362329415977
176,RIGHT_EAR,0.4778229296207428,0.2703726887702942,-0.15237309038639069
176,MOUTH_LEFT,0.49833956360816956,0.31387245655059814,-0.11404621601104736
176,MOUTH_RIGHT,0.49055758118629456,0.30928099155426025,-0.15974418818950653
176,LEFT_SHOULDER,0.46742668747901917,0.35384368896484375,0.1094544380903244
176,RIGHT_SHOULDER,0.387948215007782,0.3034467101097107,-0.18848446011543274
176,LEFT_ELBOW,0.41598019003868103,0.34267696738243103,0.19982290267944336
176,RIGHT_ELBOW,0.378840833902359,0.32560473680496216,-0.4886154234409332
176,LEFT_WRIST,0.3684613108634949,0.28159311413764954,0.2284241020679474
176,RIGHT_WRIST,0.36312440037727356,0.2689397633075714,-0.8001446723937988
176,LEFT_PINKY,0.3542228043079376,0.2591456174850464,0.23198449611663818
176,RIGHT_PINKY,0.3520260155200958,0.24284866452217102,-0.8625144958496094
176,LEFT_INDEX,0.3573887348175049,0.24670565128326416,0.22370782494544983
176,RIGHT_INDEX,0.35469505190849304,0.2404937744140625,-0.8489137887954712
176,LEFT_THUMB,0.3600155711174011,0.2557274401187897,0.22442758083343506
176,RIGHT_THUMB,0.35743436217308044,0.2498353272676468,-0.7967374324798584
176,LEFT_HIP,0.36152544617652893,0.5642543435096741,0.12655757367610931
176,RIGHT_HIP,0.29092341661453247,0.5480494499206543,-0.12646454572677612
176,LEFT_KNEE,0.38346773386001587,0.7204100489616394,0.13959436118602753
176,RIGHT_KNEE,0.3128567337989807,0.7249411940574646,-0.28096845746040344
176,LEFT_ANKLE,0.3356096148490906,0.8828379511833191,0.19852350652217865
176,RIGHT_ANKLE,0.31011128425598145,0.9113593101501465,-0.3270719051361084
176,LEFT_HEEL,0.31437772512435913,0.9099642634391785,0.19582191109657288
176,RIGHT_HEEL,0.29223760962486267,0.9390918016433716,-0.3406818211078644
176,LEFT_FOOT_INDEX,0.4037621021270752,0.9279841184616089,0.10791889578104019
176,RIGHT_FOOT_INDEX,0.3788132071495056,0.9497520327568054,-0.4917842447757721
177,NOSE,0.5107026100158691,0.30134791135787964,-0.1832771599292755
177,LEFT_EYE_INNER,0.517360270023346,0.28587839007377625,-0.15621216595172882
177,LEFT_EYE,0.5182256102561951,0.2863313555717468,-0.15638883411884308
177,LEFT_EYE_OUTER,0.518999457359314,0.2867358326911926,-0.15645535290241241
177,RIGHT_EYE_INNER,0.5098301768302917,0.28048795461654663,-0.19092698395252228
177,RIGHT_EYE,0.5050644278526306,0.2768844962120056,-0.1909770518541336
177,RIGHT_EYE_OUTER,0.4998715817928314,0.2733108103275299,-0.1911545693874359
177,LEFT_EAR,0.503976583480835,0.28428083658218384,0.0001852882414823398
177,RIGHT_EAR,0.4780009686946869,0.26929157972335815,-0.22253283858299255
177,MOUTH_LEFT,0.4986453056335449,0.31344956159591675,-0.12150482833385468
177,MOUTH_RIGHT,0.4910673201084137,0.30880463123321533,-0.17484883964061737
177,LEFT_SHOULDER,0.46740174293518066,0.35406917333602905,0.1353788673877716
177,RIGHT_SHOULDER,0.3869471251964569,0.3004434406757355,-0.27118444442749023
177,LEFT_ELBOW,0.42511558532714844,0.4113999009132385,0.33240753412246704
177,RIGHT_ELBOW,0.36470192670822144,0.31610238552093506,-0.6305983662605286
177,LEFT_WRIST,0.4530652165412903,0.3390829563140869,0.4455967843532562
177,RIGHT_WRIST,0.36276116967201233,0.2617749571800232,-0.9813550710678101
177,LEFT_PINKY,0.44354861974716187,0.30973169207572937,0.4837634563446045
177,RIGHT_PINKY,0.3517073094844818,0.23323312401771545,-1.0546889305114746
177,LEFT_INDEX,0.44700437784194946,0.3082827925682068,0.4801560938358307
177,RIGHT_INDEX,0.3536059558391571,0.2291395217180252,-1.0439448356628418
177,LEFT_THUMB,0.4462433457374573,0.3123634457588196,0.44799190759658813
177,RIGHT_THUMB,0.3572905957698822,0.2429414540529251,-0.9861828684806824
177,LEFT_HIP,0.3606426417827606,0.5641882419586182,0.14702382683753967
177,RIGHT_HIP,0.29092827439308167,0.5480426549911499,-0.1468992829322815
177,LEFT_KNEE,0.38440507650375366,0.7199326753616333,0.1818389594554901
177,RIGHT_KNEE,0.3134792447090149,0.7246419787406921,-0.3282945454120636
177,LEFT_ANKLE,0.3357216715812683,0.881855309009552,0.29082006216049194
177,RIGHT_ANKLE,0.31019213795661926,0.911381721496582,-0.36215513944625854
177,LEFT_HEEL,0.3144119381904602,0.9093233942985535,0.29321056604385376
177,RIGHT_HEEL,0.29195350408554077,0.939224123954773,-0.3761192858219147
177,LEFT_FOOT_INDEX,0.4043188691139221,0.9272428750991821,0.194579616189003
177,RIGHT_FOOT_INDEX,0.3789442479610443,0.9494889378547668,-0.5505871772766113
178,NOSE,0.5106587409973145,0.30085283517837524,-0.18852438032627106
178,LEFT_EYE_INNER,0.517342209815979,0.2850847840309143,-0.16457882523536682
178,LEFT_EYE,0.5182129740715027,0.28551822900772095,-0.16470278799533844
178,LEFT_EYE_OUTER,0.5189909934997559,0.2859223484992981,-0.1648460328578949
178,RIGHT_EYE_INNER,0.5097976922988892,0.2798094153404236,-0.2124573290348053
178,RIGHT_EYE,0.5050381422042847,0.2762559950351715,-0.21250835061073303
178,RIGHT_EYE_OUTER,0.4998551905155182,0.27269721031188965,-0.21269913017749786
178,LEFT_EAR,0.5039767026901245,0.28369730710983276,-0.012917538173496723
178,RIGHT_EAR,0.47803235054016113,0.26859670877456665,-0.2402137815952301
178,MOUTH_LEFT,0.4986334443092346,0.3132299780845642,-0.1272716373205185
178,MOUTH_RIGHT,0.49109944701194763,0.3085455298423767,-0.1946943700313568
178,LEFT_SHOULDER,0.4672238230705261,0.3542252779006958,0.13556832075119019
178,RIGHT_SHOULDER,0.38635653257369995,0.2991470992565155,-0.2873448133468628
178,LEFT_ELBOW,0.428666353225708,0.4245644211769104,0.3369702696800232
178,RIGHT_ELBOW,0.3588029742240906,0.31787776947021484,-0.6425170302391052
178,LEFT_WRIST,0.4661232829093933,0.3528803884983063,0.4571418762207031
178,RIGHT_WRIST,0.36250776052474976,0.26110491156578064,-0.9877874255180359
178,LEFT_PINKY,0.4549211859703064,0.32926326990127563,0.496713787317276
178,RIGHT_PINKY,0.35153475403785706,0.2320874184370041,-1.060698390007019
178,LEFT_INDEX,0.4604729115962982,0.3233512043952942,0.49342459440231323
178,RIGHT_INDEX,0.35304033756256104,0.22759464383125305,-1.0508253574371338
178,LEFT_THUMB,0.4594152569770813,0.3271704316139221,0.459786593914032
178,RIGHT_THUMB,0.3571852743625641,0.24204480648040771,-0.9930518865585327
178,LEFT_HIP,0.36005517840385437,0.5641912817955017,0.15210092067718506
178,RIGHT_HIP,0.290988028049469,0.5481027364730835,-0.1519748866558075
178,LEFT_KNEE,0.3849841058254242,0.719691812992096,0.19146038591861725
178,RIGHT_KNEE,0.31390613317489624,0.7245526313781738,-0.32576483488082886
178,LEFT_ANKLE,0.3357830345630646,0.8813214302062988,0.3060266077518463
178,RIGHT_ANKLE,0.3101976215839386,0.9114168286323547,-0.3536975383758545
178,LEFT_HEEL,0.31442445516586304,0.9089441299438477,0.3088245391845703
178,RIGHT_HEEL,0.29148393869400024,0.9394128918647766,-0.36712032556533813
178,LEFT_FOOT_INDEX,0.40471401810646057,0.927043080329895,0.20866325497627258
178,RIGHT_FOOT_INDEX,0.37907320261001587,0.9494240880012512,-0.5417415499687195
179,NOSE,0.5112978219985962,0.3001335561275482,-0.19099311530590057
179,LEFT_EYE_INNER,0.517437756061554,0.28415703773498535,-0.16624410450458527
179,LEFT_EYE,0.5182788372039795,0.28461480140686035,-0.16637687385082245
179,LEFT_EYE_OUTER,0.5190276503562927,0.28505828976631165,-0.16650573909282684
179,RIGHT_EYE_INNER,0.5100142955780029,0.2790302038192749,-0.21466079354286194
179,RIGHT_EYE,0.5053131580352783,0.27559539675712585,-0.2147129327058792
179,RIGHT_EYE_OUTER,0.5001564025878906,0.27209997177124023,-0.2148943692445755
179,LEFT_EAR,0.5039753317832947,0.28331252932548523,-0.016227897256612778
179,RIGHT_EAR,0.47846779227256775,0.2682015299797058,-0.2435884028673172
179,MOUTH_LEFT,0.4994235038757324,0.3129194378852844,-0.12915381789207458
179,MOUTH_RIGHT,0.4923602044582367,0.3082727789878845,-0.19694900512695312
179,LEFT_SHOULDER,0.4651619791984558,0.354367196559906,0.13929545879364014
179,RIGHT_SHOULDER,0.3883568346500397,0.3002246618270874,-0.3046644926071167
179,LEFT_ELBOW,0.439068078994751,0.4183925688266754,0.4088706374168396
179,RIGHT_ELBOW,0.36667612195014954,0.3132800757884979,-0.6795283555984497
179,LEFT_WRIST,0.46363645792007446,0.3514557182788849,0.6153634190559387
179,RIGHT_WRIST,0.36502522230148315,0.2575581967830658,-1.0288609266281128
179,LEFT_PINKY,0.44994884729385376,0.33174797892570496,0.6706061363220215
179,RIGHT_PINKY,0.35418227314949036,0.23063334822654724,-1.1043918132781982
179,LEFT_INDEX,0.44901958107948303,0.3255268931388855,0.6617943048477173
179,RIGHT_INDEX,0.3543274998664856,0.22707775235176086,-1.0943936109542847
179,LEFT_THUMB,0.4538227617740631,0.32695791125297546,0.6182871460914612
179,RIGHT_THUMB,0.35817795991897583,0.23862259089946747,-1.0344361066818237
179,LEFT_HIP,0.3597155213356018,0.5645548701286316,0.15524134039878845
179,RIGHT_HIP,0.2914518713951111,0.5491014719009399,-0.15511980652809143
179,LEFT_KNEE,0.38620060682296753,0.719748318195343,0.18548330664634705
179,RIGHT_KNEE,0.3145032823085785,0.7253008484840393,-0.3154417872428894
179,LEFT_ANKLE,0.3362416625022888,0.8807280659675598,0.29458945989608765
179,RIGHT_ANKLE,0.3101990818977356,0.9114503860473633,-0.34053468704223633
179,LEFT_HEEL,0.3146277070045471,0.9082558751106262,0.2965599298477173
179,RIGHT_HEEL,0.29122257232666016,0.939557671546936,-0.3541651964187622
179,LEFT_FOOT_INDEX,0.4052256643772125,0.9270173907279968,0.19423578679561615
179,RIGHT_FOOT_INDEX,0.378971129655838,0.9494010806083679,-0.5247962474822998
180,NOSE,0.5111746788024902,0.2986117899417877,-0.188907653093338
180,LEFT_EYE_INNER,0.517166256904602,0.282196968793869,-0.16593202948570251
180,LEFT_EYE,0.5179523229598999,0.2826797366142273,-0.16606466472148895
180,LEFT_EYE_OUTER,0.5186508297920227,0.2831895649433136,-0.16617615520954132
180,RIGHT_EYE_INNER,0.5098735094070435,0.2773253917694092,-0.21143433451652527
180,RIGHT_EYE,0.5052196979522705,0.27412277460098267,-0.2115139663219452
180,RIGHT_EYE_OUTER,0.5001038312911987,0.2708538770675659,-0.21168403327465057
180,LEFT_EAR,0.5031250715255737,0.2820867598056793,-0.02305893786251545
180,RIGHT_EAR,0.47846144437789917,0.2673491835594177,-0.22932398319244385
180,MOUTH_LEFT,0.49929627776145935,0.31159114837646484,-0.1300416737794876
180,MOUTH_RIGHT,0.4923209249973297,0.3073151111602783,-0.1946607083082199
180,LEFT_SHOULDER,0.4645204544067383,0.35433775186538696,0.12570111453533173
180,RIGHT_SHOULDER,0.3889261484146118,0.30181562900543213,-0.2864672541618347
180,LEFT_ELBOW,0.42268580198287964,0.3774181306362152,0.393812894821167
180,RIGHT_ELBOW,0.37436193227767944,0.3046889007091522,-0.6640112400054932
180,LEFT_WRIST,0.40589720010757446,0.33538493514060974,0.6222873330116272
180,RIGHT_WRIST,0.36878830194473267,0.25662919878959656,-1.0383280515670776
180,LEFT_PINKY,0.3918265700340271,0.33092349767684937,0.67387855052948
180,RIGHT_PINKY,0.356425404548645,0.23311367630958557,-1.1191155910491943
180,LEFT_INDEX,0.39771753549575806,0.32148680090904236,0.6559921503067017
180,RIGHT_INDEX,0.3565644323825836,0.2297060787677765,-1.1107451915740967
180,LEFT_THUMB,0.4040396809577942,0.3206322193145752,0.6218274235725403
180,RIGHT_THUMB,0.3599393963813782,0.23995430767536163,-1.0453355312347412
180,LEFT_HIP,0.3597347140312195,0.564848780632019,0.15484385192394257
180,RIGHT_HIP,0.2914527952671051,0.5492523312568665,-0.1547607183456421
180,LEFT_KNEE,0.3872377276420593,0.7189730405807495,0.16624698042869568
180,RIGHT_KNEE,0.31431663036346436,0.724714457988739,-0.29737576842308044
180,LEFT_ANKLE,0.337873637676239,0.8803064227104187,0.2583078145980835
180,RIGHT_ANKLE,0.30984431505203247,0.9114716649055481,-0.30165916681289673
180,LEFT_HEEL,0.31594958901405334,0.9079669713973999,0.25780171155929565
180,RIGHT_HEEL,0.2912730574607849,0.9395211935043335,-0.31278160214424133
180,LEFT_FOOT_INDEX,0.4079109728336334,0.9254773259162903,0.15359173715114594
180,RIGHT_FOOT_INDEX,0.3789704740047455,0.9555320739746094,-0.48220282793045044
181,NOSE,0.5114712119102478,0.29861441254615784,-0.17866766452789307
181,LEFT_EYE_INNER,0.5173240900039673,0.28220847249031067,-0.1544758379459381
181,LEFT_EYE,0.5180364847183228,0.2826877236366272,-0.1546190083026886
181,LEFT_EYE_OUTER,0.518677830696106,0.2831912934780121,-0.15470705926418304
181,RIGHT_EYE_INNER,0.5103468894958496,0.27737605571746826,-0.19744418561458588
181,RIGHT_EYE,0.5058718919754028,0.27418941259384155,-0.19753824174404144
181,RIGHT_EYE_OUTER,0.5009192228317261,0.2709103524684906,-0.19768333435058594
181,LEFT_EAR,0.5031262040138245,0.28210750222206116,-0.014293516054749489
181,RIGHT_EAR,0.47920018434524536,0.26740509271621704,-0.21697480976581573
181,MOUTH_LEFT,0.49936944246292114,0.3115493059158325,-0.12163370847702026
181,MOUTH_RIGHT,0.4926868975162506,0.30731862783432007,-0.1817064881324768
181,LEFT_SHOULDER,0.4632647931575775,0.3543682098388672,0.1249479427933693
181,RIGHT_SHOULDER,0.3883606791496277,0.3047930896282196,-0.27639198303222656
181,LEFT_ELBOW,0.4233637750148773,0.37030136585235596,0.34070274233818054
181,RIGHT_ELBOW,0.36874112486839294,0.3109353184700012,-0.6221073865890503
181,LEFT_WRIST,0.39832761883735657,0.30965596437454224,0.4913727343082428
181,RIGHT_WRIST,0.36793604493141174,0.25342509150505066,-0.9632233381271362
181,LEFT_PINKY,0.38388940691947937,0.30181676149368286,0.5273674726486206
181,RIGHT_PINKY,0.3564154803752899,0.22493088245391846,-1.039038896560669
181,LEFT_INDEX,0.39041540026664734,0.2879226505756378,0.5144346356391907
181,RIGHT_INDEX,0.35646525025367737,0.22333519160747528,-1.0299304723739624
181,LEFT_THUMB,0.39640671014785767,0.2911163568496704,0.4905316233634949
181,RIGHT_THUMB,0.3599674701690674,0.2362242490053177,-0.9688167572021484
181,LEFT_HIP,0.35975217819213867,0.5656102299690247,0.15400658547878265
181,RIGHT_HIP,0.29147276282310486,0.5503821969032288,-0.15385836362838745
181,LEFT_KNEE,0.3883283734321594,0.7188733816146851,0.16627945005893707
181,RIGHT_KNEE,0.31428197026252747,0.7253020405769348,-0.2859698235988617
181,LEFT_ANKLE,0.3384499251842499,0.8802579641342163,0.2589340806007385
181,RIGHT_ANKLE,0.3097987174987793,0.9115692377090454,-0.28623342514038086
181,LEFT_HEEL,0.3163771629333496,0.9079369306564331,0.2587502598762512
181,RIGHT_HEEL,0.2911594808101654,0.9401305913925171,-0.2960801124572754
181,LEFT_FOOT_INDEX,0.40944957733154297,0.9247663617134094,0.1554962545633316
181,RIGHT_FOOT_INDEX,0.37788575887680054,0.9603161811828613,-0.4576827883720398
182,NOSE,0.5115042924880981,0.2985876202583313,-0.16771306097507477
182,LEFT_EYE_INNER,0.5173447728157043,0.28220051527023315,-0.14316031336784363
182,LEFT_EYE,0.5180405974388123,0.28267744183540344,-0.1433108150959015
182,LEFT_EYE_OUTER,0.5186728835105896,0.2831767201423645,-0.14339308440685272
182,RIGHT_EYE_INNER,0.5104557275772095,0.27739351987838745,-0.1843658983707428
182,RIGHT_EYE,0.5060412883758545,0.2742265462875366,-0.18445269763469696
182,RIGHT_EYE_OUTER,0.5011510848999023,0.2709525227546692,-0.18456989526748657
182,LEFT_EAR,0.5031024813652039,0.282149076461792,-0.004017313476651907
182,RIGHT_EAR,0.47949352860450745,0.2674313187599182,-0.19730576872825623
182,MOUTH_LEFT,0.49935683608055115,0.3114264905452728,-0.11168475449085236
182,MOUTH_RIGHT,0.49271878600120544,0.30728447437286377,-0.1686767190694809
182,LEFT_SHOULDER,0.4626958966255188,0.35415393114089966,0.12380184233188629
182,RIGHT_SHOULDER,0.3880603015422821,0.3059615194797516,-0.256862074136734
182,LEFT_ELBOW,0.4241185188293457,0.36569756269454956,0.3227875530719757
182,RIGHT_ELBOW,0.3669501841068268,0.3144577145576477,-0.6016607284545898
182,LEFT_WRIST,0.39592260122299194,0.3008890748023987,0.45771273970603943
182,RIGHT_WRIST,0.36736440658569336,0.25273337960243225,-0.9513335227966309
182,LEFT_PINKY,0.38107767701148987,0.291610985994339,0.48944491147994995
182,RIGHT_PINKY,0.35628387331962585,0.2238037884235382,-1.019765853881836
182,LEFT_INDEX,0.3873381018638611,0.2774870693683624,0.47737041115760803
182,RIGHT_INDEX,0.35628750920295715,0.22225908935070038,-1.0081069469451904
182,LEFT_THUMB,0.393226683139801,0.2815774381160736,0.4566284716129303
182,RIGHT_THUMB,0.3599739968776703,0.2354290932416916,-0.952863872051239
182,LEFT_HIP,0.35977238416671753,0.5656713247299194,0.15084972977638245
182,RIGHT_HIP,0.2915499806404114,0.5505568385124207,-0.1507462114095688
182,LEFT_KNEE,0.3889349400997162,0.7188901305198669,0.16108737885951996
182,RIGHT_KNEE,0.3140692114830017,0.7257078886032104,-0.27821341156959534
182,LEFT_ANKLE,0.33871451020240784,0.8802518844604492,0.24446439743041992
182,RIGHT_ANKLE,0.30975061655044556,0.9116489291191101,-0.28295207023620605
182,LEFT_HEEL,0.31656643748283386,0.9079321026802063,0.24363484978675842
182,RIGHT_HEEL,0.2910838723182678,0.9406086802482605,-0.2929871082305908
182,LEFT_FOOT_INDEX,0.4098361134529114,0.9246779680252075,0.14607319235801697
182,RIGHT_FOOT_INDEX,0.3747299313545227,0.9559481739997864,-0.45256367325782776
183,NOSE,0.5124709606170654,0.2984483242034912,-0.22339153289794922
183,LEFT_EYE_INNER,0.5177942514419556,0.2819308936595917,-0.1964418739080429
183,LEFT_EYE,0.5185934901237488,0.282448947429657,-0.19655926525592804
183,LEFT_EYE_OUTER,0.5193184614181519,0.2829938232898712,-0.19663545489311218
183,RIGHT_EYE_INNER,0.5105953216552734,0.27696841955184937,-0.23954617977142334
183,RIGHT_EYE,0.5061099529266357,0.2737937271595001,-0.23966285586357117
183,RIGHT_EYE_OUTER,0.5011721849441528,0.27055850625038147,-0.23984050750732422
183,LEFT_EAR,0.5040474534034729,0.28218257427215576,-0.041130028665065765
183,RIGHT_EAR,0.4797731935977936,0.26738351583480835,-0.2399415224790573
183,MOUTH_LEFT,0.5011640787124634,0.3112870454788208,-0.16156813502311707
183,MOUTH_RIGHT,0.49366918206214905,0.3070726692676544,-0.22049781680107117
183,LEFT_SHOULDER,0.4634353220462799,0.35414260625839233,0.11364538967609406
183,RIGHT_SHOULDER,0.38787758350372314,0.30730801820755005,-0.3046126365661621
183,LEFT_ELBOW,0.42567676305770874,0.3657839596271515,0.4214470386505127
183,RIGHT_ELBOW,0.3691830337047577,0.3164406716823578,-0.6881502866744995
183,LEFT_WRIST,0.3982708156108856,0.3082766532897949,0.7071424126625061
183,RIGHT_WRIST,0.36532503366470337,0.2493278980255127,-1.0772545337677002
183,LEFT_PINKY,0.38341784477233887,0.2959098219871521,0.7704457640647888
183,RIGHT_PINKY,0.35591793060302734,0.22066037356853485,-1.1608806848526
183,LEFT_INDEX,0.38844969868659973,0.28399667143821716,0.755637526512146
183,RIGHT_INDEX,0.35606855154037476,0.21844634413719177,-1.1590001583099365
183,LEFT_THUMB,0.3949698805809021,0.28880828619003296,0.7095723748207092
183,RIGHT_THUMB,0.35933855175971985,0.2326648235321045,-1.08750319480896
183,LEFT_HIP,0.3603587746620178,0.5657616853713989,0.15203820168972015
183,RIGHT_HIP,0.2918485999107361,0.5505924224853516,-0.15204736590385437
183,LEFT_KNEE,0.3901742398738861,0.7193333506584167,0.16771161556243896
183,RIGHT_KNEE,0.3154121935367584,0.7257073521614075,-0.2800261378288269
183,LEFT_ANKLE,0.3388655185699463,0.8801250457763672,0.262349009513855
183,RIGHT_ANKLE,0.30955347418785095,0.9119290113449097,-0.26694396138191223
183,LEFT_HEEL,0.31656414270401,0.9077330827713013,0.26277878880500793
183,RIGHT_HEEL,0.29076820611953735,0.941149115562439,-0.2742711305618286
183,LEFT_FOOT_INDEX,0.4103441834449768,0.9236266016960144,0.1656002402305603
183,RIGHT_FOOT_INDEX,0.376128613948822,0.9589427709579468,-0.4364406168460846
184,NOSE,0.5132024884223938,0.29842594265937805,-0.22668185830116272
184,LEFT_EYE_INNER,0.5181273818016052,0.28183430433273315,-0.19983138144016266
184,LEFT_EYE,0.518979549407959,0.2823665738105774,-0.1999463140964508
184,LEFT_EYE_OUTER,0.5197480916976929,0.2829275131225586,-0.20002639293670654
184,RIGHT_EYE_INNER,0.5107496976852417,0.2768182158470154,-0.24372494220733643
184,RIGHT_EYE,0.5062164068222046,0.2736521363258362,-0.24384188652038574
184,RIGHT_EYE_OUTER,0.5012434720993042,0.27044814825057983,-0.24401596188545227
184,LEFT_EAR,0.5044589042663574,0.28220266103744507,-0.04392030090093613
184,RIGHT_EAR,0.48005953431129456,0.26738396286964417,-0.245542973279953
184,MOUTH_LEFT,0.5023109316825867,0.3112543821334839,-0.16449235379695892
184,MOUTH_RIGHT,0.4945015013217926,0.30702725052833557,-0.22418387234210968
184,LEFT_SHOULDER,0.463691771030426,0.35384130477905273,0.11368200927972794
184,RIGHT_SHOULDER,0.38778436183929443,0.30785995721817017,-0.3119891285896301
184,LEFT_ELBOW,0.42645278573036194,0.36934539675712585,0.46251988410949707
184,RIGHT_ELBOW,0.3699992299079895,0.3176928162574768,-0.6937851309776306
184,LEFT_WRIST,0.4006683826446533,0.322296142578125,0.760960578918457
184,RIGHT_WRIST,0.36383193731307983,0.24837186932563782,-1.076326608657837
184,LEFT_PINKY,0.3867266774177551,0.3233780860900879,0.8286125063896179
184,RIGHT_PINKY,0.3555716574192047,0.2200842648744583,-1.1591637134552002
184,LEFT_INDEX,0.3907999098300934,0.30822497606277466,0.8087980151176453
184,RIGHT_INDEX,0.3558274507522583,0.21749186515808105,-1.1584614515304565
184,LEFT_THUMB,0.3972366452217102,0.3089420795440674,0.7620940208435059
184,RIGHT_THUMB,0.3587644100189209,0.2318539321422577,-1.0868967771530151
184,LEFT_HIP,0.3607538044452667,0.5657883882522583,0.15217070281505585
184,RIGHT_HIP,0.2920719385147095,0.5505896806716919,-0.15220998227596283
184,LEFT_KNEE,0.3907957375049591,0.7195025086402893,0.16390323638916016
184,RIGHT_KNEE,0.3154379725456238,0.7260488867759705,-0.2683682441711426
184,LEFT_ANKLE,0.3390533924102783,0.8799750208854675,0.25574570894241333
184,RIGHT_ANKLE,0.3095574676990509,0.9121536016464233,-0.23802170157432556
184,LEFT_HEEL,0.3165505528450012,0.9075759649276733,0.25590941309928894
184,RIGHT_HEEL,0.29072654247283936,0.9415572881698608,-0.24451115727424622
184,LEFT_FOOT_INDEX,0.4105367064476013,0.9227469563484192,0.15809886157512665
184,RIGHT_FOOT_INDEX,0.3761916160583496,0.9540874361991882,-0.4041892886161804
185,NOSE,0.5158889889717102,0.300039142370224,-0.219883531332016
185,LEFT_EYE_INNER,0.520944356918335,0.28352952003479004,-0.19334731996059418
185,LEFT_EYE,0.5216765403747559,0.2839632034301758,-0.19348284602165222
185,LEFT_EYE_OUTER,0.5222705006599426,0.28440025448799133,-0.19357188045978546
185,RIGHT_EYE_INNER,0.5137589573860168,0.27878180146217346,-0.23558886349201202
185,RIGHT_EYE,0.5093244910240173,0.2757655680179596,-0.23569171130657196
185,RIGHT_EYE_OUTER,0.5043792128562927,0.27264896035194397,-0.23584525287151337
185,LEFT_EAR,0.5062118172645569,0.2835237383842468,-0.038576506078243256
185,RIGHT_EAR,0.48200201988220215,0.2690654695034027,-0.2412305772304535
185,MOUTH_LEFT,0.5052334070205688,0.31247788667678833,-0.15810906887054443
185,MOUTH_RIGHT,0.4972812235355377,0.3086210787296295,-0.2160816639661789
185,LEFT_SHOULDER,0.4638383388519287,0.35444068908691406,0.12302009761333466
185,RIGHT_SHOULDER,0.38817089796066284,0.30859431624412537,-0.3085755705833435
185,LEFT_ELBOW,0.4194040894508362,0.37149935960769653,0.4839831292629242
185,RIGHT_ELBOW,0.3688252568244934,0.31705498695373535,-0.6856231093406677
185,LEFT_WRIST,0.38909435272216797,0.3416128158569336,0.7900938987731934
185,RIGHT_WRIST,0.36193495988845825,0.24749870598316193,-1.064010500907898
185,LEFT_PINKY,0.3738194406032562,0.3455517888069153,0.8597959280014038
185,RIGHT_PINKY,0.3536491096019745,0.22038085758686066,-1.145754098892212
185,LEFT_INDEX,0.37884509563446045,0.3300405442714691,0.8375496864318848
185,RIGHT_INDEX,0.3546200096607208,0.21839168667793274,-1.1430939435958862
185,LEFT_THUMB,0.3861778974533081,0.32979339361190796,0.7906668186187744
185,RIGHT_THUMB,0.3567671775817871,0.23140570521354675,-1.073513388633728
185,LEFT_HIP,0.36156874895095825,0.5665292739868164,0.15268269181251526
185,RIGHT_HIP,0.2929252088069916,0.5507282018661499,-0.15273703634738922
185,LEFT_KNEE,0.3919997215270996,0.7216835618019104,0.15744251012802124
185,RIGHT_KNEE,0.31554216146469116,0.727103590965271,-0.2593286633491516
185,LEFT_ANKLE,0.33926278352737427,0.8797118067741394,0.24947324395179749
185,RIGHT_ANKLE,0.3088613748550415,0.9122751355171204,-0.22921152412891388
185,LEFT_HEEL,0.31655362248420715,0.9071463346481323,0.2496885061264038
185,RIGHT_HEEL,0.29025202989578247,0.9418593645095825,-0.23598380386829376
185,LEFT_FOOT_INDEX,0.41057291626930237,0.9227725267410278,0.15104028582572937
185,RIGHT_FOOT_INDEX,0.3761610984802246,0.953314483165741,-0.3966607451438904
186,NOSE,0.5168646574020386,0.30078253149986267,-0.21926620602607727
186,LEFT_EYE_INNER,0.5222254991531372,0.2842760980129242,-0.19304025173187256
186,LEFT_EYE,0.5229589343070984,0.28470557928085327,-0.19313929975032806
186,LEFT_EYE_OUTER,0.5235264301300049,0.2851281762123108,-0.19320575892925262
186,RIGHT_EYE_INNER,0.5149257183074951,0.279559463262558,-0.23305387794971466
186,RIGHT_EYE,0.5104538202285767,0.27658453583717346,-0.23312881588935852
186,RIGHT_EYE_OUTER,0.5054352879524231,0.2734873294830322,-0.2332494556903839
186,LEFT_EAR,0.5071824789047241,0.28433242440223694,-0.037588585168123245
186,RIGHT_EAR,0.48269122838974,0.2698605954647064,-0.23588183522224426
186,MOUTH_LEFT,0.5062842965126038,0.31325867772102356,-0.15710151195526123
186,MOUTH_RIGHT,0.4981028139591217,0.3093772530555725,-0.21278539299964905
186,LEFT_SHOULDER,0.4639154076576233,0.35549524426460266,0.12346924841403961
186,RIGHT_SHOULDER,0.3881152272224426,0.3091844916343689,-0.29922911524772644
186,LEFT_ELBOW,0.4197402894496918,0.371857613325119,0.46689242124557495
186,RIGHT_ELBOW,0.3643576502799988,0.31742194294929504,-0.6713753938674927
186,LEFT_WRIST,0.3893405795097351,0.3407913148403168,0.7629645466804504
186,RIGHT_WRIST,0.3600674271583557,0.24726705253124237,-1.0496165752410889
186,LEFT_PINKY,0.3737665116786957,0.3387346863746643,0.829096794128418
186,RIGHT_PINKY,0.35207265615463257,0.22058770060539246,-1.1309725046157837
186,LEFT_INDEX,0.3785620331764221,0.3249311149120331,0.8093755841255188
186,RIGHT_INDEX,0.3536446690559387,0.21869440376758575,-1.1277176141738892
186,LEFT_THUMB,0.385911762714386,0.3262922465801239,0.7643392086029053
186,RIGHT_THUMB,0.3553816080093384,0.2312357872724533,-1.0588123798370361
186,LEFT_HIP,0.36209577322006226,0.5670033097267151,0.1524515450000763
186,RIGHT_HIP,0.2932899594306946,0.5507795214653015,-0.15251587331295013
186,LEFT_KNEE,0.3926957845687866,0.7230131030082703,0.1613622009754181
186,RIGHT_KNEE,0.3156850039958954,0.7277348637580872,-0.26372823119163513
186,LEFT_ANKLE,0.33970123529434204,0.8792933225631714,0.2627078890800476
186,RIGHT_ANKLE,0.3078911602497101,0.9123724102973938,-0.23986344039440155
186,LEFT_HEEL,0.3166261315345764,0.9066829681396484,0.26400843262672424
186,RIGHT_HEEL,0.289686381816864,0.9419246912002563,-0.2469160556793213
186,LEFT_FOOT_INDEX,0.410692036151886,0.9228222966194153,0.16697415709495544
186,RIGHT_FOOT_INDEX,0.3763914108276367,0.9610451459884644,-0.4089663624763489
187,NOSE,0.5164180994033813,0.3011985719203949,-0.21921925246715546
187,LEFT_EYE_INNER,0.5219835042953491,0.2845562994480133,-0.19097256660461426
187,LEFT_EYE,0.5228525996208191,0.2851405739784241,-0.19107846915721893
187,LEFT_EYE_OUTER,0.5234906673431396,0.28575441241264343,-0.19114568829536438
187,RIGHT_EYE_INNER,0.5141435861587524,0.27965670824050903,-0.23087093234062195
187,RIGHT_EYE,0.5094705820083618,0.2767028212547302,-0.2309592217206955
187,RIGHT_EYE_OUTER,0.504250705242157,0.2736826539039612,-0.23109109699726105
187,LEFT_EAR,0.5073398351669312,0.2864839732646942,-0.0365423783659935
187,RIGHT_EAR,0.48227977752685547,0.27140694856643677,-0.21640709042549133
187,MOUTH_LEFT,0.5061731934547424,0.31403470039367676,-0.15569347143173218
187,MOUTH_RIGHT,0.4974011480808258,0.3097911477088928,-0.21076147258281708
187,LEFT_SHOULDER,0.4666588306427002,0.3633771538734436,0.12302122265100479
187,RIGHT_SHOULDER,0.38730788230895996,0.31096911430358887,-0.2694448232650757
187,LEFT_ELBOW,0.4307175576686859,0.3756275773048401,0.42026859521865845
187,RIGHT_ELBOW,0.35518190264701843,0.313215434551239,-0.6365839242935181
187,LEFT_WRIST,0.3932192623615265,0.32894188165664673,0.6330543756484985
187,RIGHT_WRIST,0.35876840353012085,0.24279125034809113,-1.0358161926269531
187,LEFT_PINKY,0.3751665949821472,0.32184645533561707,0.6860284209251404
187,RIGHT_PINKY,0.3519696593284607,0.21440859138965607,-1.1171073913574219
187,LEFT_INDEX,0.38185635209083557,0.3067839741706848,0.6974982023239136
187,RIGHT_INDEX,0.35356396436691284,0.2132222205400467,-1.1027661561965942
187,LEFT_THUMB,0.3890431225299835,0.31070709228515625,0.6440721154212952
187,RIGHT_THUMB,0.3549535870552063,0.22628852725028992,-1.0410059690475464
187,LEFT_HIP,0.3624270558357239,0.5688585042953491,0.1520632952451706
187,RIGHT_HIP,0.2936907112598419,0.5513564348220825,-0.1521787941455841
187,LEFT_KNEE,0.3947979509830475,0.7242920398712158,0.16156980395317078
187,RIGHT_KNEE,0.3171282708644867,0.7278323173522949,-0.30798566341400146
187,LEFT_ANKLE,0.339724063873291,0.8798742294311523,0.2589980959892273
187,RIGHT_ANKLE,0.30699676275253296,0.9124437570571899,-0.3102768063545227
187,LEFT_HEEL,0.3165530860424042,0.9078844785690308,0.2594947814941406
187,RIGHT_HEEL,0.2887706160545349,0.9422597885131836,-0.31954050064086914
187,LEFT_FOOT_INDEX,0.41086044907569885,0.9238651394844055,0.1624716818332672
187,RIGHT_FOOT_INDEX,0.3763819932937622,0.9659452438354492,-0.4838715195655823
188,NOSE,0.5164130926132202,0.30122506618499756,-0.21660611033439636
188,LEFT_EYE_INNER,0.5218774676322937,0.28465133905410767,-0.18864968419075012
188,LEFT_EYE,0.5227810144424438,0.28529107570648193,-0.1887626349925995
188,LEFT_EYE_OUTER,0.5234827399253845,0.2859684228897095,-0.18883368372917175
188,RIGHT_EYE_INNER,0.5140840411186218,0.27966418862342834,-0.23045901954174042
188,RIGHT_EYE,0.5094330310821533,0.2767053246498108,-0.2305576354265213
188,RIGHT_EYE_OUTER,0.5041490197181702,0.27369076013565063,-0.2306503802537918
188,LEFT_EAR,0.5079497694969177,0.2869032025337219,-0.03447512909770012
188,RIGHT_EAR,0.48223352432250977,0.2716464400291443,-0.1986670196056366
188,MOUTH_LEFT,0.5064897537231445,0.31402891874313354,-0.15356533229351044
188,MOUTH_RIGHT,0.4974154829978943,0.3097752630710602,-0.20890843868255615
188,LEFT_SHOULDER,0.46726083755493164,0.3631730079650879,0.11849318444728851
188,RIGHT_SHOULDER,0.3873286843299866,0.3115488588809967,-0.2513030171394348
188,LEFT_ELBOW,0.4258785843849182,0.37120625376701355,0.37676721811294556
188,RIGHT_ELBOW,0.3564393222332001,0.31381797790527344,-0.609305739402771
188,LEFT_WRIST,0.38679343461990356,0.31975796818733215,0.565269947052002
188,RIGHT_WRIST,0.3584708869457245,0.24057486653327942,-0.990252673625946
188,LEFT_PINKY,0.36919093132019043,0.31442731618881226,0.6059747338294983
188,RIGHT_PINKY,0.3519825339317322,0.21176907420158386,-1.0693104267120361
188,LEFT_INDEX,0.3746541142463684,0.29818445444107056,0.5979849100112915
188,RIGHT_INDEX,0.35344114899635315,0.21069161593914032,-1.0643963813781738
188,LEFT_THUMB,0.3818821907043457,0.3015490174293518,0.5681610107421875
188,RIGHT_THUMB,0.35482901334762573,0.22417506575584412,-0.9991446733474731
188,LEFT_HIP,0.3626313805580139,0.5690117478370667,0.14960242807865143
188,RIGHT_HIP,0.29432666301727295,0.5513955950737,-0.14974118769168854
188,LEFT_KNEE,0.39572376012802124,0.7252641916275024,0.15864083170890808
188,RIGHT_KNEE,0.3187040388584137,0.7280551195144653,-0.3008442521095276
188,LEFT_ANKLE,0.33973902463912964,0.8802202343940735,0.24105508625507355
188,RIGHT_ANKLE,0.3061996102333069,0.9125903844833374,-0.29929786920547485
188,LEFT_HEEL,0.31654950976371765,0.9084575772285461,0.24004527926445007
188,RIGHT_HEEL,0.2879689335823059,0.9426212310791016,-0.308543860912323
188,LEFT_FOOT_INDEX,0.41085997223854065,0.924655556678772,0.1474841833114624
188,RIGHT_FOOT_INDEX,0.37641674280166626,0.9696284532546997,-0.47508352994918823
189,NOSE,0.5163513422012329,0.3012358546257019,-0.22693344950675964
189,LEFT_EYE_INNER,0.5217927694320679,0.2846795320510864,-0.19611558318138123
189,LEFT_EYE,0.5227002501487732,0.28536340594291687,-0.1962038278579712
189,LEFT_EYE_OUTER,0.5234473347663879,0.28609734773635864,-0.19628456234931946
189,RIGHT_EYE_INNER,0.5139274001121521,0.27965009212493896,-0.2355480194091797
189,RIGHT_EYE,0.5092211961746216,0.27668994665145874,-0.2356497049331665
189,RIGHT_EYE_OUTER,0.503926157951355,0.2736843228340149,-0.23576796054840088
189,LEFT_EAR,0.5087727308273315,0.2875592112541199,-0.03330042213201523
189,RIGHT_EAR,0.48220348358154297,0.27185043692588806,-0.20116786658763885
189,MOUTH_LEFT,0.5063151121139526,0.3141055405139923,-0.1597425639629364
189,MOUTH_RIGHT,0.49728164076805115,0.30977240204811096,-0.21276596188545227
189,LEFT_SHOULDER,0.46837276220321655,0.3630198836326599,0.13893815875053406
189,RIGHT_SHOULDER,0.3873628079891205,0.3114834427833557,-0.2551365792751312
189,LEFT_ELBOW,0.44475656747817993,0.39518359303474426,0.4612235426902771
189,RIGHT_ELBOW,0.34558969736099243,0.3205169439315796,-0.6142101883888245
189,LEFT_WRIST,0.4256514608860016,0.36368995904922485,0.724702000617981
189,RIGHT_WRIST,0.3577122092247009,0.2412528246641159,-0.9902615547180176
189,LEFT_PINKY,0.41514307260513306,0.3656177520751953,0.7906183004379272
189,RIGHT_PINKY,0.3516497313976288,0.21306340396404266,-1.0666217803955078
189,LEFT_INDEX,0.4183861315250397,0.3499290645122528,0.7775688767433167
189,RIGHT_INDEX,0.3533482253551483,0.21202075481414795,-1.063743233680725
189,LEFT_THUMB,0.42229652404785156,0.3502965569496155,0.7281826138496399
189,RIGHT_THUMB,0.35468539595603943,0.22454027831554413,-0.9991222620010376
189,LEFT_HIP,0.36292600631713867,0.5689900517463684,0.14947034418582916
189,RIGHT_HIP,0.29506629705429077,0.5513997077941895,-0.14958330988883972
189,LEFT_KNEE,0.39744144678115845,0.7256402373313904,0.14414915442466736
189,RIGHT_KNEE,0.3210172951221466,0.7280666828155518,-0.2977357804775238
189,LEFT_ANKLE,0.339701771736145,0.8805683255195618,0.21769514679908752
189,RIGHT_ANKLE,0.30478763580322266,0.9123293161392212,-0.29509416222572327
189,LEFT_HEEL,0.31637489795684814,0.9085131883621216,0.21603818237781525
189,RIGHT_HEEL,0.2859492897987366,0.9424070119857788,-0.3048643469810486
189,LEFT_FOOT_INDEX,0.41084519028663635,0.926705539226532,0.12145425379276276
189,RIGHT_FOOT_INDEX,0.37487971782684326,0.9610499143600464,-0.4647964537143707
190,NOSE,0.5162590742111206,0.30125007033348083,-0.2450011670589447
190,LEFT_EYE_INNER,0.5217408537864685,0.2847507894039154,-0.21290083229541779
190,LEFT_EYE,0.522704005241394,0.28549066185951233,-0.21297414600849152
190,LEFT_EYE_OUTER,0.5235193967819214,0.28628048300743103,-0.21305608749389648
190,RIGHT_EYE_INNER,0.5138857960700989,0.27964919805526733,-0.25363653898239136
190,RIGHT_EYE,0.5091902017593384,0.276685506105423,-0.2537466883659363
190,RIGHT_EYE_OUTER,0.5038602352142334,0.2736808657646179,-0.253888875246048
190,LEFT_EAR,0.5094159841537476,0.28810781240463257,-0.037760477513074875
190,RIGHT_EAR,0.482183039188385,0.2720831334590912,-0.2168196737766266
190,MOUTH_LEFT,0.506255567073822,0.31416529417037964,-0.17521938681602478
190,MOUTH_RIGHT,0.49722424149513245,0.3097829222679138,-0.22988267242908478
190,LEFT_SHOULDER,0.4691121578216553,0.3626892864704132,0.1418858915567398
190,RIGHT_SHOULDER,0.3873433470726013,0.31145501136779785,-0.2784186005592346
190,LEFT_ELBOW,0.4469950199127197,0.40062183141708374,0.4985216557979584
190,RIGHT_ELBOW,0.34273695945739746,0.32318446040153503,-0.6549607515335083
190,LEFT_WRIST,0.4333108961582184,0.38366633653640747,0.7870875000953674
190,RIGHT_WRIST,0.3571847975254059,0.24150189757347107,-1.0377048254013062
190,LEFT_PINKY,0.42470669746398926,0.3903549313545227,0.8582805395126343
190,RIGHT_PINKY,0.35142630338668823,0.21374103426933289,-1.1132547855377197
190,LEFT_INDEX,0.4271460473537445,0.3745628595352173,0.8392616510391235
190,RIGHT_INDEX,0.3532683253288269,0.2128632366657257,-1.1134942770004272
190,LEFT_THUMB,0.4308925271034241,0.37310537695884705,0.7885937690734863
190,RIGHT_THUMB,0.35456305742263794,0.22500422596931458,-1.047630786895752
190,LEFT_HIP,0.3631128966808319,0.5689749717712402,0.15063151717185974
190,RIGHT_HIP,0.2952093780040741,0.5513418912887573,-0.150755375623703
190,LEFT_KNEE,0.39841535687446594,0.725603461265564,0.1306450217962265
190,RIGHT_KNEE,0.3234759569168091,0.7270572185516357,-0.29478299617767334
190,LEFT_ANKLE,0.33966994285583496,0.8809537887573242,0.1982475221157074
190,RIGHT_ANKLE,0.3042967617511749,0.9106110334396362,-0.28957825899124146
190,LEFT_HEEL,0.31630805134773254,0.9086654782295227,0.196023628115654
190,RIGHT_HEEL,0.28470396995544434,0.9418045878410339,-0.2971733808517456
190,LEFT_FOOT_INDEX,0.410835325717926,0.9282183647155762,0.10009536892175674
190,RIGHT_FOOT_INDEX,0.37398362159729004,0.9562975168228149,-0.44846028089523315
191,NOSE,0.5125331282615662,0.3012022078037262,-0.2385876476764679
191,LEFT_EYE_INNER,0.5190586447715759,0.28478068113327026,-0.20712652802467346
191,LEFT_EYE,0.52069491147995,0.2856225371360779,-0.20719747245311737
191,LEFT_EYE_OUTER,0.5220651626586914,0.2865566611289978,-0.2073044776916504
191,RIGHT_EYE_INNER,0.5093962550163269,0.2796146869659424,-0.23931625485420227
191,RIGHT_EYE,0.50445556640625,0.2766787111759186,-0.23943527042865753
191,RIGHT_EYE_OUTER,0.49917617440223694,0.27370068430900574,-0.23947176337242126
191,LEFT_EAR,0.5093991160392761,0.2895675301551819,-0.03625011816620827
191,RIGHT_EAR,0.48086103796958923,0.27365297079086304,-0.1758054792881012
191,MOUTH_LEFT,0.5045387744903564,0.31422585248947144,-0.1695554405450821
191,MOUTH_RIGHT,0.4931833744049072,0.30973124504089355,-0.21334418654441833
191,LEFT_SHOULDER,0.47055578231811523,0.36351561546325684,0.10213156044483185
191,RIGHT_SHOULDER,0.3881785571575165,0.31278562545776367,-0.22081947326660156
191,LEFT_ELBOW,0.42637673020362854,0.3490402400493622,0.2855522036552429
191,RIGHT_ELBOW,0.36022335290908813,0.30196845531463623,-0.567207932472229
191,LEFT_WRIST,0.38324636220932007,0.27355536818504333,0.45277881622314453
191,RIGHT_WRIST,0.35681280493736267,0.23133590817451477,-0.9454836845397949
191,LEFT_PINKY,0.36223170161247253,0.28462639451026917,0.48284101486206055
191,RIGHT_PINKY,0.34942471981048584,0.20825424790382385,-1.0234707593917847
191,LEFT_INDEX,0.3683006763458252,0.27287596464157104,0.472146600484848
191,RIGHT_INDEX,0.3520856499671936,0.20597371459007263,-1.016187310218811
191,LEFT_THUMB,0.37184494733810425,0.2576944828033447,0.4522975981235504
191,RIGHT_THUMB,0.353562593460083,0.21981534361839294,-0.9530839920043945
191,LEFT_HIP,0.36331701278686523,0.5704988241195679,0.13968202471733093
191,RIGHT_HIP,0.296145498752594,0.5519306063652039,-0.1398133635520935
191,LEFT_KNEE,0.39940208196640015,0.7255803942680359,0.12947344779968262
191,RIGHT_KNEE,0.3280874788761139,0.7260100841522217,-0.3131425976753235
191,LEFT_ANKLE,0.33973875641822815,0.8815956115722656,0.19617915153503418
191,RIGHT_ANKLE,0.30434733629226685,0.9106659889221191,-0.32731983065605164
191,LEFT_HEEL,0.31630846858024597,0.9092761278152466,0.19417211413383484
191,RIGHT_HEEL,0.2845601737499237,0.9420577883720398,-0.3366257846355438
191,LEFT_FOOT_INDEX,0.41142114996910095,0.9300553202629089,0.10371686518192291
191,RIGHT_FOOT_INDEX,0.37445351481437683,0.9557658433914185,-0.48275765776634216
192,NOSE,0.5098588466644287,0.3009466528892517,-0.13041123747825623
192,LEFT_EYE_INNER,0.5166913270950317,0.28482818603515625,-0.10540745407342911
192,LEFT_EYE,0.5188528299331665,0.28576400876045227,-0.1055942177772522
192,LEFT_EYE_OUTER,0.5207745432853699,0.28683239221572876,-0.10564706474542618
192,RIGHT_EYE_INNER,0.5058317184448242,0.2795705199241638,-0.12824511528015137
192,RIGHT_EYE,0.5005239844322205,0.27662724256515503,-0.12835219502449036
192,RIGHT_EYE_OUTER,0.49501118063926697,0.2736837565898895,-0.128360778093338
192,LEFT_EAR,0.5093555450439453,0.2899981737136841,0.03734058886766434
192,RIGHT_EAR,0.4779067933559418,0.27368292212486267,-0.07203742116689682
192,MOUTH_LEFT,0.503678560256958,0.3139744699001312,-0.07474057376384735
192,MOUTH_RIGHT,0.4910045564174652,0.3088077902793884,-0.10694416612386703
192,LEFT_SHOULDER,0.4747239053249359,0.36331403255462646,0.09963223338127136
192,RIGHT_SHOULDER,0.3858190178871155,0.31270068883895874,-0.09086854755878448
192,LEFT_ELBOW,0.4621714949607849,0.32221299409866333,0.04443525895476341
192,RIGHT_ELBOW,0.37672755122184753,0.30139073729515076,-0.36264342069625854
192,LEFT_WRIST,0.38115423917770386,0.24808378517627716,-0.017114968970417976
192,RIGHT_WRIST,0.35794514417648315,0.2317316234111786,-0.6677757501602173
192,LEFT_PINKY,0.3598775267601013,0.23301775753498077,-0.043654076755046844
192,RIGHT_PINKY,0.3490470051765442,0.20936599373817444,-0.7329338788986206
192,LEFT_INDEX,0.3627139925956726,0.22861997783184052,-0.03142530471086502
192,RIGHT_INDEX,0.3521125316619873,0.20699799060821533,-0.732212483882904
192,LEFT_THUMB,0.3682345449924469,0.23627297580242157,-0.016611453145742416
192,RIGHT_THUMB,0.3535885214805603,0.22124163806438446,-0.6767904758453369
192,LEFT_HIP,0.3641375005245209,0.5704480409622192,0.11535394191741943
192,RIGHT_HIP,0.29613274335861206,0.5512748956680298,-0.11535781621932983
192,LEFT_KNEE,0.4001500606536865,0.7248353958129883,0.11830143630504608
192,RIGHT_KNEE,0.3285505771636963,0.7231503129005432,-0.32248035073280334
192,LEFT_ANKLE,0.3404248058795929,0.8816699981689453,0.1695844829082489
192,RIGHT_ANKLE,0.30438899993896484,0.9104525446891785,-0.3942665457725525
192,LEFT_HEEL,0.31723493337631226,0.9090027809143066,0.16676440834999084
192,RIGHT_HEEL,0.2845951318740845,0.9419426918029785,-0.4101307988166809
192,LEFT_FOOT_INDEX,0.41178807616233826,0.9307069778442383,0.07029463350772858
192,RIGHT_FOOT_INDEX,0.3740449547767639,0.961650013923645,-0.5728795528411865
193,NOSE,0.5100160837173462,0.30109110474586487,-0.11348297446966171
193,LEFT_EYE_INNER,0.5168057680130005,0.2853338122367859,-0.0885189026594162
193,LEFT_EYE,0.5190389156341553,0.28632986545562744,-0.08869966119527817
193,LEFT_EYE_OUTER,0.5210087895393372,0.28741079568862915,-0.08874227106571198
193,RIGHT_EYE_INNER,0.5060354471206665,0.27982109785079956,-0.11195868253707886
193,RIGHT_EYE,0.5008124113082886,0.27682942152023315,-0.11206936836242676
193,RIGHT_EYE_OUTER,0.4953504502773285,0.2739017605781555,-0.11207760870456696
193,LEFT_EAR,0.5099116563796997,0.29029393196105957,0.04971667379140854
193,RIGHT_EAR,0.47796493768692017,0.27386370301246643,-0.061605989933013916
193,MOUTH_LEFT,0.504195511341095,0.3140849769115448,-0.059883762151002884
193,MOUTH_RIGHT,0.4913410544395447,0.30883291363716125,-0.09273547679185867
193,LEFT_SHOULDER,0.4750278890132904,0.363040030002594,0.10102572292089462
193,RIGHT_SHOULDER,0.3848872184753418,0.31429213285446167,-0.08528755605220795
193,LEFT_ELBOW,0.4625898003578186,0.31166085600852966,0.1086566224694252
193,RIGHT_ELBOW,0.37358617782592773,0.3033931851387024,-0.3325079381465912
193,LEFT_WRIST,0.37597888708114624,0.2438652515411377,0.12160764634609222
193,RIGHT_WRIST,0.35604357719421387,0.23068003356456757,-0.6083909273147583
193,LEFT_PINKY,0.3538437783718109,0.22505125403404236,0.10889463126659393
193,RIGHT_PINKY,0.3464217782020569,0.20790104568004608,-0.668552041053772
193,LEFT_INDEX,0.3562636971473694,0.22214429080486298,0.1184358149766922
193,RIGHT_INDEX,0.3480803668498993,0.20669452846050262,-0.6652272939682007
193,LEFT_THUMB,0.362220823764801,0.2317981719970703,0.12264629453420639
193,RIGHT_THUMB,0.34995561838150024,0.21988649666309357,-0.6148046255111694
193,LEFT_HIP,0.3640963137149811,0.5704367756843567,0.11480702459812164
193,RIGHT_HIP,0.29612064361572266,0.5510832071304321,-0.11482598632574081
193,LEFT_KNEE,0.40032991766929626,0.7248328924179077,0.11634548008441925
193,RIGHT_KNEE,0.33124807476997375,0.722338855266571,-0.32867658138275146
193,LEFT_ANKLE,0.3404761254787445,0.8827214241027832,0.1640309989452362
193,RIGHT_ANKLE,0.30433911085128784,0.9109654426574707,-0.40834125876426697
193,LEFT_HEEL,0.31725382804870605,0.9097439050674438,0.16091027855873108
193,RIGHT_HEEL,0.2845706045627594,0.942296028137207,-0.4237998425960541
193,LEFT_FOOT_INDEX,0.41192150115966797,0.9319682121276855,0.06943546235561371
193,RIGHT_FOOT_INDEX,0.3746514916419983,0.958130955696106,-0.5793618559837341
194,NOSE,0.5103195905685425,0.3020462989807129,-0.11484213918447495
194,LEFT_EYE_INNER,0.5169478058815002,0.2864767909049988,-0.08993946015834808
194,LEFT_EYE,0.51919025182724,0.2873890995979309,-0.09011877328157425
194,LEFT_EYE_OUTER,0.5211541652679443,0.28834232687950134,-0.09016378223896027
194,RIGHT_EYE_INNER,0.5061389207839966,0.280977338552475,-0.11437802016735077
194,RIGHT_EYE,0.5008988380432129,0.27798107266426086,-0.11448527872562408
194,RIGHT_EYE_OUTER,0.49542003870010376,0.27509593963623047,-0.11449451744556427
194,LEFT_EAR,0.510155200958252,0.29068341851234436,0.04841264337301254
194,RIGHT_EAR,0.4780084490776062,0.2745492160320282,-0.06695722043514252
194,MOUTH_LEFT,0.504607081413269,0.31476178765296936,-0.060999490320682526
194,MOUTH_RIGHT,0.49199289083480835,0.30957409739494324,-0.09509007632732391
194,LEFT_SHOULDER,0.47525930404663086,0.3628990054130554,0.10390341281890869
194,RIGHT_SHOULDER,0.3848631680011749,0.31576070189476013,-0.09570063650608063
194,LEFT_ELBOW,0.4625064432621002,0.3075695037841797,0.12630091607570648
194,RIGHT_ELBOW,0.3750331699848175,0.30279481410980225,-0.35217398405075073
194,LEFT_WRIST,0.3748576045036316,0.24310190975666046,0.14982451498508453
194,RIGHT_WRIST,0.3556792140007019,0.2285398691892624,-0.639431357383728
194,LEFT_PINKY,0.35249069333076477,0.22384877502918243,0.1398671567440033
194,RIGHT_PINKY,0.34517383575439453,0.206809401512146,-0.7021865844726562
194,LEFT_INDEX,0.3549371063709259,0.22137892246246338,0.1475405991077423
194,RIGHT_INDEX,0.34622517228126526,0.20625674724578857,-0.6988042593002319
194,LEFT_THUMB,0.3609856367111206,0.2311512678861618,0.15025565028190613
194,RIGHT_THUMB,0.34832900762557983,0.2188817262649536,-0.6462363004684448
194,LEFT_HIP,0.3640165627002716,0.570454478263855,0.1163962259888649
194,RIGHT_HIP,0.2961098551750183,0.5510247945785522,-0.11642064899206161
194,LEFT_KNEE,0.4006272256374359,0.7248427271842957,0.11725001037120819
194,RIGHT_KNEE,0.3326166868209839,0.7221580743789673,-0.33016663789749146
194,LEFT_ANKLE,0.3405449390411377,0.883209228515625,0.16799461841583252
194,RIGHT_ANKLE,0.3042565882205963,0.9114586710929871,-0.4076310098171234
194,LEFT_HEEL,0.31742793321609497,0.9098869562149048,0.16516736149787903
194,RIGHT_HEEL,0.2845710515975952,0.9426493644714355,-0.42283517122268677
194,LEFT_FOOT_INDEX,0.4120548665523529,0.9322832226753235,0.07483933120965958
194,RIGHT_FOOT_INDEX,0.37498238682746887,0.9558417201042175,-0.5781017541885376
195,NOSE,0.5093914270401001,0.30129534006118774,-0.13936467468738556
195,LEFT_EYE_INNER,0.5164446234703064,0.2864578068256378,-0.11227802187204361
195,LEFT_EYE,0.5188356041908264,0.28740131855010986,-0.11243472248315811
195,LEFT_EYE_OUTER,0.5209494233131409,0.28846126794815063,-0.11246921867132187
195,RIGHT_EYE_INNER,0.5053895711898804,0.28071513772010803,-0.1335155963897705
195,RIGHT_EYE,0.5001445412635803,0.27774399518966675,-0.13364458084106445
195,RIGHT_EYE_OUTER,0.4946814179420471,0.2749273180961609,-0.13367174565792084
195,LEFT_EAR,0.5104145407676697,0.2918155789375305,0.036544423550367355
195,RIGHT_EAR,0.4777589738368988,0.274687796831131,-0.053815893828868866
195,MOUTH_LEFT,0.5042853951454163,0.3144921362400055,-0.08216965943574905
195,MOUTH_RIGHT,0.49113917350769043,0.30883365869522095,-0.11230917274951935
195,LEFT_SHOULDER,0.47774800658226013,0.36425870656967163,0.09703882038593292
195,RIGHT_SHOULDER,0.3850865960121155,0.31827428936958313,-0.07708316296339035
195,LEFT_ELBOW,0.4687541425228119,0.2949863076210022,0.0769127681851387
195,RIGHT_ELBOW,0.3827000856399536,0.2867699861526489,-0.3447743058204651
195,LEFT_WRIST,0.3776302933692932,0.241097092628479,0.10684945434331894
195,RIGHT_WRIST,0.3576437830924988,0.2283439338207245,-0.6491719484329224
195,LEFT_PINKY,0.35812675952911377,0.22384119033813477,0.09199037402868271
195,RIGHT_PINKY,0.34544795751571655,0.20777252316474915,-0.7131006717681885
195,LEFT_INDEX,0.3596619963645935,0.22131776809692383,0.10030966997146606
195,RIGHT_INDEX,0.34644874930381775,0.20694401860237122,-0.7132254838943481
195,LEFT_THUMB,0.3639758825302124,0.2295430451631546,0.10708986222743988
195,RIGHT_THUMB,0.34951451420783997,0.21965733170509338,-0.6587592959403992
195,LEFT_HIP,0.3649239242076874,0.5725330710411072,0.11252816021442413
195,RIGHT_HIP,0.2967190742492676,0.5515089631080627,-0.1125955581665039
195,LEFT_KNEE,0.40118494629859924,0.7249714136123657,0.09528817236423492
195,RIGHT_KNEE,0.33602410554885864,0.7210878133773804,-0.3598393499851227
195,LEFT_ANKLE,0.340684711933136,0.8839002847671509,0.13613784313201904
195,RIGHT_ANKLE,0.30427271127700806,0.9114410281181335,-0.4445766806602478
195,LEFT_HEEL,0.3175310492515564,0.9103153944015503,0.13245388865470886
195,RIGHT_HEEL,0.284598708152771,0.9425605535507202,-0.46127861738204956
195,LEFT_FOOT_INDEX,0.412712037563324,0.9323321580886841,0.03343582525849342
195,RIGHT_FOOT_INDEX,0.37429898977279663,0.9582234621047974,-0.627840518951416
196,NOSE,0.5093937516212463,0.3003688454627991,-0.16721132397651672
196,LEFT_EYE_INNER,0.5162533521652222,0.28603771328926086,-0.13702593743801117
196,LEFT_EYE,0.5186569690704346,0.28715208172798157,-0.13719134032726288
196,LEFT_EYE_OUTER,0.5208197236061096,0.2883394658565521,-0.13721993565559387
196,RIGHT_EYE_INNER,0.505220890045166,0.2800324559211731,-0.14135053753852844
196,RIGHT_EYE,0.4999721646308899,0.27714091539382935,-0.1414826512336731
196,RIGHT_EYE_OUTER,0.4945147633552551,0.27445054054260254,-0.14134791493415833
196,LEFT_EAR,0.5104788541793823,0.2918355166912079,0.022461604326963425
196,RIGHT_EAR,0.4776999354362488,0.2746589779853821,-0.08066611737012863
196,MOUTH_LEFT,0.5042763948440552,0.31398525834083557,-0.10776897519826889
196,MOUTH_RIGHT,0.4911438524723053,0.30795028805732727,-0.1133633479475975
196,LEFT_SHOULDER,0.47840219736099243,0.36501041054725647,0.08297798037528992
196,RIGHT_SHOULDER,0.38534975051879883,0.31923359632492065,-0.10677214711904526
196,LEFT_ELBOW,0.47094282507896423,0.28915807604789734,0.09188677370548248
196,RIGHT_ELBOW,0.39560461044311523,0.2851560711860657,-0.4018964171409607
196,LEFT_WRIST,0.38027065992355347,0.2434210479259491,0.14960023760795593
196,RIGHT_WRIST,0.3625972867012024,0.22925850749015808,-0.735435962677002
196,LEFT_PINKY,0.36112064123153687,0.2258150577545166,0.14165668189525604
196,RIGHT_PINKY,0.3473767042160034,0.2079472541809082,-0.8041739463806152
196,LEFT_INDEX,0.3624754250049591,0.22352655231952667,0.14810821413993835
196,RIGHT_INDEX,0.349388062953949,0.2073863297700882,-0.8033517599105835
196,LEFT_THUMB,0.36749184131622314,0.23224353790283203,0.14961479604244232
196,RIGHT_THUMB,0.35201629996299744,0.22002725303173065,-0.7452787160873413
196,LEFT_HIP,0.3656459152698517,0.5739116072654724,0.11333892494440079
196,RIGHT_HIP,0.2975315451622009,0.5520464181900024,-0.11342916637659073
196,LEFT_KNEE,0.40129947662353516,0.7250603437423706,0.08799261599779129
196,RIGHT_KNEE,0.3375774025917053,0.7206079363822937,-0.34772276878356934
196,LEFT_ANKLE,0.340794175863266,0.8843330144882202,0.12992975115776062
196,RIGHT_ANKLE,0.30435308814048767,0.9113696813583374,-0.4162079691886902
196,LEFT_HEEL,0.3176734149456024,0.9106053113937378,0.12642258405685425
196,RIGHT_HEEL,0.2846691310405731,0.9423128962516785,-0.43102073669433594
196,LEFT_FOOT_INDEX,0.41313686966896057,0.9323029518127441,0.030372533947229385
196,RIGHT_FOOT_INDEX,0.37446755170822144,0.958438515663147,-0.5917447805404663
197,NOSE,0.5118662118911743,0.3041159212589264,-0.1603996902704239
197,LEFT_EYE_INNER,0.5171273350715637,0.28956156969070435,-0.1369592845439911
197,LEFT_EYE,0.519118070602417,0.29024645686149597,-0.13708534836769104
197,LEFT_EYE_OUTER,0.5209962725639343,0.2910135090351105,-0.1370968222618103
197,RIGHT_EYE_INNER,0.5069347620010376,0.28448668122291565,-0.15194450318813324
197,RIGHT_EYE,0.5016680359840393,0.28166449069976807,-0.1520662158727646
197,RIGHT_EYE_OUTER,0.4960919916629791,0.27897313237190247,-0.15202954411506653
197,LEFT_EAR,0.5101345777511597,0.29300278425216675,-0.0013080232311040163
197,RIGHT_EAR,0.47779926657676697,0.27783218026161194,-0.10266672074794769
197,MOUTH_LEFT,0.505099892616272,0.3161490559577942,-0.10807637125253677
197,MOUTH_RIGHT,0.49352937936782837,0.3114624321460724,-0.12660545110702515
197,LEFT_SHOULDER,0.4781433939933777,0.36499977111816406,0.08398164808750153
197,RIGHT_SHOULDER,0.3922303020954132,0.3211488127708435,-0.1283460408449173
197,LEFT_ELBOW,0.4686506688594818,0.2701137363910675,0.1519727259874344
197,RIGHT_ELBOW,0.3908315896987915,0.26235610246658325,-0.28332221508026123
197,LEFT_WRIST,0.3816961646080017,0.24788598716259003,0.3716135025024414
197,RIGHT_WRIST,0.3913259208202362,0.24756237864494324,-0.2793276906013489
197,LEFT_PINKY,0.36498183012008667,0.22730132937431335,0.36964622139930725
197,RIGHT_PINKY,0.397169291973114,0.23746469616889954,-0.3091990351676941
197,LEFT_INDEX,0.36434656381607056,0.2276705950498581,0.37576624751091003
197,RIGHT_INDEX,0.396001935005188,0.24597077071666718,-0.304031640291214
197,LEFT_THUMB,0.36962682008743286,0.23984560370445251,0.36918574571609497
197,RIGHT_THUMB,0.3961593508720398,0.2517474293708801,-0.2816111445426941
197,LEFT_HIP,0.3652339577674866,0.5763806104660034,0.11553774774074554
197,RIGHT_HIP,0.29906636476516724,0.5568683743476868,-0.11560478061437607
197,LEFT_KNEE,0.4012095332145691,0.7260627150535583,0.09807910025119781
197,RIGHT_KNEE,0.3401781916618347,0.7219258546829224,-0.2743692994117737
197,LEFT_ANKLE,0.3417432904243469,0.8847594261169434,0.14879772067070007
197,RIGHT_ANKLE,0.30520451068878174,0.9132210612297058,-0.3587484657764435
197,LEFT_HEEL,0.3188874423503876,0.911643385887146,0.14572188258171082
197,RIGHT_HEEL,0.2856731116771698,0.9424131512641907,-0.37254977226257324
197,LEFT_FOOT_INDEX,0.41408151388168335,0.9310417175292969,0.04931013658642769
197,RIGHT_FOOT_INDEX,0.39507201313972473,0.9611088633537292,-0.4924902319908142
198,NOSE,0.5145177841186523,0.3060109615325928,-0.14504247903823853
198,LEFT_EYE_INNER,0.5182582139968872,0.2911473512649536,-0.12542198598384857
198,LEFT_EYE,0.5198192596435547,0.29166272282600403,-0.1255667358636856
198,LEFT_EYE_OUTER,0.5213463306427002,0.292251318693161,-0.12558500468730927
198,RIGHT_EYE_INNER,0.5089870095252991,0.2864550054073334,-0.14637041091918945
198,RIGHT_EYE,0.5038389563560486,0.2837062180042267,-0.1464715451002121
198,RIGHT_EYE_OUTER,0.4983108639717102,0.281057208776474,-0.1464555710554123
198,LEFT_EAR,0.5100836753845215,0.29352056980133057,-0.0012255279580131173
198,RIGHT_EAR,0.4785427153110504,0.2792721390724182,-0.10636764764785767
198,MOUTH_LEFT,0.5065256357192993,0.31724271178245544,-0.09586841613054276
198,MOUTH_RIGHT,0.49639853835105896,0.31304943561553955,-0.12482285499572754
198,LEFT_SHOULDER,0.47788605093955994,0.3650369644165039,0.08868840336799622
198,RIGHT_SHOULDER,0.39625364542007446,0.321394145488739,-0.1360739916563034
198,LEFT_ELBOW,0.46655240654945374,0.27329379320144653,0.17101258039474487
198,RIGHT_ELBOW,0.40990328788757324,0.268746018409729,-0.32267409563064575
198,LEFT_WRIST,0.3821605443954468,0.24995216727256775,0.31253188848495483
198,RIGHT_WRIST,0.3848261535167694,0.24683423340320587,-0.345681369304657
198,LEFT_PINKY,0.3640333116054535,0.22799167037010193,0.314192533493042
198,RIGHT_PINKY,0.38432496786117554,0.2327301800251007,-0.47748056054115295
198,LEFT_INDEX,0.36497876048088074,0.22863224148750305,0.31731051206588745
198,RIGHT_INDEX,0.38588565587997437,0.2373541295528412,-0.49160727858543396
198,LEFT_THUMB,0.37088823318481445,0.238721564412117,0.3108616769313812
198,RIGHT_THUMB,0.38386571407318115,0.2459745854139328,-0.40204986929893494
198,LEFT_HIP,0.3645443022251129,0.5765426158905029,0.11667238175868988
198,RIGHT_HIP,0.29965677857398987,0.5569620728492737,-0.11672594398260117
198,LEFT_KNEE,0.40116119384765625,0.7260093688964844,0.10250391811132431
198,RIGHT_KNEE,0.34115535020828247,0.7216073870658875,-0.2791421711444855
198,LEFT_ANKLE,0.3420005142688751,0.884888768196106,0.15298832952976227
198,RIGHT_ANKLE,0.30575117468833923,0.9135810732841492,-0.3790310025215149
198,LEFT_HEEL,0.31905046105384827,0.9124593734741211,0.1497744619846344
198,RIGHT_HEEL,0.2861943244934082,0.9422066807746887,-0.39362993836402893
198,LEFT_FOOT_INDEX,0.41468459367752075,0.9295929074287415,0.060317207127809525
198,RIGHT_FOOT_INDEX,0.3937698006629944,0.9613403081893921,-0.5224058032035828
199,NOSE,0.5162319540977478,0.30908215045928955,-0.12941983342170715
199,LEFT_EYE_INNER,0.5190650224685669,0.2926459014415741,-0.11197564750909805
199,LEFT_EYE,0.5201157927513123,0.29282835125923157,-0.11212210357189178
199,LEFT_EYE_OUTER,0.5213648080825806,0.2931141257286072,-0.11212068796157837
199,RIGHT_EYE_INNER,0.5113726854324341,0.2887764275074005,-0.13696736097335815
199,RIGHT_EYE,0.5065707564353943,0.2861819863319397,-0.13708044588565826
199,RIGHT_EYE_OUTER,0.5012570023536682,0.2836095690727234,-0.1370948851108551
199,LEFT_EAR,0.5085291862487793,0.2940385937690735,0.0013779208529740572
199,RIGHT_EAR,0.47920703887939453,0.28149837255477905,-0.10948868840932846
199,MOUTH_LEFT,0.5066509246826172,0.32016104459762573,-0.08309028297662735
199,MOUTH_RIGHT,0.4978792071342468,0.3175245523452759,-0.11757294833660126
199,LEFT_SHOULDER,0.4686582088470459,0.3649495840072632,0.0894385278224945
199,RIGHT_SHOULDER,0.4029228687286377,0.32456904649734497,-0.14834065735340118
199,LEFT_ELBOW,0.4189302921295166,0.2869195342063904,0.1800210177898407
199,RIGHT_ELBOW,0.3902301788330078,0.26075777411460876,-0.39457422494888306
199,LEFT_WRIST,0.3678470253944397,0.2645569443702698,0.28733882308006287
199,RIGHT_WRIST,0.3808620870113373,0.26256388425827026,-0.5615700483322144
199,LEFT_PINKY,0.3489430844783783,0.2613673806190491,0.28858649730682373
199,RIGHT_PINKY,0.3769969344139099,0.25660231709480286,-0.6185626983642578
199,LEFT_INDEX,0.3516814410686493,0.262751042842865,0.280453622341156
199,RIGHT_INDEX,0.38168662786483765,0.2586946487426758,-0.5043647885322571
199,LEFT_THUMB,0.3576897084712982,0.2667871117591858,0.28242239356040955
199,RIGHT_THUMB,0.382358580827713,0.2628765106201172,-0.5361562371253967
199,LEFT_HIP,0.36059123277664185,0.5765578150749207,0.11753104627132416
199,RIGHT_HIP,0.3015384078025818,0.5581243634223938,-0.11758293211460114
199,LEFT_KNEE,0.4012518525123596,0.7260056734085083,0.07943751662969589
199,RIGHT_KNEE,0.3487411439418793,0.7222081422805786,-0.28863877058029175
199,LEFT_ANKLE,0.34188979864120483,0.8857017755508423,0.10033325105905533
199,RIGHT_ANKLE,0.30599918961524963,0.9159180521965027,-0.3775714039802551
199,LEFT_HEEL,0.3183634877204895,0.9140077829360962,0.094439797103405
199,RIGHT_HEEL,0.2859923243522644,0.9438003301620483,-0.39183181524276733
199,LEFT_FOOT_INDEX,0.4149187207221985,0.9291413426399231,0.012179194949567318
199,RIGHT_FOOT_INDEX,0.39292535185813904,0.9682328104972839,-0.5183541774749756
200,NOSE,0.5169943571090698,0.31006351113319397,-0.13148140907287598
200,LEFT_EYE_INNER,0.5195900201797485,0.2931070625782013,-0.11216864734888077
200,LEFT_EYE,0.5204219818115234,0.29327183961868286,-0.11231102049350739
200,LEFT_EYE_OUTER,0.5214673280715942,0.29351985454559326,-0.11230909824371338
200,RIGHT_EYE_INNER,0.5122655630111694,0.28922346234321594,-0.13586094975471497
200,RIGHT_EYE,0.5074676275253296,0.28660881519317627,-0.13597294688224792
200,RIGHT_EYE_OUTER,0.5021506547927856,0.2840240001678467,-0.13598006963729858
200,LEFT_EAR,0.5080944299697876,0.29450318217277527,0.004686626605689526
200,RIGHT_EAR,0.4794476628303528,0.2822367548942566,-0.10169683396816254
200,MOUTH_LEFT,0.506774365901947,0.3217151463031769,-0.08363941311836243
200,MOUTH_RIGHT,0.4984431862831116,0.3190992474555969,-0.11659274995326996
200,LEFT_SHOULDER,0.4651419520378113,0.3648642301559448,0.09202438592910767
200,RIGHT_SHOULDER,0.40480804443359375,0.32782232761383057,-0.14452624320983887
200,LEFT_ELBOW,0.41913342475891113,0.2904168963432312,0.18485446274280548
200,RIGHT_ELBOW,0.38854968547821045,0.26398807764053345,-0.40201807022094727
200,LEFT_WRIST,0.367397278547287,0.2661931812763214,0.29014548659324646
200,RIGHT_WRIST,0.37890416383743286,0.26660534739494324,-0.6428722739219666
200,LEFT_PINKY,0.3478570282459259,0.2654288709163666,0.2926614582538605
200,RIGHT_PINKY,0.3760925531387329,0.2568439245223999,-0.6987329125404358
200,LEFT_INDEX,0.3501230478286743,0.2667703926563263,0.2865734398365021
200,RIGHT_INDEX,0.3755398988723755,0.256609171628952,-0.6765209436416626
200,LEFT_THUMB,0.35636550188064575,0.27054792642593384,0.28640320897102356
200,RIGHT_THUMB,0.38002845644950867,0.2649227976799011,-0.6416534185409546
200,LEFT_HIP,0.3584809899330139,0.5764428377151489,0.11743434518575668
200,RIGHT_HIP,0.30246442556381226,0.5587990880012512,-0.11747743934392929
200,LEFT_KNEE,0.4017884135246277,0.7258901000022888,0.07850341498851776
200,RIGHT_KNEE,0.3518238961696625,0.7228851914405823,-0.29002121090888977
200,LEFT_ANKLE,0.3419380187988281,0.8860663175582886,0.09699425846338272
200,RIGHT_ANKLE,0.3056938350200653,0.9199299812316895,-0.384508341550827
200,LEFT_HEEL,0.3183017373085022,0.9148335456848145,0.09151344746351242
200,RIGHT_HEEL,0.28500157594680786,0.9464338421821594,-0.3995838761329651
200,LEFT_FOOT_INDEX,0.415560781955719,0.9291497468948364,0.016989830881357193
200,RIGHT_FOOT_INDEX,0.3920384645462036,0.9725565910339355,-0.5201898217201233
201,NOSE,0.5129693150520325,0.3120638430118561,-0.10688813775777817
201,LEFT_EYE_INNER,0.5173072218894958,0.2941552698612213,-0.08393704891204834
201,LEFT_EYE,0.5179826617240906,0.29427003860473633,-0.08410907536745071
201,LEFT_EYE_OUTER,0.5188037157058716,0.2944740056991577,-0.08422951400279999
201,RIGHT_EYE_INNER,0.5107234716415405,0.29028481245040894,-0.11939412355422974
201,RIGHT_EYE,0.5061956644058228,0.28750064969062805,-0.11947783082723618
201,RIGHT_EYE_OUTER,0.5010142922401428,0.2846730351448059,-0.1194927915930748
201,LEFT_EAR,0.5049564242362976,0.2954360842704773,0.0473383367061615
201,RIGHT_EAR,0.4782513678073883,0.2825845777988434,-0.10277426242828369
201,MOUTH_LEFT,0.5014281868934631,0.3248588442802429,-0.0540107786655426
201,MOUTH_RIGHT,0.4950621724128723,0.3220059275627136,-0.10285934060811996
201,LEFT_SHOULDER,0.4612460136413574,0.3669433295726776,0.16584277153015137
201,RIGHT_SHOULDER,0.39967888593673706,0.3272852301597595,-0.15187035501003265
201,LEFT_ELBOW,0.4219731390476227,0.40808263421058655,0.2836526036262512
201,RIGHT_ELBOW,0.38679057359695435,0.36309710144996643,-0.4097439646720886
201,LEFT_WRIST,0.4364984631538391,0.3296407163143158,0.3423546552658081
201,RIGHT_WRIST,0.3889009952545166,0.2880498170852661,-0.6063348054885864
201,LEFT_PINKY,0.434234619140625,0.3135371804237366,0.3650227189064026
201,RIGHT_PINKY,0.38815540075302124,0.2689453065395355,-0.6469296216964722
201,LEFT_INDEX,0.44013214111328125,0.3051130771636963,0.3729618191719055
201,RIGHT_INDEX,0.3834800720214844,0.26127269864082336,-0.6375177502632141
201,LEFT_THUMB,0.4381024241447449,0.31097760796546936,0.34636884927749634
201,RIGHT_THUMB,0.39059537649154663,0.27029475569725037,-0.6067652106285095
201,LEFT_HIP,0.355845183134079,0.576393723487854,0.12099538743495941
201,RIGHT_HIP,0.30270567536354065,0.5591302514076233,-0.12079937756061554
201,LEFT_KNEE,0.40128618478775024,0.7222650647163391,0.07941828668117523
201,RIGHT_KNEE,0.36062759160995483,0.7181721925735474,-0.31966516375541687
201,LEFT_ANKLE,0.34194332361221313,0.8860869407653809,0.08887721598148346
201,RIGHT_ANKLE,0.3080950081348419,0.9195720553398132,-0.4137379229068756
201,LEFT_HEEL,0.31792157888412476,0.9159570932388306,0.08290551602840424
201,RIGHT_HEEL,0.2850135266780853,0.9463960528373718,-0.42769962549209595
201,LEFT_FOOT_INDEX,0.4161195755004883,0.928174614906311,0.0037266486324369907
201,RIGHT_FOOT_INDEX,0.3911358416080475,0.9625434875488281,-0.5507014989852905
202,NOSE,0.5118321776390076,0.31472063064575195,-0.08244942128658295
202,LEFT_EYE_INNER,0.5165871977806091,0.2956143915653229,-0.06242594122886658
202,LEFT_EYE,0.5170652270317078,0.2954467236995697,-0.06260621547698975
202,LEFT_EYE_OUTER,0.5176059603691101,0.29537877440452576,-0.06272043287754059
202,RIGHT_EYE_INNER,0.5104180574417114,0.2922447621822357,-0.10101111233234406
202,RIGHT_EYE,0.5060047507286072,0.289467990398407,-0.10109524428844452
202,RIGHT_EYE_OUTER,0.500889003276825,0.2865738868713379,-0.10110217332839966
202,LEFT_EAR,0.5025272965431213,0.2956717014312744,0.057054560631513596
202,RIGHT_EAR,0.47802162170410156,0.2835298478603363,-0.10768178850412369
202,MOUTH_LEFT,0.49941468238830566,0.32751837372779846,-0.03373982757329941
202,MOUTH_RIGHT,0.4938381612300873,0.3247966170310974,-0.08666718751192093
202,LEFT_SHOULDER,0.4582301676273346,0.36723873019218445,0.16608604788780212
202,RIGHT_SHOULDER,0.3983008861541748,0.3271825909614563,-0.1620943248271942
202,LEFT_ELBOW,0.42491212487220764,0.405775249004364,0.30442771315574646
202,RIGHT_ELBOW,0.38630038499832153,0.3651946783065796,-0.4213148057460785
202,LEFT_WRIST,0.42074480652809143,0.33719366788864136,0.3819688558578491
202,RIGHT_WRIST,0.39058834314346313,0.29083219170570374,-0.6288852691650391
202,LEFT_PINKY,0.41208964586257935,0.3241049349308014,0.40600961446762085
202,RIGHT_PINKY,0.387566477060318,0.26846766471862793,-0.6743221879005432
202,LEFT_INDEX,0.4173898696899414,0.31322187185287476,0.4073290228843689
202,RIGHT_INDEX,0.3863806128501892,0.2623901069164276,-0.6651749610900879
202,LEFT_THUMB,0.4187748432159424,0.31813105940818787,0.3846511244773865
202,RIGHT_THUMB,0.39237290620803833,0.2708762288093567,-0.6299697160720825
202,LEFT_HIP,0.35370299220085144,0.5768628120422363,0.12125176191329956
202,RIGHT_HIP,0.30305996537208557,0.5611348748207092,-0.12097200006246567
202,LEFT_KNEE,0.4007488787174225,0.7197664976119995,0.08387356251478195
202,RIGHT_KNEE,0.3653098940849304,0.7167040109634399,-0.2963757812976837
202,LEFT_ANKLE,0.3423399329185486,0.8855921030044556,0.1036435216665268
202,RIGHT_ANKLE,0.31039726734161377,0.9186086654663086,-0.37930119037628174
202,LEFT_HEEL,0.3179360032081604,0.9161124229431152,0.09854297339916229
202,RIGHT_HEEL,0.28536903858184814,0.9460207223892212,-0.3916824460029602
202,LEFT_FOOT_INDEX,0.4181274473667145,0.9246767163276672,0.019943639636039734
202,RIGHT_FOOT_INDEX,0.39072275161743164,0.9568630456924438,-0.5012352466583252
203,NOSE,0.5126386880874634,0.31967562437057495,-0.09813656657934189
203,LEFT_EYE_INNER,0.5177093744277954,0.30159974098205566,-0.07599585503339767
203,LEFT_EYE,0.5181357264518738,0.3013114333152771,-0.0761590376496315
203,LEFT_EYE_OUTER,0.5185173153877258,0.3009417653083801,-0.0762426108121872
203,RIGHT_EYE_INNER,0.5114108324050903,0.29786917567253113,-0.11480800062417984
203,RIGHT_EYE,0.5069130659103394,0.2947668135166168,-0.11489506810903549
203,RIGHT_EYE_OUTER,0.501680314540863,0.29143062233924866,-0.1149398535490036
203,LEFT_EAR,0.5035208463668823,0.29906126856803894,0.0521373525261879
203,RIGHT_EAR,0.47841009497642517,0.2870695888996124,-0.13326460123062134
203,MOUTH_LEFT,0.4999581277370453,0.33132797479629517,-0.04633482173085213
203,MOUTH_RIGHT,0.4944383203983307,0.3281843364238739,-0.09894396364688873
203,LEFT_SHOULDER,0.4615749418735504,0.37534698843955994,0.16449496150016785
203,RIGHT_SHOULDER,0.39480990171432495,0.3266611695289612,-0.18054232001304626
203,LEFT_ELBOW,0.4414345622062683,0.44697219133377075,0.14222224056720734
203,RIGHT_ELBOW,0.3529202342033386,0.3770807981491089,-0.4256220757961273
203,LEFT_WRIST,0.47012194991111755,0.38407766819000244,-0.032932098954916
203,RIGHT_WRIST,0.38785985112190247,0.3303782343864441,-0.6267937421798706
203,LEFT_PINKY,0.47451251745224,0.3705624043941498,-0.0493788979947567
203,RIGHT_PINKY,0.3893633484840393,0.32703158259391785,-0.6734949350357056
203,LEFT_INDEX,0.48049354553222656,0.3592456579208374,-0.043072883039712906
203,RIGHT_INDEX,0.3961414694786072,0.30478954315185547,-0.6621010303497314
203,LEFT_THUMB,0.4745577871799469,0.3643466830253601,-0.036176346242427826
203,RIGHT_THUMB,0.3954560458660126,0.3145340085029602,-0.6251376867294312
203,LEFT_HIP,0.35410434007644653,0.5803104043006897,0.1263974905014038
203,RIGHT_HIP,0.3047560751438141,0.5654261112213135,-0.12607961893081665
203,LEFT_KNEE,0.40175214409828186,0.7205513119697571,0.09745962172746658
203,RIGHT_KNEE,0.36915233731269836,0.7182157635688782,-0.2952424883842468
203,LEFT_ANKLE,0.3438883423805237,0.8856547474861145,0.14683495461940765
203,RIGHT_ANKLE,0.3120560050010681,0.9183834195137024,-0.35477492213249207
203,LEFT_HEEL,0.3185740113258362,0.9166246652603149,0.144419327378273
203,RIGHT_HEEL,0.2855323851108551,0.9459530115127563,-0.3667145371437073
203,LEFT_FOOT_INDEX,0.41861313581466675,0.9257304072380066,0.06805981695652008
203,RIGHT_FOOT_INDEX,0.3931145966053009,0.9541608095169067,-0.49348482489585876
204,NOSE,0.513039231300354,0.3222110867500305,-0.10359881818294525
204,LEFT_EYE_INNER,0.5184093117713928,0.3051000237464905,-0.07838983088731766
204,LEFT_EYE,0.5191007852554321,0.305107980966568,-0.0785549059510231
204,LEFT_EYE_OUTER,0.5197079181671143,0.3049354553222656,-0.07863407582044601
204,RIGHT_EYE_INNER,0.5115514397621155,0.3005104660987854,-0.1157573014497757
204,RIGHT_EYE,0.5069656372070312,0.2970895767211914,-0.1158568263053894
204,RIGHT_EYE_OUTER,0.501672625541687,0.29334402084350586,-0.11590496450662613
204,LEFT_EAR,0.505121648311615,0.3020366430282593,0.06468567252159119
204,RIGHT_EAR,0.47841721773147583,0.28845006227493286,-0.11150355637073517
204,MOUTH_LEFT,0.5015104413032532,0.33411088585853577,-0.047762658447027206
204,MOUTH_RIGHT,0.49480971693992615,0.3300561308860779,-0.09813778847455978
204,LEFT_SHOULDER,0.4691961407661438,0.3803185820579529,0.16703423857688904
204,RIGHT_SHOULDER,0.38816502690315247,0.3267901539802551,-0.14222094416618347
204,LEFT_ELBOW,0.47915706038475037,0.465583473443985,0.040773872286081314
204,RIGHT_ELBOW,0.34206581115722656,0.4010477662086487,-0.36409467458724976
204,LEFT_WRIST,0.4810608923435211,0.3827090859413147,-0.20464512705802917
204,RIGHT_WRIST,0.38235312700271606,0.3291498124599457,-0.5734421610832214
204,LEFT_PINKY,0.47947922348976135,0.36012473702430725,-0.23834995925426483
204,RIGHT_PINKY,0.38447505235671997,0.3062748312950134,-0.6204909682273865
204,LEFT_INDEX,0.48139652609825134,0.3506198525428772,-0.2135954648256302
204,RIGHT_INDEX,0.3948957920074463,0.2938113808631897,-0.6176657676696777
204,LEFT_THUMB,0.4784044623374939,0.3559003472328186,-0.20237836241722107
204,RIGHT_THUMB,0.3904266953468323,0.3062727153301239,-0.5756155252456665
204,LEFT_HIP,0.35450148582458496,0.5824712514877319,0.126116082072258
204,RIGHT_HIP,0.3046570420265198,0.5652940273284912,-0.1258009970188141
204,LEFT_KNEE,0.40137553215026855,0.7237823009490967,0.08609574288129807
204,RIGHT_KNEE,0.370348185300827,0.71833336353302,-0.3437061905860901
204,LEFT_ANKLE,0.34273916482925415,0.8913592100143433,0.11828945577144623
204,RIGHT_ANKLE,0.31202831864356995,0.918043315410614,-0.42691540718078613
204,LEFT_HEEL,0.31651195883750916,0.9224826693534851,0.11446397006511688
204,RIGHT_HEEL,0.28532204031944275,0.9458876848220825,-0.4414092004299164
204,LEFT_FOOT_INDEX,0.4172813296318054,0.9306811094284058,0.02748258411884308
204,RIGHT_FOOT_INDEX,0.39285022020339966,0.9541231989860535,-0.5886432528495789
205,NOSE,0.5128767490386963,0.3238416612148285,-0.10517525672912598
205,LEFT_EYE_INNER,0.5184386372566223,0.3067266047000885,-0.08111482113599777
205,LEFT_EYE,0.5191577076911926,0.3065313696861267,-0.08127309381961823
205,LEFT_EYE_OUTER,0.5197914242744446,0.30614688992500305,-0.08133257925510406
205,RIGHT_EYE_INNER,0.5115416049957275,0.302329957485199,-0.12014196068048477
205,RIGHT_EYE,0.5069550275802612,0.29878559708595276,-0.12023904174566269
205,RIGHT_EYE_OUTER,0.501659095287323,0.2948257327079773,-0.12029220908880234
205,LEFT_EAR,0.5052829384803772,0.30265045166015625,0.057581059634685516
205,RIGHT_EAR,0.47885847091674805,0.2886420786380768,-0.1317659318447113
205,MOUTH_LEFT,0.5015477538108826,0.3355756998062134,-0.04961676895618439
205,MOUTH_RIGHT,0.4946812093257904,0.33154743909835815,-0.10236964374780655
205,LEFT_SHOULDER,0.4692128598690033,0.37851640582084656,0.17331761121749878
205,RIGHT_SHOULDER,0.3884105086326599,0.3267197012901306,-0.17333818972110748
205,LEFT_ELBOW,0.46941614151000977,0.45277246832847595,0.10448706150054932
205,RIGHT_ELBOW,0.3458595275878906,0.39656639099121094,-0.3807152509689331
205,LEFT_WRIST,0.46990275382995605,0.39973628520965576,-0.09076899290084839
205,RIGHT_WRIST,0.38892829418182373,0.36760151386260986,-0.5959426760673523
205,LEFT_PINKY,0.4673345983028412,0.39781734347343445,-0.11486498266458511
205,RIGHT_PINKY,0.3961356580257416,0.35434648394584656,-0.6454216241836548
205,LEFT_INDEX,0.4689779281616211,0.38558438420295715,-0.10680989176034927
205,RIGHT_INDEX,0.4026976227760315,0.3458107113838196,-0.6398306488990784
205,LEFT_THUMB,0.4650234580039978,0.3882008492946625,-0.09420362114906311
205,RIGHT_THUMB,0.4014328122138977,0.35076385736465454,-0.5958994626998901
205,LEFT_HIP,0.35490936040878296,0.5831942558288574,0.13142836093902588
205,RIGHT_HIP,0.30735135078430176,0.5684915781021118,-0.13115069270133972
205,LEFT_KNEE,0.4017087519168854,0.7261289358139038,0.10912871360778809
205,RIGHT_KNEE,0.37528160214424133,0.7230478525161743,-0.3253614008426666
205,LEFT_ANKLE,0.34467369318008423,0.890821635723114,0.17363157868385315
205,RIGHT_ANKLE,0.3119533658027649,0.9189751744270325,-0.39360228180885315
205,LEFT_HEEL,0.3190430998802185,0.9212996363639832,0.1728159785270691
205,RIGHT_HEEL,0.28515276312828064,0.9459665417671204,-0.40821728110313416
205,LEFT_FOOT_INDEX,0.4172646105289459,0.9303762316703796,0.0949917882680893
205,RIGHT_FOOT_INDEX,0.39254167675971985,0.954173743724823,-0.5515807867050171
206,NOSE,0.5128841400146484,0.3248143792152405,-0.10617043823003769
206,LEFT_EYE_INNER,0.5186716318130493,0.3078232407569885,-0.08288123458623886
206,LEFT_EYE,0.519417405128479,0.3074832856655121,-0.08304117619991302
206,LEFT_EYE_OUTER,0.5200581550598145,0.3069429099559784,-0.0830976665019989
206,RIGHT_EYE_INNER,0.5116709470748901,0.3036704659461975,-0.12248949706554413
206,RIGHT_EYE,0.5070751309394836,0.3001245856285095,-0.12258553504943848
206,RIGHT_EYE_OUTER,0.5017963647842407,0.29606711864471436,-0.1226402297616005
206,LEFT_EAR,0.5053023099899292,0.3026968240737915,0.05332537740468979
206,RIGHT_EAR,0.4794239401817322,0.2887091338634491,-0.13996808230876923
206,MOUTH_LEFT,0.5016151070594788,0.3364100158214569,-0.051095932722091675
206,MOUTH_RIGHT,0.4946935772895813,0.3324454426765442,-0.10463936626911163
206,LEFT_SHOULDER,0.4693692624568939,0.3776719868183136,0.16509407758712769
206,RIGHT_SHOULDER,0.3884740471839905,0.3264518082141876,-0.1781267672777176
206,LEFT_ELBOW,0.467191219329834,0.4526311755180359,0.06715990602970123
206,RIGHT_ELBOW,0.34756290912628174,0.39699673652648926,-0.39256712794303894
206,LEFT_WRIST,0.4679632782936096,0.40021419525146484,-0.17163141071796417
206,RIGHT_WRIST,0.39340513944625854,0.3712007403373718,-0.5840759873390198
206,LEFT_PINKY,0.4637623727321625,0.3968173563480377,-0.2045336216688156
206,RIGHT_PINKY,0.4033300280570984,0.35949552059173584,-0.6322523355484009
206,LEFT_INDEX,0.46434324979782104,0.3832656741142273,-0.19161447882652283
206,RIGHT_INDEX,0.40546631813049316,0.34962910413742065,-0.6270288825035095
206,LEFT_THUMB,0.46045956015586853,0.38645511865615845,-0.1742386370897293
206,RIGHT_THUMB,0.4052553176879883,0.35438594222068787,-0.5834970474243164
206,LEFT_HIP,0.3562798798084259,0.58322674036026,0.1311541646718979
206,RIGHT_HIP,0.30859410762786865,0.5686394572257996,-0.1308954656124115
206,LEFT_KNEE,0.40174373984336853,0.7273770570755005,0.11538614332675934
206,RIGHT_KNEE,0.37557655572891235,0.7249594330787659,-0.3161945044994354
206,LEFT_ANKLE,0.34546682238578796,0.8907006978988647,0.18100857734680176
206,RIGHT_ANKLE,0.312051922082901,0.918991208076477,-0.38544148206710815
206,LEFT_HEEL,0.3200366497039795,0.9210401773452759,0.1802232414484024
206,RIGHT_HEEL,0.2851502001285553,0.9461238980293274,-0.4010290205478668
206,LEFT_FOOT_INDEX,0.41750702261924744,0.9303394556045532,0.10370580852031708
206,RIGHT_FOOT_INDEX,0.392774760723114,0.9541862607002258,-0.5440749526023865
207,NOSE,0.5131708979606628,0.3277233839035034,-0.06775779277086258
207,LEFT_EYE_INNER,0.5188699960708618,0.3108462393283844,-0.04732537269592285
207,LEFT_EYE,0.5194369554519653,0.3099280297756195,-0.04733412712812424
207,LEFT_EYE_OUTER,0.5200561881065369,0.3088080883026123,-0.04731104522943497
207,RIGHT_EYE_INNER,0.5131295919418335,0.3078523278236389,-0.098242849111557
207,RIGHT_EYE,0.5092161297798157,0.30456995964050293,-0.09832487255334854
207,RIGHT_EYE_OUTER,0.5047875046730042,0.3007357716560364,-0.0983775407075882
207,LEFT_EAR,0.5045651793479919,0.30272337794303894,0.07372049242258072
207,RIGHT_EAR,0.4818083643913269,0.2906980812549591,-0.14726828038692474
207,MOUTH_LEFT,0.5016026496887207,0.3372626006603241,-0.018088651821017265
207,MOUTH_RIGHT,0.4950381815433502,0.3338903784751892,-0.08452190458774567
207,LEFT_SHOULDER,0.4616176187992096,0.3667256534099579,0.1944310963153839
207,RIGHT_SHOULDER,0.38855722546577454,0.33203136920928955,-0.22191064059734344
207,LEFT_ELBOW,0.45943737030029297,0.4595606327056885,0.0658317282795906
207,RIGHT_ELBOW,0.35219550132751465,0.44108614325523376,-0.19636283814907074
207,LEFT_WRIST,0.45775336027145386,0.4105125963687897,-0.2491656243801117
207,RIGHT_WRIST,0.44027477502822876,0.43746790289878845,0.08898245543241501
207,LEFT_PINKY,0.4554661214351654,0.4062715470790863,-0.2940918803215027
207,RIGHT_PINKY,0.4629143178462982,0.44330182671546936,0.1090848296880722
207,LEFT_INDEX,0.4539317190647125,0.39529913663864136,-0.2671123445034027
207,RIGHT_INDEX,0.4626304507255554,0.4277007579803467,0.08884414285421371
207,LEFT_THUMB,0.4505690634250641,0.39685291051864624,-0.25066709518432617
207,RIGHT_THUMB,0.45101529359817505,0.426380455493927,0.09461845457553864
207,LEFT_HIP,0.3565075993537903,0.5826385021209717,0.14304831624031067
207,RIGHT_HIP,0.3129441440105438,0.5708893537521362,-0.1428862065076828
207,LEFT_KNEE,0.4025627076625824,0.7273846864700317,0.17142239212989807
207,RIGHT_KNEE,0.3799750506877899,0.730082631111145,-0.2429198920726776
207,LEFT_ANKLE,0.3454241454601288,0.8886653184890747,0.24077892303466797
207,RIGHT_ANKLE,0.31430310010910034,0.9188848733901978,-0.28537049889564514
207,LEFT_HEEL,0.3197965621948242,0.9183090925216675,0.24101302027702332
207,RIGHT_HEEL,0.28606805205345154,0.9463149309158325,-0.2952767312526703
207,LEFT_FOOT_INDEX,0.41604241728782654,0.9275825619697571,0.1803104281425476
207,RIGHT_FOOT_INDEX,0.39395326375961304,0.9542854428291321,-0.4004055857658386
208,NOSE,0.5140233039855957,0.3292846977710724,-0.07272636145353317
208,LEFT_EYE_INNER,0.5194253921508789,0.312513142824173,-0.051698096096515656
208,LEFT_EYE,0.5197359919548035,0.311384379863739,-0.05172216147184372
208,LEFT_EYE_OUTER,0.5201443433761597,0.310004860162735,-0.0517059750854969
208,RIGHT_EYE_INNER,0.5145761966705322,0.3097635507583618,-0.10136622190475464
208,RIGHT_EYE,0.5109837651252747,0.30646729469299316,-0.10145001113414764
208,RIGHT_EYE_OUTER,0.506841778755188,0.30255675315856934,-0.10151469707489014
208,LEFT_EAR,0.5043916702270508,0.3025817573070526,0.0725594237446785
208,RIGHT_EAR,0.4835236072540283,0.29133862257003784,-0.14848966896533966
208,MOUTH_LEFT,0.5018454790115356,0.33817511796951294,-0.021536527201533318
208,MOUTH_RIGHT,0.4962308406829834,0.3348674178123474,-0.0863567367196083
208,LEFT_SHOULDER,0.4607373774051666,0.3634192645549774,0.19399258494377136
208,RIGHT_SHOULDER,0.38866791129112244,0.33332985639572144,-0.2260628044605255
208,LEFT_ELBOW,0.4582544267177582,0.4634586274623871,0.05421794205904007
208,RIGHT_ELBOW,0.35691505670547485,0.44400691986083984,-0.20694415271282196
208,LEFT_WRIST,0.4552970826625824,0.41545557975769043,-0.26729974150657654
208,RIGHT_WRIST,0.45298242568969727,0.43917712569236755,0.051306068897247314
208,LEFT_PINKY,0.4550057351589203,0.41058602929115295,-0.31318679451942444
208,RIGHT_PINKY,0.4781394600868225,0.44569721817970276,0.06602063030004501
208,LEFT_INDEX,0.4527411460876465,0.3993372619152069,-0.2865663170814514
208,RIGHT_INDEX,0.4781282842159271,0.4285634458065033,0.05029646307229996
208,LEFT_THUMB,0.4478049874305725,0.4008359909057617,-0.2691630721092224
208,RIGHT_THUMB,0.4654085636138916,0.4272783696651459,0.05759834125638008
208,LEFT_HIP,0.356793075799942,0.582492470741272,0.14453166723251343
208,RIGHT_HIP,0.31352871656417847,0.5706379413604736,-0.14434190094470978
208,LEFT_KNEE,0.40348711609840393,0.7274313569068909,0.14775113761425018
208,RIGHT_KNEE,0.38093000650405884,0.7296394109725952,-0.25460511445999146
208,LEFT_ANKLE,0.3452995717525482,0.8884589076042175,0.2037208378314972
208,RIGHT_ANKLE,0.31583109498023987,0.9178801774978638,-0.29809194803237915
208,LEFT_HEEL,0.31936171650886536,0.9182025790214539,0.2021828591823578
208,RIGHT_HEEL,0.28681328892707825,0.9456664323806763,-0.3084971308708191
208,LEFT_FOOT_INDEX,0.41399478912353516,0.9272130727767944,0.12972982227802277
208,RIGHT_FOOT_INDEX,0.393693745136261,0.9533441662788391,-0.4244576096534729
209,NOSE,0.5150574445724487,0.32818546891212463,-0.07582663744688034
209,LEFT_EYE_INNER,0.5199088454246521,0.31176647543907166,-0.055231332778930664
209,LEFT_EYE,0.5201982259750366,0.31083327531814575,-0.055286817252635956
209,LEFT_EYE_OUTER,0.5205718278884888,0.3096567392349243,-0.05527644231915474
209,RIGHT_EYE_INNER,0.5151273012161255,0.3088264465332031,-0.10501476377248764
209,RIGHT_EYE,0.5115154981613159,0.3055996298789978,-0.1051047220826149
209,RIGHT_EYE_OUTER,0.5073630809783936,0.3018474280834198,-0.10519419610500336
209,LEFT_EAR,0.5048204064369202,0.30248403549194336,0.06653342396020889
209,RIGHT_EAR,0.48404011130332947,0.29147347807884216,-0.16048477590084076
209,MOUTH_LEFT,0.5028283596038818,0.33751171827316284,-0.02591284178197384
209,MOUTH_RIGHT,0.497123658657074,0.33409473299980164,-0.08998122811317444
209,LEFT_SHOULDER,0.4645865857601166,0.36362847685813904,0.20309504866600037
209,RIGHT_SHOULDER,0.3888394236564636,0.3375507593154907,-0.23513361811637878
209,LEFT_ELBOW,0.45993056893348694,0.4727559983730316,0.08177874237298965
209,RIGHT_ELBOW,0.3496324121952057,0.45781105756759644,-0.21059231460094452
209,LEFT_WRIST,0.47321978211402893,0.4559701383113861,-0.2527313530445099
209,RIGHT_WRIST,0.444084495306015,0.47347497940063477,-0.04182666912674904
209,LEFT_PINKY,0.48322343826293945,0.4527875483036041,-0.30340075492858887
209,RIGHT_PINKY,0.46685224771499634,0.4776107370853424,-0.04462207853794098
209,LEFT_INDEX,0.4822518229484558,0.4404231905937195,-0.2933061420917511
209,RIGHT_INDEX,0.4719858765602112,0.46003955602645874,-0.05358777567744255
209,LEFT_THUMB,0.47374647855758667,0.4396939277648926,-0.2620762586593628
209,RIGHT_THUMB,0.4634532034397125,0.4569338858127594,-0.03456069529056549
209,LEFT_HIP,0.3588305413722992,0.5779072046279907,0.14871877431869507
209,RIGHT_HIP,0.3145766258239746,0.5693598389625549,-0.1485033929347992
209,LEFT_KNEE,0.4064258933067322,0.727368950843811,0.14156025648117065
209,RIGHT_KNEE,0.3800244927406311,0.7299500703811646,-0.2215013951063156
209,LEFT_ANKLE,0.34756913781166077,0.8871761560440063,0.19319573044776917
209,RIGHT_ANKLE,0.31965771317481995,0.9154629707336426,-0.22270989418029785
209,LEFT_HEEL,0.3205103278160095,0.917793869972229,0.19147709012031555
209,RIGHT_HEEL,0.2888990640640259,0.9440705180168152,-0.23026955127716064
209,LEFT_FOOT_INDEX,0.41392627358436584,0.9269511103630066,0.11472711712121964
209,RIGHT_FOOT_INDEX,0.3961102366447449,0.9516181945800781,-0.35637736320495605
210,NOSE,0.515565037727356,0.3276217579841614,-0.0788562074303627
210,LEFT_EYE_INNER,0.5201793909072876,0.31157058477401733,-0.05870307609438896
210,LEFT_EYE,0.5204330682754517,0.31075242161750793,-0.058769095689058304
210,LEFT_EYE_OUTER,0.5207659602165222,0.30970415472984314,-0.05876161903142929
210,RIGHT_EYE_INNER,0.5155035257339478,0.3085298538208008,-0.10773584991693497
210,RIGHT_EYE,0.5119161605834961,0.30533480644226074,-0.10782716423273087
210,RIGHT_EYE_OUTER,0.5077825784683228,0.30164211988449097,-0.1079196184873581
210,LEFT_EAR,0.5051209330558777,0.3026328682899475,0.06444437801837921
210,RIGHT_EAR,0.4845186173915863,0.29158103466033936,-0.16613991558551788
210,MOUTH_LEFT,0.5031130313873291,0.3371211290359497,-0.029399514198303223
210,MOUTH_RIGHT,0.4975713789463043,0.3335939049720764,-0.09236622601747513
210,LEFT_SHOULDER,0.4663853645324707,0.3645426630973816,0.20148742198944092
210,RIGHT_SHOULDER,0.38887354731559753,0.33874619007110596,-0.23775453865528107
210,LEFT_ELBOW,0.46122393012046814,0.478732168674469,0.08760134875774384
210,RIGHT_ELBOW,0.3480239510536194,0.4616944193840027,-0.21184603869915009
210,LEFT_WRIST,0.4821266531944275,0.46271228790283203,-0.24881458282470703
210,RIGHT_WRIST,0.4446600079536438,0.4741303026676178,-0.047982357442379
210,LEFT_PINKY,0.48961949348449707,0.4579176902770996,-0.2990209758281708
210,RIGHT_PINKY,0.46861982345581055,0.4768456518650055,-0.05133208632469177
210,LEFT_INDEX,0.48842883110046387,0.4450462758541107,-0.2893707752227783
210,RIGHT_INDEX,0.47339385747909546,0.46100038290023804,-0.0594460554420948
210,LEFT_THUMB,0.4829333424568176,0.44567471742630005,-0.2583034336566925
210,RIGHT_THUMB,0.4651603698730469,0.4579450488090515,-0.04039822891354561
210,LEFT_HIP,0.359566867351532,0.576318621635437,0.14905010163784027
210,RIGHT_HIP,0.3146553933620453,0.5684816241264343,-0.14882810413837433
210,LEFT_KNEE,0.4085421562194824,0.727318525314331,0.13264480233192444
210,RIGHT_KNEE,0.38034456968307495,0.7299607992172241,-0.21525458991527557
210,LEFT_ANKLE,0.3486897945404053,0.8866193890571594,0.18784646689891815
210,RIGHT_ANKLE,0.3216100335121155,0.9138587713241577,-0.20817112922668457
210,LEFT_HEEL,0.32048389315605164,0.9179365038871765,0.18581947684288025
210,RIGHT_HEEL,0.29064759612083435,0.942811131477356,-0.21477937698364258
210,LEFT_FOOT_INDEX,0.41380804777145386,0.9271214604377747,0.11150093376636505
210,RIGHT_FOOT_INDEX,0.3977997303009033,0.9506796598434448,-0.34045881032943726
211,NOSE,0.5163269639015198,0.3278592824935913,-0.09949909150600433
211,LEFT_EYE_INNER,0.5207990407943726,0.3115583062171936,-0.07671023905277252
211,LEFT_EYE,0.5210467576980591,0.3106994330883026,-0.07686847448348999
211,LEFT_EYE_OUTER,0.5213375091552734,0.3096289038658142,-0.07694630324840546
211,RIGHT_EYE_INNER,0.5160254836082458,0.3086649477481842,-0.1340148001909256
211,RIGHT_EYE,0.5123820900917053,0.30553966760635376,-0.13405504822731018
211,RIGHT_EYE_OUTER,0.5082193613052368,0.30195680260658264,-0.13414859771728516
211,LEFT_EAR,0.505311131477356,0.30258193612098694,0.04107045754790306
211,RIGHT_EAR,0.48520025610923767,0.29213911294937134,-0.20931418240070343
211,MOUTH_LEFT,0.5039502382278442,0.337353378534317,-0.050447918474674225
211,MOUTH_RIGHT,0.49813491106033325,0.33390578627586365,-0.12387228012084961
211,LEFT_SHOULDER,0.46516790986061096,0.36473435163497925,0.19644640386104584
211,RIGHT_SHOULDER,0.39469024538993835,0.34037500619888306,-0.3044072091579437
211,LEFT_ELBOW,0.4664347171783447,0.47969937324523926,0.20220890641212463
211,RIGHT_ELBOW,0.390656977891922,0.475673109292984,-0.30551156401634216
211,LEFT_WRIST,0.5171549916267395,0.510801374912262,-0.014545328915119171
211,RIGHT_WRIST,0.4723038673400879,0.4837643504142761,-0.20299021899700165
211,LEFT_PINKY,0.532924473285675,0.5205901861190796,-0.0393957793712616
211,RIGHT_PINKY,0.5044905543327332,0.5038276314735413,-0.2242204248905182
211,LEFT_INDEX,0.5424865484237671,0.5060688853263855,-0.06665448099374771
211,RIGHT_INDEX,0.49832478165626526,0.4744407534599304,-0.2281842678785324
211,LEFT_THUMB,0.5337132215499878,0.5030804872512817,-0.036130115389823914
211,RIGHT_THUMB,0.48883408308029175,0.46978265047073364,-0.19901202619075775
211,LEFT_HIP,0.3604872524738312,0.5705205798149109,0.15624071657657623
211,RIGHT_HIP,0.31427451968193054,0.5614144206047058,-0.1559864580631256
211,LEFT_KNEE,0.40847474336624146,0.7233820557594299,0.0723055750131607
211,RIGHT_KNEE,0.3796705901622772,0.7232818603515625,-0.23669631779193878
211,LEFT_ANKLE,0.34958094358444214,0.8847980499267578,0.10170964896678925
211,RIGHT_ANKLE,0.32761651277542114,0.9057859182357788,-0.23514477908611298
211,LEFT_HEEL,0.32202789187431335,0.9161036610603333,0.09604769945144653
211,RIGHT_HEEL,0.3005041480064392,0.9355076551437378,-0.243117094039917
211,LEFT_FOOT_INDEX,0.41382700204849243,0.9252923727035522,-0.0047854213044047356
211,RIGHT_FOOT_INDEX,0.40036994218826294,0.9444983601570129,-0.38097527623176575
212,NOSE,0.5170110464096069,0.3278834819793701,-0.10129696130752563
212,LEFT_EYE_INNER,0.5213415026664734,0.3114756643772125,-0.07827524095773697
212,LEFT_EYE,0.5215859413146973,0.3105905055999756,-0.07844139635562897
212,LEFT_EYE_OUTER,0.5218402147293091,0.309503436088562,-0.07852654159069061
212,RIGHT_EYE_INNER,0.5164985656738281,0.3086411952972412,-0.1349235326051712
212,RIGHT_EYE,0.5128118395805359,0.3055308759212494,-0.13496872782707214
212,RIGHT_EYE_OUTER,0.5086104869842529,0.3019769787788391,-0.13505811989307404
212,LEFT_EAR,0.5055212378501892,0.3025382459163666,0.04015030711889267
212,RIGHT_EAR,0.4856875538825989,0.29231345653533936,-0.2040369212627411
212,MOUTH_LEFT,0.5047394037246704,0.3373458981513977,-0.0518488809466362
212,MOUTH_RIGHT,0.49875298142433167,0.33392754197120667,-0.12406083196401596
212,LEFT_SHOULDER,0.4645655155181885,0.3649795651435852,0.19988998770713806
212,RIGHT_SHOULDER,0.39727330207824707,0.3412470817565918,-0.29990655183792114
212,LEFT_ELBOW,0.46902886033058167,0.479608952999115,0.19063574075698853
212,RIGHT_ELBOW,0.39470142126083374,0.47749727964401245,-0.3085981011390686
212,LEFT_WRIST,0.5166136622428894,0.5112622976303101,-0.04135861247777939
212,RIGHT_WRIST,0.4703872799873352,0.4849797189235687,-0.19171181321144104
212,LEFT_PINKY,0.5308312177658081,0.5211710333824158,-0.07054616510868073
212,RIGHT_PINKY,0.5015221834182739,0.5086899995803833,-0.21484693884849548
212,LEFT_INDEX,0.5390350818634033,0.5059105753898621,-0.083131805062294
212,RIGHT_INDEX,0.49812373518943787,0.48257866501808167,-0.21988742053508759
212,LEFT_THUMB,0.5306949615478516,0.5028237104415894,-0.05812422186136246
212,RIGHT_THUMB,0.48872971534729004,0.4777251183986664,-0.18801233172416687
212,LEFT_HIP,0.3607328534126282,0.5677870512008667,0.15812094509601593
212,RIGHT_HIP,0.31400638818740845,0.5579790472984314,-0.15785719454288483
212,LEFT_KNEE,0.4083806574344635,0.721328854560852,0.06344795972108841
212,RIGHT_KNEE,0.3789258301258087,0.7198370099067688,-0.24486258625984192
212,LEFT_ANKLE,0.3505780100822449,0.8842849731445312,0.08819472044706345
212,RIGHT_ANKLE,0.3280341923236847,0.9044011831283569,-0.24447806179523468
212,LEFT_HEEL,0.32280415296554565,0.9162018895149231,0.08210282027721405
212,RIGHT_HEEL,0.30127090215682983,0.9348523020744324,-0.25273874402046204
212,LEFT_FOOT_INDEX,0.41383758187294006,0.9242194294929504,-0.01972331665456295
212,RIGHT_FOOT_INDEX,0.40081629157066345,0.9425889849662781,-0.3926807641983032
213,NOSE,0.5166845917701721,0.32807254791259766,-0.11046365648508072
213,LEFT_EYE_INNER,0.5212994813919067,0.31165117025375366,-0.08747047930955887
213,LEFT_EYE,0.5215832591056824,0.31084051728248596,-0.08765208721160889
213,LEFT_EYE_OUTER,0.5218491554260254,0.3098334074020386,-0.0877709835767746
213,RIGHT_EYE_INNER,0.5163050889968872,0.3086961507797241,-0.14200010895729065
213,RIGHT_EYE,0.5126238465309143,0.3056027293205261,-0.14201214909553528
213,RIGHT_EYE_OUTER,0.5084686279296875,0.3020915687084198,-0.14212162792682648
213,LEFT_EAR,0.5059228539466858,0.3030785918235779,0.033307064324617386
213,RIGHT_EAR,0.48576298356056213,0.2927270531654358,-0.20603637397289276
213,MOUTH_LEFT,0.5047476887702942,0.33770567178726196,-0.0593147873878479
213,MOUTH_RIGHT,0.4986492693424225,0.33423733711242676,-0.13018372654914856
213,LEFT_SHOULDER,0.4583483636379242,0.3631446659564972,0.19949793815612793
213,RIGHT_SHOULDER,0.4075845181941986,0.34041541814804077,-0.31442350149154663
213,LEFT_ELBOW,0.46786555647850037,0.47768545150756836,0.3001120388507843
213,RIGHT_ELBOW,0.40109553933143616,0.4627925753593445,-0.4515891671180725
213,LEFT_WRIST,0.5264942049980164,0.5353647470474243,0.22998353838920593
213,RIGHT_WRIST,0.4842354357242584,0.525415301322937,-0.5289015173912048
213,LEFT_PINKY,0.5416770577430725,0.5553222298622131,0.23306222259998322
213,RIGHT_PINKY,0.5018991231918335,0.5513712167739868,-0.5859930515289307
213,LEFT_INDEX,0.5538750886917114,0.5437624454498291,0.18897466361522675
213,RIGHT_INDEX,0.5162190198898315,0.5367687940597534,-0.5720414519309998
213,LEFT_THUMB,0.5461912751197815,0.5385783910751343,0.2080121487379074
213,RIGHT_THUMB,0.5074025392532349,0.5281527638435364,-0.5240654945373535
213,LEFT_HIP,0.3583340644836426,0.5662901997566223,0.16224384307861328
213,RIGHT_HIP,0.31462782621383667,0.5583876371383667,-0.1620044708251953
213,LEFT_KNEE,0.40441352128982544,0.7213913798332214,0.13056647777557373
213,RIGHT_KNEE,0.37870121002197266,0.7202246785163879,-0.24085144698619843
213,LEFT_ANKLE,0.3504718244075775,0.8838971853256226,0.19643644988536835
213,RIGHT_ANKLE,0.32932108640670776,0.9051106572151184,-0.22236764430999756
213,LEFT_HEEL,0.32321441173553467,0.9156034588813782,0.19509461522102356
213,RIGHT_HEEL,0.3026791512966156,0.9341796636581421,-0.22955670952796936
213,LEFT_FOOT_INDEX,0.41406264901161194,0.9231747388839722,0.11113975197076797
213,RIGHT_FOOT_INDEX,0.4061003625392914,0.9420027732849121,-0.3688201308250427
214,NOSE,0.5164591670036316,0.3285079598426819,-0.11619635671377182
214,LEFT_EYE_INNER,0.5212587118148804,0.31208914518356323,-0.09370838105678558
214,LEFT_EYE,0.5215692520141602,0.3113076388835907,-0.09388618171215057
214,LEFT_EYE_OUTER,0.5218506455421448,0.3103385865688324,-0.0940106064081192
214,RIGHT_EYE_INNER,0.5162452459335327,0.30913856625556946,-0.14790768921375275
214,RIGHT_EYE,0.5126051306724548,0.3061065077781677,-0.14791053533554077
214,RIGHT_EYE_OUTER,0.5083875060081482,0.302684485912323,-0.1480247527360916
214,LEFT_EAR,0.5060463547706604,0.30365875363349915,0.0266677625477314
214,RIGHT_EAR,0.48596397042274475,0.29337817430496216,-0.2150256186723709
214,MOUTH_LEFT,0.5047444701194763,0.33819860219955444,-0.06481806188821793
214,MOUTH_RIGHT,0.4986020624637604,0.33473771810531616,-0.13588525354862213
214,LEFT_SHOULDER,0.4554174542427063,0.36210760474205017,0.19682547450065613
214,RIGHT_SHOULDER,0.41206541657447815,0.3400188088417053,-0.32506293058395386
214,LEFT_ELBOW,0.4668613076210022,0.4776199758052826,0.30387598276138306
214,RIGHT_ELBOW,0.4022206664085388,0.46072545647621155,-0.4682704508304596
214,LEFT_WRIST,0.5324582457542419,0.5414330363273621,0.2412557154893875
214,RIGHT_WRIST,0.48704877495765686,0.5329775810241699,-0.5426221489906311
214,LEFT_PINKY,0.5488635301589966,0.561951220035553,0.24637266993522644
214,RIGHT_PINKY,0.5032097697257996,0.5591968297958374,-0.5986636877059937
214,LEFT_INDEX,0.5614844560623169,0.5519026517868042,0.20186057686805725
214,RIGHT_INDEX,0.5196558833122253,0.5454462766647339,-0.5848520398139954
214,LEFT_THUMB,0.5532206296920776,0.546758770942688,0.2193252295255661
214,RIGHT_THUMB,0.5108266472816467,0.5365878343582153,-0.5377013087272644
214,LEFT_HIP,0.35683348774909973,0.5650380253791809,0.16379274427890778
214,RIGHT_HIP,0.31519612669944763,0.5586768388748169,-0.1635695844888687
214,LEFT_KNEE,0.40218424797058105,0.7213467359542847,0.1483057588338852
214,RIGHT_KNEE,0.36632388830184937,0.735946774482727,-0.23583035171031952
214,LEFT_ANKLE,0.35046130418777466,0.8830512762069702,0.2187443971633911
214,RIGHT_ANKLE,0.3299403786659241,0.9050973653793335,-0.21368244290351868
214,LEFT_HEEL,0.3235030770301819,0.9146254658699036,0.21789126098155975
214,RIGHT_HEEL,0.3033989667892456,0.9336032867431641,-0.2208797186613083
214,LEFT_FOOT_INDEX,0.41435614228248596,0.9221500158309937,0.13559065759181976
214,RIGHT_FOOT_INDEX,0.40797653794288635,0.9418212175369263,-0.3600800633430481
215,NOSE,0.5160698890686035,0.3297709822654724,-0.15206129848957062
215,LEFT_EYE_INNER,0.5210824608802795,0.3131989538669586,-0.13075825572013855
215,LEFT_EYE,0.521344780921936,0.3122381567955017,-0.13092449307441711
215,LEFT_EYE_OUTER,0.5215598940849304,0.3110888600349426,-0.13105174899101257
215,RIGHT_EYE_INNER,0.5162014961242676,0.31046974658966064,-0.18826159834861755
215,RIGHT_EYE,0.5125721096992493,0.307473361492157,-0.18827247619628906
215,RIGHT_EYE_OUTER,0.5084890127182007,0.3041006028652191,-0.18836872279644012
215,LEFT_EAR,0.5052627325057983,0.30361777544021606,-0.014385370537638664
215,RIGHT_EAR,0.48631319403648376,0.29374217987060547,-0.27446430921554565
215,MOUTH_LEFT,0.5040987133979797,0.33881887793540955,-0.10137800872325897
215,MOUTH_RIGHT,0.4984516501426697,0.33522412180900574,-0.17744264006614685
215,LEFT_SHOULDER,0.44975385069847107,0.3615686297416687,0.15888631343841553
215,RIGHT_SHOULDER,0.4097192883491516,0.34033530950546265,-0.37223851680755615
215,LEFT_ELBOW,0.4450926184654236,0.47942298650741577,0.27736616134643555
215,RIGHT_ELBOW,0.4040411114692688,0.4748922288417816,-0.4861559271812439
215,LEFT_WRIST,0.5231050848960876,0.5509266257286072,0.22147627174854279
215,RIGHT_WRIST,0.5031465888023376,0.5461007952690125,-0.5176460146903992
215,LEFT_PINKY,0.5437609553337097,0.571526288986206,0.22634780406951904
215,RIGHT_PINKY,0.524457573890686,0.5721163153648376,-0.568057656288147
215,LEFT_INDEX,0.5572770237922668,0.5645759701728821,0.17968028783798218
215,RIGHT_INDEX,0.5400320291519165,0.5548292398452759,-0.5583164095878601
215,LEFT_THUMB,0.546776294708252,0.5594717860221863,0.1984618455171585
215,RIGHT_THUMB,0.5287373065948486,0.5458580255508423,-0.5129382610321045
215,LEFT_HIP,0.35565921664237976,0.5653150081634521,0.16497129201889038
215,RIGHT_HIP,0.3150206208229065,0.5592111349105835,-0.16479888558387756
215,LEFT_KNEE,0.4015129506587982,0.7193142175674438,0.1981428563594818
215,RIGHT_KNEE,0.3686182200908661,0.7268444299697876,-0.23863764107227325
215,LEFT_ANKLE,0.3495689034461975,0.8781654238700867,0.30072152614593506
215,RIGHT_ANKLE,0.329402893781662,0.9037955403327942,-0.2107100486755371
215,LEFT_HEEL,0.3232601284980774,0.909101665019989,0.303705096244812
215,RIGHT_HEEL,0.3024974465370178,0.9340127110481262,-0.21618156135082245
215,LEFT_FOOT_INDEX,0.41419458389282227,0.9179841876029968,0.23352286219596863
215,RIGHT_FOOT_INDEX,0.408006489276886,0.94208163022995,-0.3448203504085541
216,NOSE,0.5144534111022949,0.3312597870826721,-0.16220280528068542
216,LEFT_EYE_INNER,0.5206639170646667,0.31460171937942505,-0.14018614590168
216,LEFT_EYE,0.5210162401199341,0.31372955441474915,-0.14034688472747803
216,LEFT_EYE_OUTER,0.5212782621383667,0.3126567006111145,-0.14045223593711853
216,RIGHT_EYE_INNER,0.5157543420791626,0.3113977313041687,-0.19523245096206665
216,RIGHT_EYE,0.5122319459915161,0.3081532120704651,-0.1952519714832306
216,RIGHT_EYE_OUTER,0.5082513093948364,0.30453571677207947,-0.195344477891922
216,LEFT_EAR,0.504827618598938,0.3038097321987152,-0.017555465921759605
216,RIGHT_EAR,0.4862825274467468,0.2936709225177765,-0.2663445770740509
216,MOUTH_LEFT,0.5028073191642761,0.33999818563461304,-0.10942251980304718
216,MOUTH_RIGHT,0.4973786771297455,0.33576342463493347,-0.18233755230903625
216,LEFT_SHOULDER,0.4495823383331299,0.35785529017448425,0.14551213383674622
216,RIGHT_SHOULDER,0.406392902135849,0.3390243649482727,-0.3528021275997162
216,LEFT_ELBOW,0.4533827304840088,0.4756227433681488,0.26003944873809814
216,RIGHT_ELBOW,0.39873796701431274,0.4693630635738373,-0.45912861824035645
216,LEFT_WRIST,0.529224693775177,0.5494890809059143,0.19145546853542328
216,RIGHT_WRIST,0.4878586232662201,0.5222101807594299,-0.49310368299484253
216,LEFT_PINKY,0.5380192995071411,0.5644610524177551,0.19396670162677765
216,RIGHT_PINKY,0.5136650204658508,0.5564883947372437,-0.540469765663147
216,LEFT_INDEX,0.5587283372879028,0.5645971894264221,0.15067076683044434
216,RIGHT_INDEX,0.5272553563117981,0.5382226705551147,-0.5340684652328491
216,LEFT_THUMB,0.5486636757850647,0.558642566204071,0.17042604088783264
216,RIGHT_THUMB,0.5168187618255615,0.5299293994903564,-0.4893954396247864
216,LEFT_HIP,0.3557577431201935,0.5648947954177856,0.1627615988254547
216,RIGHT_HIP,0.31263265013694763,0.5593103170394897,-0.16258005797863007
216,LEFT_KNEE,0.40153393149375916,0.7177442312240601,0.19083862006664276
216,RIGHT_KNEE,0.3632240891456604,0.7286856174468994,-0.2443183958530426
216,LEFT_ANKLE,0.34954634308815,0.8724722862243652,0.2835993766784668
216,RIGHT_ANKLE,0.32903391122817993,0.900311291217804,-0.22815349698066711
216,LEFT_HEEL,0.3230622410774231,0.902764618396759,0.28538456559181213
216,RIGHT_HEEL,0.30184829235076904,0.9323998689651489,-0.23555755615234375
216,LEFT_FOOT_INDEX,0.4141992926597595,0.9141988754272461,0.21058785915374756
216,RIGHT_FOOT_INDEX,0.40727418661117554,0.9416106939315796,-0.36660829186439514
217,NOSE,0.5144567489624023,0.3314506411552429,-0.056201715022325516
217,LEFT_EYE_INNER,0.5206620693206787,0.3143889904022217,-0.036776937544345856
217,LEFT_EYE,0.5208491086959839,0.31360679864883423,-0.03689589723944664
217,LEFT_EYE_OUTER,0.5207138061523438,0.3122762143611908,-0.03696645051240921
217,RIGHT_EYE_INNER,0.5171574354171753,0.3118797242641449,-0.09790580719709396
217,RIGHT_EYE,0.5149880051612854,0.30913490056991577,-0.09792923927307129
217,RIGHT_EYE_OUTER,0.5127584934234619,0.30617785453796387,-0.09808472543954849
217,LEFT_EAR,0.5036714673042297,0.3007740080356598,0.0565253384411335
217,RIGHT_EAR,0.4934239387512207,0.29442426562309265,-0.2372719943523407
217,MOUTH_LEFT,0.5017882585525513,0.33986353874206543,-0.014239529147744179
217,MOUTH_RIGHT,0.49754977226257324,0.33606210350990295,-0.09483535587787628
217,LEFT_SHOULDER,0.43255776166915894,0.351258248090744,0.2164096087217331
217,RIGHT_SHOULDER,0.41627636551856995,0.33738917112350464,-0.32904237508773804
217,LEFT_ELBOW,0.43756619095802307,0.47334855794906616,0.3349817395210266
217,RIGHT_ELBOW,0.40024757385253906,0.47108086943626404,-0.3800632655620575
217,LEFT_WRIST,0.5260204076766968,0.537649929523468,0.26621097326278687
217,RIGHT_WRIST,0.48375457525253296,0.5305349826812744,-0.28004568815231323
217,LEFT_PINKY,0.5300267934799194,0.5561996698379517,0.2700831890106201
217,RIGHT_PINKY,0.5098174810409546,0.5676993131637573,-0.31347304582595825
217,LEFT_INDEX,0.5453065037727356,0.5498450398445129,0.22682085633277893
217,RIGHT_INDEX,0.522945761680603,0.5523361563682556,-0.3020714819431305
217,LEFT_THUMB,0.5366503596305847,0.5446388721466064,0.24317581951618195
217,RIGHT_THUMB,0.512266993522644,0.5426583886146545,-0.2708820700645447
217,LEFT_HIP,0.34022876620292664,0.5643051862716675,0.16899211704730988
217,RIGHT_HIP,0.3267994821071625,0.5632251501083374,-0.16882213950157166
217,LEFT_KNEE,0.3863449692726135,0.7219539880752563,0.27946820855140686
217,RIGHT_KNEE,0.3637022376060486,0.7326961755752563,-0.09561581909656525
217,LEFT_ANKLE,0.3463124632835388,0.8726547956466675,0.43703922629356384
217,RIGHT_ANKLE,0.330028235912323,0.9010517001152039,0.00699746236205101
217,LEFT_HEEL,0.32096415758132935,0.9027959108352661,0.4463905692100525
217,RIGHT_HEEL,0.30309659242630005,0.9326063394546509,0.010511479340493679
217,LEFT_FOOT_INDEX,0.4091728627681732,0.9118483662605286,0.3884654939174652
217,RIGHT_FOOT_INDEX,0.4074705243110657,0.9418862462043762,-0.09491072595119476
218,NOSE,0.5144023895263672,0.3313533663749695,-0.036661546677351
218,LEFT_EYE_INNER,0.5206459164619446,0.31423550844192505,-0.019176825881004333
218,LEFT_EYE,0.5206077098846436,0.31355100870132446,-0.019282085821032524
218,LEFT_EYE_OUTER,0.5201178789138794,0.31185051798820496,-0.019339904189109802
218,RIGHT_EYE_INNER,0.5179553627967834,0.3119807541370392,-0.07879860699176788
218,RIGHT_EYE,0.5163543820381165,0.3094647526741028,-0.07884665578603745
218,RIGHT_EYE_OUTER,0.5147479772567749,0.3067944645881653,-0.07901612669229507
218,LEFT_EAR,0.502729058265686,0.29939043521881104,0.06746970117092133
218,RIGHT_EAR,0.4959757924079895,0.29488587379455566,-0.21551327407360077
218,MOUTH_LEFT,0.5002785921096802,0.33975228667259216,0.002783778589218855
218,MOUTH_RIGHT,0.4974626898765564,0.3360142707824707,-0.07560567557811737
218,LEFT_SHOULDER,0.42802557349205017,0.34914225339889526,0.22216615080833435
218,RIGHT_SHOULDER,0.4188051223754883,0.3371599316596985,-0.31943732500076294
218,LEFT_ELBOW,0.42485031485557556,0.4708917737007141,0.332584947347641
218,RIGHT_ELBOW,0.4011804461479187,0.47511839866638184,-0.34241169691085815
218,LEFT_WRIST,0.49769121408462524,0.5256028771400452,0.26093533635139465
218,RIGHT_WRIST,0.48783379793167114,0.5445567965507507,-0.22547657787799835
218,LEFT_PINKY,0.5109130144119263,0.542671263217926,0.2615823447704315
218,RIGHT_PINKY,0.5097295045852661,0.5716856718063354,-0.2526785135269165
218,LEFT_INDEX,0.5262547135353088,0.5339792966842651,0.22360412776470184
218,RIGHT_INDEX,0.5222662687301636,0.5555142164230347,-0.2440946400165558
218,LEFT_THUMB,0.5200934410095215,0.5295125246047974,0.23988234996795654
218,RIGHT_THUMB,0.511028528213501,0.5457352995872498,-0.21633991599082947
218,LEFT_HIP,0.3361882269382477,0.5646101832389832,0.1704675853252411
218,RIGHT_HIP,0.3342971205711365,0.5672208070755005,-0.17030343413352966
218,LEFT_KNEE,0.38157522678375244,0.7240741848945618,0.31265202164649963
218,RIGHT_KNEE,0.3673132061958313,0.7370372414588928,-0.09719419479370117
218,LEFT_ANKLE,0.3449472486972809,0.8730656504631042,0.4919320046901703
218,RIGHT_ANKLE,0.33037716150283813,0.9021108746528625,-0.011822160333395004
218,LEFT_HEEL,0.3198262155056,0.9032965898513794,0.5036829710006714
218,RIGHT_HEEL,0.30324381589889526,0.9329707026481628,-0.009676551446318626
218,LEFT_FOOT_INDEX,0.40856999158859253,0.9112898707389832,0.45298171043395996
218,RIGHT_FOOT_INDEX,0.4089129865169525,0.9422833323478699,-0.11341432482004166
219,NOSE,0.5115042924880981,0.3312104344367981,0.0547955259680748
219,LEFT_EYE_INNER,0.5169839859008789,0.3133137822151184,0.06289424002170563
219,LEFT_EYE,0.5156694650650024,0.3116254508495331,0.06282606720924377
219,LEFT_EYE_OUTER,0.5140907168388367,0.30901840329170227,0.06277243047952652
219,RIGHT_EYE_INNER,0.5175687074661255,0.3119005262851715,0.006976451724767685
219,RIGHT_EYE,0.5161346197128296,0.30970799922943115,0.0068916501477360725
219,RIGHT_EYE_OUTER,0.5147817730903625,0.30761879682540894,0.0066754198633134365
219,LEFT_EAR,0.4977111220359802,0.2966611981391907,0.09963484108448029
219,RIGHT_EAR,0.4972951412200928,0.29610830545425415,-0.1559317260980606
219,MOUTH_LEFT,0.4958345293998718,0.337185800075531,0.0757291242480278
219,MOUTH_RIGHT,0.496310293674469,0.33583420515060425,0.0023322757333517075
219,LEFT_SHOULDER,0.40713566541671753,0.33431026339530945,0.22036106884479523
219,RIGHT_SHOULDER,0.4319532811641693,0.34110429883003235,-0.2938949465751648
219,LEFT_ELBOW,0.4011072516441345,0.4553871750831604,0.320025771856308
219,RIGHT_ELBOW,0.4119051396846771,0.4746101498603821,-0.25764894485473633
219,LEFT_WRIST,0.47265762090682983,0.5223745107650757,0.2992587685585022
219,RIGHT_WRIST,0.48851853609085083,0.5457125902175903,-0.04551280289888382
219,LEFT_PINKY,0.4883325695991516,0.5380347967147827,0.30882638692855835
219,RIGHT_PINKY,0.5093487501144409,0.5713008046150208,-0.049333732575178146
219,LEFT_INDEX,0.4994603991508484,0.5269535779953003,0.2792680859565735
219,RIGHT_INDEX,0.5254868865013123,0.5593183040618896,-0.039450254291296005
219,LEFT_THUMB,0.49980705976486206,0.5213999152183533,0.28253209590911865
219,RIGHT_THUMB,0.513442873954773,0.5498974919319153,-0.03387170657515526
219,LEFT_HIP,0.33149057626724243,0.5633904337882996,0.16950595378875732
219,RIGHT_HIP,0.3566635549068451,0.5718203186988831,-0.16943944990634918
219,LEFT_KNEE,0.3604287803173065,0.7258421182632446,0.33832719922065735
219,RIGHT_KNEE,0.373069703578949,0.7434700131416321,-0.06303049623966217
219,LEFT_ANKLE,0.3389403820037842,0.8736424446105957,0.5110604763031006
219,RIGHT_ANKLE,0.3305191397666931,0.9046981930732727,0.03361445292830467
219,LEFT_HEEL,0.31798797845840454,0.9033975601196289,0.5237609148025513
219,RIGHT_HEEL,0.3049822747707367,0.9336862564086914,0.0393795482814312
219,LEFT_FOOT_INDEX,0.403895765542984,0.9096574783325195,0.489389568567276
219,RIGHT_FOOT_INDEX,0.4089539051055908,0.9422258138656616,-0.040574394166469574
220,NOSE,0.5104999542236328,0.33112573623657227,0.03194461017847061
220,LEFT_EYE_INNER,0.5156478881835938,0.3132403790950775,0.03930685669183731
220,LEFT_EYE,0.5139347910881042,0.31156009435653687,0.03923102468252182
220,LEFT_EYE_OUTER,0.5120006799697876,0.30867114663124084,0.039177846163511276
220,RIGHT_EYE_INNER,0.5174173712730408,0.31266266107559204,-0.016293596476316452
220,RIGHT_EYE,0.5159895420074463,0.31101056933403015,-0.016368748620152473
220,RIGHT_EYE_OUTER,0.5147997736930847,0.3094680607318878,-0.01656513847410679
220,LEFT_EAR,0.4945456385612488,0.29517894983291626,0.08081677556037903
220,RIGHT_EAR,0.4975779056549072,0.297789990901947,-0.16968725621700287
220,MOUTH_LEFT,0.49435585737228394,0.33655622601509094,0.05439835041761398
220,MOUTH_RIGHT,0.4958544373512268,0.33578476309776306,-0.018607670441269875
220,LEFT_SHOULDER,0.3998282253742218,0.33130115270614624,0.21843402087688446
220,RIGHT_SHOULDER,0.4348624646663666,0.34398987889289856,-0.29615455865859985
220,LEFT_ELBOW,0.39653152227401733,0.4498771131038666,0.3153930604457855
220,RIGHT_ELBOW,0.41258516907691956,0.47794851660728455,-0.26838380098342896
220,LEFT_WRIST,0.46792006492614746,0.5073379874229431,0.30563172698020935
220,RIGHT_WRIST,0.48604026436805725,0.545563817024231,-0.06514851748943329
220,LEFT_PINKY,0.4822276532649994,0.5272704362869263,0.316559761762619
220,RIGHT_PINKY,0.5064361691474915,0.5706502795219421,-0.0731753557920456
220,LEFT_INDEX,0.49389782547950745,0.5160822868347168,0.2862699031829834
220,RIGHT_INDEX,0.5217262506484985,0.5554960370063782,-0.06290889531373978
220,LEFT_THUMB,0.48779982328414917,0.5096458196640015,0.2891392111778259
220,RIGHT_THUMB,0.509426474571228,0.5432444214820862,-0.054049473255872726
220,LEFT_HIP,0.32403045892715454,0.5635450482368469,0.1682484745979309
220,RIGHT_HIP,0.35858970880508423,0.5755811333656311,-0.16814900934696198
220,LEFT_KNEE,0.34711629152297974,0.7261949181556702,0.3586673438549042
220,RIGHT_KNEE,0.37931761145591736,0.7433515787124634,-0.010426144115626812
220,LEFT_ANKLE,0.3377062678337097,0.8737548589706421,0.5651707649230957
220,RIGHT_ANKLE,0.33255842328071594,0.9046314358711243,0.14299164712429047
220,LEFT_HEEL,0.3175905644893646,0.9036367535591125,0.5820614099502563
220,RIGHT_HEEL,0.307242751121521,0.932720959186554,0.1554073989391327
220,LEFT_FOOT_INDEX,0.40381747484207153,0.9023038744926453,0.5503149032592773
220,RIGHT_FOOT_INDEX,0.4094753861427307,0.9395103454589844,0.08114423602819443
221,NOSE,0.510130763053894,0.32911282777786255,0.05315939337015152
221,LEFT_EYE_INNER,0.5151081681251526,0.311089426279068,0.053408801555633545
221,LEFT_EYE,0.5133520364761353,0.3088376224040985,0.05339009687304497
221,LEFT_EYE_OUTER,0.5113821029663086,0.3057073652744293,0.053365714848041534
221,RIGHT_EYE_INNER,0.517375111579895,0.3119516968727112,0.004069991409778595
221,RIGHT_EYE,0.5159415602684021,0.31075558066368103,0.003963747061789036
221,RIGHT_EYE_OUTER,0.5150046348571777,0.30922168493270874,0.003809930058196187
221,LEFT_EAR,0.49376100301742554,0.2921695113182068,0.0717584565281868
221,RIGHT_EAR,0.4981094300746918,0.297657310962677,-0.16055575013160706
221,MOUTH_LEFT,0.4946809709072113,0.33413779735565186,0.06417179852724075
221,MOUTH_RIGHT,0.49588093161582947,0.3350085914134979,-0.0005022588302381337
221,LEFT_SHOULDER,0.38864096999168396,0.3245929181575775,0.1756458282470703
221,RIGHT_SHOULDER,0.4444422125816345,0.3547113537788391,-0.2781134843826294
221,LEFT_ELBOW,0.39350515604019165,0.43124446272850037,0.29943734407424927
221,RIGHT_ELBOW,0.43968671560287476,0.4851435124874115,-0.1746658980846405
221,LEFT_WRIST,0.4565611779689789,0.47965478897094727,0.33525750041007996
221,RIGHT_WRIST,0.49366483092308044,0.5489523410797119,0.12483593076467514
221,LEFT_PINKY,0.46740561723709106,0.4926585257053375,0.35296300053596497
221,RIGHT_PINKY,0.5101762413978577,0.5715101957321167,0.14093127846717834
221,LEFT_INDEX,0.4812471270561218,0.4838215410709381,0.3307604193687439
221,RIGHT_INDEX,0.519054114818573,0.5552221536636353,0.14850987493991852
221,LEFT_THUMB,0.4787653386592865,0.481717586517334,0.3243297040462494
221,RIGHT_THUMB,0.5115145444869995,0.552846372127533,0.13834097981452942
221,LEFT_HIP,0.3243987262248993,0.5634256601333618,0.15315547585487366
221,RIGHT_HIP,0.3696606755256653,0.5789762735366821,-0.1533215343952179
221,LEFT_KNEE,0.3450447916984558,0.7261441946029663,0.36411920189857483
221,RIGHT_KNEE,0.38221031427383423,0.7450121641159058,0.004463613964617252
221,LEFT_ANKLE,0.3381539285182953,0.8734386563301086,0.5765201449394226
221,RIGHT_ANKLE,0.3354185223579407,0.9038335084915161,0.1424330323934555
221,LEFT_HEEL,0.31854015588760376,0.9029056429862976,0.594415009021759
221,RIGHT_HEEL,0.3103176951408386,0.9302144050598145,0.1544775515794754
221,LEFT_FOOT_INDEX,0.4006936550140381,0.8965532183647156,0.5753994584083557
221,RIGHT_FOOT_INDEX,0.4079943597316742,0.9358733892440796,0.09684769064188004
222,NOSE,0.5102017521858215,0.32894837856292725,0.04992244765162468
222,LEFT_EYE_INNER,0.515166699886322,0.3108310103416443,0.049937572330236435
222,LEFT_EYE,0.5136153101921082,0.30834218859672546,0.04991292208433151
222,LEFT_EYE_OUTER,0.5117723345756531,0.3050631880760193,0.049891844391822815
222,RIGHT_EYE_INNER,0.5179298520088196,0.3118914067745209,0.00022978032939136028
222,RIGHT_EYE,0.5171303153038025,0.3106845021247864,0.000127929582959041
222,RIGHT_EYE_OUTER,0.5167168378829956,0.3092644214630127,-4.318456558394246e-05
222,LEFT_EAR,0.49389228224754333,0.2913072407245636,0.06952843070030212
222,RIGHT_EAR,0.49984627962112427,0.29823148250579834,-0.1651858389377594
222,MOUTH_LEFT,0.4949836730957031,0.3336927890777588,0.061000626534223557
222,MOUTH_RIGHT,0.49630632996559143,0.33499675989151,-0.004155697766691446
222,LEFT_SHOULDER,0.38549163937568665,0.32233983278274536,0.163152277469635
222,RIGHT_SHOULDER,0.448507696390152,0.35989052057266235,-0.28093504905700684
222,LEFT_ELBOW,0.38674256205558777,0.4331502318382263,0.2960970103740692
222,RIGHT_ELBOW,0.4465974271297455,0.4892942011356354,-0.1836027055978775
222,LEFT_WRIST,0.43940719962120056,0.4817561209201813,0.30456700921058655
222,RIGHT_WRIST,0.49713173508644104,0.5585947036743164,0.11122969537973404
222,LEFT_PINKY,0.4473258852958679,0.49652037024497986,0.3202623724937439
222,RIGHT_PINKY,0.5120269656181335,0.5805819630622864,0.12346044927835464
222,LEFT_INDEX,0.46136313676834106,0.490457147359848,0.2982599139213562
222,RIGHT_INDEX,0.5180881023406982,0.5649091005325317,0.13253895938396454
222,LEFT_THUMB,0.45999830961227417,0.48766598105430603,0.2934909760951996
222,RIGHT_THUMB,0.510572075843811,0.5588122606277466,0.12491713464260101
222,LEFT_HIP,0.3213448226451874,0.5635300874710083,0.15187205374240875
222,RIGHT_HIP,0.37142413854599,0.5804822444915771,-0.15211452543735504
222,LEFT_KNEE,0.3373509645462036,0.7252025008201599,0.3872411847114563
222,RIGHT_KNEE,0.3849239945411682,0.7465841770172119,0.026881147176027298
222,LEFT_ANKLE,0.33592575788497925,0.8710553050041199,0.6192051768302917
222,RIGHT_ANKLE,0.33647504448890686,0.9037297368049622,0.1974688023328781
222,LEFT_HEEL,0.3176693320274353,0.900712788105011,0.6395781636238098
222,RIGHT_HEEL,0.31204870343208313,0.9296271204948425,0.21348729729652405
222,LEFT_FOOT_INDEX,0.3946900963783264,0.888161301612854,0.6204790472984314
222,RIGHT_FOOT_INDEX,0.4069943428039551,0.9358750581741333,0.15659847855567932
223,NOSE,0.510280430316925,0.3284395933151245,0.12760107219219208
223,LEFT_EYE_INNER,0.5151964426040649,0.3105747401714325,0.13085316121578217
223,LEFT_EYE,0.513684868812561,0.3081248998641968,0.13086876273155212
223,LEFT_EYE_OUTER,0.5119150280952454,0.304989218711853,0.13088752329349518
223,RIGHT_EYE_INNER,0.5179080367088318,0.31186744570732117,0.079961396753788
223,RIGHT_EYE,0.5170192122459412,0.3105776011943817,0.07982701063156128
223,RIGHT_EYE_OUTER,0.5165048837661743,0.30915912985801697,0.07963322103023529
223,LEFT_EAR,0.49433594942092896,0.2917092442512512,0.1447405368089676
223,RIGHT_EAR,0.4999012351036072,0.29847535490989685,-0.08221182972192764
223,MOUTH_LEFT,0.49509644508361816,0.3333064615726471,0.13949254155158997
223,MOUTH_RIGHT,0.49674543738365173,0.3347133696079254,0.07332247495651245
223,LEFT_SHOULDER,0.38997453451156616,0.32064375281333923,0.2335449457168579
223,RIGHT_SHOULDER,0.44856029748916626,0.35818547010421753,-0.2131880223751068
223,LEFT_ELBOW,0.39738258719444275,0.4363059997558594,0.29246577620506287
223,RIGHT_ELBOW,0.43492454290390015,0.4858149588108063,-0.0796753317117691
223,LEFT_WRIST,0.4509299397468567,0.4755135178565979,0.2668236196041107
223,RIGHT_WRIST,0.46912628412246704,0.49973925948143005,0.2733876407146454
223,LEFT_PINKY,0.45876869559288025,0.4887232780456543,0.2723909020423889
223,RIGHT_PINKY,0.4861617684364319,0.5139514207839966,0.3080260157585144
223,LEFT_INDEX,0.47501200437545776,0.48061269521713257,0.25442489981651306
223,RIGHT_INDEX,0.4838220477104187,0.4994727671146393,0.3002726137638092
223,LEFT_THUMB,0.47195935249328613,0.4768058657646179,0.28247326612472534
223,RIGHT_THUMB,0.47371506690979004,0.49533694982528687,0.28377169370651245
223,LEFT_HIP,0.3246467113494873,0.5604969263076782,0.14814099669456482
223,RIGHT_HIP,0.36965638399124146,0.5778607130050659,-0.14828340709209442
223,LEFT_KNEE,0.3347238004207611,0.7236019372940063,0.2771076560020447
223,RIGHT_KNEE,0.37005478143692017,0.7440043091773987,-0.04028566926717758
223,LEFT_ANKLE,0.3331405222415924,0.8712171316146851,0.3840596079826355
223,RIGHT_ANKLE,0.3367791473865509,0.8960010409355164,0.07004241645336151
223,LEFT_HEEL,0.31413406133651733,0.9010882377624512,0.3897627592086792
223,RIGHT_HEEL,0.3124432861804962,0.9222168922424316,0.06438876688480377
223,LEFT_FOOT_INDEX,0.394448459148407,0.8924746513366699,0.35675153136253357
223,RIGHT_FOOT_INDEX,0.40634140372276306,0.9268025159835815,0.05174948647618294
224,NOSE,0.5103422403335571,0.3268190324306488,0.13295744359493256
224,LEFT_EYE_INNER,0.5152317881584167,0.30939072370529175,0.13737542927265167
224,LEFT_EYE,0.5137783288955688,0.3070726990699768,0.13738027215003967
224,LEFT_EYE_OUTER,0.5120883584022522,0.3042042851448059,0.1373736411333084
224,RIGHT_EYE_INNER,0.5178283452987671,0.31079861521720886,0.08767114579677582
224,RIGHT_EYE,0.5169457197189331,0.30974051356315613,0.08754223585128784
224,RIGHT_EYE_OUTER,0.5163148045539856,0.3086046874523163,0.08735579252243042
224,LEFT_EAR,0.49465030431747437,0.29146116971969604,0.1511009931564331
224,RIGHT_EAR,0.499549925327301,0.29806965589523315,-0.07040371745824814
224,MOUTH_LEFT,0.49536412954330444,0.33217495679855347,0.14427761733531952
224,MOUTH_RIGHT,0.4970361590385437,0.33350688219070435,0.07959543168544769
224,LEFT_SHOULDER,0.3925940990447998,0.31996089220046997,0.24118450284004211
224,RIGHT_SHOULDER,0.4497111439704895,0.35562410950660706,-0.1986277550458908
224,LEFT_ELBOW,0.4027605950832367,0.431784063577652,0.32861587405204773
224,RIGHT_ELBOW,0.4292977750301361,0.4840323030948639,-0.0789247676730156
224,LEFT_WRIST,0.45431584119796753,0.4622621536254883,0.36572232842445374
224,RIGHT_WRIST,0.46542707085609436,0.4984874129295349,0.24322274327278137
224,LEFT_PINKY,0.45959240198135376,0.47318530082702637,0.380033016204834
224,RIGHT_PINKY,0.4828646183013916,0.5091002583503723,0.2739933729171753
224,LEFT_INDEX,0.47861599922180176,0.46439236402511597,0.37105876207351685
224,RIGHT_INDEX,0.4812118411064148,0.49410519003868103,0.2686050832271576
224,LEFT_THUMB,0.47415170073509216,0.4611281752586365,0.3597604036331177
224,RIGHT_THUMB,0.47117605805397034,0.4892628788948059,0.2533113956451416
224,LEFT_HIP,0.3262682259082794,0.5576224327087402,0.14512072503566742
224,RIGHT_HIP,0.36856943368911743,0.5732110142707825,-0.14518645405769348
224,LEFT_KNEE,0.33732470870018005,0.7211560010910034,0.24833431839942932
224,RIGHT_KNEE,0.36767473816871643,0.7408219575881958,-0.0506104901432991
224,LEFT_ANKLE,0.3320353627204895,0.8715679049491882,0.3473687171936035
224,RIGHT_ANKLE,0.33864372968673706,0.8923503756523132,0.016357790678739548
224,LEFT_HEEL,0.3136017918586731,0.9010480046272278,0.35159939527511597
224,RIGHT_HEEL,0.314977765083313,0.918480396270752,0.009149483405053616
224,LEFT_FOOT_INDEX,0.39096906781196594,0.8937793970108032,0.31365543603897095
224,RIGHT_FOOT_INDEX,0.40622586011886597,0.9202483892440796,-0.0071096597239375114
225,NOSE,0.508303165435791,0.3265717029571533,0.09381357580423355
225,LEFT_EYE_INNER,0.5127785205841064,0.30929699540138245,0.09135216474533081
225,LEFT_EYE,0.5110864043235779,0.3069216012954712,0.09134174138307571
225,LEFT_EYE_OUTER,0.5092415809631348,0.3040478527545929,0.09134376049041748
225,RIGHT_EYE_INNER,0.5159163475036621,0.310830682516098,0.045940499752759933
225,RIGHT_EYE,0.5156482458114624,0.3099187910556793,0.04583153873682022
225,RIGHT_EYE_OUTER,0.5155744552612305,0.30905771255493164,0.045676518231630325
225,LEFT_EAR,0.49259495735168457,0.2916291356086731,0.09302351623773575
225,RIGHT_EAR,0.49928656220436096,0.29936128854751587,-0.1097240224480629
225,MOUTH_LEFT,0.49368754029273987,0.33121606707572937,0.1008051410317421
225,MOUTH_RIGHT,0.49584245681762695,0.33311253786087036,0.04110609367489815
225,LEFT_SHOULDER,0.38378623127937317,0.31132617592811584,0.15142785012722015
225,RIGHT_SHOULDER,0.45504245162010193,0.36210495233535767,-0.22126464545726776
225,LEFT_ELBOW,0.39592695236206055,0.4160707890987396,0.3143250346183777
225,RIGHT_ELBOW,0.4387880265712738,0.48426079750061035,-0.0837082490324974
225,LEFT_WRIST,0.45261138677597046,0.45123761892318726,0.4239232540130615
225,RIGHT_WRIST,0.4657496511936188,0.4954753518104553,0.2326337993144989
225,LEFT_PINKY,0.46114230155944824,0.4616106450557709,0.44694894552230835
225,RIGHT_PINKY,0.4781953692436218,0.5022815465927124,0.25511571764945984
225,LEFT_INDEX,0.4728228449821472,0.4532942771911621,0.42859330773353577
225,RIGHT_INDEX,0.47609037160873413,0.48505696654319763,0.2532868981361389
225,LEFT_THUMB,0.47051388025283813,0.4505295753479004,0.4165896475315094
225,RIGHT_THUMB,0.46788209676742554,0.4807263910770416,0.24228136241436005
225,LEFT_HIP,0.32526475191116333,0.5579964518547058,0.12959304451942444
225,RIGHT_HIP,0.3743756413459778,0.5737382173538208,-0.12972891330718994
225,LEFT_KNEE,0.3290070593357086,0.7180855870246887,0.25974389910697937
225,RIGHT_KNEE,0.3667089641094208,0.7386593818664551,0.07425873726606369
225,LEFT_ANKLE,0.32933029532432556,0.8692799806594849,0.412311851978302
225,RIGHT_ANKLE,0.3403014838695526,0.8885525465011597,0.23906001448631287
225,LEFT_HEEL,0.3114178776741028,0.8996598124504089,0.42595529556274414
225,RIGHT_HEEL,0.31969261169433594,0.9141602516174316,0.2549703121185303
225,LEFT_FOOT_INDEX,0.3822768032550812,0.887324333190918,0.39625436067581177
225,RIGHT_FOOT_INDEX,0.4053717255592346,0.9156771898269653,0.2116837501525879
226,NOSE,0.5079604387283325,0.3266184628009796,0.10692694038152695
226,LEFT_EYE_INNER,0.5124385952949524,0.30945390462875366,0.10249574482440948
226,LEFT_EYE,0.5107388496398926,0.30703896284103394,0.10247167199850082
226,LEFT_EYE_OUTER,0.508895754814148,0.3041197955608368,0.10249803215265274
226,RIGHT_EYE_INNER,0.5155537724494934,0.311250239610672,0.057363253086805344
226,RIGHT_EYE,0.5154789686203003,0.31052881479263306,0.05725924298167229
226,RIGHT_EYE_OUTER,0.5155219435691833,0.30986088514328003,0.05713294818997383
226,LEFT_EAR,0.49245017766952515,0.2917904853820801,0.09678047895431519
226,RIGHT_EAR,0.4991775155067444,0.3002253770828247,-0.1040162667632103
226,MOUTH_LEFT,0.4935673773288727,0.33119267225265503,0.11371628940105438
226,MOUTH_RIGHT,0.49573659896850586,0.33310383558273315,0.05489732697606087
226,LEFT_SHOULDER,0.38323476910591125,0.3088971972465515,0.16388407349586487
226,RIGHT_SHOULDER,0.4567115306854248,0.3627711832523346,-0.20934918522834778
226,LEFT_ELBOW,0.3914499282836914,0.4178238809108734,0.29685264825820923
226,RIGHT_ELBOW,0.4480833113193512,0.48785749077796936,-0.061647266149520874
226,LEFT_WRIST,0.4392009377479553,0.4495382308959961,0.34850406646728516
226,RIGHT_WRIST,0.46094125509262085,0.4773220121860504,0.2855914831161499
226,LEFT_PINKY,0.4465261399745941,0.4596441388130188,0.3645527958869934
226,RIGHT_PINKY,0.46627721190452576,0.4765324592590332,0.3145443797111511
226,LEFT_INDEX,0.4541950225830078,0.4510177671909332,0.3515264391899109
226,RIGHT_INDEX,0.4598000645637512,0.46008867025375366,0.3112810254096985
226,LEFT_THUMB,0.4531303346157074,0.4483223557472229,0.3413785398006439
226,RIGHT_THUMB,0.45337575674057007,0.4584185481071472,0.2960040867328644
226,LEFT_HIP,0.32364338636398315,0.5582312345504761,0.13252535462379456
226,RIGHT_HIP,0.37565046548843384,0.5738826394081116,-0.13259893655776978
226,LEFT_KNEE,0.3252708315849304,0.7175041437149048,0.2747218608856201
226,RIGHT_KNEE,0.3672553300857544,0.7369527220726013,0.08604352921247482
226,LEFT_ANKLE,0.3280695974826813,0.8695821762084961,0.4130251407623291
226,RIGHT_ANKLE,0.3401664197444916,0.8882910013198853,0.24829348921775818
226,LEFT_HEEL,0.31059253215789795,0.8996723294258118,0.42632871866226196
226,RIGHT_HEEL,0.31911054253578186,0.9148780703544617,0.26411375403404236
226,LEFT_FOOT_INDEX,0.3824905753135681,0.8854658007621765,0.4011707305908203
226,RIGHT_FOOT_INDEX,0.4048212468624115,0.9161503911018372,0.22963497042655945
227,NOSE,0.5063203573226929,0.3248446583747864,0.10447871685028076
227,LEFT_EYE_INNER,0.5109379887580872,0.3091234862804413,0.09879554808139801
227,LEFT_EYE,0.5092998743057251,0.3067716360092163,0.09881435334682465
227,LEFT_EYE_OUTER,0.5075153112411499,0.3039413392543793,0.09888514876365662
227,RIGHT_EYE_INNER,0.5135623216629028,0.3109673261642456,0.0513877347111702
227,RIGHT_EYE,0.5134841203689575,0.31033551692962646,0.05124514549970627
227,RIGHT_EYE_OUTER,0.5135098099708557,0.30977752804756165,0.05103013664484024
227,LEFT_EAR,0.49136337637901306,0.29158660769462585,0.09529823064804077
227,RIGHT_EAR,0.4979248642921448,0.30007871985435486,-0.1141795665025711
227,MOUTH_LEFT,0.49247637391090393,0.32860180735588074,0.11220042407512665
227,MOUTH_RIGHT,0.4941384196281433,0.3305451273918152,0.05043277144432068
227,LEFT_SHOULDER,0.3845488429069519,0.30761680006980896,0.1646449863910675
227,RIGHT_SHOULDER,0.4372186064720154,0.3427320122718811,-0.22240133583545685
227,LEFT_ELBOW,0.4105706214904785,0.42012515664100647,0.2031451165676117
227,RIGHT_ELBOW,0.4382658898830414,0.4865097105503082,-0.11591913551092148
227,LEFT_WRIST,0.4597143232822418,0.45043087005615234,0.1323259174823761
227,RIGHT_WRIST,0.46594753861427307,0.48528003692626953,0.17908582091331482
227,LEFT_PINKY,0.4674098491668701,0.46086353063583374,0.12964297831058502
227,RIGHT_PINKY,0.48097091913223267,0.4924183785915375,0.20090508460998535
227,LEFT_INDEX,0.47447139024734497,0.45176130533218384,0.12179230153560638
227,RIGHT_INDEX,0.4727986752986908,0.4761059284210205,0.2023462951183319
227,LEFT_THUMB,0.4733351171016693,0.4479408264160156,0.12303648889064789
227,RIGHT_THUMB,0.4615776538848877,0.4717629551887512,0.19067928194999695
227,LEFT_HIP,0.33231645822525024,0.5589758157730103,0.1275952160358429
227,RIGHT_HIP,0.3727569580078125,0.5708056688308716,-0.1276474893093109
227,LEFT_KNEE,0.3319939970970154,0.7180067300796509,0.2017030268907547
227,RIGHT_KNEE,0.3665241599082947,0.7297717928886414,0.028116345405578613
227,LEFT_ANKLE,0.32902029156684875,0.8697320818901062,0.3082693815231323
227,RIGHT_ANKLE,0.3406672477722168,0.8864482045173645,0.16530457139015198
227,LEFT_HEEL,0.3129572868347168,0.8993486166000366,0.31426674127578735
227,RIGHT_HEEL,0.31964901089668274,0.9122335314750671,0.17625224590301514
227,LEFT_FOOT_INDEX,0.38478702306747437,0.8910821676254272,0.25021982192993164
227,RIGHT_FOOT_INDEX,0.4028765559196472,0.9155937433242798,0.10976482927799225
228,NOSE,0.5049082040786743,0.32319217920303345,0.094197578728199
228,LEFT_EYE_INNER,0.5099807977676392,0.3081047832965851,0.08859598636627197
228,LEFT_EYE,0.5084217190742493,0.30593544244766235,0.08859750628471375
228,LEFT_EYE_OUTER,0.506685197353363,0.3033406436443329,0.08865584433078766
228,RIGHT_EYE_INNER,0.5123212337493896,0.30993759632110596,0.04156448692083359
228,RIGHT_EYE,0.5122587084770203,0.30944254994392395,0.041439544409513474
228,RIGHT_EYE_OUTER,0.5122681856155396,0.3090330958366394,0.0412086583673954
228,LEFT_EAR,0.4909537434577942,0.29167941212654114,0.08082228153944016
228,RIGHT_EAR,0.49721598625183105,0.30000001192092896,-0.11783262342214584
228,MOUTH_LEFT,0.4910840392112732,0.3277350068092346,0.10102711617946625
228,MOUTH_RIGHT,0.49251002073287964,0.32936152815818787,0.039434902369976044
228,LEFT_SHOULDER,0.38614529371261597,0.3059748113155365,0.14132016897201538
228,RIGHT_SHOULDER,0.44012194871902466,0.3397916853427887,-0.22894199192523956
228,LEFT_ELBOW,0.4114909768104553,0.42111650109291077,0.22193372249603271
228,RIGHT_ELBOW,0.4228611886501312,0.4759477972984314,-0.12340495735406876
228,LEFT_WRIST,0.46082115173339844,0.45615267753601074,0.20067135989665985
228,RIGHT_WRIST,0.466196209192276,0.48413723707199097,0.08347213268280029
228,LEFT_PINKY,0.46772122383117676,0.4662829041481018,0.2048352062702179
228,RIGHT_PINKY,0.484722375869751,0.4936654567718506,0.09373079985380173
228,LEFT_INDEX,0.4763859212398529,0.4573698043823242,0.18835678696632385
228,RIGHT_INDEX,0.4789518713951111,0.47737830877304077,0.10652907937765121
228,LEFT_THUMB,0.476370632648468,0.45465826988220215,0.18999814987182617
228,RIGHT_THUMB,0.46626153588294983,0.47185826301574707,0.09651367366313934
228,LEFT_HIP,0.3359072208404541,0.5623964071273804,0.12152882665395737
228,RIGHT_HIP,0.37322717905044556,0.5708086490631104,-0.12153904139995575
228,LEFT_KNEE,0.33487769961357117,0.7181490659713745,0.19200262427330017
228,RIGHT_KNEE,0.36320987343788147,0.7286707162857056,0.04132777079939842
228,LEFT_ANKLE,0.3299882113933563,0.8699415922164917,0.30596157908439636
228,RIGHT_ANKLE,0.3408321142196655,0.8850405812263489,0.21010151505470276
228,LEFT_HEEL,0.31390541791915894,0.8994272947311401,0.31172338128089905
228,RIGHT_HEEL,0.31971320509910583,0.9103261828422546,0.22352154552936554
228,LEFT_FOOT_INDEX,0.38579410314559937,0.8982670903205872,0.23553529381752014
228,RIGHT_FOOT_INDEX,0.4009658396244049,0.9168180227279663,0.14754144847393036
229,NOSE,0.5033477544784546,0.32070642709732056,0.0277626421302557
229,LEFT_EYE_INNER,0.5087345242500305,0.3066125214099884,0.027237195521593094
229,LEFT_EYE,0.5071996450424194,0.3048292100429535,0.027197975665330887
229,LEFT_EYE_OUTER,0.5055330991744995,0.3026914596557617,0.027234410867094994
229,RIGHT_EYE_INNER,0.5110416412353516,0.30814000964164734,-0.017606139183044434
229,RIGHT_EYE,0.5110511779785156,0.30781400203704834,-0.01775715872645378
229,RIGHT_EYE_OUTER,0.5111066699028015,0.3076189458370209,-0.018058782443404198
229,LEFT_EAR,0.4909953474998474,0.2921452522277832,0.07019416987895966
229,RIGHT_EAR,0.49700355529785156,0.29990023374557495,-0.12858518958091736
229,MOUTH_LEFT,0.48930415511131287,0.32574930787086487,0.05543070286512375
229,MOUTH_RIGHT,0.490645170211792,0.32662221789360046,-0.004756646230816841
229,LEFT_SHOULDER,0.436363160610199,0.32215481996536255,0.1467473953962326
229,RIGHT_SHOULDER,0.3935721516609192,0.3159146308898926,-0.183669775724411
229,LEFT_ELBOW,0.4563657343387604,0.43213289976119995,0.19909313321113586
229,RIGHT_ELBOW,0.376224160194397,0.40698742866516113,-0.13881255686283112
229,LEFT_WRIST,0.4850459694862366,0.45923537015914917,0.0544990710914135
229,RIGHT_WRIST,0.400440514087677,0.3893205523490906,-0.04789181426167488
229,LEFT_PINKY,0.4889887273311615,0.4697487950325012,0.04192512109875679
229,RIGHT_PINKY,0.4117559492588043,0.39004990458488464,-0.040228720754384995
229,LEFT_INDEX,0.4933488368988037,0.45959028601646423,0.028996776789426804
229,RIGHT_INDEX,0.41000881791114807,0.3781723082065582,-0.04009341448545456
229,LEFT_THUMB,0.4917365610599518,0.45568346977233887,0.04331158101558685
229,RIGHT_THUMB,0.4044540822505951,0.3777710795402527,-0.04162316396832466
229,LEFT_HIP,0.3601141571998596,0.566818118095398,0.10966513305902481
229,RIGHT_HIP,0.35057586431503296,0.5666581392288208,-0.10967053472995758
229,LEFT_KNEE,0.3519851267337799,0.723284125328064,0.14220327138900757
229,RIGHT_KNEE,0.3557738959789276,0.7256882190704346,0.026196647435426712
229,LEFT_ANKLE,0.3372090756893158,0.8723539113998413,0.2525472342967987
229,RIGHT_ANKLE,0.3413695991039276,0.8844936490058899,0.15508022904396057
229,LEFT_HEEL,0.31914710998535156,0.8997364044189453,0.25734055042266846
229,RIGHT_HEEL,0.32021766901016235,0.9102374911308289,0.16518937051296234
229,LEFT_FOOT_INDEX,0.3870910704135895,0.909899890422821,0.1438237428665161
229,RIGHT_FOOT_INDEX,0.3963519036769867,0.9203996658325195,0.06902004033327103
230,NOSE,0.5033776164054871,0.3204917311668396,0.02070670947432518
230,LEFT_EYE_INNER,0.5087939500808716,0.3065328896045685,0.025149216875433922
230,LEFT_EYE,0.5073752403259277,0.30486083030700684,0.025130245834589005
230,LEFT_EYE_OUTER,0.5057981610298157,0.302798867225647,0.025192955508828163
230,RIGHT_EYE_INNER,0.510441243648529,0.30749595165252686,-0.022086698561906815
230,RIGHT_EYE,0.5101224184036255,0.3069593012332916,-0.022223131731152534
230,RIGHT_EYE_OUTER,0.509775698184967,0.3065944015979767,-0.02249799855053425
230,LEFT_EAR,0.4910892844200134,0.2937861680984497,0.08045749366283417
230,RIGHT_EAR,0.4948514997959137,0.298941045999527,-0.12774436175823212
230,MOUTH_LEFT,0.4894794821739197,0.3258131444454193,0.053203314542770386
230,MOUTH_RIGHT,0.4902365803718567,0.3258749842643738,-0.00919889472424984
230,LEFT_SHOULDER,0.45025864243507385,0.3507939279079437,0.1658339947462082
230,RIGHT_SHOULDER,0.3829558491706848,0.309742271900177,-0.1856049746274948
230,LEFT_ELBOW,0.4570391774177551,0.44038018584251404,0.13013765215873718
230,RIGHT_ELBOW,0.37591585516929626,0.41092103719711304,-0.10255186259746552
230,LEFT_WRIST,0.4822717607021332,0.4441167414188385,-0.12335562705993652
230,RIGHT_WRIST,0.4110354483127594,0.4077436327934265,0.156064972281456
230,LEFT_PINKY,0.4790140986442566,0.44861340522766113,-0.15574944019317627
230,RIGHT_PINKY,0.4240725636482239,0.41380229592323303,0.17936214804649353
230,LEFT_INDEX,0.4812334477901459,0.43579593300819397,-0.15120896697044373
230,RIGHT_INDEX,0.42293229699134827,0.4020061492919922,0.16816940903663635
230,LEFT_THUMB,0.47914737462997437,0.43277043104171753,-0.13200214505195618
230,RIGHT_THUMB,0.4155086874961853,0.3993622362613678,0.1628907322883606
230,LEFT_HIP,0.36293748021125793,0.5700720548629761,0.11602169275283813
230,RIGHT_HIP,0.3416183590888977,0.5656420588493347,-0.11600400507450104
230,LEFT_KNEE,0.3572935163974762,0.7275202870368958,0.13358208537101746
230,RIGHT_KNEE,0.3540917634963989,0.7247846722602844,-0.021301571279764175
230,LEFT_ANKLE,0.3416903018951416,0.8756429553031921,0.2206890881061554
230,RIGHT_ANKLE,0.3419516980648041,0.885077953338623,0.12286621332168579
230,LEFT_HEEL,0.322905957698822,0.9009532928466797,0.22297461330890656
230,RIGHT_HEEL,0.3200165629386902,0.9109490513801575,0.13043543696403503
230,LEFT_FOOT_INDEX,0.3903522491455078,0.9151350855827332,0.11535461992025375
230,RIGHT_FOOT_INDEX,0.3952191174030304,0.9238628149032593,0.00037889686063863337
231,NOSE,0.5030723214149475,0.3206380605697632,0.06683088839054108
231,LEFT_EYE_INNER,0.508517861366272,0.30663543939590454,0.05108669400215149
231,LEFT_EYE,0.5070496201515198,0.3050220012664795,0.05108761042356491
231,LEFT_EYE_OUTER,0.5055224299430847,0.30312973260879517,0.05113572999835014
231,RIGHT_EYE_INNER,0.5103978514671326,0.30758610367774963,0.018081840127706528
231,RIGHT_EYE,0.5101481676101685,0.3070688247680664,0.01794414594769478
231,RIGHT_EYE_OUTER,0.5098026394844055,0.3067297339439392,0.017635006457567215
231,LEFT_EAR,0.4913550913333893,0.2955377399921417,0.053662240505218506
231,RIGHT_EAR,0.49572643637657166,0.2996322810649872,-0.11886470019817352
231,MOUTH_LEFT,0.4894479215145111,0.3260018229484558,0.07112564146518707
231,MOUTH_RIGHT,0.4903537333011627,0.32606425881385803,0.02439042553305626
231,LEFT_SHOULDER,0.4377313256263733,0.339114248752594,0.12972140312194824
231,RIGHT_SHOULDER,0.39483144879341125,0.3143903315067291,-0.15669913589954376
231,LEFT_ELBOW,0.4527553617954254,0.41855233907699585,0.34760814905166626
231,RIGHT_ELBOW,0.3801594376564026,0.3963140845298767,-0.025304248556494713
231,LEFT_WRIST,0.4405904710292816,0.4010635316371918,0.5422278642654419
231,RIGHT_WRIST,0.3810140788555145,0.3667846918106079,0.25960877537727356
231,LEFT_PINKY,0.43459588289260864,0.39753231406211853,0.584798276424408
231,RIGHT_PINKY,0.3850838541984558,0.36209267377853394,0.2933928370475769
231,LEFT_INDEX,0.4380238950252533,0.39006176590919495,0.5800267457962036
231,RIGHT_INDEX,0.3832666277885437,0.35644233226776123,0.2858593761920929
231,LEFT_THUMB,0.43918004631996155,0.39031076431274414,0.5455461144447327
231,RIGHT_THUMB,0.3802211582660675,0.35829830169677734,0.26833775639533997
231,LEFT_HIP,0.36171776056289673,0.5703853368759155,0.0979561060667038
231,RIGHT_HIP,0.34457695484161377,0.5656201243400574,-0.0979718491435051
231,LEFT_KNEE,0.3588625490665436,0.7258436679840088,0.05911896377801895
231,RIGHT_KNEE,0.3546491861343384,0.7179163694381714,-0.03604281693696976
231,LEFT_ANKLE,0.3432060480117798,0.8776901364326477,0.1051267758011818
231,RIGHT_ANKLE,0.3428485691547394,0.8846091032028198,0.07321402430534363
231,LEFT_HEEL,0.32431718707084656,0.9029175639152527,0.10478124767541885
231,RIGHT_HEEL,0.3228970766067505,0.910446047782898,0.07983427494764328
231,LEFT_FOOT_INDEX,0.3904065489768982,0.9177502393722534,0.004188435152173042
231,RIGHT_FOOT_INDEX,0.39469724893569946,0.924006462097168,-0.024492230266332626
232,NOSE,0.5021923780441284,0.32068800926208496,0.15122303366661072
232,LEFT_EYE_INNER,0.5074479579925537,0.30674317479133606,0.12501242756843567
232,LEFT_EYE,0.5057482719421387,0.3050878643989563,0.125016450881958
232,LEFT_EYE_OUTER,0.5040351152420044,0.30318382382392883,0.12506160140037537
232,RIGHT_EYE_INNER,0.5102174282073975,0.30802053213119507,0.09554880857467651
232,RIGHT_EYE,0.5101503133773804,0.30764058232307434,0.09542680531740189
232,RIGHT_EYE_OUTER,0.5098204016685486,0.30743637681007385,0.09512938559055328
232,LEFT_EAR,0.4913550019264221,0.2961081266403198,0.05860643833875656
232,RIGHT_EAR,0.4967727065086365,0.3012012243270874,-0.08311915397644043
232,MOUTH_LEFT,0.4887869954109192,0.32608190178871155,0.1346830576658249
232,MOUTH_RIGHT,0.49039849638938904,0.3261830806732178,0.09423601627349854
232,LEFT_SHOULDER,0.39751511812210083,0.3152473568916321,0.10942870378494263
232,RIGHT_SHOULDER,0.4395618438720703,0.31605589389801025,-0.13674458861351013
232,LEFT_ELBOW,0.42652949690818787,0.4032622277736664,0.349616676568985
232,RIGHT_ELBOW,0.38424354791641235,0.4091549813747406,0.01660098508000374
232,LEFT_WRIST,0.4273907244205475,0.3974085748195648,0.5772542953491211
232,RIGHT_WRIST,0.3900828957557678,0.3793220520019531,0.34465599060058594
232,LEFT_PINKY,0.423879474401474,0.39680925011634827,0.6237825155258179
232,RIGHT_PINKY,0.39422279596328735,0.3747239410877228,0.3869003355503082
232,LEFT_INDEX,0.4293549060821533,0.3900514841079712,0.617603063583374
232,RIGHT_INDEX,0.39167580008506775,0.36773568391799927,0.38276761770248413
232,LEFT_THUMB,0.4312829375267029,0.39010632038116455,0.5808129906654358
232,RIGHT_THUMB,0.3880019783973694,0.3688306212425232,0.35553115606307983
232,LEFT_HIP,0.36146801710128784,0.5700719952583313,0.08744066953659058
232,RIGHT_HIP,0.3506711721420288,0.5655235052108765,-0.08754958212375641
232,LEFT_KNEE,0.3560100197792053,0.7257956266403198,0.08486491441726685
232,RIGHT_KNEE,0.3567053973674774,0.7172120213508606,0.007261556573212147
232,LEFT_ANKLE,0.34356096386909485,0.8785161972045898,0.13809241354465485
232,RIGHT_ANKLE,0.3437090516090393,0.8844884634017944,0.10865841805934906
232,LEFT_HEEL,0.32502293586730957,0.9034745097160339,0.14020629227161407
232,RIGHT_HEEL,0.3244417607784271,0.910284161567688,0.11709842830896378
232,LEFT_FOOT_INDEX,0.3912506103515625,0.9167370796203613,0.05889357253909111
232,RIGHT_FOOT_INDEX,0.3949297368526459,0.9240534901618958,0.04174747318029404
233,NOSE,0.5057982206344604,0.3206627368927002,0.2665952146053314
233,LEFT_EYE_INNER,0.5099002718925476,0.30641281604766846,0.23659761250019073
233,LEFT_EYE,0.5072960257530212,0.3043230175971985,0.2365892231464386
233,LEFT_EYE_OUTER,0.504677414894104,0.3019377291202545,0.23661485314369202
233,RIGHT_EYE_INNER,0.5148178935050964,0.3081550598144531,0.21508045494556427
233,RIGHT_EYE,0.5153847932815552,0.30805009603500366,0.21506741642951965
233,RIGHT_EYE_OUTER,0.5156711339950562,0.3081200122833252,0.2148822844028473
233,LEFT_EAR,0.49174389243125916,0.2959130108356476,0.11977656185626984
233,RIGHT_EAR,0.5042122602462769,0.30324915051460266,0.023393355309963226
233,MOUTH_LEFT,0.4897841811180115,0.3246232867240906,0.23535963892936707
233,MOUTH_RIGHT,0.49422651529312134,0.32630211114883423,0.20571276545524597
233,LEFT_SHOULDER,0.37508147954940796,0.30222031474113464,0.09546999633312225
233,RIGHT_SHOULDER,0.48872488737106323,0.3679979145526886,-0.044535957276821136
233,LEFT_ELBOW,0.3683265745639801,0.374257355928421,0.3413998484611511
233,RIGHT_ELBOW,0.44057750701904297,0.41717562079429626,0.1076168566942215
233,LEFT_WRIST,0.4153802990913391,0.36643680930137634,0.4878045916557312
233,RIGHT_WRIST,0.4043581485748291,0.38436606526374817,0.4302557110786438
233,LEFT_PINKY,0.42263302206993103,0.36130180954933167,0.5305240154266357
233,RIGHT_PINKY,0.41240495443344116,0.3787868618965149,0.4855092465877533
233,LEFT_INDEX,0.43064555525779724,0.3587198257446289,0.5345610976219177
233,RIGHT_INDEX,0.40785646438598633,0.369049996137619,0.48581552505493164
233,LEFT_THUMB,0.42955246567726135,0.36193913221359253,0.4962001442909241
233,RIGHT_THUMB,0.403474897146225,0.37052780389785767,0.44255566596984863
233,LEFT_HIP,0.3327924907207489,0.5653836727142334,0.06551976501941681
233,RIGHT_HIP,0.3947916626930237,0.5713847279548645,-0.06619615107774734
233,LEFT_KNEE,0.3354679346084595,0.7283147573471069,0.13692639768123627
233,RIGHT_KNEE,0.3832792639732361,0.7181367874145508,0.14394016563892365
233,LEFT_ANKLE,0.34357741475105286,0.8778151273727417,0.0883859246969223
233,RIGHT_ANKLE,0.34698420763015747,0.8819818496704102,0.11407140642404556
233,LEFT_HEEL,0.32646504044532776,0.9023585319519043,0.08208078145980835
233,RIGHT_HEEL,0.3275001049041748,0.9072152376174927,0.11850913614034653
233,LEFT_FOOT_INDEX,0.38996976613998413,0.9159073829650879,0.05731381103396416
233,RIGHT_FOOT_INDEX,0.39664608240127563,0.9243770837783813,0.11387047916650772
234,NOSE,0.5077091455459595,0.3198584020137787,0.2634768784046173
234,LEFT_EYE_INNER,0.5112389922142029,0.3056289553642273,0.2320425808429718
234,LEFT_EYE,0.5081614255905151,0.3032568097114563,0.23202598094940186
234,LEFT_EYE_OUTER,0.5050438642501831,0.30070018768310547,0.2320430725812912
234,RIGHT_EYE_INNER,0.5173438787460327,0.3081524074077606,0.21089164912700653
234,RIGHT_EYE,0.5182889699935913,0.3080810606479645,0.2108934223651886
234,RIGHT_EYE_OUTER,0.5189464688301086,0.30826297402381897,0.21069569885730743
234,LEFT_EAR,0.49219751358032227,0.2957969009876251,0.1158192902803421
234,RIGHT_EAR,0.5079675316810608,0.30420276522636414,0.017915692180395126
234,MOUTH_LEFT,0.49031567573547363,0.32288259267807007,0.23146502673625946
234,MOUTH_RIGHT,0.4964624345302582,0.3261858820915222,0.202336385846138
234,LEFT_SHOULDER,0.37185853719711304,0.29818686842918396,0.08190879970788956
234,RIGHT_SHOULDER,0.49704796075820923,0.37308627367019653,-0.04881177470088005
234,LEFT_ELBOW,0.3682582378387451,0.37144097685813904,0.2729630768299103
234,RIGHT_ELBOW,0.4497552514076233,0.41897401213645935,0.1001572236418724
234,LEFT_WRIST,0.4156259596347809,0.3635524809360504,0.4414229989051819
234,RIGHT_WRIST,0.4117512106895447,0.3814324736595154,0.4158729612827301
234,LEFT_PINKY,0.423753023147583,0.3591572344303131,0.47951340675354004
234,RIGHT_PINKY,0.4161374568939209,0.3754524886608124,0.46810564398765564
234,LEFT_INDEX,0.43243035674095154,0.3567025363445282,0.4835874140262604
234,RIGHT_INDEX,0.4087149202823639,0.36535215377807617,0.4663042426109314
234,LEFT_THUMB,0.43108445405960083,0.35934096574783325,0.44902005791664124
234,RIGHT_THUMB,0.40455469489097595,0.3666953444480896,0.4266982674598694
234,LEFT_HIP,0.32867035269737244,0.5632630586624146,0.06312816590070724
234,RIGHT_HIP,0.4004669785499573,0.5741585493087769,-0.06374455988407135
234,LEFT_KNEE,0.33384793996810913,0.73198002576828,0.14581121504306793
234,RIGHT_KNEE,0.38935455679893494,0.7178617119789124,0.14055658876895905
234,LEFT_ANKLE,0.34432581067085266,0.877866268157959,0.10609082877635956
234,RIGHT_ANKLE,0.34791314601898193,0.8813101649284363,0.15373006463050842
234,LEFT_HEEL,0.32861313223838806,0.9023426175117493,0.10175342857837677
234,RIGHT_HEEL,0.3281826674938202,0.906162440776825,0.16040335595607758
234,LEFT_FOOT_INDEX,0.3895221948623657,0.9165738821029663,0.07134512811899185
234,RIGHT_FOOT_INDEX,0.39699941873550415,0.9244142770767212,0.16198085248470306
235,NOSE,0.5072683095932007,0.31646448373794556,-0.18434205651283264
235,LEFT_EYE_INNER,0.5113564729690552,0.3040023148059845,-0.1830129623413086
235,LEFT_EYE,0.5087355375289917,0.30273616313934326,-0.18309003114700317
235,LEFT_EYE_OUTER,0.5064091086387634,0.30077508091926575,-0.1831592172384262
235,RIGHT_EYE_INNER,0.5168263912200928,0.30340197682380676,-0.21424849331378937
235,RIGHT_EYE,0.5172885060310364,0.3024013638496399,-0.21443498134613037
235,RIGHT_EYE_OUTER,0.5173392295837402,0.3016064465045929,-0.21475735306739807
235,LEFT_EAR,0.4954518675804138,0.2960936427116394,-0.1246931329369545
235,RIGHT_EAR,0.5054823160171509,0.2975628972053528,-0.2685038447380066
235,MOUTH_LEFT,0.4903799593448639,0.3218787908554077,-0.15501287579536438
235,MOUTH_RIGHT,0.49555689096450806,0.3214292824268341,-0.19744643568992615
235,LEFT_SHOULDER,0.47984224557876587,0.36371755599975586,-0.03645707666873932
235,RIGHT_SHOULDER,0.3837451636791229,0.317602276802063,-0.227796271443367
235,LEFT_ELBOW,0.42552632093429565,0.39091911911964417,0.17725080251693726
235,RIGHT_ELBOW,0.2738853693008423,0.2924131453037262,-0.1614076793193817
235,LEFT_WRIST,0.38754040002822876,0.38607534766197205,0.3001348674297333
235,RIGHT_WRIST,0.2024255245923996,0.26342302560806274,-0.10941110551357269
235,LEFT_PINKY,0.3708130717277527,0.3866269290447235,0.31481510400772095
235,RIGHT_PINKY,0.18407906591892242,0.25325027108192444,-0.1200227290391922
235,LEFT_INDEX,0.376411497592926,0.37963879108428955,0.2948099970817566
235,RIGHT_INDEX,0.1863986998796463,0.24919629096984863,-0.14995282888412476
235,LEFT_THUMB,0.3807062804698944,0.3790796399116516,0.2951276898384094
235,RIGHT_THUMB,0.19413381814956665,0.2558927834033966,-0.12155961990356445
235,LEFT_HIP,0.39196351170539856,0.5647253394126892,0.07418440282344818
235,RIGHT_HIP,0.35569414496421814,0.5679802298545837,-0.0744069367647171
235,LEFT_KNEE,0.37245017290115356,0.7350748777389526,0.09196066111326218
235,RIGHT_KNEE,0.35395559668540955,0.730607271194458,-0.030986353754997253
235,LEFT_ANKLE,0.35187163949012756,0.8789759874343872,0.2787405848503113
235,RIGHT_ANKLE,0.34971827268600464,0.8831138610839844,0.17390432953834534
235,LEFT_HEEL,0.33353108167648315,0.9031270146369934,0.29421335458755493
235,RIGHT_HEEL,0.33086317777633667,0.9067238569259644,0.19014450907707214
235,LEFT_FOOT_INDEX,0.3986297845840454,0.9231197237968445,0.15089279413223267
235,RIGHT_FOOT_INDEX,0.38803598284721375,0.9341912269592285,0.06809204071760178
236,NOSE,0.5071001052856445,0.3156954348087311,-0.33206385374069214
236,LEFT_EYE_INNER,0.5118725895881653,0.30391767621040344,-0.313287615776062
236,LEFT_EYE,0.5100674629211426,0.3027574419975281,-0.31337040662765503
236,LEFT_EYE_OUTER,0.5088399052619934,0.30151107907295227,-0.31352800130844116
236,RIGHT_EYE_INNER,0.5163540244102478,0.30181196331977844,-0.3504803478717804
236,RIGHT_EYE,0.5160559415817261,0.3001646399497986,-0.35066646337509155
236,RIGHT_EYE_OUTER,0.5150027871131897,0.29858097434043884,-0.35098010301589966
236,LEFT_EAR,0.49916109442710876,0.2973169684410095,-0.16721943020820618
236,RIGHT_EAR,0.5016791820526123,0.29346567392349243,-0.3386320471763611
236,MOUTH_LEFT,0.490633487701416,0.3218719959259033,-0.2697334587574005
236,MOUTH_RIGHT,0.49427199363708496,0.3194459080696106,-0.3203407824039459
236,LEFT_SHOULDER,0.495560884475708,0.3748185336589813,-0.027933645993471146
236,RIGHT_SHOULDER,0.36913469433784485,0.30530664324760437,-0.2665364146232605
236,LEFT_ELBOW,0.4649115204811096,0.4371560513973236,0.2268337905406952
236,RIGHT_ELBOW,0.25761324167251587,0.2661524713039398,-0.24119074642658234
236,LEFT_WRIST,0.41635507345199585,0.4339834749698639,0.4043025076389313
236,RIGHT_WRIST,0.19477710127830505,0.21698853373527527,-0.21872444450855255
236,LEFT_PINKY,0.39195290207862854,0.44252848625183105,0.4372848570346832
236,RIGHT_PINKY,0.17708292603492737,0.20005306601524353,-0.23707351088523865
236,LEFT_INDEX,0.40123820304870605,0.42604684829711914,0.4092947542667389
236,RIGHT_INDEX,0.1788843870162964,0.1969759613275528,-0.26889854669570923
236,LEFT_THUMB,0.39608249068260193,0.42192450165748596,0.3965969383716583
236,RIGHT_THUMB,0.18605147302150726,0.2069157361984253,-0.2340443879365921
236,LEFT_HIP,0.4052594304084778,0.5666219592094421,0.07586833834648132
236,RIGHT_HIP,0.3392360508441925,0.5641140341758728,-0.07588200271129608
236,LEFT_KNEE,0.383714497089386,0.7408541440963745,0.08081131428480148
236,RIGHT_KNEE,0.34054034948349,0.734322190284729,-0.04571015387773514
236,LEFT_ANKLE,0.3536812365055084,0.8793430328369141,0.34374260902404785
236,RIGHT_ANKLE,0.34969404339790344,0.8831993937492371,0.21990740299224854
236,LEFT_HEEL,0.33633971214294434,0.9027239084243774,0.36676713824272156
236,RIGHT_HEEL,0.33176201581954956,0.9070229530334473,0.24202878773212433
236,LEFT_FOOT_INDEX,0.40132108330726624,0.9289799928665161,0.2251376211643219
236,RIGHT_FOOT_INDEX,0.3846610188484192,0.9374867677688599,0.07052136957645416
237,NOSE,0.5037332773208618,0.30935782194137573,0.024691026657819748
237,LEFT_EYE_INNER,0.5086330771446228,0.2975717782974243,-0.010317208245396614
237,LEFT_EYE,0.5065186023712158,0.29670706391334534,-0.010316433385014534
237,LEFT_EYE_OUTER,0.5048933029174805,0.2959885895252228,-0.010327475145459175
237,RIGHT_EYE_INNER,0.5138393044471741,0.2970578372478485,-0.03310507535934448
237,RIGHT_EYE,0.5142061710357666,0.2962035536766052,-0.03316966071724892
237,RIGHT_EYE_OUTER,0.5139861106872559,0.29555264115333557,-0.0333838127553463
237,LEFT_EAR,0.4948713779449463,0.2932550609111786,-0.057156842201948166
237,RIGHT_EAR,0.5010325312614441,0.2921282947063446,-0.29792800545692444
237,MOUTH_LEFT,0.4886403977870941,0.31538236141204834,-0.0035657822154462337
237,MOUTH_RIGHT,0.49302324652671814,0.31562522053718567,-0.03350263833999634
237,LEFT_SHOULDER,0.39597004652023315,0.3244006633758545,0.02520493045449257
237,RIGHT_SHOULDER,0.4411791265010834,0.3345947861671448,-0.23867575824260712
237,LEFT_ELBOW,0.42120665311813354,0.38872984051704407,0.2825290858745575
237,RIGHT_ELBOW,0.40151509642601013,0.2884904146194458,-0.03441061079502106
237,LEFT_WRIST,0.41787463426589966,0.37312746047973633,0.518017053604126
237,RIGHT_WRIST,0.393573522567749,0.30107519030570984,0.3239019513130188
237,LEFT_PINKY,0.41260552406311035,0.3436080515384674,0.5600711107254028
237,RIGHT_PINKY,0.38346388936042786,0.284250408411026,0.3613658547401428
237,LEFT_INDEX,0.4051429331302643,0.3437314033508301,0.5469631552696228
237,RIGHT_INDEX,0.38629332184791565,0.282587468624115,0.34955906867980957
237,LEFT_THUMB,0.4047088623046875,0.3663105368614197,0.5183672308921814
237,RIGHT_THUMB,0.3861767649650574,0.29070743918418884,0.33100947737693787
237,LEFT_HIP,0.3744260370731354,0.5666206479072571,0.08010025322437286
237,RIGHT_HIP,0.3455790877342224,0.5683485269546509,-0.08016374707221985
237,LEFT_KNEE,0.3828524947166443,0.730307936668396,0.08493390679359436
237,RIGHT_KNEE,0.3609446883201599,0.728898286819458,0.003043893724679947
237,LEFT_ANKLE,0.35964202880859375,0.8747671842575073,0.26219847798347473
237,RIGHT_ANKLE,0.355193555355072,0.8811330795288086,0.1835855394601822
237,LEFT_HEEL,0.34074488282203674,0.8991376757621765,0.2715558707714081
237,RIGHT_HEEL,0.33385616540908813,0.9059551954269409,0.19828790426254272
237,LEFT_FOOT_INDEX,0.40260982513427734,0.9272186160087585,0.18010762333869934
237,RIGHT_FOOT_INDEX,0.3909580409526825,0.9326387643814087,0.09080920368432999
238,NOSE,0.5014304518699646,0.3078996241092682,-0.095574751496315
238,LEFT_EYE_INNER,0.5072073936462402,0.29667532444000244,-0.09965779632329941
238,LEFT_EYE,0.5055620670318604,0.29626375436782837,-0.09969804435968399
238,LEFT_EYE_OUTER,0.5043118596076965,0.2959498465061188,-0.09975234419107437
238,RIGHT_EYE_INNER,0.5110357999801636,0.2954598665237427,-0.1366150826215744
238,RIGHT_EYE,0.5112071633338928,0.2944408357143402,-0.1367228925228119
238,RIGHT_EYE_OUTER,0.5110601186752319,0.2936956286430359,-0.1369469314813614
238,LEFT_EAR,0.49436578154563904,0.29296183586120605,-0.06810908764600754
238,RIGHT_EAR,0.4974324107170105,0.2896602749824524,-0.2483309954404831
238,MOUTH_LEFT,0.48797154426574707,0.31450018286705017,-0.07538209855556488
238,MOUTH_RIGHT,0.4909990727901459,0.31381529569625854,-0.12509526312351227
238,LEFT_SHOULDER,0.4089430868625641,0.32509297132492065,0.04240965470671654
238,RIGHT_SHOULDER,0.3965012729167938,0.3209683299064636,-0.23372051119804382
238,LEFT_ELBOW,0.4244922697544098,0.3890046775341034,0.3118650019168854
238,RIGHT_ELBOW,0.39596065878868103,0.3365284502506256,-0.05080818384885788
238,LEFT_WRIST,0.43663373589515686,0.3631189465522766,0.49321430921554565
238,RIGHT_WRIST,0.40466761589050293,0.31502747535705566,0.26530811190605164
238,LEFT_PINKY,0.42771920561790466,0.33287835121154785,0.5259386897087097
238,RIGHT_PINKY,0.41210994124412537,0.30592817068099976,0.2954449951648712
238,LEFT_INDEX,0.42037349939346313,0.3217296004295349,0.5142615437507629
238,RIGHT_INDEX,0.40874791145324707,0.30093932151794434,0.28136804699897766
238,LEFT_THUMB,0.4293338358402252,0.3529229760169983,0.4922150671482086
238,RIGHT_THUMB,0.4039113521575928,0.30539509654045105,0.2710546553134918
238,LEFT_HIP,0.381766140460968,0.5666124224662781,0.08884026110172272
238,RIGHT_HIP,0.3461763560771942,0.5667270421981812,-0.08881725370883942
238,LEFT_KNEE,0.3770015239715576,0.7282242774963379,0.1008463129401207
238,RIGHT_KNEE,0.3611404299736023,0.7278647422790527,-0.0933118611574173
238,LEFT_ANKLE,0.3612228035926819,0.8739895820617676,0.2852784991264343
238,RIGHT_ANKLE,0.3558804988861084,0.8798434138298035,0.044613875448703766
238,LEFT_HEEL,0.3415330648422241,0.8974444270133972,0.2947801351547241
238,RIGHT_HEEL,0.3344575762748718,0.9055875539779663,0.05245697498321533
238,LEFT_FOOT_INDEX,0.40557974576950073,0.9255629777908325,0.18640980124473572
238,RIGHT_FOOT_INDEX,0.39397627115249634,0.9310070872306824,-0.08850660920143127
239,NOSE,0.4963230490684509,0.2921167016029358,-0.33713147044181824
239,LEFT_EYE_INNER,0.5060261487960815,0.28640511631965637,-0.30618196725845337
239,LEFT_EYE,0.5056924223899841,0.2885909974575043,-0.3062494397163391
239,LEFT_EYE_OUTER,0.505062460899353,0.2905837297439575,-0.3063768446445465
239,RIGHT_EYE_INNER,0.5002965331077576,0.2782842516899109,-0.33462992310523987
239,RIGHT_EYE,0.4961305558681488,0.2749130129814148,-0.33465269207954407
239,RIGHT_EYE_OUTER,0.49136677384376526,0.27182483673095703,-0.33478039503097534
239,LEFT_EAR,0.49892354011535645,0.2913380563259125,-0.1182689517736435
239,RIGHT_EAR,0.4767346978187561,0.2699095904827118,-0.2555866837501526
239,MOUTH_LEFT,0.48725175857543945,0.30538439750671387,-0.2626456618309021
239,MOUTH_RIGHT,0.48047176003456116,0.29572057723999023,-0.30221593379974365
239,LEFT_SHOULDER,0.49074578285217285,0.3484581410884857,-0.028981784358620644
239,RIGHT_SHOULDER,0.3726949691772461,0.30620038509368896,-0.16211655735969543
239,LEFT_ELBOW,0.5097410678863525,0.38372308015823364,-0.07978899776935577
239,RIGHT_ELBOW,0.2755160331726074,0.29795971512794495,-0.05791056901216507
239,LEFT_WRIST,0.49238720536231995,0.3198342025279999,-0.2510380148887634
239,RIGHT_WRIST,0.2154606580734253,0.29410627484321594,0.01814965531229973
239,LEFT_PINKY,0.48580679297447205,0.29929330945014954,-0.287925660610199
239,RIGHT_PINKY,0.1982164978981018,0.29271450638771057,0.012998348101973534
239,LEFT_INDEX,0.48200511932373047,0.29246026277542114,-0.2801460921764374
239,RIGHT_INDEX,0.20524325966835022,0.2917913794517517,-0.012797193601727486
239,LEFT_THUMB,0.48073381185531616,0.30234986543655396,-0.2566550076007843
239,RIGHT_THUMB,0.21053354442119598,0.2959524691104889,0.007304632570594549
239,LEFT_HIP,0.4076898992061615,0.5664271116256714,0.0540483184158802
239,RIGHT_HIP,0.33274832367897034,0.5615484118461609,-0.053814858198165894
239,LEFT_KNEE,0.4007876515388489,0.7173289656639099,0.06212617829442024
239,RIGHT_KNEE,0.34661340713500977,0.7288512587547302,-0.06486625969409943
239,LEFT_ANKLE,0.36080819368362427,0.873238205909729,0.3153417706489563
239,RIGHT_ANKLE,0.3566971719264984,0.8820058107376099,0.15214130282402039
239,LEFT_HEEL,0.3411329686641693,0.8933526277542114,0.33631631731987
239,RIGHT_HEEL,0.3434801697731018,0.9055747985839844,0.17063599824905396
239,LEFT_FOOT_INDEX,0.4071927070617676,0.936326801776886,0.18764279782772064
239,RIGHT_FOOT_INDEX,0.37902921438217163,0.9471051096916199,-0.016263093799352646
240,NOSE,0.49394530057907104,0.2947467267513275,-0.28907397389411926
240,LEFT_EYE_INNER,0.5039191246032715,0.28789275884628296,-0.2621796727180481
240,LEFT_EYE,0.5047529339790344,0.28975337743759155,-0.2622893452644348
240,LEFT_EYE_OUTER,0.5049927830696106,0.29144978523254395,-0.2625018358230591
240,RIGHT_EYE_INNER,0.4964277744293213,0.2803134322166443,-0.2905324697494507
240,RIGHT_EYE,0.49204230308532715,0.2768617570400238,-0.2905404269695282
240,RIGHT_EYE_OUTER,0.48720866441726685,0.2736089825630188,-0.2906666100025177
240,LEFT_EAR,0.4990895688533783,0.2914128303527832,-0.08752144128084183
240,RIGHT_EAR,0.4726586937904358,0.2700912356376648,-0.22505851089954376
240,MOUTH_LEFT,0.48673877120018005,0.3066469728946686,-0.21786554157733917
240,MOUTH_RIGHT,0.47871142625808716,0.29801905155181885,-0.2573166489601135
240,LEFT_SHOULDER,0.49378108978271484,0.3532678782939911,0.009445722214877605
240,RIGHT_SHOULDER,0.37028422951698303,0.3045573830604553,-0.1347312182188034
240,LEFT_ELBOW,0.4998808801174164,0.3881297707557678,0.04056796431541443
240,RIGHT_ELBOW,0.3094402551651001,0.2939847409725189,-0.15387459099292755
240,LEFT_WRIST,0.49038490653038025,0.3331700563430786,-0.027455151081085205
240,RIGHT_WRIST,0.2761887013912201,0.2709558606147766,-0.14276793599128723
240,LEFT_PINKY,0.4868496358394623,0.3169892430305481,-0.04605109989643097
240,RIGHT_PINKY,0.29848018288612366,0.2627582252025604,-0.15756048262119293
240,LEFT_INDEX,0.48683086037635803,0.30893751978874207,-0.0426136739552021
240,RIGHT_INDEX,0.31387585401535034,0.2646976411342621,-0.1529238224029541
240,LEFT_THUMB,0.4837528169155121,0.3157440721988678,-0.030055329203605652
240,RIGHT_THUMB,0.3146043121814728,0.2704140543937683,-0.14279787242412567
240,LEFT_HIP,0.41016659140586853,0.5639416575431824,0.06065456196665764
240,RIGHT_HIP,0.33434540033340454,0.5573557019233704,-0.060477204620838165
240,LEFT_KNEE,0.40581250190734863,0.712192714214325,-0.006126421503722668
240,RIGHT_KNEE,0.3417792022228241,0.7289018630981445,-0.10876162350177765
240,LEFT_ANKLE,0.35999175906181335,0.873295783996582,0.1697942018508911
240,RIGHT_ANKLE,0.3564622402191162,0.8809229731559753,0.09410283714532852
240,LEFT_HEEL,0.3402775228023529,0.8934670686721802,0.18111442029476166
240,RIGHT_HEEL,0.3448657691478729,0.9016484022140503,0.10756523907184601
240,LEFT_FOOT_INDEX,0.4023250937461853,0.9359167218208313,0.009661382995545864
240,RIGHT_FOOT_INDEX,0.37866324186325073,0.9473215937614441,-0.09108072519302368
241,NOSE,0.4884641766548157,0.2927170395851135,-0.21227166056632996
241,LEFT_EYE_INNER,0.4971187114715576,0.2851342260837555,-0.21232619881629944
241,LEFT_EYE,0.4981320798397064,0.2867104411125183,-0.2123531550168991
241,LEFT_EYE_OUTER,0.49888306856155396,0.2883688807487488,-0.21250200271606445
241,RIGHT_EYE_INNER,0.4919816553592682,0.2788832187652588,-0.23453719913959503
241,RIGHT_EYE,0.4892355799674988,0.2759976089000702,-0.23457054793834686
241,RIGHT_EYE_OUTER,0.4861944317817688,0.27333736419677734,-0.23473230004310608
241,LEFT_EAR,0.4956047534942627,0.28974980115890503,-0.147544264793396
241,RIGHT_EAR,0.47601404786109924,0.27201277017593384,-0.2467404305934906
241,MOUTH_LEFT,0.48233404755592346,0.30416935682296753,-0.17841723561286926
241,MOUTH_RIGHT,0.4763222336769104,0.2971038520336151,-0.20943424105644226
241,LEFT_SHOULDER,0.48319363594055176,0.3464171290397644,-0.02014901116490364
241,RIGHT_SHOULDER,0.3818269371986389,0.30853471159935,-0.15888004004955292
241,LEFT_ELBOW,0.4317452907562256,0.35253793001174927,0.21797117590904236
241,RIGHT_ELBOW,0.42092543840408325,0.31069415807724,0.055840928107500076
241,LEFT_WRIST,0.4299097955226898,0.2934287190437317,0.4173294007778168
241,RIGHT_WRIST,0.4288173317909241,0.28322041034698486,0.4004342555999756
241,LEFT_PINKY,0.4415540099143982,0.30139002203941345,0.4401043951511383
241,RIGHT_PINKY,0.4372444748878479,0.278890460729599,0.4348485469818115
241,LEFT_INDEX,0.4457371234893799,0.29890191555023193,0.41897886991500854
241,RIGHT_INDEX,0.4367629587650299,0.2794014811515808,0.4112076759338379
241,LEFT_THUMB,0.44357356429100037,0.30390095710754395,0.41292881965637207
241,RIGHT_THUMB,0.4325965344905853,0.28264445066452026,0.40220746397972107
241,LEFT_HIP,0.4068145155906677,0.5612584948539734,0.06089649721980095
241,RIGHT_HIP,0.3372342884540558,0.5558055639266968,-0.06093013286590576
241,LEFT_KNEE,0.4094320237636566,0.7086170315742493,-0.047905754297971725
241,RIGHT_KNEE,0.34168770909309387,0.7267524600028992,-0.03839205577969551
241,LEFT_ANKLE,0.36141279339790344,0.8732296824455261,0.13436606526374817
241,RIGHT_ANKLE,0.35607999563217163,0.8750900030136108,0.2503069043159485
241,LEFT_HEEL,0.3415222764015198,0.893954873085022,0.14801181852817535
241,RIGHT_HEEL,0.34514158964157104,0.892807126045227,0.2717835307121277
241,LEFT_FOOT_INDEX,0.40156763792037964,0.9353580474853516,-0.003605089383199811
241,RIGHT_FOOT_INDEX,0.377808153629303,0.9453402757644653,0.11018793284893036
242,NOSE,0.48735371232032776,0.29285892844200134,-0.18800988793373108
242,LEFT_EYE_INNER,0.495328426361084,0.2846930921077728,-0.19303986430168152
242,LEFT_EYE,0.4961552619934082,0.28597891330718994,-0.19307386875152588
242,LEFT_EYE_OUTER,0.4968620240688324,0.2874130308628082,-0.19318969547748566
242,RIGHT_EYE_INNER,0.4914228022098541,0.2792338728904724,-0.21568307280540466
242,RIGHT_EYE,0.48927417397499084,0.27659863233566284,-0.21573364734649658
242,RIGHT_EYE_OUTER,0.48687639832496643,0.274177610874176,-0.21593482792377472
242,LEFT_EAR,0.49375224113464355,0.2887588143348694,-0.15072177350521088
242,RIGHT_EAR,0.4778914451599121,0.27323538064956665,-0.2534087598323822
242,MOUTH_LEFT,0.48102694749832153,0.303682804107666,-0.16204968094825745
242,MOUTH_RIGHT,0.47619909048080444,0.2975654602050781,-0.193413645029068
242,LEFT_SHOULDER,0.47428759932518005,0.3435658812522888,-0.03191189095377922
242,RIGHT_SHOULDER,0.3883803188800812,0.3108077049255371,-0.19325564801692963
242,LEFT_ELBOW,0.41807183623313904,0.34876054525375366,0.2074476033449173
242,RIGHT_ELBOW,0.42892852425575256,0.32260051369667053,0.02881546877324581
242,LEFT_WRIST,0.41869473457336426,0.28148841857910156,0.3484902083873749
242,RIGHT_WRIST,0.4403270184993744,0.2872162163257599,0.350498229265213
242,LEFT_PINKY,0.4263427257537842,0.2798406481742859,0.36212027072906494
242,RIGHT_PINKY,0.4481411874294281,0.2820567786693573,0.377735435962677
242,LEFT_INDEX,0.4322736859321594,0.27681073546409607,0.34519702196121216
242,RIGHT_INDEX,0.44409042596817017,0.2800585627555847,0.35301774740219116
242,LEFT_THUMB,0.431793749332428,0.28288817405700684,0.343842089176178
242,RIGHT_THUMB,0.43940362334251404,0.28290873765945435,0.35060209035873413
242,LEFT_HIP,0.40522170066833496,0.5603243112564087,0.06487437337636948
242,RIGHT_HIP,0.33855777978897095,0.5550638437271118,-0.06490545719861984
242,LEFT_KNEE,0.4095880389213562,0.7075234651565552,-0.044043540954589844
242,RIGHT_KNEE,0.3420313894748688,0.7242979407310486,-0.004376573488116264
242,LEFT_ANKLE,0.36246830224990845,0.8737536668777466,0.12974025309085846
242,RIGHT_ANKLE,0.355877161026001,0.8699814081192017,0.30111807584762573
242,LEFT_HEEL,0.34247133135795593,0.8940519094467163,0.14210887253284454
242,RIGHT_HEEL,0.3450656831264496,0.8871312141418457,0.324383020401001
242,LEFT_FOOT_INDEX,0.40151524543762207,0.935859203338623,-0.014838993549346924
242,RIGHT_FOOT_INDEX,0.3790024518966675,0.9439949989318848,0.1672334372997284
243,NOSE,0.4883216321468353,0.29218870401382446,0.04469485580921173
243,LEFT_EYE_INNER,0.4957602620124817,0.2839013934135437,0.013568297028541565
243,LEFT_EYE,0.49635058641433716,0.28475597500801086,0.013466541655361652
243,LEFT_EYE_OUTER,0.4968773424625397,0.2857731878757477,0.013391408137977123
243,RIGHT_EYE_INNER,0.4927951693534851,0.27963143587112427,0.003670544596388936
243,RIGHT_EYE,0.49098867177963257,0.27739036083221436,0.0036378800868988037
243,RIGHT_EYE_OUTER,0.4888768792152405,0.27535656094551086,0.0034203592222183943
243,LEFT_EAR,0.49249473214149475,0.2865683138370514,-0.07218001782894135
243,RIGHT_EAR,0.47813767194747925,0.2744656801223755,-0.10859115421772003
243,MOUTH_LEFT,0.4814143776893616,0.3019493818283081,0.0277891606092453
243,MOUTH_RIGHT,0.47710728645324707,0.2969006597995758,0.013038292527198792
243,LEFT_SHOULDER,0.4173194468021393,0.32996198534965515,-0.02338225767016411
243,RIGHT_SHOULDER,0.4525655210018158,0.3359995484352112,-0.10389582067728043
243,LEFT_ELBOW,0.3602043390274048,0.3326703608036041,0.16147059202194214
243,RIGHT_ELBOW,0.4490261971950531,0.36748698353767395,0.08806057274341583
243,LEFT_WRIST,0.38223111629486084,0.2530357539653778,0.32546553015708923
243,RIGHT_WRIST,0.45065706968307495,0.295230895280838,0.360717236995697
243,LEFT_PINKY,0.39312487840652466,0.23486065864562988,0.3391259014606476
243,RIGHT_PINKY,0.4563522934913635,0.28848785161972046,0.38581445813179016
243,LEFT_INDEX,0.40595918893814087,0.23290976881980896,0.32705000042915344
243,RIGHT_INDEX,0.45002955198287964,0.28379008173942566,0.3635103702545166
243,LEFT_THUMB,0.4054841101169586,0.24109980463981628,0.32379090785980225
243,RIGHT_THUMB,0.44516175985336304,0.28793591260910034,0.3593859076499939
243,LEFT_HIP,0.4006887376308441,0.5602465271949768,0.06019457057118416
243,RIGHT_HIP,0.34043771028518677,0.5557207465171814,-0.060253776609897614
243,LEFT_KNEE,0.40871089696884155,0.7145671248435974,0.0026010985020548105
243,RIGHT_KNEE,0.3431537449359894,0.724745512008667,-0.07543327659368515
243,LEFT_ANKLE,0.36194896697998047,0.8741626739501953,0.1643037497997284
243,RIGHT_ANKLE,0.3617730736732483,0.878217339515686,0.050349414348602295
243,LEFT_HEEL,0.34218353033065796,0.8974921107292175,0.17346644401550293
243,RIGHT_HEEL,0.3451089859008789,0.9025033712387085,0.0568101704120636
243,LEFT_FOOT_INDEX,0.39395761489868164,0.9348206520080566,0.04596219211816788
243,RIGHT_FOOT_INDEX,0.38172972202301025,0.9440576434135437,-0.08193908631801605
244,NOSE,0.4889180660247803,0.2921586036682129,0.06178631633520126
244,LEFT_EYE_INNER,0.4959729313850403,0.28376418352127075,0.03017524816095829
244,LEFT_EYE,0.4963945746421814,0.2843836545944214,0.030072826892137527
244,LEFT_EYE_OUTER,0.4967777132987976,0.2851599156856537,0.030003059655427933
244,RIGHT_EYE_INNER,0.4936111569404602,0.2801308333873749,0.019763391464948654
244,RIGHT_EYE,0.4920184016227722,0.2780948877334595,0.019729536026716232
244,RIGHT_EYE_OUTER,0.49007710814476013,0.2762491703033447,0.01950981095433235
244,LEFT_EAR,0.4916425347328186,0.2856648862361908,-0.052861280739307404
244,RIGHT_EAR,0.47822704911231995,0.27528733015060425,-0.09696939587593079
244,MOUTH_LEFT,0.48167580366134644,0.301225483417511,0.04393457621335983
244,MOUTH_RIGHT,0.4777035713195801,0.2969413697719574,0.028444403782486916
244,LEFT_SHOULDER,0.4079407751560211,0.3255210220813751,-0.02277766726911068
244,RIGHT_SHOULDER,0.461228609085083,0.3424301743507385,-0.0975213348865509
244,LEFT_ELBOW,0.35747411847114563,0.32895705103874207,0.14849554002285004
244,RIGHT_ELBOW,0.453881174325943,0.37529587745666504,0.08710829168558121
244,LEFT_WRIST,0.38004717230796814,0.24966129660606384,0.3170801103115082
244,RIGHT_WRIST,0.45441022515296936,0.2992970645427704,0.35796576738357544
244,LEFT_PINKY,0.3878447413444519,0.22801415622234344,0.3306035101413727
244,RIGHT_PINKY,0.4599561095237732,0.29118913412094116,0.3828962445259094
244,LEFT_INDEX,0.38800546526908875,0.22186705470085144,0.3200450539588928
244,RIGHT_INDEX,0.45291629433631897,0.28529006242752075,0.3601438105106354
244,LEFT_THUMB,0.40096336603164673,0.23411114513874054,0.31615108251571655
244,RIGHT_THUMB,0.44797372817993164,0.28980374336242676,0.35626786947250366
244,LEFT_HIP,0.39831191301345825,0.5603557229042053,0.058754533529281616
244,RIGHT_HIP,0.34066271781921387,0.5561496019363403,-0.05882187932729721
244,LEFT_KNEE,0.4064280390739441,0.7198813557624817,0.024291913956403732
244,RIGHT_KNEE,0.34440407156944275,0.7255544066429138,-0.08667811751365662
244,LEFT_ANKLE,0.36174964904785156,0.8747292757034302,0.16164542734622955
244,RIGHT_ANKLE,0.36478450894355774,0.8838280439376831,0.029922768473625183
244,LEFT_HEEL,0.3420606255531311,0.9001826047897339,0.16916123032569885
244,RIGHT_HEEL,0.34571486711502075,0.9106395840644836,0.035806864500045776
244,LEFT_FOOT_INDEX,0.39022567868232727,0.9353491067886353,0.04724135249853134
244,RIGHT_FOOT_INDEX,0.38429415225982666,0.9446409940719604,-0.1036263108253479
245,NOSE,0.4886833131313324,0.28897279500961304,0.16595180332660675
245,LEFT_EYE_INNER,0.4939197599887848,0.27908384799957275,0.12211428582668304
245,LEFT_EYE,0.4931336045265198,0.27807286381721497,0.12210388481616974
245,LEFT_EYE_OUTER,0.4919528365135193,0.2769586443901062,0.12213771045207977
245,RIGHT_EYE_INNER,0.4942508339881897,0.27939993143081665,0.11957784742116928
245,RIGHT_EYE,0.49208253622055054,0.2783609926700592,0.11953761428594589
245,RIGHT_EYE_OUTER,0.49246010184288025,0.27706751227378845,0.11933443695306778
245,LEFT_EAR,0.48448967933654785,0.27590981125831604,-0.008812365122139454
245,RIGHT_EAR,0.48732632398605347,0.27557629346847534,-0.02118396759033203
245,MOUTH_LEFT,0.4811271131038666,0.29623979330062866,0.13183820247650146
245,MOUTH_RIGHT,0.47847580909729004,0.29622796177864075,0.12653331458568573
245,LEFT_SHOULDER,0.3933688700199127,0.3113245666027069,-0.018198136240243912
245,RIGHT_SHOULDER,0.48795634508132935,0.34279435873031616,-0.03070077858865261
245,LEFT_ELBOW,0.3288671672344208,0.3186684846878052,0.1573106050491333
245,RIGHT_ELBOW,0.4722105860710144,0.34629327058792114,0.18365399539470673
245,LEFT_WRIST,0.3605295419692993,0.23282697796821594,0.34146425127983093
245,RIGHT_WRIST,0.4353941082954407,0.2508380115032196,0.46834665536880493
245,LEFT_PINKY,0.3618697226047516,0.21135839819908142,0.3640051782131195
245,RIGHT_PINKY,0.4367501139640808,0.2369716912508011,0.5038799047470093
245,LEFT_INDEX,0.37227118015289307,0.21155333518981934,0.35225674510002136
245,RIGHT_INDEX,0.42963680624961853,0.23654675483703613,0.4832627773284912
245,LEFT_THUMB,0.37368741631507874,0.22184041142463684,0.3431316018104553
245,RIGHT_THUMB,0.42486572265625,0.2354554384946823,0.46961474418640137
245,LEFT_HIP,0.3580135405063629,0.5609337687492371,0.02143717184662819
245,RIGHT_HIP,0.37641441822052,0.5679568648338318,-0.021928343921899796
245,LEFT_KNEE,0.35956111550331116,0.7295152544975281,-0.00833153910934925
245,RIGHT_KNEE,0.3620053231716156,0.7426629066467285,-0.02779923751950264
245,LEFT_ANKLE,0.3614659309387207,0.8957620859146118,0.0036352132447063923
245,RIGHT_ANKLE,0.36762189865112305,0.90227872133255,0.021587025374174118
245,LEFT_HEEL,0.353636771440506,0.921624481678009,0.004152458161115646
245,RIGHT_HEEL,0.3576236963272095,0.9307999610900879,0.023060521110892296
245,LEFT_FOOT_INDEX,0.3836958408355713,0.9410220384597778,-0.06709766387939453
245,RIGHT_FOOT_INDEX,0.38444387912750244,0.9469846487045288,-0.06682775914669037
246,NOSE,0.488441526889801,0.28713515400886536,0.20506854355335236
246,LEFT_EYE_INNER,0.49281564354896545,0.2767617702484131,0.16041404008865356
246,LEFT_EYE,0.4912635385990143,0.2750726640224457,0.16042262315750122
246,LEFT_EYE_OUTER,0.48952069878578186,0.2734169363975525,0.16047760844230652
246,RIGHT_EYE_INNER,0.4946902394294739,0.2788854241371155,0.16006027162075043
246,RIGHT_EYE,0.4925304353237152,0.27845460176467896,0.16000308096408844
246,RIGHT_EYE_OUTER,0.4946008622646332,0.27758827805519104,0.15984481573104858
246,LEFT_EAR,0.4809388220310211,0.27207478880882263,0.019102532416582108
246,RIGHT_EAR,0.4917601943016052,0.27601292729377747,0.01579963229596615
246,MOUTH_LEFT,0.48041343688964844,0.2934998869895935,0.16697031259536743
246,MOUTH_RIGHT,0.4789310097694397,0.2954827547073364,0.16449159383773804
246,LEFT_SHOULDER,0.388868510723114,0.30771690607070923,-0.011847087182104588
246,RIGHT_SHOULDER,0.49361807107925415,0.3431481420993805,0.006283904425799847
246,LEFT_ELBOW,0.32223913073539734,0.31944790482521057,0.16158954799175262
246,RIGHT_ELBOW,0.47529879212379456,0.3398383557796478,0.2394043654203415
246,LEFT_WRIST,0.35778898000717163,0.2307528704404831,0.3496719002723694
246,RIGHT_WRIST,0.43201979994773865,0.2464182823896408,0.5569629669189453
246,LEFT_PINKY,0.35802292823791504,0.2098163366317749,0.37866097688674927
246,RIGHT_PINKY,0.42399778962135315,0.2315925657749176,0.6046234965324402
246,LEFT_INDEX,0.3695388436317444,0.21045252680778503,0.37031564116477966
246,RIGHT_INDEX,0.4190836548805237,0.23147599399089813,0.5889194011688232
246,LEFT_THUMB,0.3697935938835144,0.2203669250011444,0.35405296087265015
246,RIGHT_THUMB,0.417904794216156,0.2301214039325714,0.5617905855178833
246,LEFT_HIP,0.34156888723373413,0.5609422922134399,0.010805602185428143
246,RIGHT_HIP,0.39353013038635254,0.5719167590141296,-0.011510742828249931
246,LEFT_KNEE,0.3437679409980774,0.7313402891159058,0.005097765475511551
246,RIGHT_KNEE,0.37861037254333496,0.7440963983535767,0.0061200568452477455
246,LEFT_ANKLE,0.3612758219242096,0.8966766595840454,-0.1015753298997879
246,RIGHT_ANKLE,0.3694049119949341,0.9013032913208008,-0.06783267855644226
246,LEFT_HEEL,0.36037391424179077,0.9206012487411499,-0.11106415092945099
246,RIGHT_HEEL,0.3634266257286072,0.9301550984382629,-0.07639577984809875
246,LEFT_FOOT_INDEX,0.38251978158950806,0.9396442174911499,-0.17176587879657745
246,RIGHT_FOOT_INDEX,0.385137140750885,0.9627088308334351,-0.1505659967660904
247,NOSE,0.48713359236717224,0.27792391180992126,0.18934014439582825
247,LEFT_EYE_INNER,0.4891548752784729,0.2668441832065582,0.13694338500499725
247,LEFT_EYE,0.486621618270874,0.26503127813339233,0.13697019219398499
247,LEFT_EYE_OUTER,0.4838944971561432,0.2633482813835144,0.13704176247119904
247,RIGHT_EYE_INNER,0.4948042929172516,0.2712780833244324,0.14865338802337646
247,RIGHT_EYE,0.4929424822330475,0.27230626344680786,0.14859433472156525
247,RIGHT_EYE_OUTER,0.4971139430999756,0.2732207179069519,0.14845825731754303
247,LEFT_EAR,0.47755879163742065,0.26627206802368164,-0.006317549385130405
247,RIGHT_EAR,0.49769121408462524,0.276221364736557,0.020907189697027206
247,MOUTH_LEFT,0.4788530766963959,0.2852490544319153,0.1422315388917923
247,MOUTH_RIGHT,0.48022809624671936,0.28979092836380005,0.15519249439239502
247,LEFT_SHOULDER,0.38852885365486145,0.3071463406085968,-0.09542734920978546
247,RIGHT_SHOULDER,0.4987832009792328,0.34117957949638367,0.04535897448658943
247,LEFT_ELBOW,0.32839083671569824,0.2915227711200714,0.06660609692335129
247,RIGHT_ELBOW,0.4677887558937073,0.3064419627189636,0.28377994894981384
247,LEFT_WRIST,0.34318840503692627,0.2149089276790619,0.2710612416267395
247,RIGHT_WRIST,0.4257863163948059,0.22548601031303406,0.5637914538383484
247,LEFT_PINKY,0.34096747636795044,0.18176212906837463,0.2898520529270172
247,RIGHT_PINKY,0.41107097268104553,0.20665237307548523,0.6072319746017456
247,LEFT_INDEX,0.3525415360927582,0.18216674029827118,0.2856066823005676
247,RIGHT_INDEX,0.40272969007492065,0.20058536529541016,0.5844953656196594
247,LEFT_THUMB,0.35465148091316223,0.19195686280727386,0.27873820066452026
247,RIGHT_THUMB,0.40097957849502563,0.20707707107067108,0.5643675923347473
247,LEFT_HIP,0.33300548791885376,0.5616430640220642,-0.04789990559220314
247,RIGHT_HIP,0.4101906716823578,0.576140820980072,0.04725617170333862
247,LEFT_KNEE,0.3404447138309479,0.7340719103813171,0.004293661564588547
247,RIGHT_KNEE,0.393271267414093,0.742024838924408,0.13773737847805023
247,LEFT_ANKLE,0.35964372754096985,0.899185061454773,0.02756410278379917
247,RIGHT_ANKLE,0.37398967146873474,0.9043121337890625,0.19557754695415497
247,LEFT_HEEL,0.358186811208725,0.9202958345413208,0.03278731554746628
247,RIGHT_HEEL,0.36791133880615234,0.9299566149711609,0.20396511256694794
247,LEFT_FOOT_INDEX,0.3606438934803009,0.9429041147232056,-0.12246717512607574
247,RIGHT_FOOT_INDEX,0.383735716342926,0.9621831178665161,0.1752835065126419
248,NOSE,0.48734521865844727,0.2756945788860321,0.20536211133003235
248,LEFT_EYE_INNER,0.4887392520904541,0.26448512077331543,0.1536845862865448
248,LEFT_EYE,0.48588889837265015,0.26262977719306946,0.15371966361999512
248,LEFT_EYE_OUTER,0.4829045236110687,0.26096639037132263,0.15380646288394928
248,RIGHT_EYE_INNER,0.4949577748775482,0.2691783905029297,0.16364385187625885
248,RIGHT_EYE,0.49458545446395874,0.2704545557498932,0.16357865929603577
248,RIGHT_EYE_OUTER,0.4997629225254059,0.2717786133289337,0.16344234347343445
248,LEFT_EAR,0.47652602195739746,0.2642475962638855,-0.008341162465512753
248,RIGHT_EAR,0.5011232495307922,0.2763611674308777,0.031647175550460815
248,MOUTH_LEFT,0.4789741635322571,0.28277790546417236,0.1586388200521469
248,MOUTH_RIGHT,0.48306721448898315,0.28791987895965576,0.16952601075172424
248,LEFT_SHOULDER,0.3895713686943054,0.30634254217147827,-0.0789530798792839
248,RIGHT_SHOULDER,0.49996453523635864,0.3399572968482971,0.048726413398981094
248,LEFT_ELBOW,0.3299659490585327,0.28656768798828125,0.08069173991680145
248,RIGHT_ELBOW,0.4654722213745117,0.3004111051559448,0.27525848150253296
248,LEFT_WRIST,0.3416907787322998,0.2107500284910202,0.2679136395454407
248,RIGHT_WRIST,0.41535648703575134,0.21917536854743958,0.5518703460693359
248,LEFT_PINKY,0.33837777376174927,0.17743903398513794,0.28471606969833374
248,RIGHT_PINKY,0.3997383713722229,0.19975408911705017,0.5935255289077759
248,LEFT_INDEX,0.3497820496559143,0.17747485637664795,0.2797987461090088
248,RIGHT_INDEX,0.39119863510131836,0.19308893382549286,0.5710398554801941
248,LEFT_THUMB,0.3523365557193756,0.18735924363136292,0.274116188287735
248,RIGHT_THUMB,0.3896689713001251,0.20041978359222412,0.5524604320526123
248,LEFT_HIP,0.3314013183116913,0.5618047118186951,-0.04226761311292648
248,RIGHT_HIP,0.4120810627937317,0.577316164970398,0.041616469621658325
248,LEFT_KNEE,0.3410060703754425,0.7353741526603699,0.010186443105340004
248,RIGHT_KNEE,0.39567500352859497,0.7409276366233826,0.13158190250396729
248,LEFT_ANKLE,0.35960423946380615,0.9000245928764343,0.04477930814027786
248,RIGHT_ANKLE,0.37500667572021484,0.9059715270996094,0.19256837666034698
248,LEFT_HEEL,0.3588517904281616,0.9213287234306335,0.05140169709920883
248,RIGHT_HEEL,0.36858683824539185,0.9304419755935669,0.2009003460407257
248,LEFT_FOOT_INDEX,0.3617088794708252,0.9446457624435425,-0.11000391095876694
248,RIGHT_FOOT_INDEX,0.3831532895565033,0.9586321711540222,0.16211888194084167
249,NOSE,0.4806285798549652,0.26673635840415955,0.14833514392375946
249,LEFT_EYE_INNER,0.4832279086112976,0.2571317255496979,0.10000987350940704
249,LEFT_EYE,0.4808363914489746,0.256154328584671,0.10002434253692627
249,LEFT_EYE_OUTER,0.47832971811294556,0.2552720904350281,0.10008502006530762
249,RIGHT_EYE_INNER,0.48995035886764526,0.25992006063461304,0.11675284057855606
249,RIGHT_EYE,0.4914802014827728,0.2609434425830841,0.11667308956384659
249,RIGHT_EYE_OUTER,0.4960450232028961,0.26214343309402466,0.11657062917947769
249,LEFT_EAR,0.4745290279388428,0.26170337200164795,-0.060334790498018265
249,RIGHT_EAR,0.5003233551979065,0.2718037962913513,0.020307807251811028
249,MOUTH_LEFT,0.47307807207107544,0.2762892246246338,0.10565616935491562
249,MOUTH_RIGHT,0.47927364706993103,0.2797839045524597,0.12418897449970245
249,LEFT_SHOULDER,0.3931063413619995,0.3085334300994873,-0.16885654628276825
249,RIGHT_SHOULDER,0.4988083839416504,0.33770570158958435,0.0701700747013092
249,LEFT_ELBOW,0.3247795104980469,0.27823060750961304,-0.0940951555967331
249,RIGHT_ELBOW,0.4590943455696106,0.2835378050804138,0.3019103705883026
249,LEFT_WRIST,0.33949610590934753,0.19571702182292938,0.06418602168560028
249,RIGHT_WRIST,0.40215206146240234,0.19792476296424866,0.5234225988388062
249,LEFT_PINKY,0.33767175674438477,0.15969274938106537,0.06411953270435333
249,RIGHT_PINKY,0.39204704761505127,0.17513245344161987,0.5606094598770142
249,LEFT_INDEX,0.3486906588077545,0.16187362372875214,0.06299633532762527
249,RIGHT_INDEX,0.386340856552124,0.1711425930261612,0.5353138446807861
249,LEFT_THUMB,0.35125863552093506,0.17367027699947357,0.07013784348964691
249,RIGHT_THUMB,0.38568800687789917,0.1793404072523117,0.5201050043106079
249,LEFT_HIP,0.3360873758792877,0.5617798566818237,-0.08593407273292542
249,RIGHT_HIP,0.4164128303527832,0.5761475563049316,0.08532525599002838
249,LEFT_KNEE,0.33268970251083374,0.7311230897903442,0.00440822122618556
249,RIGHT_KNEE,0.39725667238235474,0.7364109754562378,0.20566728711128235
249,LEFT_ANKLE,0.35956084728240967,0.8858176469802856,-0.020196842029690742
249,RIGHT_ANKLE,0.3781135678291321,0.902554988861084,0.21630039811134338
249,LEFT_HEEL,0.35850852727890015,0.9134387969970703,-0.018571989610791206
249,RIGHT_HEEL,0.3922700583934784,0.9241881370544434,0.21971018612384796
249,LEFT_FOOT_INDEX,0.3486228287220001,0.9435681104660034,-0.060403645038604736
249,RIGHT_FOOT_INDEX,0.3829066753387451,0.9473710060119629,0.19435645639896393
250,NOSE,0.47650057077407837,0.26529332995414734,0.13631930947303772
250,LEFT_EYE_INNER,0.4805612564086914,0.255937784910202,0.08699014782905579
250,LEFT_EYE,0.4786768853664398,0.2552989721298218,0.08700960874557495
250,LEFT_EYE_OUTER,0.4766694903373718,0.2547318935394287,0.08707364648580551
250,RIGHT_EYE_INNER,0.4865131974220276,0.2576819956302643,0.1063968688249588
250,RIGHT_EYE,0.4885416030883789,0.25832614302635193,0.10631933063268661
250,RIGHT_EYE_OUTER,0.4922329783439636,0.25916269421577454,0.10622014105319977
250,LEFT_EAR,0.4741908609867096,0.26166242361068726,-0.07347844541072845
250,RIGHT_EAR,0.49902215600013733,0.26946133375167847,0.01636476442217827
250,MOUTH_LEFT,0.46965035796165466,0.2757475972175598,0.09227253496646881
250,MOUTH_RIGHT,0.4755171239376068,0.2779756486415863,0.11497022211551666
250,LEFT_SHOULDER,0.3930839002132416,0.30946654081344604,-0.1755361557006836
250,RIGHT_SHOULDER,0.5006527900695801,0.33729642629623413,0.071869857609272
250,LEFT_ELBOW,0.3230929970741272,0.2779387831687927,-0.10288409888744354
250,RIGHT_ELBOW,0.45684748888015747,0.2822379469871521,0.30869024991989136
250,LEFT_WRIST,0.3393455445766449,0.19261406362056732,0.06755565851926804
250,RIGHT_WRIST,0.39791950583457947,0.20090489089488983,0.5363155603408813
250,LEFT_PINKY,0.33843231201171875,0.15786705911159515,0.07003603875637054
250,RIGHT_PINKY,0.3900584578514099,0.178522989153862,0.5759581327438354
250,LEFT_INDEX,0.34927648305892944,0.16145333647727966,0.07130437344312668
250,RIGHT_INDEX,0.38569116592407227,0.17534209787845612,0.5514891147613525
250,LEFT_THUMB,0.3514964282512665,0.1724168360233307,0.07477602362632751
250,RIGHT_THUMB,0.3852598965167999,0.1834043562412262,0.5333572626113892
250,LEFT_HIP,0.33638468384742737,0.5619779825210571,-0.08479824662208557
250,RIGHT_HIP,0.4169899821281433,0.5761383771896362,0.08416911214590073
250,LEFT_KNEE,0.3304111361503601,0.7321890592575073,0.005891109816730022
250,RIGHT_KNEE,0.3961787223815918,0.7355540990829468,0.21240654587745667
250,LEFT_ANKLE,0.359995037317276,0.8826330304145813,-0.004661532584577799
250,RIGHT_ANKLE,0.3774619698524475,0.9023182988166809,0.21646471321582794
250,LEFT_HEEL,0.35886240005493164,0.9110237956047058,-0.0024675375316292048
250,RIGHT_HEEL,0.38230350613594055,0.9239514470100403,0.2191798985004425
250,LEFT_FOOT_INDEX,0.3517663776874542,0.9428494572639465,-0.03214803710579872
250,RIGHT_FOOT_INDEX,0.3804749548435211,0.9452269673347473,0.19510707259178162
251,NOSE,0.4779846668243408,0.2671814262866974,0.2625119686126709
251,LEFT_EYE_INNER,0.4814956784248352,0.2559410631656647,0.21163925528526306
251,LEFT_EYE,0.4790100157260895,0.25443682074546814,0.211701899766922
251,LEFT_EYE_OUTER,0.4759853780269623,0.2529575228691101,0.21177811920642853
251,RIGHT_EYE_INNER,0.48724228143692017,0.25932228565216064,0.22592595219612122
251,RIGHT_EYE,0.48919811844825745,0.26015380024909973,0.22585852444171906
251,RIGHT_EYE_OUTER,0.4939269423484802,0.2611019015312195,0.22577092051506042
251,LEFT_EAR,0.4699629843235016,0.25699809193611145,0.03625696152448654
251,RIGHT_EAR,0.49939972162246704,0.2699534595012665,0.10113241523504257
251,MOUTH_LEFT,0.4703849256038666,0.2755935788154602,0.211213618516922
251,MOUTH_RIGHT,0.4759902060031891,0.2795986235141754,0.22812917828559875
251,LEFT_SHOULDER,0.3896762728691101,0.30387261509895325,-0.09163401275873184
251,RIGHT_SHOULDER,0.49991363286972046,0.3393479287624359,0.12374965846538544
251,LEFT_ELBOW,0.32127732038497925,0.2665298581123352,-0.07036352902650833
251,RIGHT_ELBOW,0.4615841805934906,0.2941184341907501,0.34920886158943176
251,LEFT_WRIST,0.3402605354785919,0.18188855051994324,0.19822418689727783
251,RIGHT_WRIST,0.4004596173763275,0.2092742919921875,0.6108641624450684
251,LEFT_PINKY,0.34093037247657776,0.14539039134979248,0.2076633721590042
251,RIGHT_PINKY,0.391635000705719,0.18863524496555328,0.6538375020027161
251,LEFT_INDEX,0.35071656107902527,0.14870485663414001,0.21228496730327606
251,RIGHT_INDEX,0.3865930438041687,0.18324369192123413,0.6379059553146362
251,LEFT_THUMB,0.35187679529190063,0.1628410667181015,0.20907068252563477
251,RIGHT_THUMB,0.3856504559516907,0.1904374212026596,0.6129370331764221
251,LEFT_HIP,0.33590227365493774,0.5636191368103027,-0.06983564794063568
251,RIGHT_HIP,0.41910091042518616,0.5777088403701782,0.06912824511528015
251,LEFT_KNEE,0.32629090547561646,0.7385768294334412,0.007736420724540949
251,RIGHT_KNEE,0.39316195249557495,0.7425978183746338,0.16447892785072327
251,LEFT_ANKLE,0.360004723072052,0.8956948518753052,-0.03188282996416092
251,RIGHT_ANKLE,0.3765452206134796,0.9058127403259277,0.1716252565383911
251,LEFT_HEEL,0.36961933970451355,0.9185120463371277,-0.03122181072831154
251,RIGHT_HEEL,0.3789272606372833,0.9286779165267944,0.16514915227890015
251,LEFT_FOOT_INDEX,0.3547819256782532,0.9531423449516296,-0.05268196016550064
251,RIGHT_FOOT_INDEX,0.3708154857158661,0.950406551361084,0.13642121851444244
252,NOSE,0.47475042939186096,0.263293594121933,0.22817988693714142
252,LEFT_EYE_INNER,0.4761679172515869,0.2516191005706787,0.17294171452522278
252,LEFT_EYE,0.47263550758361816,0.250028520822525,0.17298202216625214
252,LEFT_EYE_OUTER,0.4686182141304016,0.24856913089752197,0.17303115129470825
252,RIGHT_EYE_INNER,0.4853120744228363,0.255897581577301,0.19599366188049316
252,RIGHT_EYE,0.4883182644844055,0.2571994960308075,0.19593603909015656
252,RIGHT_EYE_OUTER,0.4928935170173645,0.25869205594062805,0.19583821296691895
252,LEFT_EAR,0.4613204002380371,0.253293514251709,0.004590321332216263
252,RIGHT_EAR,0.49854907393455505,0.2685184180736542,0.09600059688091278
252,MOUTH_LEFT,0.4655885696411133,0.27140751481056213,0.17586736381053925
252,MOUTH_RIGHT,0.4749576151371002,0.2766386866569519,0.2037595510482788
252,LEFT_SHOULDER,0.3837605118751526,0.3027407228946686,-0.11822803318500519
252,RIGHT_SHOULDER,0.49775099754333496,0.3388865888118744,0.14914891123771667
252,LEFT_ELBOW,0.321897029876709,0.27037131786346436,-0.019713571295142174
252,RIGHT_ELBOW,0.4608039855957031,0.3090241253376007,0.4215223789215088
252,LEFT_WRIST,0.3408789336681366,0.18884232640266418,0.203642338514328
252,RIGHT_WRIST,0.40982145071029663,0.21975719928741455,0.7046969532966614
252,LEFT_PINKY,0.34142568707466125,0.15574459731578827,0.21849127113819122
252,RIGHT_PINKY,0.40157032012939453,0.20084655284881592,0.75184166431427
252,LEFT_INDEX,0.35294482111930847,0.15181134641170502,0.22586360573768616
252,RIGHT_INDEX,0.3989441990852356,0.19494135677814484,0.7347263097763062
252,LEFT_THUMB,0.35326945781707764,0.16757506132125854,0.22105586528778076
252,RIGHT_THUMB,0.39664357900619507,0.2016371190547943,0.705974280834198
252,LEFT_HIP,0.3367665112018585,0.5646486282348633,-0.08303534984588623
252,RIGHT_HIP,0.41917315125465393,0.5778791308403015,0.08247458189725876
252,LEFT_KNEE,0.3311425447463989,0.7375064492225647,-0.0006360184052027762
252,RIGHT_KNEE,0.39466655254364014,0.7477905750274658,0.16531099379062653
252,LEFT_ANKLE,0.35525399446487427,0.8976660966873169,-0.004396173637360334
252,RIGHT_ANKLE,0.38030797243118286,0.919792652130127,0.1690363883972168
252,LEFT_HEEL,0.36716967821121216,0.9204726219177246,0.0006900249281898141
252,RIGHT_HEEL,0.37984251976013184,0.9374960660934448,0.1680462807416916
252,LEFT_FOOT_INDEX,0.34500521421432495,0.9514704942703247,-0.03753965348005295
252,RIGHT_FOOT_INDEX,0.3745333254337311,0.9518088102340698,0.13916751742362976
253,NOSE,0.4680432379245758,0.2565663754940033,0.1811312437057495
253,LEFT_EYE_INNER,0.46925240755081177,0.24570362269878387,0.13614776730537415
253,LEFT_EYE,0.46561399102211,0.24449236690998077,0.1361636221408844
253,LEFT_EYE_OUTER,0.4615408778190613,0.24339628219604492,0.1361914575099945
253,RIGHT_EYE_INNER,0.47943058609962463,0.24920575320720673,0.15243598818778992
253,RIGHT_EYE,0.4831494390964508,0.25051453709602356,0.15238240361213684
253,RIGHT_EYE_OUTER,0.48765215277671814,0.25211524963378906,0.1522904485464096
253,LEFT_EAR,0.45572954416275024,0.2500140070915222,-0.05353795364499092
253,RIGHT_EAR,0.4940846860408783,0.2637600302696228,0.08034169673919678
253,MOUTH_LEFT,0.45913761854171753,0.2664046585559845,0.14833170175552368
253,MOUTH_RIGHT,0.4704369604587555,0.27133867144584656,0.16206876933574677
253,LEFT_SHOULDER,0.3852018117904663,0.3036893606185913,-0.18988877534866333
253,RIGHT_SHOULDER,0.49693045020103455,0.33853232860565186,0.15780308842658997
253,LEFT_ELBOW,0.3163493871688843,0.2632306218147278,-0.14961972832679749
253,RIGHT_ELBOW,0.4585605263710022,0.2932824194431305,0.4352205693721771
253,LEFT_WRIST,0.3423195481300354,0.16978615522384644,0.03160879760980606
253,RIGHT_WRIST,0.40508824586868286,0.1928560435771942,0.6784199476242065
253,LEFT_PINKY,0.3436051905155182,0.13480255007743835,0.02189798280596733
253,RIGHT_PINKY,0.3956530690193176,0.17115002870559692,0.7198892831802368
253,LEFT_INDEX,0.35518649220466614,0.1346196085214615,0.01646007038652897
253,RIGHT_INDEX,0.39470115303993225,0.16810528934001923,0.6928192973136902
253,LEFT_THUMB,0.35593169927597046,0.14720243215560913,0.03573743626475334
253,RIGHT_THUMB,0.39301714301109314,0.17607593536376953,0.6735508441925049
253,LEFT_HIP,0.33814746141433716,0.5658504366874695,-0.10283245891332626
253,RIGHT_HIP,0.4190464913845062,0.5778573751449585,0.10237602144479752
253,LEFT_KNEE,0.3139617443084717,0.7425347566604614,-0.029489640146493912
253,RIGHT_KNEE,0.39562785625457764,0.7589908242225647,0.16394388675689697
253,LEFT_ANKLE,0.3431670069694519,0.9121105074882507,-0.022060418501496315
253,RIGHT_ANKLE,0.3832167088985443,0.933447003364563,0.1693514734506607
253,LEFT_HEEL,0.3614029288291931,0.933582603931427,-0.016715548932552338
253,RIGHT_HEEL,0.3831785023212433,0.9475346803665161,0.16964486241340637
253,LEFT_FOOT_INDEX,0.33136358857154846,0.9667913317680359,-0.03682977706193924
253,RIGHT_FOOT_INDEX,0.37519600987434387,0.9751150012016296,0.13422921299934387
254,NOSE,0.46585148572921753,0.25356394052505493,0.16637283563613892
254,LEFT_EYE_INNER,0.4674695134162903,0.2429003268480301,0.1253483146429062
254,LEFT_EYE,0.4640864431858063,0.24183997511863708,0.12536196410655975
254,LEFT_EYE_OUTER,0.46032634377479553,0.2409301996231079,0.1253855675458908
254,RIGHT_EYE_INNER,0.4773154854774475,0.246225506067276,0.14013397693634033
254,RIGHT_EYE,0.4810713827610016,0.2475403994321823,0.1400807648897171
254,RIGHT_EYE_OUTER,0.4852907061576843,0.2491663247346878,0.13999450206756592
254,LEFT_EAR,0.4552019536495209,0.24857857823371887,-0.06831754744052887
254,RIGHT_EAR,0.49149999022483826,0.2612322270870209,0.0778820812702179
254,MOUTH_LEFT,0.45729774236679077,0.2643781304359436,0.14520828425884247
254,MOUTH_RIGHT,0.4683845043182373,0.2693300247192383,0.1511492133140564
254,LEFT_SHOULDER,0.3854038119316101,0.30426132678985596,-0.2012963593006134
254,RIGHT_SHOULDER,0.4970807433128357,0.3381948173046112,0.16205306351184845
254,LEFT_ELBOW,0.3154478073120117,0.2622980773448944,-0.16170045733451843
254,RIGHT_ELBOW,0.45712795853614807,0.29039686918258667,0.44504475593566895
254,LEFT_WRIST,0.34301450848579407,0.1674136221408844,0.03030053712427616
254,RIGHT_WRIST,0.4050684869289398,0.19613781571388245,0.692360520362854
254,LEFT_PINKY,0.3440716862678528,0.13372692465782166,0.02303064428269863
254,RIGHT_PINKY,0.39553430676460266,0.17512503266334534,0.7357003092765808
254,LEFT_INDEX,0.3565077483654022,0.1327647864818573,0.018343612551689148
254,RIGHT_INDEX,0.3946685492992401,0.17174074053764343,0.7085338234901428
254,LEFT_THUMB,0.35742753744125366,0.14483073353767395,0.03488800302147865
254,RIGHT_THUMB,0.39301353693008423,0.1794259250164032,0.6874868869781494
254,LEFT_HIP,0.3390466272830963,0.5671919584274292,-0.10677428543567657
254,RIGHT_HIP,0.41930484771728516,0.5779118537902832,0.106334388256073
254,LEFT_KNEE,0.3120292127132416,0.7438607811927795,-0.033141907304525375
254,RIGHT_KNEE,0.39493614435195923,0.7605397701263428,0.16801798343658447
254,LEFT_ANKLE,0.3407916724681854,0.9149793386459351,-0.021151505410671234
254,RIGHT_ANKLE,0.38513296842575073,0.9303123354911804,0.17525017261505127
254,LEFT_HEEL,0.35962170362472534,0.9370606541633606,-0.015492384321987629
254,RIGHT_HEEL,0.3857715427875519,0.9495083689689636,0.17633384466171265
254,LEFT_FOOT_INDEX,0.3301149904727936,0.9679337739944458,-0.03271976858377457
254,RIGHT_FOOT_INDEX,0.3756934106349945,0.9777535200119019,0.1439674347639084
255,NOSE,0.46385616064071655,0.250750869512558,0.13454246520996094
255,LEFT_EYE_INNER,0.4664996564388275,0.2404300421476364,0.0850120484828949
255,LEFT_EYE,0.4634716510772705,0.23944731056690216,0.08506135642528534
255,LEFT_EYE_OUTER,0.460129976272583,0.23863045871257782,0.08511112630367279
255,RIGHT_EYE_INNER,0.4756081998348236,0.24366097152233124,0.13029755651950836
255,RIGHT_EYE,0.47923311591148376,0.24496588110923767,0.13026954233646393
255,RIGHT_EYE_OUTER,0.48319798707962036,0.2465428113937378,0.1302763968706131
255,LEFT_EAR,0.45563235878944397,0.24642601609230042,-0.08140738308429718
255,RIGHT_EAR,0.4895101487636566,0.2581922113895416,0.08369243144989014
255,MOUTH_LEFT,0.4559760093688965,0.2605375647544861,0.09205250442028046
255,MOUTH_RIGHT,0.46639305353164673,0.26532885432243347,0.1499015986919403
255,LEFT_SHOULDER,0.3868653178215027,0.3041967749595642,-0.2148956060409546
255,RIGHT_SHOULDER,0.49561625719070435,0.3342609405517578,0.17256368696689606
255,LEFT_ELBOW,0.31032681465148926,0.2580454647541046,-0.22413058578968048
255,RIGHT_ELBOW,0.4461287558078766,0.2835919260978699,0.42574042081832886
255,LEFT_WRIST,0.3415836691856384,0.1590108573436737,-0.07934119552373886
255,RIGHT_WRIST,0.4026106297969818,0.19160491228103638,0.6310542225837708
255,LEFT_PINKY,0.3430541157722473,0.12729160487651825,-0.09747545421123505
255,RIGHT_PINKY,0.393547385931015,0.1654074639081955,0.6687077283859253
255,LEFT_INDEX,0.3565203845500946,0.1282077133655548,-0.09922973811626434
255,RIGHT_INDEX,0.39315882325172424,0.16204535961151123,0.6425912976264954
255,LEFT_THUMB,0.3576562702655792,0.1380421668291092,-0.07601137459278107
255,RIGHT_THUMB,0.391544908285141,0.17039619386196136,0.6249186396598816
255,LEFT_HIP,0.3396299183368683,0.5671711564064026,-0.10951652377843857
255,RIGHT_HIP,0.41908368468284607,0.5777031183242798,0.10912306606769562
255,LEFT_KNEE,0.3130093812942505,0.7463389039039612,-0.032600823789834976
255,RIGHT_KNEE,0.39479395747184753,0.7643103003501892,0.16316558420658112
255,LEFT_ANKLE,0.3388403058052063,0.9187169075012207,-0.028907909989356995
255,RIGHT_ANKLE,0.3860475718975067,0.9350849986076355,0.17291668057441711
255,LEFT_HEEL,0.3564384877681732,0.9411373138427734,-0.024608086794614792
255,RIGHT_HEEL,0.3882312774658203,0.9517563581466675,0.1741124540567398
255,LEFT_FOOT_INDEX,0.32995083928108215,0.9701465368270874,-0.04144121706485748
255,RIGHT_FOOT_INDEX,0.3752916157245636,0.9813680648803711,0.13256745040416718
256,NOSE,0.4633755087852478,0.24692341685295105,0.13233767449855804
256,LEFT_EYE_INNER,0.465831995010376,0.23709817230701447,0.07974693179130554
256,LEFT_EYE,0.462642103433609,0.23622381687164307,0.07979632914066315
256,LEFT_EYE_OUTER,0.4591634273529053,0.2355550080537796,0.07985151559114456
256,RIGHT_EYE_INNER,0.47539418935775757,0.24058084189891815,0.12705060839653015
256,RIGHT_EYE,0.4791877269744873,0.24219191074371338,0.1270076185464859
256,RIGHT_EYE_OUTER,0.48323073983192444,0.24412651360034943,0.12695570290088654
256,LEFT_EAR,0.454719603061676,0.24461814761161804,-0.08928772062063217
256,RIGHT_EAR,0.48926854133605957,0.25657913088798523,0.07847724854946136
256,MOUTH_LEFT,0.4552250802516937,0.25695157051086426,0.08364427834749222
256,MOUTH_RIGHT,0.4662993848323822,0.2622535526752472,0.1421305537223816
256,LEFT_SHOULDER,0.38698703050613403,0.30368420481681824,-0.21917179226875305
256,RIGHT_SHOULDER,0.49578848481178284,0.3323594927787781,0.16291125118732452
256,LEFT_ELBOW,0.3089810609817505,0.2576421797275543,-0.2206927090883255
256,RIGHT_ELBOW,0.44423946738243103,0.281294584274292,0.4283774495124817
256,LEFT_WRIST,0.3408726751804352,0.15895505249500275,-0.07268759608268738
256,RIGHT_WRIST,0.40221959352493286,0.1894896924495697,0.6431798338890076
256,LEFT_PINKY,0.34179461002349854,0.1268370896577835,-0.0873451977968216
256,RIGHT_PINKY,0.39336705207824707,0.1626581847667694,0.6830136179924011
256,LEFT_INDEX,0.3561818301677704,0.12758702039718628,-0.09051109850406647
256,RIGHT_INDEX,0.3930935263633728,0.15853345394134521,0.6558758616447449
256,LEFT_THUMB,0.3573702573776245,0.13846923410892487,-0.0691683366894722
256,RIGHT_THUMB,0.39136719703674316,0.16699108481407166,0.6367510557174683
256,LEFT_HIP,0.3395475149154663,0.567154586315155,-0.10785633325576782
256,RIGHT_HIP,0.4195011556148529,0.577556848526001,0.10744211822748184
256,LEFT_KNEE,0.3121040463447571,0.7450886964797974,-0.024468641728162766
256,RIGHT_KNEE,0.3941494822502136,0.7631443738937378,0.17520590126514435
256,LEFT_ANKLE,0.3434315621852875,0.9165818095207214,-0.023420613259077072
256,RIGHT_ANKLE,0.38761794567108154,0.9319500923156738,0.17110200226306915
256,LEFT_HEEL,0.3562282919883728,0.9374915361404419,-0.019853923469781876
256,RIGHT_HEEL,0.39014604687690735,0.9519980549812317,0.1708957999944687
256,LEFT_FOOT_INDEX,0.3314230740070343,0.9669514894485474,-0.03627854958176613
256,RIGHT_FOOT_INDEX,0.3751279413700104,0.9775392413139343,0.12839534878730774
257,NOSE,0.4628925323486328,0.24551543593406677,0.09177268296480179
257,LEFT_EYE_INNER,0.4656525254249573,0.23581460118293762,0.03964749723672867
257,LEFT_EYE,0.46275848150253296,0.23514457046985626,0.0396919883787632
257,LEFT_EYE_OUTER,0.45957890152931213,0.2346651554107666,0.03973639756441116
257,RIGHT_EYE_INNER,0.4745767116546631,0.23856306076049805,0.0841013565659523
257,RIGHT_EYE,0.478240966796875,0.2398443967103958,0.08404538780450821
257,RIGHT_EYE_OUTER,0.48218655586242676,0.24145083129405975,0.08399966359138489
257,LEFT_EAR,0.45530495047569275,0.2438606470823288,-0.12060020864009857
257,RIGHT_EAR,0.4885786175727844,0.25423353910446167,0.06497495621442795
257,MOUTH_LEFT,0.4555690288543701,0.2564595639705658,0.04372413828969002
257,MOUTH_RIGHT,0.4656031131744385,0.2603037357330322,0.10040942579507828
257,LEFT_SHOULDER,0.38763993978500366,0.3035568594932556,-0.2526201009750366
257,RIGHT_SHOULDER,0.4956229627132416,0.32664915919303894,0.15383782982826233
257,LEFT_ELBOW,0.31050989031791687,0.257790744304657,-0.25641775131225586
257,RIGHT_ELBOW,0.4417053759098053,0.277046799659729,0.40227776765823364
257,LEFT_WRIST,0.33970385789871216,0.15822634100914001,-0.1107083410024643
257,RIGHT_WRIST,0.3986334800720215,0.18169839680194855,0.5951060056686401
257,LEFT_PINKY,0.34083738923072815,0.12851181626319885,-0.13236162066459656
257,RIGHT_PINKY,0.3916459381580353,0.15810127556324005,0.6247760057449341
257,LEFT_INDEX,0.35567063093185425,0.12899699807167053,-0.13292880356311798
257,RIGHT_INDEX,0.39038771390914917,0.15203121304512024,0.5898221135139465
257,LEFT_THUMB,0.3567585349082947,0.13987772166728973,-0.10701862722635269
257,RIGHT_THUMB,0.38791173696517944,0.16023612022399902,0.581016480922699
257,LEFT_HIP,0.3399059772491455,0.5665184259414673,-0.12240748107433319
257,RIGHT_HIP,0.4196157455444336,0.5756710767745972,0.12210506200790405
257,LEFT_KNEE,0.31397485733032227,0.7442657947540283,-0.03422597795724869
257,RIGHT_KNEE,0.39812880754470825,0.7539553642272949,0.1880001723766327
257,LEFT_ANKLE,0.3465234637260437,0.9141629338264465,-0.014342928305268288
257,RIGHT_ANKLE,0.388774037361145,0.9285652041435242,0.22096474468708038
257,LEFT_HEEL,0.3575287163257599,0.936286449432373,-0.010223833844065666
257,RIGHT_HEEL,0.39042505621910095,0.9505022168159485,0.22470693290233612
257,LEFT_FOOT_INDEX,0.32817143201828003,0.9656763076782227,-0.03336629644036293
257,RIGHT_FOOT_INDEX,0.37357595562934875,0.9617325067520142,0.19227617979049683
258,NOSE,0.46303892135620117,0.244193434715271,0.09973692148923874
258,LEFT_EYE_INNER,0.46577829122543335,0.23432068526744843,0.046422917395830154
258,LEFT_EYE,0.4629046320915222,0.23363009095191956,0.04646001756191254
258,LEFT_EYE_OUTER,0.45975857973098755,0.2331770956516266,0.04650192707777023
258,RIGHT_EYE_INNER,0.4747801423072815,0.23743247985839844,0.08764108270406723
258,RIGHT_EYE,0.47850900888442993,0.23886415362358093,0.08758490532636642
258,RIGHT_EYE_OUTER,0.48249879479408264,0.24059510231018066,0.08752702921628952
258,LEFT_EAR,0.45573586225509644,0.2431902140378952,-0.11946550756692886
258,RIGHT_EAR,0.4886251389980316,0.25333642959594727,0.06412161886692047
258,MOUTH_LEFT,0.4556810259819031,0.25550520420074463,0.05027883127331734
258,MOUTH_RIGHT,0.46581077575683594,0.2596725821495056,0.1027626171708107
258,LEFT_SHOULDER,0.387982040643692,0.30280518531799316,-0.25186237692832947
258,RIGHT_SHOULDER,0.49587130546569824,0.325104296207428,0.15736006200313568
258,LEFT_ELBOW,0.3101446032524109,0.2581355571746826,-0.25172504782676697
258,RIGHT_ELBOW,0.4410175681114197,0.27677854895591736,0.4153873026371002
258,LEFT_WRIST,0.3391105532646179,0.1583167463541031,-0.10948251187801361
258,RIGHT_WRIST,0.39798858761787415,0.18471774458885193,0.601256787776947
258,LEFT_PINKY,0.34016361832618713,0.12842312455177307,-0.1285417675971985
258,RIGHT_PINKY,0.3906504511833191,0.15738418698310852,0.6366347670555115
258,LEFT_INDEX,0.3552076816558838,0.12905871868133545,-0.1320214420557022
258,RIGHT_INDEX,0.38999196887016296,0.1520201861858368,0.603762686252594
258,LEFT_THUMB,0.35622531175613403,0.1401292085647583,-0.10646289587020874
258,RIGHT_THUMB,0.3875618577003479,0.16029129922389984,0.590741753578186
258,LEFT_HIP,0.3400011658668518,0.5656255483627319,-0.12569659948349
258,RIGHT_HIP,0.4198142886161804,0.5743032693862915,0.125388503074646
258,LEFT_KNEE,0.31612473726272583,0.7451334595680237,-0.0461466945707798
258,RIGHT_KNEE,0.3999316096305847,0.7481563091278076,0.1821100413799286
258,LEFT_ANKLE,0.347962349653244,0.9124795198440552,-0.03729892522096634
258,RIGHT_ANKLE,0.39000025391578674,0.9282094836235046,0.20574314892292023
258,LEFT_HEEL,0.3581845164299011,0.9347023963928223,-0.03387593850493431
258,RIGHT_HEEL,0.39130836725234985,0.9483003616333008,0.20841574668884277
258,LEFT_FOOT_INDEX,0.3201850652694702,0.9640606641769409,-0.06299590319395065
258,RIGHT_FOOT_INDEX,0.37364041805267334,0.9518135190010071,0.1736692637205124
259,NOSE,0.4633411765098572,0.24497047066688538,0.13041463494300842
259,LEFT_EYE_INNER,0.46524548530578613,0.23502321541309357,0.0755583792924881
259,LEFT_EYE,0.4621974527835846,0.23422329127788544,0.07558733969926834
259,LEFT_EYE_OUTER,0.4588850140571594,0.2336650788784027,0.07567275315523148
259,RIGHT_EYE_INNER,0.4747670292854309,0.2382693588733673,0.10810239613056183
259,RIGHT_EYE,0.4786359369754791,0.23967619240283966,0.1080317348241806
259,RIGHT_EYE_OUTER,0.48272544145584106,0.24136009812355042,0.1079639196395874
259,LEFT_EAR,0.4552434980869293,0.24327847361564636,-0.11424313485622406
259,RIGHT_EAR,0.48866385221481323,0.25340932607650757,0.06330959498882294
259,MOUTH_LEFT,0.4560012221336365,0.25579774379730225,0.07778226584196091
259,MOUTH_RIGHT,0.46622365713119507,0.2599484622478485,0.11902324110269547
259,LEFT_SHOULDER,0.3880612254142761,0.3019564747810364,-0.21807321906089783
259,RIGHT_SHOULDER,0.49555307626724243,0.32316046953201294,0.1333213597536087
259,LEFT_ELBOW,0.3122731149196625,0.25450825691223145,-0.19339706003665924
259,RIGHT_ELBOW,0.4401976466178894,0.26863422989845276,0.35745495557785034
259,LEFT_WRIST,0.33996447920799255,0.15153463184833527,-0.060089319944381714
259,RIGHT_WRIST,0.39230024814605713,0.16779017448425293,0.5282312631607056
259,LEFT_PINKY,0.3411962389945984,0.12652766704559326,-0.0757599025964737
259,RIGHT_PINKY,0.3882245123386383,0.1492002010345459,0.5574916005134583
259,LEFT_INDEX,0.3558199405670166,0.12774083018302917,-0.08091413974761963
259,RIGHT_INDEX,0.3857634365558624,0.1464690864086151,0.5273765325546265
259,LEFT_THUMB,0.3567960858345032,0.1374078094959259,-0.05782593414187431
259,RIGHT_THUMB,0.38360628485679626,0.1510428488254547,0.5202029943466187
259,LEFT_HIP,0.3401954174041748,0.5655376315116882,-0.11226463317871094
259,RIGHT_HIP,0.4202882647514343,0.5742965340614319,0.11190680414438248
259,LEFT_KNEE,0.3215014338493347,0.7454620599746704,-0.041298527270555496
259,RIGHT_KNEE,0.40024223923683167,0.7481921911239624,0.17559510469436646
259,LEFT_ANKLE,0.3491414487361908,0.9130366444587708,-0.03934768959879875
259,RIGHT_ANKLE,0.3913492262363434,0.9293632507324219,0.17316997051239014
259,LEFT_HEEL,0.3585238456726074,0.9350674748420715,-0.03819790482521057
259,RIGHT_HEEL,0.39159148931503296,0.9490559697151184,0.171456977725029
259,LEFT_FOOT_INDEX,0.3224714398384094,0.9642802476882935,-0.06983017921447754
259,RIGHT_FOOT_INDEX,0.37813183665275574,0.95232754945755,0.13682962954044342
260,NOSE,0.4633059501647949,0.24427802860736847,0.16476577520370483
260,LEFT_EYE_INNER,0.4646696150302887,0.2343822419643402,0.10765869915485382
260,LEFT_EYE,0.46151742339134216,0.23352017998695374,0.10768656432628632
260,LEFT_EYE_OUTER,0.45811066031455994,0.23292763531208038,0.10776829719543457
260,RIGHT_EYE_INNER,0.4745270609855652,0.23792517185211182,0.1371000111103058
260,RIGHT_EYE,0.4785231053829193,0.2394307404756546,0.13703171908855438
260,RIGHT_EYE_OUTER,0.4827271103858948,0.2411980926990509,0.136952742934227
260,LEFT_EAR,0.4545934200286865,0.2427922487258911,-0.0859941616654396
260,RIGHT_EAR,0.4886873662471771,0.25316277146339417,0.06258957087993622
260,MOUTH_LEFT,0.45592671632766724,0.2548918128013611,0.11040157079696655
260,MOUTH_RIGHT,0.46647077798843384,0.2592589855194092,0.14705339074134827
260,LEFT_SHOULDER,0.3881160616874695,0.30130088329315186,-0.20613375306129456
260,RIGHT_SHOULDER,0.49544835090637207,0.32208865880966187,0.13034602999687195
260,LEFT_ELBOW,0.31340348720550537,0.2544919550418854,-0.17761555314064026
260,RIGHT_ELBOW,0.4403564929962158,0.26644080877304077,0.3675519824028015
260,LEFT_WRIST,0.3401096761226654,0.15279872715473175,-0.02507883682847023
260,RIGHT_WRIST,0.3913041055202484,0.16806970536708832,0.5431563854217529
260,LEFT_PINKY,0.3418237864971161,0.1283552199602127,-0.03932972624897957
260,RIGHT_PINKY,0.3873325288295746,0.15063191950321198,0.5697778463363647
260,LEFT_INDEX,0.3560830056667328,0.13066251575946808,-0.05730045959353447
260,RIGHT_INDEX,0.3840884268283844,0.14837634563446045,0.5292384624481201
260,LEFT_THUMB,0.3569756746292114,0.13932748138904572,-0.024258704856038094
260,RIGHT_THUMB,0.38202735781669617,0.1521955281496048,0.5333117842674255
260,LEFT_HIP,0.34034162759780884,0.5656191110610962,-0.10800962150096893
260,RIGHT_HIP,0.42082056403160095,0.5743772983551025,0.10758239030838013
260,LEFT_KNEE,0.326113760471344,0.7470661997795105,-0.02547132410109043
260,RIGHT_KNEE,0.4012989401817322,0.7486903667449951,0.1813904047012329
260,LEFT_ANKLE,0.35098832845687866,0.9129748344421387,-0.038442324846982956
260,RIGHT_ANKLE,0.3926538825035095,0.9305732846260071,0.17967070639133453
260,LEFT_HEEL,0.35939449071884155,0.9353623390197754,-0.03701326996088028
260,RIGHT_HEEL,0.3923228085041046,0.9501916170120239,0.17930446565151215
260,LEFT_FOOT_INDEX,0.324345201253891,0.9635268449783325,-0.05997965857386589
260,RIGHT_FOOT_INDEX,0.377267450094223,0.9639550447463989,0.1451186239719391
261,NOSE,0.4617000222206116,0.2445489466190338,0.044750649482011795
261,LEFT_EYE_INNER,0.4648359715938568,0.2344183623790741,-0.00047704848111607134
261,LEFT_EYE,0.46205273270606995,0.23376190662384033,-0.0004227401805110276
261,LEFT_EYE_OUTER,0.45869582891464233,0.23336131870746613,-0.0003706898423843086
261,RIGHT_EYE_INNER,0.47316986322402954,0.23708629608154297,0.039515405893325806
261,RIGHT_EYE,0.4766574800014496,0.2381734848022461,0.03945062309503555
261,RIGHT_EYE_OUTER,0.48035725951194763,0.2395566701889038,0.039349231868982315
261,LEFT_EAR,0.4559345841407776,0.24308252334594727,-0.1361234039068222
261,RIGHT_EAR,0.48620468378067017,0.25107744336128235,0.043565865606069565
261,MOUTH_LEFT,0.4551943242549896,0.2554621994495392,0.004861753433942795
261,MOUTH_RIGHT,0.46367940306663513,0.258942186832428,0.055480003356933594
261,LEFT_SHOULDER,0.3936811089515686,0.30147528648376465,-0.2695387899875641
261,RIGHT_SHOULDER,0.4924163222312927,0.31905215978622437,0.1304168999195099
261,LEFT_ELBOW,0.31203579902648926,0.24948716163635254,-0.31583458185195923
261,RIGHT_ELBOW,0.4382893145084381,0.25823071599006653,0.3269047737121582
261,LEFT_WRIST,0.3405231833457947,0.14987066388130188,-0.22616736590862274
261,RIGHT_WRIST,0.3886072337627411,0.16182419657707214,0.4091562330722809
261,LEFT_PINKY,0.34447866678237915,0.12322686612606049,-0.26423001289367676
261,RIGHT_PINKY,0.3874220550060272,0.1414482593536377,0.42103809118270874
261,LEFT_INDEX,0.3583301901817322,0.12549564242362976,-0.26471444964408875
261,RIGHT_INDEX,0.384421706199646,0.1401364505290985,0.39043042063713074
261,LEFT_THUMB,0.3584001660346985,0.13452114164829254,-0.22573749721050262
261,RIGHT_THUMB,0.382213294506073,0.1472940742969513,0.39521974325180054
261,LEFT_HIP,0.34250789880752563,0.565597414970398,-0.12803637981414795
261,RIGHT_HIP,0.4203144609928131,0.5740295648574829,0.12780626118183136
261,LEFT_KNEE,0.33252808451652527,0.7555890083312988,-0.056970883160829544
261,RIGHT_KNEE,0.40079641342163086,0.7521172761917114,0.17658303678035736
261,LEFT_ANKLE,0.3541412651538849,0.9187816381454468,-0.02955911122262478
261,RIGHT_ANKLE,0.39373043179512024,0.9292219877243042,0.2332979440689087
261,LEFT_HEEL,0.36352330446243286,0.9419980049133301,-0.027015309780836105
261,RIGHT_HEEL,0.3955083191394806,0.9496628046035767,0.23830966651439667
261,LEFT_FOOT_INDEX,0.3222370743751526,0.9607734680175781,-0.07457814365625381
261,RIGHT_FOOT_INDEX,0.37600940465927124,0.9556419253349304,0.1879052370786667
262,NOSE,0.4613574147224426,0.2445184290409088,0.03415077179670334
262,LEFT_EYE_INNER,0.4651598334312439,0.23442478477954865,-0.010449385270476341
262,LEFT_EYE,0.4623611569404602,0.23397329449653625,-0.010393993929028511
262,LEFT_EYE_OUTER,0.45913591980934143,0.23375019431114197,-0.010342092253267765
262,RIGHT_EYE_INNER,0.4725569784641266,0.23650915920734406,0.02755114994943142
262,RIGHT_EYE,0.47565117478370667,0.23742231726646423,0.027471741661429405
262,RIGHT_EYE_OUTER,0.47888946533203125,0.23862576484680176,0.027387818321585655
262,LEFT_EAR,0.45849132537841797,0.2435271441936493,-0.14173556864261627
262,RIGHT_EAR,0.4841369688510895,0.25004130601882935,0.03002055548131466
262,MOUTH_LEFT,0.455296128988266,0.2559071183204651,-0.0047075445763766766
262,MOUTH_RIGHT,0.46253085136413574,0.25872111320495605,0.04335857182741165
262,LEFT_SHOULDER,0.39780229330062866,0.30140891671180725,-0.27220675349235535
262,RIGHT_SHOULDER,0.49080199003219604,0.31805869936943054,0.12865111231803894
262,LEFT_ELBOW,0.3123942017555237,0.248921200633049,-0.3032611608505249
262,RIGHT_ELBOW,0.4344097077846527,0.2561100423336029,0.32145029306411743
262,LEFT_WRIST,0.3428407311439514,0.14891549944877625,-0.19165237247943878
262,RIGHT_WRIST,0.38704603910446167,0.16136488318443298,0.42714065313339233
262,LEFT_PINKY,0.3470275104045868,0.12240669876337051,-0.2232390195131302
262,RIGHT_PINKY,0.38719767332077026,0.14240361750125885,0.4437185227870941
262,LEFT_INDEX,0.36005938053131104,0.12449651956558228,-0.2227523773908615
262,RIGHT_INDEX,0.38459497690200806,0.14076295495033264,0.41623011231422424
262,LEFT_THUMB,0.3598708212375641,0.1334744542837143,-0.18994100391864777
262,RIGHT_THUMB,0.3820635676383972,0.1471172273159027,0.4151975214481354
262,LEFT_HIP,0.34387677907943726,0.5639967322349548,-0.13040484488010406
262,RIGHT_HIP,0.4199562966823578,0.5710650682449341,0.13021478056907654
262,LEFT_KNEE,0.33465445041656494,0.7541018724441528,-0.07329629361629486
262,RIGHT_KNEE,0.40031176805496216,0.7498058080673218,0.17319874465465546
262,LEFT_ANKLE,0.3568909764289856,0.9188675880432129,-0.03546838462352753
262,RIGHT_ANKLE,0.3947514593601227,0.9287385940551758,0.22643685340881348
262,LEFT_HEEL,0.36570924520492554,0.9415972828865051,-0.032505009323358536
262,RIGHT_HEEL,0.3966500163078308,0.9495260119438171,0.23120100796222687
262,LEFT_FOOT_INDEX,0.32346057891845703,0.9598656892776489,-0.09250928461551666
262,RIGHT_FOOT_INDEX,0.3735276460647583,0.9556700587272644,0.18006211519241333
263,NOSE,0.4597086012363434,0.24285490810871124,0.14658816158771515
263,LEFT_EYE_INNER,0.4624173045158386,0.2324429750442505,0.09202925860881805
263,LEFT_EYE,0.45933523774147034,0.23172268271446228,0.09206671267747879
263,LEFT_EYE_OUTER,0.4559962749481201,0.23122219741344452,0.09210307896137238
263,RIGHT_EYE_INNER,0.4715196490287781,0.23547837138175964,0.12364665418863297
263,RIGHT_EYE,0.4751701354980469,0.23684899508953094,0.12357978522777557
263,RIGHT_EYE_OUTER,0.4788385331630707,0.23842740058898926,0.12351449579000473
263,LEFT_EAR,0.4554065763950348,0.2407768964767456,-0.08417682349681854
263,RIGHT_EAR,0.48432573676109314,0.25007790327072144,0.05908200889825821
263,MOUTH_LEFT,0.45289960503578186,0.25314170122146606,0.09342275559902191
263,MOUTH_RIGHT,0.46244263648986816,0.25781866908073425,0.13284528255462646
263,LEFT_SHOULDER,0.39243680238723755,0.29615989327430725,-0.2267671823501587
263,RIGHT_SHOULDER,0.4910601079463959,0.3186036944389343,0.1333690881729126
263,LEFT_ELBOW,0.30769777297973633,0.2453508824110031,-0.22116462886333466
263,RIGHT_ELBOW,0.4387649893760681,0.26056915521621704,0.36402127146720886
263,LEFT_WRIST,0.3422362506389618,0.1481398046016693,-0.09090445190668106
263,RIGHT_WRIST,0.3933372497558594,0.16605688631534576,0.5528954267501831
263,LEFT_PINKY,0.34643006324768066,0.12153685092926025,-0.10414069890975952
263,RIGHT_PINKY,0.39336153864860535,0.14686545729637146,0.5906059145927429
263,LEFT_INDEX,0.3598482310771942,0.123629629611969,-0.10774452984333038
263,RIGHT_INDEX,0.38807862997055054,0.14415259659290314,0.5654681324958801
263,LEFT_THUMB,0.3598080575466156,0.13309729099273682,-0.08752303570508957
263,RIGHT_THUMB,0.3854272663593292,0.1499224305152893,0.5466988682746887
263,LEFT_HIP,0.3434745669364929,0.559872031211853,-0.12848104536533356
263,RIGHT_HIP,0.4215070307254791,0.5671643018722534,0.12788279354572296
263,LEFT_KNEE,0.3342970013618469,0.7461602091789246,-0.04096372425556183
263,RIGHT_KNEE,0.4040204882621765,0.7400530576705933,0.1815311312675476
263,LEFT_ANKLE,0.3569040298461914,0.9176146388053894,-0.049638811498880386
263,RIGHT_ANKLE,0.39639538526535034,0.9252799153327942,0.19128581881523132
263,LEFT_HEEL,0.3653424382209778,0.9406320452690125,-0.04960755258798599
263,RIGHT_HEEL,0.39717185497283936,0.9478492736816406,0.1911848485469818
263,LEFT_FOOT_INDEX,0.3244381248950958,0.9619147181510925,-0.08417844772338867
263,RIGHT_FOOT_INDEX,0.3738473355770111,0.9557148218154907,0.16115592420101166
264,NOSE,0.4596824049949646,0.243451327085495,0.16344957053661346
264,LEFT_EYE_INNER,0.4617326259613037,0.23276874423027039,0.10878904908895493
264,LEFT_EYE,0.4583218991756439,0.23175540566444397,0.10881088674068451
264,LEFT_EYE_OUTER,0.4546631872653961,0.23089611530303955,0.10887213796377182
264,RIGHT_EYE_INNER,0.47167715430259705,0.23608973622322083,0.1340649574995041
264,RIGHT_EYE,0.4754118025302887,0.2374001294374466,0.1340036690235138
264,RIGHT_EYE_OUTER,0.4790479242801666,0.23887047171592712,0.13392439484596252
264,LEFT_EAR,0.45296183228492737,0.23971717059612274,-0.07044476270675659
264,RIGHT_EAR,0.48441657423973083,0.25046971440315247,0.05268501117825508
264,MOUTH_LEFT,0.4521207809448242,0.25320735573768616,0.10995139926671982
264,MOUTH_RIGHT,0.4626854360103607,0.2583085894584656,0.14098867774009705
264,LEFT_SHOULDER,0.3873346149921417,0.2938815653324127,-0.19451308250427246
264,RIGHT_SHOULDER,0.49233555793762207,0.31868675351142883,0.09393097460269928
264,LEFT_ELBOW,0.305683434009552,0.24546249210834503,-0.16545997560024261
264,RIGHT_ELBOW,0.447826087474823,0.26255327463150024,0.3201996982097626
264,LEFT_WRIST,0.34218430519104004,0.14923666417598724,-0.04522223770618439
264,RIGHT_WRIST,0.40165597200393677,0.1687663495540619,0.5243455171585083
264,LEFT_PINKY,0.34644871950149536,0.12265727669000626,-0.054490286856889725
264,RIGHT_PINKY,0.39889100193977356,0.1481524407863617,0.5598838925361633
264,LEFT_INDEX,0.3601094186306,0.12370233237743378,-0.06351282447576523
264,RIGHT_INDEX,0.39393487572669983,0.14485031366348267,0.5362380146980286
264,LEFT_THUMB,0.3599751591682434,0.13354316353797913,-0.04419867694377899
264,RIGHT_THUMB,0.391541451215744,0.1506616175174713,0.5198003053665161
264,LEFT_HIP,0.342498779296875,0.5607702136039734,-0.09398375451564789
264,RIGHT_HIP,0.4213281571865082,0.567915141582489,0.09337223321199417
264,LEFT_KNEE,0.3342796564102173,0.7455258965492249,0.0009808138711377978
264,RIGHT_KNEE,0.40449434518814087,0.740251898765564,0.18006575107574463
264,LEFT_ANKLE,0.35640403628349304,0.9174817204475403,-0.04681699723005295
264,RIGHT_ANKLE,0.3967709243297577,0.925032913684845,0.1487925499677658
264,LEFT_HEEL,0.36375439167022705,0.9399981498718262,-0.04127490147948265
264,RIGHT_HEEL,0.3965090811252594,0.9479290843009949,0.146599680185318
264,LEFT_FOOT_INDEX,0.3263769745826721,0.9616373181343079,-0.07226397097110748
264,RIGHT_FOOT_INDEX,0.38054412603378296,0.9614557027816772,0.11489863693714142
265,NOSE,0.46613144874572754,0.24839286506175995,0.03189758211374283
265,LEFT_EYE_INNER,0.4706689417362213,0.23751714825630188,0.008250726386904716
265,LEFT_EYE,0.46939748525619507,0.23662301898002625,0.008290339261293411
265,LEFT_EYE_OUTER,0.4681169092655182,0.23587122559547424,0.0083080492913723
265,RIGHT_EYE_INNER,0.47548866271972656,0.23941735923290253,0.025946661829948425
265,RIGHT_EYE,0.4776439666748047,0.23989729583263397,0.025902900844812393
265,RIGHT_EYE_OUTER,0.47996407747268677,0.2405516356229782,0.02585897222161293
265,LEFT_EAR,0.463794469833374,0.24051761627197266,-0.06684710830450058
265,RIGHT_EAR,0.48338189721107483,0.2500869929790497,0.027021318674087524
265,MOUTH_LEFT,0.4595087468624115,0.2570609450340271,0.016909843310713768
265,MOUTH_RIGHT,0.4649375081062317,0.2601398825645447,0.038874994963407516
265,LEFT_SHOULDER,0.39286237955093384,0.2941688299179077,-0.18590277433395386
265,RIGHT_SHOULDER,0.48644906282424927,0.3185919225215912,0.1002928763628006
265,LEFT_ELBOW,0.30671635270118713,0.2444932460784912,-0.2200608253479004
265,RIGHT_ELBOW,0.4188324511051178,0.2645428776741028,0.1953863650560379
265,LEFT_WRIST,0.3500959873199463,0.14792732894420624,-0.17041267454624176
265,RIGHT_WRIST,0.39547041058540344,0.15927711129188538,0.2364969551563263
265,LEFT_PINKY,0.3562766909599304,0.12166917324066162,-0.20660880208015442
265,RIGHT_PINKY,0.3963060975074768,0.13826332986354828,0.23766803741455078
265,LEFT_INDEX,0.3679605722427368,0.12298890203237534,-0.19675838947296143
265,RIGHT_INDEX,0.393524706363678,0.13504739105701447,0.22889915108680725
265,LEFT_THUMB,0.36752426624298096,0.1325552761554718,-0.16837911307811737
265,RIGHT_THUMB,0.3914685547351837,0.14158445596694946,0.2289484441280365
265,LEFT_HIP,0.3507431745529175,0.5607979893684387,-0.08968521654605865
265,RIGHT_HIP,0.41294384002685547,0.567967414855957,0.08943897485733032
265,LEFT_KNEE,0.34144657850265503,0.7456393241882324,-0.05889282375574112
265,RIGHT_KNEE,0.39804649353027344,0.7427465319633484,0.10472427308559418
265,LEFT_ANKLE,0.3580186665058136,0.9176447987556458,-0.041350219398736954
265,RIGHT_ANKLE,0.3945268988609314,0.9253708720207214,0.15644671022891998
265,LEFT_HEEL,0.36358073353767395,0.9405730962753296,-0.0363529771566391
265,RIGHT_HEEL,0.39251306653022766,0.9476754069328308,0.1582621932029724
265,LEFT_FOOT_INDEX,0.33997875452041626,0.9630540609359741,-0.09466324001550674
265,RIGHT_FOOT_INDEX,0.38031870126724243,0.9601854085922241,0.098262719810009
266,NOSE,0.46950969099998474,0.2509940266609192,-0.01599096693098545
266,LEFT_EYE_INNER,0.4761219620704651,0.24037997424602509,-0.03329531475901604
266,LEFT_EYE,0.4762932360172272,0.23982064425945282,-0.033258333802223206
266,LEFT_EYE_OUTER,0.47659677267074585,0.2394576072692871,-0.033260785043239594
266,RIGHT_EYE_INNER,0.4772860109806061,0.24100005626678467,-0.013815648853778839
266,RIGHT_EYE,0.4783310294151306,0.2409229278564453,-0.013858559541404247
266,RIGHT_EYE_OUTER,0.480083167552948,0.2410285919904709,-0.01390488725155592
266,LEFT_EAR,0.47296804189682007,0.2420991212129593,-0.06707476079463959
266,RIGHT_EAR,0.4803949296474457,0.2488192766904831,0.023265007883310318
266,MOUTH_LEFT,0.4639548659324646,0.2595894932746887,-0.020226899534463882
266,MOUTH_RIGHT,0.46571922302246094,0.26090186834335327,0.003937196917831898
266,LEFT_SHOULDER,0.40620866417884827,0.29605618119239807,-0.18565575778484344
266,RIGHT_SHOULDER,0.47167032957077026,0.316489040851593,0.1164940744638443
266,LEFT_ELBOW,0.3073060214519501,0.24459251761436462,-0.2584350109100342
266,RIGHT_ELBOW,0.39960676431655884,0.2696508765220642,0.15791310369968414
266,LEFT_WRIST,0.355654776096344,0.1470687836408615,-0.22685880959033966
266,RIGHT_WRIST,0.3907585144042969,0.1567627489566803,0.13089875876903534
266,LEFT_PINKY,0.3617995083332062,0.1214047446846962,-0.2676122784614563
266,RIGHT_PINKY,0.3926052451133728,0.1346523016691208,0.1225314736366272
266,LEFT_INDEX,0.3718726933002472,0.12250152975320816,-0.2552955746650696
266,RIGHT_INDEX,0.39270076155662537,0.13250871002674103,0.12185712158679962
266,LEFT_THUMB,0.3718412220478058,0.1320323348045349,-0.22452381253242493
266,RIGHT_THUMB,0.3909822106361389,0.14027723670005798,0.12428764998912811
266,LEFT_HIP,0.3561563193798065,0.5607692003250122,-0.09118727594614029
266,RIGHT_HIP,0.40681082010269165,0.5677520632743835,0.0909162312746048
266,LEFT_KNEE,0.3444223701953888,0.7461658716201782,-0.0850876048207283
266,RIGHT_KNEE,0.3919566571712494,0.7450021505355835,0.0983668714761734
266,LEFT_ANKLE,0.3595898747444153,0.9185794591903687,-0.04310489818453789
266,RIGHT_ANKLE,0.3925936818122864,0.9261945486068726,0.16159367561340332
266,LEFT_HEEL,0.36373329162597656,0.9439473152160645,-0.04040824621915817
266,RIGHT_HEEL,0.3904353976249695,0.9478307962417603,0.1642473340034485
266,LEFT_FOOT_INDEX,0.34111201763153076,0.9607911109924316,-0.11826962232589722
266,RIGHT_FOOT_INDEX,0.37971407175064087,0.9601532816886902,0.09677370637655258
267,NOSE,0.46947425603866577,0.2501600384712219,-0.00804702378809452
267,LEFT_EYE_INNER,0.4754975736141205,0.24001650512218475,-0.031128227710723877
267,LEFT_EYE,0.4753732681274414,0.23950707912445068,-0.031071987003087997
267,LEFT_EYE_OUTER,0.4753829538822174,0.23919303715229034,-0.031053191050887108
267,RIGHT_EYE_INNER,0.47720831632614136,0.2406843900680542,-0.0033283543307334185
267,RIGHT_EYE,0.47821512818336487,0.24069640040397644,-0.003385955933481455
267,RIGHT_EYE_OUTER,0.4798697531223297,0.240884467959404,-0.0034991882275789976
267,LEFT_EAR,0.4732164740562439,0.24231724441051483,-0.07365088164806366
267,RIGHT_EAR,0.47962599992752075,0.24763469398021698,0.02938966080546379
267,MOUTH_LEFT,0.4638054370880127,0.2589156925678253,-0.021531742066144943
267,MOUTH_RIGHT,0.46464523673057556,0.26017436385154724,0.01323554664850235
267,LEFT_SHOULDER,0.41883787512779236,0.29665836691856384,-0.2052890807390213
267,RIGHT_SHOULDER,0.46365851163864136,0.314480721950531,0.1434575468301773
267,LEFT_ELBOW,0.3076171875,0.24079635739326477,-0.29891031980514526
267,RIGHT_ELBOW,0.39562326669692993,0.26595234870910645,0.23219671845436096
267,LEFT_WRIST,0.3589474558830261,0.14413508772850037,-0.26109856367111206
267,RIGHT_WRIST,0.384088933467865,0.15347453951835632,0.2691812813282013
267,LEFT_PINKY,0.36406391859054565,0.11836051940917969,-0.3043752610683441
267,RIGHT_PINKY,0.38877567648887634,0.13258124887943268,0.2679378092288971
267,LEFT_INDEX,0.37293440103530884,0.1200057715177536,-0.2971569895744324
267,RIGHT_INDEX,0.3896087110042572,0.1307341456413269,0.25784605741500854
267,LEFT_THUMB,0.3727704882621765,0.12945392727851868,-0.2601287066936493
267,RIGHT_THUMB,0.38713377714157104,0.13897310197353363,0.2600860595703125
267,LEFT_HIP,0.3618471026420593,0.5608221888542175,-0.10480204969644547
267,RIGHT_HIP,0.4040054678916931,0.5674641728401184,0.10474586486816406
267,LEFT_KNEE,0.3439923822879791,0.7476235032081604,-0.07630926370620728
267,RIGHT_KNEE,0.3906426727771759,0.7463884949684143,0.10844802856445312
267,LEFT_ANKLE,0.36019256711006165,0.9186142683029175,-0.023381507024168968
267,RIGHT_ANKLE,0.39261120557785034,0.9260656237602234,0.21959209442138672
267,LEFT_HEEL,0.3640505075454712,0.9454940557479858,-0.02072611078619957
267,RIGHT_HEEL,0.39057233929634094,0.9481027722358704,0.22456836700439453
267,LEFT_FOOT_INDEX,0.3416067957878113,0.9567016363143921,-0.10400941222906113
267,RIGHT_FOOT_INDEX,0.37962856888771057,0.9570572972297668,0.14517296850681305
268,NOSE,0.46911367774009705,0.24995765089988708,-0.034143052995204926
268,LEFT_EYE_INNER,0.4750756323337555,0.23999206721782684,-0.05350854992866516
268,LEFT_EYE,0.4748569428920746,0.23949399590492249,-0.053452569991350174
268,LEFT_EYE_OUTER,0.47486311197280884,0.2391691952943802,-0.05344439670443535
268,RIGHT_EYE_INNER,0.476963609457016,0.2406391203403473,-0.023949723690748215
268,RIGHT_EYE,0.4778994917869568,0.24069185554981232,-0.02400914952158928
268,RIGHT_EYE_OUTER,0.4793696403503418,0.2409207820892334,-0.024139394983649254
268,LEFT_EAR,0.4736937880516052,0.24234788119792938,-0.08533482998609543
268,RIGHT_EAR,0.47866788506507874,0.24707622826099396,0.03047744557261467
268,MOUTH_LEFT,0.46370330452919006,0.25886863470077515,-0.043157052248716354
268,MOUTH_RIGHT,0.4633945822715759,0.26009127497673035,-0.006161852739751339
268,LEFT_SHOULDER,0.4315112233161926,0.299190878868103,-0.2191508263349533
268,RIGHT_SHOULDER,0.45893582701683044,0.3136266767978668,0.15462812781333923
268,LEFT_ELBOW,0.3077537417411804,0.23992308974266052,-0.30994123220443726
268,RIGHT_ELBOW,0.38945531845092773,0.26469579339027405,0.24206021428108215
268,LEFT_WRIST,0.3607103228569031,0.1421394944190979,-0.2594742774963379
268,RIGHT_WRIST,0.3811923563480377,0.1515955626964569,0.25126901268959045
268,LEFT_PINKY,0.3649583160877228,0.11694516986608505,-0.3024015426635742
268,RIGHT_PINKY,0.38713616132736206,0.13157933950424194,0.24485209584236145
268,LEFT_INDEX,0.3736155331134796,0.11887103319168091,-0.2971053123474121
268,RIGHT_INDEX,0.38829803466796875,0.1299428790807724,0.238041490316391
268,LEFT_THUMB,0.37334662675857544,0.12803015112876892,-0.25905030965805054
268,RIGHT_THUMB,0.38537657260894775,0.13808950781822205,0.24195516109466553
268,LEFT_HIP,0.3660425543785095,0.5608640909194946,-0.1158018484711647
268,RIGHT_HIP,0.39770063757896423,0.5670713186264038,0.1157839298248291
268,LEFT_KNEE,0.3451131284236908,0.7497496604919434,-0.07942961156368256
268,RIGHT_KNEE,0.387037456035614,0.7481091022491455,0.12054630368947983
268,LEFT_ANKLE,0.36153456568717957,0.9187968373298645,-0.013834675773978233
268,RIGHT_ANKLE,0.39186105132102966,0.9259414672851562,0.2451511174440384
268,LEFT_HEEL,0.36581429839134216,0.9453555941581726,-0.010638883337378502
268,RIGHT_HEEL,0.39040523767471313,0.9480594396591187,0.2507009208202362
268,LEFT_FOOT_INDEX,0.3413383364677429,0.9565013647079468,-0.10139358043670654
268,RIGHT_FOOT_INDEX,0.37131595611572266,0.9569215774536133,0.1677784025669098
269,NOSE,0.46631449460983276,0.24335667490959167,-0.013447214849293232
269,LEFT_EYE_INNER,0.47137975692749023,0.23373305797576904,-0.026627495884895325
269,LEFT_EYE,0.4701909124851227,0.2333003282546997,-0.02659984491765499
269,LEFT_EYE_OUTER,0.4688507616519928,0.2330557107925415,-0.026613250374794006
269,RIGHT_EYE_INNER,0.47574496269226074,0.2353178709745407,-0.006400119513273239
269,RIGHT_EYE,0.4774342477321625,0.2359641045331955,-0.00664158258587122
269,RIGHT_EYE_OUTER,0.4793321192264557,0.23680047690868378,-0.00678040087223053
269,LEFT_EAR,0.4670022130012512,0.24002964794635773,-0.12928906083106995
269,RIGHT_EAR,0.47905683517456055,0.24568799138069153,0.03304893523454666
269,MOUTH_LEFT,0.46034350991249084,0.2537422180175781,-0.01536487601697445
269,MOUTH_RIGHT,0.4631691873073578,0.25626325607299805,0.013180662877857685
269,LEFT_SHOULDER,0.41658997535705566,0.29762428998947144,-0.2596351206302643
269,RIGHT_SHOULDER,0.4747403562068939,0.31393641233444214,0.14718061685562134
269,LEFT_ELBOW,0.30674952268600464,0.24100756645202637,-0.280720978975296
269,RIGHT_ELBOW,0.4055982232093811,0.2584574818611145,0.32347673177719116
269,LEFT_WRIST,0.3575904667377472,0.1442125141620636,-0.1560439020395279
269,RIGHT_WRIST,0.382160484790802,0.15377137064933777,0.43611788749694824
269,LEFT_PINKY,0.3640195429325104,0.11713209003210068,-0.18013422191143036
269,RIGHT_PINKY,0.38707906007766724,0.13320660591125488,0.4520416259765625
269,LEFT_INDEX,0.3731575906276703,0.11902102082967758,-0.18709519505500793
269,RIGHT_INDEX,0.38827964663505554,0.1313887983560562,0.42513781785964966
269,LEFT_THUMB,0.3728739619255066,0.1290089190006256,-0.15550431609153748
269,RIGHT_THUMB,0.38538700342178345,0.1392759084701538,0.42398780584335327
269,LEFT_HIP,0.3603777587413788,0.5608400702476501,-0.12452957779169083
269,RIGHT_HIP,0.4086940288543701,0.5667724013328552,0.12440997362136841
269,LEFT_KNEE,0.34490442276000977,0.7510782480239868,-0.07199852168560028
269,RIGHT_KNEE,0.3932158946990967,0.7480975389480591,0.14284886419773102
269,LEFT_ANKLE,0.36135736107826233,0.9204119443893433,-0.014636047184467316
269,RIGHT_ANKLE,0.39464035630226135,0.9259227514266968,0.22741679847240448
269,LEFT_HEEL,0.36579257249832153,0.9462285041809082,-0.011844970285892487
269,RIGHT_HEEL,0.394875168800354,0.9487044215202332,0.23181521892547607
269,LEFT_FOOT_INDEX,0.3371095061302185,0.9550161361694336,-0.09693153947591782
269,RIGHT_FOOT_INDEX,0.37287551164627075,0.9544275403022766,0.1685813069343567
270,NOSE,0.4649556279182434,0.2406376153230667,0.014020244590938091
270,LEFT_EYE_INNER,0.4695964753627777,0.2310854196548462,-0.01784030720591545
270,LEFT_EYE,0.46792206168174744,0.2306264191865921,-0.017838669940829277
270,LEFT_EYE_OUTER,0.46596160531044006,0.23037052154541016,-0.01788361743092537
270,RIGHT_EYE_INNER,0.47527876496315,0.2331865131855011,0.012992186471819878
270,RIGHT_EYE,0.4773384928703308,0.23410093784332275,0.012725706212222576
270,RIGHT_EYE_OUTER,0.4793826937675476,0.23520369827747345,0.01260780543088913
270,LEFT_EAR,0.4636330008506775,0.23877611756324768,-0.13291233777999878
270,RIGHT_EAR,0.47966036200523376,0.2450426071882248,0.034105945378541946
270,MOUTH_LEFT,0.45862969756126404,0.2513797879219055,-0.005380075890570879
270,MOUTH_RIGHT,0.4631687104701996,0.2546963095664978,0.032132722437381744
270,LEFT_SHOULDER,0.40780091285705566,0.29636988043785095,-0.26221150159835815
270,RIGHT_SHOULDER,0.4813425540924072,0.3140222430229187,0.14366428554058075
270,LEFT_ELBOW,0.30558568239212036,0.24171702563762665,-0.27121251821517944
270,RIGHT_ELBOW,0.42254501581192017,0.25733324885368347,0.33529067039489746
270,LEFT_WRIST,0.355308473110199,0.14490483701229095,-0.12904784083366394
270,RIGHT_WRIST,0.38269123435020447,0.15503184497356415,0.4637177586555481
270,LEFT_PINKY,0.36335891485214233,0.11771915853023529,-0.1514841467142105
270,RIGHT_PINKY,0.387132465839386,0.13432711362838745,0.48274168372154236
270,LEFT_INDEX,0.37280765175819397,0.11933545768260956,-0.1568412035703659
270,RIGHT_INDEX,0.38836318254470825,0.1325351893901825,0.45594412088394165
270,LEFT_THUMB,0.37255293130874634,0.12943018972873688,-0.12780460715293884
270,RIGHT_THUMB,0.3856380581855774,0.14021028578281403,0.45228686928749084
270,LEFT_HIP,0.35659927129745483,0.560813307762146,-0.1248863935470581
270,RIGHT_HIP,0.41416946053504944,0.5666110515594482,0.12472102791070938
270,LEFT_KNEE,0.34464389085769653,0.7514763474464417,-0.06882721930742264
270,RIGHT_KNEE,0.3965575098991394,0.7481271028518677,0.15207311511039734
270,LEFT_ANKLE,0.36094868183135986,0.9207150340080261,-0.014757019467651844
270,RIGHT_ANKLE,0.3958893120288849,0.9258934855461121,0.22178535163402557
270,LEFT_HEEL,0.36572712659835815,0.9466379880905151,-0.011604136787354946
270,RIGHT_HEEL,0.3965153098106384,0.9492613077163696,0.22601616382598877
270,LEFT_FOOT_INDEX,0.33505967259407043,0.9533140063285828,-0.08542537689208984
270,RIGHT_FOOT_INDEX,0.3740597069263458,0.9527068138122559,0.17009808123111725
271,NOSE,0.4636062681674957,0.23892128467559814,0.12804125249385834
271,LEFT_EYE_INNER,0.46678605675697327,0.22860392928123474,0.07333741337060928
271,LEFT_EYE,0.4640069603919983,0.22785207629203796,0.0733780711889267
271,LEFT_EYE_OUTER,0.46063774824142456,0.22726604342460632,0.07341767847537994
271,RIGHT_EYE_INNER,0.47470027208328247,0.23143818974494934,0.10825441777706146
271,RIGHT_EYE,0.477263867855072,0.2325868159532547,0.10813511908054352
271,RIGHT_EYE_OUTER,0.47941383719444275,0.2339014708995819,0.10803999751806259
271,LEFT_EAR,0.4559992253780365,0.23567411303520203,-0.10269109904766083
271,RIGHT_EAR,0.48079967498779297,0.24442902207374573,0.061595089733600616
271,MOUTH_LEFT,0.4566553235054016,0.24940010905265808,0.07805406302213669
271,MOUTH_RIGHT,0.46320492029190063,0.25368303060531616,0.12164680659770966
271,LEFT_SHOULDER,0.3950823247432709,0.2935572862625122,-0.2501726746559143
271,RIGHT_SHOULDER,0.48834720253944397,0.3145208954811096,0.14873692393302917
271,LEFT_ELBOW,0.301364004611969,0.24209490418434143,-0.18941843509674072
271,RIGHT_ELBOW,0.43867525458335876,0.2613072693347931,0.38735419511795044
271,LEFT_WRIST,0.3514637351036072,0.14852531254291534,0.014403092674911022
271,RIGHT_WRIST,0.3847652077674866,0.16109424829483032,0.58191978931427
271,LEFT_PINKY,0.362297385931015,0.12142964452505112,0.005706927739083767
271,RIGHT_PINKY,0.38761529326438904,0.1387511044740677,0.6124309301376343
271,LEFT_INDEX,0.3723943829536438,0.12227598577737808,-0.006180078722536564
271,RIGHT_INDEX,0.3892323076725006,0.13848218321800232,0.5876500606536865
271,LEFT_THUMB,0.37162694334983826,0.132881760597229,0.015375670976936817
271,RIGHT_THUMB,0.386836975812912,0.14646834135055542,0.5742541551589966
271,LEFT_HIP,0.3536876142024994,0.560592770576477,-0.12295247614383698
271,RIGHT_HIP,0.41819557547569275,0.5663882493972778,0.12285302579402924
271,LEFT_KNEE,0.34383732080459595,0.7514065504074097,-0.06280506402254105
271,RIGHT_KNEE,0.4017794728279114,0.7481211423873901,0.15117041766643524
271,LEFT_ANKLE,0.3584158420562744,0.9214315414428711,-0.01776634342968464
271,RIGHT_ANKLE,0.39793142676353455,0.9265154004096985,0.1945112645626068
271,LEFT_HEEL,0.3640040159225464,0.9466888308525085,-0.014203885570168495
271,RIGHT_HEEL,0.3976990282535553,0.9497310519218445,0.19795428216457367
271,LEFT_FOOT_INDEX,0.3338313698768616,0.9507030248641968,-0.07429085671901703
271,RIGHT_FOOT_INDEX,0.3760969638824463,0.9504531621932983,0.16197319328784943
272,NOSE,0.4629656672477722,0.23778045177459717,0.13532650470733643
272,LEFT_EYE_INNER,0.46553149819374084,0.22715988755226135,0.0806393250823021
272,LEFT_EYE,0.4623347222805023,0.22627541422843933,0.08069337904453278
272,LEFT_EYE_OUTER,0.45849674940109253,0.2255413979291916,0.08074042946100235
272,RIGHT_EYE_INNER,0.474480539560318,0.23032495379447937,0.11519758403301239
272,RIGHT_EYE,0.47726553678512573,0.23156793415546417,0.11510125547647476
272,RIGHT_EYE_OUTER,0.4795646667480469,0.2329702377319336,0.1149948462843895
272,LEFT_EAR,0.45314478874206543,0.23396699130535126,-0.09343289583921432
272,RIGHT_EAR,0.4819018244743347,0.24385587871074677,0.06506083160638809
272,MOUTH_LEFT,0.4557173252105713,0.24814541637897491,0.08483579754829407
272,MOUTH_RIGHT,0.4632180333137512,0.2529124319553375,0.12808136641979218
272,LEFT_SHOULDER,0.3903120160102844,0.29145926237106323,-0.24305403232574463
272,RIGHT_SHOULDER,0.49172455072402954,0.3145902454853058,0.14767344295978546
272,LEFT_ELBOW,0.29917386174201965,0.242278054356575,-0.18187138438224792
272,RIGHT_ELBOW,0.44328588247299194,0.2626262903213501,0.38699784874916077
272,LEFT_WRIST,0.3492395579814911,0.15044540166854858,0.015539197251200676
272,RIGHT_WRIST,0.3851502537727356,0.1625884473323822,0.5804311037063599
272,LEFT_PINKY,0.36130380630493164,0.12321542203426361,0.005875626113265753
272,RIGHT_PINKY,0.38779324293136597,0.14072248339653015,0.6102390885353088
272,LEFT_INDEX,0.3719377815723419,0.1236971765756607,-0.005848533008247614
272,RIGHT_INDEX,0.3895910382270813,0.14084309339523315,0.5856062173843384
272,LEFT_THUMB,0.37085479497909546,0.1345411241054535,0.016244586557149887
272,RIGHT_THUMB,0.387393057346344,0.14873528480529785,0.57274329662323
272,LEFT_HIP,0.3524215817451477,0.5603216290473938,-0.12231496721506119
272,RIGHT_HIP,0.4200584888458252,0.5661476850509644,0.12212034314870834
272,LEFT_KNEE,0.34370267391204834,0.7520447969436646,-0.055094875395298004
272,RIGHT_KNEE,0.4034934639930725,0.7484973669052124,0.15070241689682007
272,LEFT_ANKLE,0.35738426446914673,0.9217983484268188,-0.017165176570415497
272,RIGHT_ANKLE,0.39836564660072327,0.9271945953369141,0.19087977707386017
272,LEFT_HEEL,0.3631584048271179,0.9465176463127136,-0.013529178686439991
272,RIGHT_HEEL,0.3978498578071594,0.9499624371528625,0.19430285692214966
272,LEFT_FOOT_INDEX,0.3330959677696228,0.9497165679931641,-0.06494057923555374
272,RIGHT_FOOT_INDEX,0.3770733177661896,0.9505812525749207,0.1614064872264862
273,NOSE,0.4627639353275299,0.2382538616657257,0.11726250499486923
273,LEFT_EYE_INNER,0.46554479002952576,0.22776010632514954,0.06504292041063309
273,LEFT_EYE,0.4625358581542969,0.22690847516059875,0.06502767652273178
273,LEFT_EYE_OUTER,0.4588014483451843,0.22621507942676544,0.0650600790977478
273,RIGHT_EYE_INNER,0.4737776815891266,0.23073819279670715,0.10231846570968628
273,RIGHT_EYE,0.4764370024204254,0.23184633255004883,0.10217604786157608
273,RIGHT_EYE_OUTER,0.47872668504714966,0.23307649791240692,0.10192626714706421
273,LEFT_EAR,0.45368948578834534,0.2341880053281784,-0.08981184661388397
273,RIGHT_EAR,0.48138824105262756,0.2433069944381714,0.024861600250005722
273,MOUTH_LEFT,0.45569199323654175,0.24859431385993958,0.06993277370929718
273,MOUTH_RIGHT,0.462836354970932,0.2527412474155426,0.1064315214753151
273,LEFT_SHOULDER,0.3916061222553253,0.2917321026325226,-0.22483153641223907
273,RIGHT_SHOULDER,0.49107232689857483,0.31409135460853577,0.09484308958053589
273,LEFT_ELBOW,0.2983086407184601,0.2423844337463379,-0.17552736401557922
273,RIGHT_ELBOW,0.4342052936553955,0.2568916380405426,0.24038727581501007
273,LEFT_WRIST,0.34979578852653503,0.15170960128307343,0.0005165753536857665
273,RIGHT_WRIST,0.3813508450984955,0.1621607095003128,0.3478352129459381
273,LEFT_PINKY,0.36105623841285706,0.1251641809940338,-0.014159674756228924
273,RIGHT_PINKY,0.38320261240005493,0.13947096467018127,0.35650259256362915
273,LEFT_INDEX,0.37176162004470825,0.1250688135623932,-0.021692631766200066
273,RIGHT_INDEX,0.3849344849586487,0.13910388946533203,0.3387853503227234
273,LEFT_THUMB,0.3707183301448822,0.13586246967315674,0.00020709584350697696
273,RIGHT_THUMB,0.3834013342857361,0.14727535843849182,0.3392719626426697
273,LEFT_HIP,0.35286957025527954,0.5594359636306763,-0.11435945332050323
273,RIGHT_HIP,0.4195708632469177,0.5655949115753174,0.11427770555019379
273,LEFT_KNEE,0.3432973623275757,0.7519903182983398,-0.05492598935961723
273,RIGHT_KNEE,0.40198421478271484,0.7485147714614868,0.13924477994441986
273,LEFT_ANKLE,0.3581571578979492,0.9216605424880981,-0.015751030296087265
273,RIGHT_ANKLE,0.3957233726978302,0.9264332056045532,0.19012367725372314
273,LEFT_HEEL,0.36358752846717834,0.9456197023391724,-0.012602384202182293
273,RIGHT_HEEL,0.3948383033275604,0.948482871055603,0.19346442818641663
273,LEFT_FOOT_INDEX,0.3351832926273346,0.9497915506362915,-0.06641785055398941
273,RIGHT_FOOT_INDEX,0.3707848787307739,0.9509404301643372,0.1439853310585022
274,NOSE,0.4620424211025238,0.23832495510578156,0.10518532991409302
274,LEFT_EYE_INNER,0.4649208188056946,0.22808268666267395,0.05869397521018982
274,LEFT_EYE,0.4621499478816986,0.2272476702928543,0.05864100530743599
274,LEFT_EYE_OUTER,0.4587695598602295,0.22654882073402405,0.058663856238126755
274,RIGHT_EYE_INNER,0.47283583879470825,0.23089298605918884,0.09845824539661407
274,RIGHT_EYE,0.47555994987487793,0.23190569877624512,0.09828929603099823
274,RIGHT_EYE_OUTER,0.47800174355506897,0.2330344021320343,0.09795493632555008
274,LEFT_EAR,0.4541133940219879,0.23411324620246887,-0.09437711536884308
274,RIGHT_EAR,0.4811064302921295,0.24305744469165802,0.018220722675323486
274,MOUTH_LEFT,0.4548763334751129,0.24860629439353943,0.06455777585506439
274,MOUTH_RIGHT,0.4621482789516449,0.2522850036621094,0.09917901456356049
274,LEFT_SHOULDER,0.39177778363227844,0.29162684082984924,-0.2252529114484787
274,RIGHT_SHOULDER,0.49037009477615356,0.31371647119522095,0.08787966519594193
274,LEFT_ELBOW,0.2974357008934021,0.2423987090587616,-0.18880537152290344
274,RIGHT_ELBOW,0.4294241964817047,0.2545756995677948,0.25152385234832764
274,LEFT_WRIST,0.3498745560646057,0.15270563960075378,-0.02086333930492401
274,RIGHT_WRIST,0.38034752011299133,0.16191168129444122,0.3710881173610687
274,LEFT_PINKY,0.3609464168548584,0.12634512782096863,-0.036281485110521317
274,RIGHT_PINKY,0.38188380002975464,0.13861654698848724,0.38431134819984436
274,LEFT_INDEX,0.3716931641101837,0.1260846108198166,-0.04412613436579704
274,RIGHT_INDEX,0.3832204043865204,0.13819026947021484,0.36326590180397034
274,LEFT_THUMB,0.3706881105899811,0.13697689771652222,-0.0211118645966053
274,RIGHT_THUMB,0.3818928599357605,0.14670145511627197,0.3620089590549469
274,LEFT_HIP,0.35256582498550415,0.5586728453636169,-0.11074914783239365
274,RIGHT_HIP,0.41938576102256775,0.5653115510940552,0.11065808683633804
274,LEFT_KNEE,0.3432350754737854,0.7520133256912231,-0.05300974100828171
274,RIGHT_KNEE,0.4017857611179352,0.7485483288764954,0.1382741630077362
274,LEFT_ANKLE,0.3584722578525543,0.921360969543457,-0.014727631583809853
274,RIGHT_ANKLE,0.39534619450569153,0.9258829951286316,0.19028113782405853
274,LEFT_HEEL,0.36368510127067566,0.9447687268257141,-0.011723051778972149
274,RIGHT_HEEL,0.3940708041191101,0.9479157328605652,0.1935407817363739
274,LEFT_FOOT_INDEX,0.3372248709201813,0.9500134587287903,-0.06600884348154068
274,RIGHT_FOOT_INDEX,0.370991587638855,0.9506928324699402,0.14233830571174622
275,NOSE,0.458695650100708,0.23755784332752228,-0.0407685711979866
275,LEFT_EYE_INNER,0.4644983410835266,0.2280699461698532,-0.0598132386803627
275,LEFT_EYE,0.4622538983821869,0.22745978832244873,-0.05984065681695938
275,LEFT_EYE_OUTER,0.4609827995300293,0.22686056792736053,-0.059889744967222214
275,RIGHT_EYE_INNER,0.4664747714996338,0.22978238761425018,-0.025708269327878952
275,RIGHT_EYE,0.4669991135597229,0.23031309247016907,-0.025722693651914597
275,RIGHT_EYE_OUTER,0.467378705739975,0.23097193241119385,-0.02581319585442543
275,LEFT_EAR,0.46165579557418823,0.23435041308403015,-0.09783221036195755
275,RIGHT_EAR,0.4710378050804138,0.23957547545433044,0.030665462836623192
275,MOUTH_LEFT,0.4546753764152527,0.24831756949424744,-0.0470714196562767
275,MOUTH_RIGHT,0.4551181197166443,0.249519944190979,-0.0050249043852090836
275,LEFT_SHOULDER,0.43886008858680725,0.29835861921310425,-0.22533071041107178
275,RIGHT_SHOULDER,0.4533900320529938,0.31260353326797485,0.16241100430488586
275,LEFT_ELBOW,0.29755082726478577,0.2424297034740448,-0.2839697599411011
275,RIGHT_ELBOW,0.37316378951072693,0.2513170838356018,0.2614203095436096
275,LEFT_WRIST,0.35241687297821045,0.15377578139305115,-0.18506723642349243
275,RIGHT_WRIST,0.37236130237579346,0.16159296035766602,0.28785520792007446
275,LEFT_PINKY,0.36276745796203613,0.12756197154521942,-0.22079360485076904
275,RIGHT_PINKY,0.37974756956100464,0.13787761330604553,0.2795880436897278
275,LEFT_INDEX,0.3724346458911896,0.1271195262670517,-0.22390905022621155
275,RIGHT_INDEX,0.38108596205711365,0.1374625563621521,0.2797286808490753
275,LEFT_THUMB,0.3709474205970764,0.13778629899024963,-0.18665210902690887
275,RIGHT_THUMB,0.37852388620376587,0.14635184407234192,0.28023838996887207
275,LEFT_HIP,0.3834671676158905,0.5585906505584717,-0.11254344880580902
275,RIGHT_HIP,0.38161420822143555,0.5626854300498962,0.1124543771147728
275,LEFT_KNEE,0.36737796664237976,0.7555585503578186,-0.046465642750263214
275,RIGHT_KNEE,0.36725956201553345,0.7499211430549622,0.14418759942054749
275,LEFT_ANKLE,0.37533214688301086,0.9234981536865234,0.07037968933582306
275,RIGHT_ANKLE,0.3808906376361847,0.9231928586959839,0.2723802328109741
275,LEFT_HEEL,0.3775034546852112,0.9456226229667664,0.07619249820709229
275,RIGHT_HEEL,0.384127676486969,0.9431813359260559,0.2807775139808655
275,LEFT_FOOT_INDEX,0.36129385232925415,0.958591639995575,-0.047540582716464996
275,RIGHT_FOOT_INDEX,0.35215359926223755,0.9534441828727722,0.18476749956607819
276,NOSE,0.4577925205230713,0.23714713752269745,0.029816046357154846
276,LEFT_EYE_INNER,0.46271491050720215,0.2276725023984909,-0.0261207465082407
276,LEFT_EYE,0.4602136015892029,0.22698858380317688,-0.025985753163695335
276,LEFT_EYE_OUTER,0.45800238847732544,0.22632868587970734,-0.02595410868525505
276,RIGHT_EYE_INNER,0.466621458530426,0.2295515537261963,0.007248679641634226
276,RIGHT_EYE,0.4677933156490326,0.23014572262763977,0.007230743765830994
276,RIGHT_EYE_OUTER,0.46877938508987427,0.23088416457176208,0.006978445686399937
276,LEFT_EAR,0.4562683701515198,0.23376372456550598,-0.11739114671945572
276,RIGHT_EAR,0.47197285294532776,0.23978574573993683,0.016173388808965683
276,MOUTH_LEFT,0.4517853856086731,0.24776729941368103,-0.019592680037021637
276,MOUTH_RIGHT,0.4555912911891937,0.2493400275707245,0.021426498889923096
276,LEFT_SHOULDER,0.4100591540336609,0.2982627749443054,-0.24669364094734192
276,RIGHT_SHOULDER,0.46853891015052795,0.3126358687877655,0.1044803112745285
276,LEFT_ELBOW,0.29196783900260925,0.24418985843658447,-0.26408737897872925
276,RIGHT_ELBOW,0.4080517888069153,0.2526428997516632,0.2634100019931793
276,LEFT_WRIST,0.34725111722946167,0.15378911793231964,-0.14660130441188812
276,RIGHT_WRIST,0.37395504117012024,0.1620435118675232,0.4130008816719055
276,LEFT_PINKY,0.35473233461380005,0.1275661587715149,-0.17414040863513947
276,RIGHT_PINKY,0.3797540068626404,0.13797543942928314,0.4343375265598297
276,LEFT_INDEX,0.36627456545829773,0.12714043259620667,-0.1790941208600998
276,RIGHT_INDEX,0.380081444978714,0.1376010775566101,0.40702635049819946
276,LEFT_THUMB,0.36541932821273804,0.13784636557102203,-0.14720414578914642
276,RIGHT_THUMB,0.37795108556747437,0.1464879810810089,0.40265893936157227
276,LEFT_HIP,0.36737483739852905,0.560267448425293,-0.11278955638408661
276,RIGHT_HIP,0.40453872084617615,0.5646997690200806,0.11268872022628784
276,LEFT_KNEE,0.3446348011493683,0.7556794881820679,-0.03992682695388794
276,RIGHT_KNEE,0.38701730966567993,0.7514210939407349,0.1644102782011032
276,LEFT_ANKLE,0.3670063316822052,0.9233900308609009,0.03630884364247322
276,RIGHT_ANKLE,0.3869817852973938,0.9269564747810364,0.25254932045936584
276,LEFT_HEEL,0.3708060085773468,0.9459497332572937,0.04070737212896347
276,RIGHT_HEEL,0.3896835446357727,0.9490048289299011,0.25891751050949097
276,LEFT_FOOT_INDEX,0.32869213819503784,0.9631541967391968,-0.02969432808458805
276,RIGHT_FOOT_INDEX,0.35661062598228455,0.9593394994735718,0.20220962166786194
277,NOSE,0.4542011320590973,0.2372467964887619,-0.007386788725852966
277,LEFT_EYE_INNER,0.46061211824417114,0.22772268950939178,-0.044996894896030426
277,LEFT_EYE,0.45939987897872925,0.22712142765522003,-0.044895704835653305
277,LEFT_EYE_OUTER,0.4580002725124359,0.2265174388885498,-0.04488421976566315
277,RIGHT_EYE_INNER,0.46261143684387207,0.22923700511455536,-0.014245366677641869
277,RIGHT_EYE,0.4636366367340088,0.22967222332954407,-0.014272630214691162
277,RIGHT_EYE_OUTER,0.46469369530677795,0.2302568256855011,-0.014458867721259594
277,LEFT_EAR,0.4563506245613098,0.2339470088481903,-0.13083098828792572
277,RIGHT_EAR,0.4690844416618347,0.2389545440673828,0.0014075367944315076
277,MOUTH_LEFT,0.44944310188293457,0.2479056417942047,-0.033656634390354156
277,MOUTH_RIGHT,0.4513939917087555,0.24931998550891876,0.00434862170368433
277,LEFT_SHOULDER,0.4094274640083313,0.2983350157737732,-0.25811564922332764
277,RIGHT_SHOULDER,0.4700656533241272,0.3123626708984375,0.10907304286956787
277,LEFT_ELBOW,0.2924862504005432,0.24772319197654724,-0.2872259020805359
277,RIGHT_ELBOW,0.4090525209903717,0.2534565329551697,0.2703443765640259
277,LEFT_WRIST,0.34678202867507935,0.15393343567848206,-0.17596833407878876
277,RIGHT_WRIST,0.37033170461654663,0.16428889334201813,0.41790062189102173
277,LEFT_PINKY,0.3540499806404114,0.12817272543907166,-0.20665375888347626
277,RIGHT_PINKY,0.3760625720024109,0.1399175077676773,0.4372170865535736
277,LEFT_INDEX,0.3653724491596222,0.12744306027889252,-0.20904937386512756
277,RIGHT_INDEX,0.37665870785713196,0.13898006081581116,0.4211971163749695
277,LEFT_THUMB,0.36441925168037415,0.1379183828830719,-0.17613694071769714
277,RIGHT_THUMB,0.3753751218318939,0.1485327035188675,0.41105222702026367
277,LEFT_HIP,0.36616575717926025,0.5612311959266663,-0.11679729074239731
277,RIGHT_HIP,0.4058268070220947,0.5657323002815247,0.11680744588375092
277,LEFT_KNEE,0.3403635621070862,0.7578555345535278,-0.04088196903467178
277,RIGHT_KNEE,0.3876193165779114,0.7603890299797058,0.17273065447807312
277,LEFT_ANKLE,0.3665335476398468,0.9227922558784485,0.030588170513510704
277,RIGHT_ANKLE,0.3873104453086853,0.9277865290641785,0.2761692702770233
277,LEFT_HEEL,0.3704014718532562,0.9460933804512024,0.03663763403892517
277,RIGHT_HEEL,0.38983264565467834,0.9492412805557251,0.2836982309818268
277,LEFT_FOOT_INDEX,0.3260396122932434,0.9675774574279785,-0.028406772762537003
277,RIGHT_FOOT_INDEX,0.35873550176620483,0.9595109820365906,0.22391729056835175
278,NOSE,0.45252060890197754,0.23722758889198303,0.010738274082541466
278,LEFT_EYE_INNER,0.4588719308376312,0.227637380361557,-0.02981952205300331
278,LEFT_EYE,0.45801419019699097,0.22711527347564697,-0.02972770854830742
278,LEFT_EYE_OUTER,0.45696455240249634,0.22660045325756073,-0.02971004508435726
278,RIGHT_EYE_INNER,0.4613329768180847,0.22896289825439453,0.0012192854192107916
278,RIGHT_EYE,0.4627408981323242,0.22935208678245544,0.0011785703245550394
278,RIGHT_EYE_OUTER,0.4642632007598877,0.22991497814655304,0.0010142852552235126
278,LEFT_EAR,0.45592427253723145,0.23402364552021027,-0.1366831660270691
278,RIGHT_EAR,0.46939244866371155,0.23877529799938202,-0.001027770689688623
278,MOUTH_LEFT,0.4476141035556793,0.24802236258983612,-0.020014386624097824
278,MOUTH_RIGHT,0.4503086507320404,0.24929244816303253,0.018527118489146233
278,LEFT_SHOULDER,0.40625491738319397,0.29831260442733765,-0.2624545693397522
278,RIGHT_SHOULDER,0.4709872305393219,0.3122818171977997,0.10414870828390121
278,LEFT_ELBOW,0.2924835681915283,0.24952924251556396,-0.28129804134368896
278,RIGHT_ELBOW,0.4100906252861023,0.2537934184074402,0.27956080436706543
278,LEFT_WRIST,0.3464152216911316,0.1544063687324524,-0.1650659739971161
278,RIGHT_WRIST,0.3709045946598053,0.16575348377227783,0.4343734383583069
278,LEFT_PINKY,0.3539047837257385,0.12909558415412903,-0.19452670216560364
278,RIGHT_PINKY,0.37582409381866455,0.14144596457481384,0.454328715801239
278,LEFT_INDEX,0.36503589153289795,0.12810122966766357,-0.1994808316230774
278,RIGHT_INDEX,0.3767281174659729,0.1406567543745041,0.4360164701938629
278,LEFT_THUMB,0.3640194833278656,0.13824597001075745,-0.16592930257320404
278,RIGHT_THUMB,0.3753233551979065,0.15006443858146667,0.4271111488342285
278,LEFT_HIP,0.36270084977149963,0.5619270205497742,-0.11674134433269501
278,RIGHT_HIP,0.41067400574684143,0.5666097402572632,0.11673782020807266
278,LEFT_KNEE,0.3378101885318756,0.758024275302887,-0.03702358901500702
278,RIGHT_KNEE,0.3879258930683136,0.7620341777801514,0.17511901259422302
278,LEFT_ANKLE,0.3662897050380707,0.9220288991928101,0.032626863569021225
278,RIGHT_ANKLE,0.3878333568572998,0.9280235171318054,0.2720476984977722
278,LEFT_HEEL,0.37015166878700256,0.9460612535476685,0.03900221362709999
278,RIGHT_HEEL,0.39111363887786865,0.9497829675674438,0.2793392539024353
278,LEFT_FOOT_INDEX,0.3264937996864319,0.9593531489372253,-0.020749513059854507
278,RIGHT_FOOT_INDEX,0.359733521938324,0.959404468536377,0.22363078594207764
279,NOSE,0.4516581594944,0.2358768880367279,0.1257868856191635
279,LEFT_EYE_INNER,0.45537859201431274,0.22602224349975586,0.06891141831874847
279,LEFT_EYE,0.4529823362827301,0.22528958320617676,0.0689455196261406
279,LEFT_EYE_OUTER,0.45011383295059204,0.22457127273082733,0.06899774074554443
279,RIGHT_EYE_INNER,0.46128612756729126,0.2279355227947235,0.10241719335317612
279,RIGHT_EYE,0.463401734828949,0.2285521924495697,0.10234538465738297
279,RIGHT_EYE_OUTER,0.46526092290878296,0.2293577939271927,0.10220712423324585
279,LEFT_EAR,0.4467465877532959,0.2319457083940506,-0.10625879466533661
279,RIGHT_EAR,0.4704015851020813,0.23889318108558655,0.042104899883270264
279,MOUTH_LEFT,0.4454011917114258,0.24670405685901642,0.07431523501873016
279,MOUTH_RIGHT,0.4510158896446228,0.2487926483154297,0.11604885011911392
279,LEFT_SHOULDER,0.3848935067653656,0.2961887717247009,-0.23486725986003876
279,RIGHT_SHOULDER,0.48381900787353516,0.31231921911239624,0.11997431516647339
279,LEFT_ELBOW,0.2883015275001526,0.24942882359027863,-0.21781706809997559
279,RIGHT_ELBOW,0.4280470907688141,0.26298776268959045,0.3718520402908325
279,LEFT_WRIST,0.3361956775188446,0.15546377003192902,-0.06722018122673035
279,RIGHT_WRIST,0.3786048889160156,0.17249733209609985,0.5853195190429688
279,LEFT_PINKY,0.34201496839523315,0.1308874785900116,-0.08219906687736511
279,RIGHT_PINKY,0.3781912922859192,0.14953315258026123,0.6209697127342224
279,LEFT_INDEX,0.3565395474433899,0.13118503987789154,-0.09089089930057526
279,RIGHT_INDEX,0.37979504466056824,0.15027335286140442,0.5939201712608337
279,LEFT_THUMB,0.35634860396385193,0.14102813601493835,-0.06595512479543686
279,RIGHT_THUMB,0.37788885831832886,0.15713030099868774,0.5783483386039734
279,LEFT_HIP,0.3548603653907776,0.5625618696212769,-0.10424213111400604
279,RIGHT_HIP,0.4209640920162201,0.5680036544799805,0.10389049351215363
279,LEFT_KNEE,0.3378828167915344,0.7592225670814514,-0.016179978847503662
279,RIGHT_KNEE,0.40240412950515747,0.7614603042602539,0.17486637830734253
279,LEFT_ANKLE,0.3631206750869751,0.9219275712966919,0.03829776868224144
279,RIGHT_ANKLE,0.39620441198349,0.9350266456604004,0.22467276453971863
279,LEFT_HEEL,0.3676970303058624,0.9466419219970703,0.045361220836639404
279,RIGHT_HEEL,0.39867427945137024,0.9583812952041626,0.2307726889848709
279,LEFT_FOOT_INDEX,0.3266408145427704,0.948288083076477,0.011075681075453758
279,RIGHT_FOOT_INDEX,0.37308019399642944,0.959064781665802,0.2042446881532669
280,NOSE,0.4512665271759033,0.23532719910144806,0.13896992802619934
280,LEFT_EYE_INNER,0.45371508598327637,0.2253238409757614,0.08178231120109558
280,LEFT_EYE,0.4506968557834625,0.22450144588947296,0.08181805163621902
280,LEFT_EYE_OUTER,0.44720545411109924,0.22370803356170654,0.08186910301446915
280,RIGHT_EYE_INNER,0.46141281723976135,0.2275010347366333,0.11405020952224731
280,RIGHT_EYE,0.46391400694847107,0.22822459042072296,0.11397963762283325
280,RIGHT_EYE_OUTER,0.46577078104019165,0.22915315628051758,0.11384419351816177
280,LEFT_EAR,0.44339901208877563,0.23106078803539276,-0.09773660451173782
280,RIGHT_EAR,0.47192391753196716,0.2390049248933792,0.046471621841192245
280,MOUTH_LEFT,0.44431114196777344,0.24601352214813232,0.08647222816944122
280,MOUTH_RIGHT,0.4515063762664795,0.24859032034873962,0.12662704288959503
280,LEFT_SHOULDER,0.38053566217422485,0.2954242527484894,-0.2244376838207245
280,RIGHT_SHOULDER,0.4886919856071472,0.31236881017684937,0.11997270584106445
280,LEFT_ELBOW,0.28685691952705383,0.24935686588287354,-0.19993099570274353
280,RIGHT_ELBOW,0.43353644013404846,0.2636246979236603,0.3687135875225067
280,LEFT_WRIST,0.33300501108169556,0.15648378431797028,-0.04598545655608177
280,RIGHT_WRIST,0.3820567727088928,0.1729995310306549,0.5791072249412537
280,LEFT_PINKY,0.3392292559146881,0.13212339580059052,-0.05953986570239067
280,RIGHT_PINKY,0.37897124886512756,0.1504041850566864,0.614081084728241
280,LEFT_INDEX,0.35432395339012146,0.1330561339855194,-0.06820394843816757
280,RIGHT_INDEX,0.38049522042274475,0.15089377760887146,0.5878639221191406
280,LEFT_THUMB,0.3543139398097992,0.14273971319198608,-0.044624604284763336
280,RIGHT_THUMB,0.3788905739784241,0.15798114240169525,0.5725328326225281
280,LEFT_HIP,0.3511638343334198,0.5630201101303101,-0.09871011972427368
280,RIGHT_HIP,0.4246010184288025,0.569111704826355,0.09823542088270187
280,LEFT_KNEE,0.33596962690353394,0.7577157020568848,0.0064622461795806885
280,RIGHT_KNEE,0.40792718529701233,0.7608960866928101,0.17775730788707733
280,LEFT_ANKLE,0.36221835017204285,0.9209400415420532,0.046473998576402664
280,RIGHT_ANKLE,0.39993947744369507,0.9348331689834595,0.22182366251945496
280,LEFT_HEEL,0.36756691336631775,0.9451615214347839,0.05316038802266121
280,RIGHT_HEEL,0.4023834764957428,0.9575797915458679,0.22735095024108887
280,LEFT_FOOT_INDEX,0.327377051115036,0.9429653882980347,0.027383994311094284
280,RIGHT_FOOT_INDEX,0.3784790635108948,0.9574301838874817,0.19795438647270203
281,NOSE,0.45153146982192993,0.23498883843421936,0.16126739978790283
281,LEFT_EYE_INNER,0.45357948541641235,0.22480015456676483,0.10420714318752289
281,LEFT_EYE,0.4503743052482605,0.22390234470367432,0.10424697399139404
281,LEFT_EYE_OUTER,0.44669198989868164,0.22303876280784607,0.10430941730737686
281,RIGHT_EYE_INNER,0.4617331027984619,0.22723647952079773,0.13291455805301666
281,RIGHT_EYE,0.46414217352867126,0.22806739807128906,0.13284823298454285
281,RIGHT_EYE_OUTER,0.4663754999637604,0.22911569476127625,0.1327219307422638
281,LEFT_EAR,0.44171565771102905,0.23046521842479706,-0.07804173976182938
281,RIGHT_EAR,0.47356900572776794,0.23907284438610077,0.05051058530807495
281,MOUTH_LEFT,0.4444347023963928,0.24551351368427277,0.10743266344070435
281,MOUTH_RIGHT,0.45184946060180664,0.24844713509082794,0.14300236105918884
281,LEFT_SHOULDER,0.3777732253074646,0.2951975464820862,-0.20670625567436218
281,RIGHT_SHOULDER,0.49015679955482483,0.3123908042907715,0.11517450958490372
281,LEFT_ELBOW,0.28423863649368286,0.2502242922782898,-0.1839352548122406
281,RIGHT_ELBOW,0.43535199761390686,0.2636762261390686,0.3490867018699646
281,LEFT_WRIST,0.3322312533855438,0.15737982094287872,-0.04377617686986923
281,RIGHT_WRIST,0.3839605748653412,0.17331375181674957,0.5269528031349182
281,LEFT_PINKY,0.3383820056915283,0.13463035225868225,-0.06203526258468628
281,RIGHT_PINKY,0.3791583478450775,0.15077415108680725,0.55485999584198
281,LEFT_INDEX,0.35296693444252014,0.13600680232048035,-0.06986749917268753
281,RIGHT_INDEX,0.38056519627571106,0.1516248881816864,0.5285316705703735
281,LEFT_THUMB,0.3528304994106293,0.14525248110294342,-0.043275631964206696
281,RIGHT_THUMB,0.3791760504245758,0.1589747667312622,0.5190367102622986
281,LEFT_HIP,0.3487277626991272,0.5640974640846252,-0.09462223947048187
281,RIGHT_HIP,0.42713063955307007,0.5705309510231018,0.09418076276779175
281,LEFT_KNEE,0.3364536166191101,0.7596460580825806,-0.00487517099827528
281,RIGHT_KNEE,0.4095209240913391,0.7606139779090881,0.17027442157268524
281,LEFT_ANKLE,0.36106714606285095,0.921076774597168,0.042108144611120224
281,RIGHT_ANKLE,0.4023815989494324,0.9385326504707336,0.20911875367164612
281,LEFT_HEEL,0.36701709032058716,0.9462026357650757,0.04878224804997444
281,RIGHT_HEEL,0.40448635816574097,0.9613272547721863,0.21443620324134827
281,LEFT_FOOT_INDEX,0.3218831419944763,0.9537506103515625,0.01723043993115425
281,RIGHT_FOOT_INDEX,0.38190075755119324,0.9573866724967957,0.18129630386829376
282,NOSE,0.45167112350463867,0.2348470687866211,0.18794268369674683
282,LEFT_EYE_INNER,0.4539027810096741,0.22445616126060486,0.13027507066726685
282,LEFT_EYE,0.4507162570953369,0.2234908789396286,0.13030749559402466
282,LEFT_EYE_OUTER,0.4470439851284027,0.22257113456726074,0.13037250936031342
282,RIGHT_EYE_INNER,0.46184077858924866,0.22710928320884705,0.1563636064529419
282,RIGHT_EYE,0.4647703766822815,0.2280178964138031,0.15629419684410095
282,RIGHT_EYE_OUTER,0.467933714389801,0.2291364222764969,0.15617048740386963
282,LEFT_EAR,0.44155511260032654,0.23007376492023468,-0.05564528703689575
282,RIGHT_EAR,0.47552555799484253,0.23909413814544678,0.05955619737505913
282,MOUTH_LEFT,0.44469761848449707,0.24530208110809326,0.1325496882200241
282,MOUTH_RIGHT,0.4528976082801819,0.24843847751617432,0.16465052962303162
282,LEFT_SHOULDER,0.37649965286254883,0.29485780000686646,-0.18670587241649628
282,RIGHT_SHOULDER,0.4908868670463562,0.3125148117542267,0.1141318529844284
282,LEFT_ELBOW,0.2825647294521332,0.25100284814834595,-0.1589420586824417
282,RIGHT_ELBOW,0.4362487196922302,0.26366156339645386,0.3428702652454376
282,LEFT_WRIST,0.3318593204021454,0.1580476313829422,-0.02026444673538208
282,RIGHT_WRIST,0.38467732071876526,0.1732426881790161,0.5111254453659058
282,LEFT_PINKY,0.3380524218082428,0.13580751419067383,-0.037346139550209045
282,RIGHT_PINKY,0.3793039917945862,0.15070632100105286,0.5370408892631531
282,LEFT_INDEX,0.3522070050239563,0.13734744489192963,-0.045409779995679855
282,RIGHT_INDEX,0.3803316652774811,0.15143822133541107,0.5114088654518127
282,LEFT_THUMB,0.3519626259803772,0.14658477902412415,-0.019821204245090485
282,RIGHT_THUMB,0.37924376130104065,0.15915009379386902,0.503452479839325
282,LEFT_HIP,0.34746015071868896,0.5650674700737,-0.09095922112464905
282,RIGHT_HIP,0.4282377362251282,0.5715862512588501,0.09051493555307388
282,LEFT_KNEE,0.33672285079956055,0.760283887386322,-0.006281484849750996
282,RIGHT_KNEE,0.4109049439430237,0.7603331804275513,0.16632217168807983
282,LEFT_ANKLE,0.3596383035182953,0.9211105108261108,0.044899798929691315
282,RIGHT_ANKLE,0.4042796492576599,0.94041907787323,0.20360353589057922
282,LEFT_HEEL,0.3652420938014984,0.9466263055801392,0.052321456372737885
282,RIGHT_HEEL,0.40602120757102966,0.9629510045051575,0.2087792605161667
282,LEFT_FOOT_INDEX,0.31872671842575073,0.9597717523574829,0.023350905627012253
282,RIGHT_FOOT_INDEX,0.3840045630931854,0.9573537111282349,0.17243139445781708
283,NOSE,0.450481653213501,0.23335346579551697,0.14782917499542236
283,LEFT_EYE_INNER,0.45216941833496094,0.22303934395313263,0.09694432467222214
283,LEFT_EYE,0.4490181803703308,0.2221107929944992,0.09697867929935455
283,LEFT_EYE_OUTER,0.4454967975616455,0.22128279507160187,0.0970301479101181
283,RIGHT_EYE_INNER,0.46092262864112854,0.22585606575012207,0.12406830489635468
283,RIGHT_EYE,0.46421194076538086,0.22685018181800842,0.12399879842996597
283,RIGHT_EYE_OUTER,0.4677067697048187,0.2280624657869339,0.12387335300445557
283,LEFT_EAR,0.4409754276275635,0.22899766266345978,-0.06981195509433746
283,RIGHT_EAR,0.475442111492157,0.23856541514396667,0.05558745935559273
283,MOUTH_LEFT,0.4431329369544983,0.24388301372528076,0.10143120586872101
283,MOUTH_RIGHT,0.4526123106479645,0.24705243110656738,0.13516227900981903
283,LEFT_SHOULDER,0.3775734305381775,0.29488641023635864,-0.21377739310264587
283,RIGHT_SHOULDER,0.4905053973197937,0.311936616897583,0.12013311684131622
283,LEFT_ELBOW,0.2823369801044464,0.2509208917617798,-0.2032635658979416
283,RIGHT_ELBOW,0.4353696405887604,0.26262393593788147,0.3399507999420166
283,LEFT_WRIST,0.33193591237068176,0.15867634117603302,-0.06179644912481308
283,RIGHT_WRIST,0.3837985098361969,0.17324455082416534,0.5019635558128357
283,LEFT_PINKY,0.3382342457771301,0.1370164453983307,-0.08746244758367538
283,RIGHT_PINKY,0.3792293071746826,0.151071697473526,0.5263659358024597
283,LEFT_INDEX,0.3523537516593933,0.13865205645561218,-0.09262026101350784
283,RIGHT_INDEX,0.37942707538604736,0.1517334282398224,0.5095611810684204
283,LEFT_THUMB,0.35206615924835205,0.14752720296382904,-0.061082445085048676
283,RIGHT_THUMB,0.3785894811153412,0.15948797762393951,0.49623948335647583
283,LEFT_HIP,0.3472190499305725,0.5652143955230713,-0.0987781286239624
283,RIGHT_HIP,0.4280010759830475,0.5716596841812134,0.09848371893167496
283,LEFT_KNEE,0.3369517922401428,0.762304425239563,-0.008060974068939686
283,RIGHT_KNEE,0.41055408120155334,0.7608083486557007,0.17105433344841003
283,LEFT_ANKLE,0.3565422594547272,0.9215315580368042,0.04357840120792389
283,RIGHT_ANKLE,0.40422335267066956,0.9406668543815613,0.2180289328098297
283,LEFT_HEEL,0.36431869864463806,0.9466830492019653,0.05064500495791435
283,RIGHT_HEEL,0.40605443716049194,0.9629790186882019,0.2236272394657135
283,LEFT_FOOT_INDEX,0.3102838397026062,0.9616968035697937,0.013858310878276825
283,RIGHT_FOOT_INDEX,0.3819900453090668,0.9573022723197937,0.18793456256389618
284,NOSE,0.44986969232559204,0.23305079340934753,0.1369158923625946
284,LEFT_EYE_INNER,0.45159798860549927,0.2228168547153473,0.08467765897512436
284,LEFT_EYE,0.4486130177974701,0.2219063937664032,0.08473248779773712
284,LEFT_EYE_OUTER,0.44531384110450745,0.2211104929447174,0.08478232473134995
284,RIGHT_EYE_INNER,0.46039456129074097,0.2256227284669876,0.11514978110790253
284,RIGHT_EYE,0.46377891302108765,0.22661101818084717,0.1150931715965271
284,RIGHT_EYE_OUTER,0.46738800406455994,0.22782392799854279,0.11495999246835709
284,LEFT_EAR,0.44128862023353577,0.22874191403388977,-0.0754762589931488
284,RIGHT_EAR,0.475233793258667,0.2384520322084427,0.056834328919649124
284,MOUTH_LEFT,0.4425412118434906,0.2435699999332428,0.08964181691408157
284,MOUTH_RIGHT,0.45227712392807007,0.246634840965271,0.12768657505512238
284,LEFT_SHOULDER,0.3788866400718689,0.2949410080909729,-0.21606667339801788
284,RIGHT_SHOULDER,0.4902171492576599,0.3116713762283325,0.12557096779346466
284,LEFT_ELBOW,0.28252020478248596,0.2508948743343353,-0.2105700522661209
284,RIGHT_ELBOW,0.4347505569458008,0.26209717988967896,0.3382251560688019
284,LEFT_WRIST,0.33207425475120544,0.15915080904960632,-0.06938809156417847
284,RIGHT_WRIST,0.38254231214523315,0.17337974905967712,0.4981061518192291
284,LEFT_PINKY,0.33860212564468384,0.13790173828601837,-0.09535524994134903
284,RIGHT_PINKY,0.3789597153663635,0.15166977047920227,0.5215625762939453
284,LEFT_INDEX,0.352557897567749,0.1395057886838913,-0.09949126839637756
284,RIGHT_INDEX,0.37861186265945435,0.1522022932767868,0.5074947476387024
284,LEFT_THUMB,0.3522173762321472,0.14817580580711365,-0.06824091076850891
284,RIGHT_THUMB,0.37791430950164795,0.15994314849376678,0.4942236840724945
284,LEFT_HIP,0.3470101058483124,0.5651995539665222,-0.10078813135623932
284,RIGHT_HIP,0.42769545316696167,0.5716148614883423,0.10053551197052002
284,LEFT_KNEE,0.3369911313056946,0.7623707056045532,-0.013747316785156727
284,RIGHT_KNEE,0.41045427322387695,0.760802686214447,0.1706097424030304
284,LEFT_ANKLE,0.35509195923805237,0.9214480519294739,0.028877148404717445
284,RIGHT_ANKLE,0.40398311614990234,0.9402961730957031,0.2147887498140335
284,LEFT_HEEL,0.3634192645549774,0.946683406829834,0.03437983989715576
284,RIGHT_HEEL,0.4055562913417816,0.9624203443527222,0.21997074782848358
284,LEFT_FOOT_INDEX,0.30877822637557983,0.9619919657707214,0.00032615376403555274
284,RIGHT_FOOT_INDEX,0.38073545694351196,0.9572814106941223,0.18415725231170654
285,NOSE,0.4488286077976227,0.23273968696594238,0.1327017843723297
285,LEFT_EYE_INNER,0.4509221017360687,0.22251002490520477,0.08068611472845078
285,LEFT_EYE,0.4481801986694336,0.22162549197673798,0.08076342195272446
285,LEFT_EYE_OUTER,0.44514769315719604,0.22086963057518005,0.0808093324303627
285,RIGHT_EYE_INNER,0.459333598613739,0.22521348297595978,0.11176391690969467
285,RIGHT_EYE,0.4626026749610901,0.226141095161438,0.11170759052038193
285,RIGHT_EYE_OUTER,0.46605104207992554,0.22729404270648956,0.11156094074249268
285,LEFT_EAR,0.4413662850856781,0.2284894734621048,-0.07919341325759888
285,RIGHT_EAR,0.4735199511051178,0.23800067603588104,0.05553937703371048
285,MOUTH_LEFT,0.4416283667087555,0.24340853095054626,0.08476728200912476
285,MOUTH_RIGHT,0.45099973678588867,0.2461690604686737,0.12340924888849258
285,LEFT_SHOULDER,0.3795447051525116,0.29495468735694885,-0.220195010304451
285,RIGHT_SHOULDER,0.48952069878578186,0.31036698818206787,0.12521758675575256
285,LEFT_ELBOW,0.2825651168823242,0.2509230971336365,-0.21425588428974152
285,RIGHT_ELBOW,0.432037889957428,0.25863057374954224,0.31645849347114563
285,LEFT_WRIST,0.3325517177581787,0.1591712087392807,-0.07094989717006683
285,RIGHT_WRIST,0.3775324821472168,0.17184443771839142,0.4392417371273041
285,LEFT_PINKY,0.3389211893081665,0.1379394829273224,-0.09701023995876312
285,RIGHT_PINKY,0.37491896748542786,0.1503988653421402,0.45747679471969604
285,LEFT_INDEX,0.3523028492927551,0.13926179707050323,-0.10137617588043213
285,RIGHT_INDEX,0.3744123578071594,0.15083712339401245,0.43114152550697327
285,LEFT_THUMB,0.35175347328186035,0.14800533652305603,-0.0703243613243103
285,RIGHT_THUMB,0.372828871011734,0.15841346979141235,0.42876315116882324
285,LEFT_HIP,0.3471102714538574,0.5646013617515564,-0.1121453270316124
285,RIGHT_HIP,0.42768412828445435,0.5705521106719971,0.11198477447032928
285,LEFT_KNEE,0.3370881676673889,0.7622848749160767,-0.033611781895160675
285,RIGHT_KNEE,0.41048336029052734,0.7598360776901245,0.16962930560112
285,LEFT_ANKLE,0.3551333546638489,0.9205511212348938,0.0015053263632580638
285,RIGHT_ANKLE,0.4041973948478699,0.9370499849319458,0.21537551283836365
285,LEFT_HEEL,0.36483803391456604,0.946272075176239,0.005064193159341812
285,RIGHT_HEEL,0.4073883593082428,0.9606615304946899,0.2201145887374878
285,LEFT_FOOT_INDEX,0.30876970291137695,0.961828887462616,-0.041535209864377975
285,RIGHT_FOOT_INDEX,0.3792877793312073,0.9545013308525085,0.18409797549247742
286,NOSE,0.4484478831291199,0.23251453042030334,0.1352941393852234
286,LEFT_EYE_INNER,0.45063847303390503,0.22229759395122528,0.08228805661201477
286,LEFT_EYE,0.4479832053184509,0.2214280664920807,0.08237036317586899
286,LEFT_EYE_OUTER,0.4450627863407135,0.22069844603538513,0.08241529762744904
286,RIGHT_EYE_INNER,0.4590030312538147,0.2249457836151123,0.11350013315677643
286,RIGHT_EYE,0.4622794985771179,0.2258356362581253,0.11344538629055023
286,RIGHT_EYE_OUTER,0.46573424339294434,0.22695252299308777,0.11330193281173706
286,LEFT_EAR,0.4414830207824707,0.2283705472946167,-0.08081940561532974
286,RIGHT_EAR,0.4730631709098816,0.23774397373199463,0.0551535002887249
286,MOUTH_LEFT,0.4412635266780853,0.24324464797973633,0.08593972772359848
286,MOUTH_RIGHT,0.4505515992641449,0.24579791724681854,0.12476958334445953
286,LEFT_SHOULDER,0.3800069987773895,0.29496845602989197,-0.22141322493553162
286,RIGHT_SHOULDER,0.489309698343277,0.30967414379119873,0.1251823455095291
286,LEFT_ELBOW,0.28287774324417114,0.25094839930534363,-0.2125358283519745
286,RIGHT_ELBOW,0.4299742579460144,0.2570442855358124,0.3168019950389862
286,LEFT_WRIST,0.33288630843162537,0.15916898846626282,-0.05741094425320625
286,RIGHT_WRIST,0.37472930550575256,0.17089927196502686,0.4479493498802185
286,LEFT_PINKY,0.3391873240470886,0.13786552846431732,-0.08016195893287659
286,RIGHT_PINKY,0.37256354093551636,0.14958485960960388,0.4671002924442291
286,LEFT_INDEX,0.352293998003006,0.1391158550977707,-0.08607430756092072
286,RIGHT_INDEX,0.3722275495529175,0.1498546600341797,0.43948015570640564
286,LEFT_THUMB,0.3516523540019989,0.1479288935661316,-0.05698990076780319
286,RIGHT_THUMB,0.37037134170532227,0.15729686617851257,0.43731480836868286
286,LEFT_HIP,0.3471594452857971,0.5644634366035461,-0.11424001306295395
286,RIGHT_HIP,0.42785653471946716,0.5699800252914429,0.11407987028360367
286,LEFT_KNEE,0.33613067865371704,0.7590442895889282,-0.03303075581789017
286,RIGHT_KNEE,0.41111382842063904,0.7582301497459412,0.17418131232261658
286,LEFT_ANKLE,0.35484689474105835,0.9183937907218933,0.0023339404724538326
286,RIGHT_ANKLE,0.4041765332221985,0.9355454444885254,0.22926005721092224
286,LEFT_HEEL,0.3647487759590149,0.945540726184845,0.006532525178045034
286,RIGHT_HEEL,0.407034695148468,0.9598633646965027,0.2347826510667801
286,LEFT_FOOT_INDEX,0.30941498279571533,0.9616986513137817,-0.036767832934856415
286,RIGHT_FOOT_INDEX,0.3790803849697113,0.9534463882446289,0.19541271030902863
287,NOSE,0.4483923017978668,0.2324676513671875,0.12492486089468002
287,LEFT_EYE_INNER,0.4507614076137543,0.22231045365333557,0.07585813850164413
287,LEFT_EYE,0.44835296273231506,0.2214837372303009,0.07599468529224396
287,LEFT_EYE_OUTER,0.4461451470851898,0.2207503616809845,0.07603062689304352
287,RIGHT_EYE_INNER,0.4585457444190979,0.22462940216064453,0.10517106205224991
287,RIGHT_EYE,0.4613615870475769,0.22536392509937286,0.10510359704494476
287,RIGHT_EYE_OUTER,0.4642724394798279,0.22630862891674042,0.10490959882736206
287,LEFT_EAR,0.44297608733177185,0.22840502858161926,-0.08162873983383179
287,RIGHT_EAR,0.4713066518306732,0.23710665106773376,0.05359187722206116
287,MOUTH_LEFT,0.441418319940567,0.24327798187732697,0.07993752509355545
287,MOUTH_RIGHT,0.44955340027809143,0.2455802857875824,0.11626072973012924
287,LEFT_SHOULDER,0.38349565863609314,0.29505249857902527,-0.22300367057323456
287,RIGHT_SHOULDER,0.48813819885253906,0.3096916675567627,0.1255330890417099
287,LEFT_ELBOW,0.283110111951828,0.2520056366920471,-0.21321669220924377
287,RIGHT_ELBOW,0.4288504123687744,0.255971759557724,0.3100305199623108
287,LEFT_WRIST,0.3330661356449127,0.15919187664985657,-0.061320822685956955
287,RIGHT_WRIST,0.37003210186958313,0.17087359726428986,0.43853387236595154
287,LEFT_PINKY,0.33926627039909363,0.13791245222091675,-0.08337946236133575
287,RIGHT_PINKY,0.3681223690509796,0.14980973303318024,0.45636433362960815
287,LEFT_INDEX,0.35130175948143005,0.13898509740829468,-0.08965335041284561
287,RIGHT_INDEX,0.36859145760536194,0.15001587569713593,0.4338340163230896
287,LEFT_THUMB,0.35071632266044617,0.14781945943832397,-0.061066728085279465
287,RIGHT_THUMB,0.3665805757045746,0.15741312503814697,0.42940419912338257
287,LEFT_HIP,0.3472267985343933,0.5642035007476807,-0.11893703788518906
287,RIGHT_HIP,0.4276652932167053,0.5695719718933105,0.11884226649999619
287,LEFT_KNEE,0.33671432733535767,0.7624059319496155,-0.0515180341899395
287,RIGHT_KNEE,0.4110129475593567,0.7588559985160828,0.17062970995903015
287,LEFT_ANKLE,0.35530754923820496,0.9184306859970093,-0.01608430966734886
287,RIGHT_ANKLE,0.40403467416763306,0.9355049133300781,0.228500097990036
287,LEFT_HEEL,0.36526674032211304,0.9455406069755554,-0.012905813753604889
287,RIGHT_HEEL,0.406816303730011,0.9596201777458191,0.23315131664276123
287,LEFT_FOOT_INDEX,0.31041568517684937,0.9651094675064087,-0.06604763865470886
287,RIGHT_FOOT_INDEX,0.37457114458084106,0.954897403717041,0.18471503257751465
288,NOSE,0.44854432344436646,0.23249831795692444,0.15781596302986145
288,LEFT_EYE_INNER,0.4509190022945404,0.22229349613189697,0.10150067508220673
288,LEFT_EYE,0.44844502210617065,0.22145509719848633,0.10155706107616425
288,LEFT_EYE_OUTER,0.4457770884037018,0.22072219848632812,0.10160595178604126
288,RIGHT_EYE_INNER,0.45928436517715454,0.22465524077415466,0.13305379450321198
288,RIGHT_EYE,0.4625912606716156,0.22539493441581726,0.13300074636936188
288,RIGHT_EYE_OUTER,0.46612077951431274,0.22633560001850128,0.1328892558813095
288,LEFT_EAR,0.44169288873672485,0.2284417450428009,-0.07665570080280304
288,RIGHT_EAR,0.4727770686149597,0.2372659146785736,0.0626794844865799
288,MOUTH_LEFT,0.4415242671966553,0.24331359565258026,0.1041555404663086
288,MOUTH_RIGHT,0.45065149664878845,0.24572870135307312,0.14330057799816132
288,LEFT_SHOULDER,0.37940502166748047,0.29505655169487,-0.2150217741727829
288,RIGHT_SHOULDER,0.48863592743873596,0.3097134828567505,0.12924405932426453
288,LEFT_ELBOW,0.2806892991065979,0.2521600127220154,-0.1872130185365677
288,RIGHT_ELBOW,0.43054693937301636,0.25626468658447266,0.35594791173934937
288,LEFT_WRIST,0.3289716839790344,0.15931163728237152,-0.02396129071712494
288,RIGHT_WRIST,0.3745785355567932,0.1725178062915802,0.5493708848953247
288,LEFT_PINKY,0.33445748686790466,0.13793028891086578,-0.0389106348156929
288,RIGHT_PINKY,0.37097376585006714,0.15180350840091705,0.5839723348617554
288,LEFT_INDEX,0.3480343222618103,0.1393854320049286,-0.043903131037950516
288,RIGHT_INDEX,0.3707907795906067,0.1529645025730133,0.5546464323997498
288,LEFT_THUMB,0.3475032448768616,0.1484716683626175,-0.021587196737527847
288,RIGHT_THUMB,0.36816781759262085,0.15978184342384338,0.5412254333496094
288,LEFT_HIP,0.34719330072402954,0.5639402270317078,-0.11424943059682846
288,RIGHT_HIP,0.4284963607788086,0.569541335105896,0.11395595967769623
288,LEFT_KNEE,0.3356183171272278,0.7601190209388733,-0.04697635769844055
288,RIGHT_KNEE,0.4147689938545227,0.7566880583763123,0.16937552392482758
288,LEFT_ANKLE,0.35384678840637207,0.918439507484436,-0.009859243407845497
288,RIGHT_ANKLE,0.4057590067386627,0.9355467557907104,0.20250923931598663
288,LEFT_HEEL,0.36419352889060974,0.9460573196411133,-0.005738165229558945
288,RIGHT_HEEL,0.4069400727748871,0.9594250917434692,0.20663873851299286
288,LEFT_FOOT_INDEX,0.3110717833042145,0.9646958112716675,-0.06271003186702728
288,RIGHT_FOOT_INDEX,0.3775993287563324,0.9543253779411316,0.17624130845069885
289,NOSE,0.4509967863559723,0.2326389104127884,0.16517306864261627
289,LEFT_EYE_INNER,0.4523366093635559,0.22224915027618408,0.10753826051950455
289,LEFT_EYE,0.4493972361087799,0.2213600128889084,0.10758235305547714
289,LEFT_EYE_OUTER,0.44619861245155334,0.22056499123573303,0.1076345443725586
289,RIGHT_EYE_INNER,0.4611791670322418,0.2246619462966919,0.13782954216003418
289,RIGHT_EYE,0.4645656645298004,0.2254108488559723,0.13777628540992737
289,RIGHT_EYE_OUTER,0.46822890639305115,0.22636015713214874,0.13767102360725403
289,LEFT_EAR,0.4414515495300293,0.2283182591199875,-0.07442022860050201
289,RIGHT_EAR,0.4741218090057373,0.2372850626707077,0.061114393174648285
289,MOUTH_LEFT,0.44348329305648804,0.24354644119739532,0.11059819161891937
289,MOUTH_RIGHT,0.4533616602420807,0.24623389542102814,0.14812824130058289
289,LEFT_SHOULDER,0.37634873390197754,0.29489579796791077,-0.20919570326805115
289,RIGHT_SHOULDER,0.4897562563419342,0.30985504388809204,0.12878838181495667
289,LEFT_ELBOW,0.27943795919418335,0.25410550832748413,-0.17481878399848938
289,RIGHT_ELBOW,0.43108779191970825,0.2626681327819824,0.3621135652065277
289,LEFT_WRIST,0.32691991329193115,0.16095054149627686,-0.009373441338539124
289,RIGHT_WRIST,0.3756371736526489,0.1757861077785492,0.5772572755813599
289,LEFT_PINKY,0.332393616437912,0.13956455886363983,-0.022447852417826653
289,RIGHT_PINKY,0.3712829053401947,0.15583409368991852,0.6143336892127991
289,LEFT_INDEX,0.3462309241294861,0.14129742980003357,-0.02806386910378933
289,RIGHT_INDEX,0.37087172269821167,0.1565258651971817,0.5877110958099365
289,LEFT_THUMB,0.3457363247871399,0.1503574103116989,-0.00704957265406847
289,RIGHT_THUMB,0.3683010935783386,0.1625482141971588,0.5706978440284729
289,LEFT_HIP,0.3472082018852234,0.5637007355690002,-0.10615897178649902
289,RIGHT_HIP,0.42949947714805603,0.5694931149482727,0.1057647317647934
289,LEFT_KNEE,0.33554545044898987,0.7587047815322876,-0.0266206506639719
289,RIGHT_KNEE,0.41733646392822266,0.7558498382568359,0.16806939244270325
289,LEFT_ANKLE,0.35264429450035095,0.9193636775016785,-0.005223016254603863
289,RIGHT_ANKLE,0.4063321650028229,0.9360834956169128,0.19144335389137268
289,LEFT_HEEL,0.36230912804603577,0.9470580816268921,-0.0006020811852067709
289,RIGHT_HEEL,0.4067966938018799,0.9593726992607117,0.19533143937587738
289,LEFT_FOOT_INDEX,0.3114699125289917,0.9644195437431335,-0.03953569382429123
289,RIGHT_FOOT_INDEX,0.38022226095199585,0.955159068107605,0.1660039722919464
290,NOSE,0.45178279280662537,0.2326616495847702,0.15452763438224792
290,LEFT_EYE_INNER,0.4527971148490906,0.2219749391078949,0.09979762136936188
290,LEFT_EYE,0.44966140389442444,0.2210264503955841,0.09985442459583282
290,LEFT_EYE_OUTER,0.44623392820358276,0.22017841041088104,0.09990353882312775
290,RIGHT_EYE_INNER,0.46181949973106384,0.2244732677936554,0.13014867901802063
290,RIGHT_EYE,0.4652404189109802,0.22523577511310577,0.13009271025657654
290,RIGHT_EYE_OUTER,0.468966543674469,0.22619721293449402,0.12997546792030334
290,LEFT_EAR,0.4412495493888855,0.2281796932220459,-0.08181295543909073
290,RIGHT_EAR,0.4746626913547516,0.23727861046791077,0.055343758314847946
290,MOUTH_LEFT,0.4441775381565094,0.24366524815559387,0.10301122814416885
290,MOUTH_RIGHT,0.45428308844566345,0.246408611536026,0.14076492190361023
290,LEFT_SHOULDER,0.37525123357772827,0.29485851526260376,-0.21483966708183289
290,RIGHT_SHOULDER,0.4905596673488617,0.3100177049636841,0.12658564746379852
290,LEFT_ELBOW,0.2785380780696869,0.25494614243507385,-0.1838400959968567
290,RIGHT_ELBOW,0.4314444065093994,0.2656523585319519,0.3647172451019287
290,LEFT_WRIST,0.3266660273075104,0.16214372217655182,-0.02298036217689514
290,RIGHT_WRIST,0.3759300708770752,0.176803857088089,0.5800560712814331
290,LEFT_PINKY,0.33245012164115906,0.1404845416545868,-0.03858373314142227
290,RIGHT_PINKY,0.37136054039001465,0.1571422517299652,0.6149672269821167
290,LEFT_INDEX,0.3461689352989197,0.14235781133174896,-0.04603878781199455
290,RIGHT_INDEX,0.371614009141922,0.15788941085338593,0.5890443921089172
290,LEFT_THUMB,0.3455813527107239,0.15153871476650238,-0.02183258906006813
290,RIGHT_THUMB,0.3688533306121826,0.16377845406532288,0.5732475519180298
290,LEFT_HIP,0.34723395109176636,0.5638524293899536,-0.10590262711048126
290,RIGHT_HIP,0.4304795265197754,0.5696464776992798,0.10551909357309341
290,LEFT_KNEE,0.33559858798980713,0.7587159276008606,-0.019888324663043022
290,RIGHT_KNEE,0.4177247881889343,0.7564936876296997,0.1691882312297821
290,LEFT_ANKLE,0.3524189591407776,0.9214299321174622,0.019092902541160583
290,RIGHT_ANKLE,0.4068814814090729,0.9369724988937378,0.21313075721263885
290,LEFT_HEEL,0.36201977729797363,0.948327898979187,0.025394657626748085
290,RIGHT_HEEL,0.40669673681259155,0.9596369862556458,0.21956053376197815
290,LEFT_FOOT_INDEX,0.3114517033100128,0.9644207954406738,-0.008568862453103065
290,RIGHT_FOOT_INDEX,0.380656361579895,0.9556671977043152,0.18854179978370667
291,NOSE,0.4509413242340088,0.2313033640384674,0.15380996465682983
291,LEFT_EYE_INNER,0.4515921473503113,0.2201489508152008,0.09672074019908905
291,LEFT_EYE,0.44807377457618713,0.21918019652366638,0.0967707633972168
291,LEFT_EYE_OUTER,0.4443128705024719,0.218422532081604,0.09681599587202072
291,RIGHT_EYE_INNER,0.46160832047462463,0.2232207953929901,0.13000893592834473
291,RIGHT_EYE,0.4652198255062103,0.22428686916828156,0.12995292246341705
291,RIGHT_EYE_OUTER,0.4690234661102295,0.22554144263267517,0.12984248995780945
291,LEFT_EAR,0.439342200756073,0.22730116546154022,-0.08453146368265152
291,RIGHT_EAR,0.4751196801662445,0.23710250854492188,0.06284986436367035
291,MOUTH_LEFT,0.443031370639801,0.2424052655696869,0.10045132786035538
291,MOUTH_RIGHT,0.45425447821617126,0.2459598034620285,0.14223523437976837
291,LEFT_SHOULDER,0.37453216314315796,0.29466402530670166,-0.2153889685869217
291,RIGHT_SHOULDER,0.49058064818382263,0.30979496240615845,0.1377182900905609
291,LEFT_ELBOW,0.2763846516609192,0.2562025189399719,-0.1696188747882843
291,RIGHT_ELBOW,0.4283381998538971,0.26589304208755493,0.3954735994338989
291,LEFT_WRIST,0.3232744336128235,0.16346417367458344,0.015824483707547188
291,RIGHT_WRIST,0.37601229548454285,0.17758271098136902,0.6153815984725952
291,LEFT_PINKY,0.3312534987926483,0.14172697067260742,0.006384394131600857
291,RIGHT_PINKY,0.37188154458999634,0.15750032663345337,0.6552591323852539
291,LEFT_INDEX,0.3455059230327606,0.14351189136505127,-0.0040192571468651295
291,RIGHT_INDEX,0.3719788193702698,0.1577940136194229,0.6278492212295532
291,LEFT_THUMB,0.3441658616065979,0.15271493792533875,0.017484404146671295
291,RIGHT_THUMB,0.3692726492881775,0.1637631505727768,0.6093510389328003
291,LEFT_HIP,0.34725421667099,0.5638213157653809,-0.10542255640029907
291,RIGHT_HIP,0.4306064248085022,0.5693627595901489,0.10500148683786392
291,LEFT_KNEE,0.3356466591358185,0.7566220760345459,-0.020581664517521858
291,RIGHT_KNEE,0.4192133843898773,0.7552043199539185,0.16703809797763824
291,LEFT_ANKLE,0.3524382710456848,0.9216840863227844,0.01652238331735134
291,RIGHT_ANKLE,0.4086293578147888,0.9351229667663574,0.20589101314544678
291,LEFT_HEEL,0.3620251715183258,0.9484256505966187,0.023156963288784027
291,RIGHT_HEEL,0.406380832195282,0.9608919024467468,0.2116350382566452
291,LEFT_FOOT_INDEX,0.31167834997177124,0.9624549150466919,-0.009529724717140198
291,RIGHT_FOOT_INDEX,0.3820571005344391,0.9537705183029175,0.18717750906944275
292,NOSE,0.45064520835876465,0.23062321543693542,0.16594889760017395
292,LEFT_EYE_INNER,0.45119819045066833,0.2191801518201828,0.10604332387447357
292,LEFT_EYE,0.44755834341049194,0.21817664802074432,0.10607711970806122
292,LEFT_EYE_OUTER,0.44367679953575134,0.217432901263237,0.10611806809902191
292,RIGHT_EYE_INNER,0.46155816316604614,0.22256842255592346,0.14079028367996216
292,RIGHT_EYE,0.46522384881973267,0.2237890660762787,0.1407397836446762
292,RIGHT_EYE_OUTER,0.4691339135169983,0.22519724071025848,0.14063206315040588
292,LEFT_EAR,0.43856436014175415,0.2268010377883911,-0.0820649042725563
292,RIGHT_EAR,0.4756670892238617,0.23703519999980927,0.07122613489627838
292,MOUTH_LEFT,0.44262441992759705,0.2417958676815033,0.10987186431884766
292,MOUTH_RIGHT,0.4542523920536041,0.24573998153209686,0.15338002145290375
292,LEFT_SHOULDER,0.3738144338130951,0.2944180369377136,-0.21064791083335876
292,RIGHT_SHOULDER,0.49089446663856506,0.30981385707855225,0.14397886395454407
292,LEFT_ELBOW,0.2752284109592438,0.2567521929740906,-0.15516409277915955
292,RIGHT_ELBOW,0.42840903997421265,0.2671845555305481,0.40696820616722107
292,LEFT_WRIST,0.32183265686035156,0.1642930805683136,0.03608169034123421
292,RIGHT_WRIST,0.3760860562324524,0.1783551275730133,0.6342414617538452
292,LEFT_PINKY,0.3307017385959625,0.1425805389881134,0.02892220951616764
292,RIGHT_PINKY,0.3727950155735016,0.15786153078079224,0.6764055490493774
292,LEFT_INDEX,0.34501975774765015,0.144352987408638,0.018546517938375473
292,RIGHT_INDEX,0.37251073122024536,0.15814968943595886,0.6492301225662231
292,LEFT_THUMB,0.3433378338813782,0.15347640216350555,0.03824090585112572
292,RIGHT_THUMB,0.36947476863861084,0.1641809493303299,0.6289807558059692
292,LEFT_HIP,0.3472733199596405,0.563785195350647,-0.10353709757328033
292,RIGHT_HIP,0.4308667778968811,0.5691696405410767,0.10306333005428314
292,LEFT_KNEE,0.3356715142726898,0.7553755044937134,-0.02094450779259205
292,RIGHT_KNEE,0.41993817687034607,0.7547297477722168,0.16161637008190155
292,LEFT_ANKLE,0.35238218307495117,0.9225781559944153,0.011235291138291359
292,RIGHT_ANKLE,0.40900906920433044,0.9351502656936646,0.19151321053504944
292,LEFT_HEEL,0.36174777150154114,0.9491885900497437,0.017681412398815155
292,RIGHT_HEEL,0.4042209982872009,0.9643959999084473,0.19616973400115967
292,LEFT_FOOT_INDEX,0.31183889508247375,0.9617779850959778,-0.010689309798181057
292,RIGHT_FOOT_INDEX,0.382341206073761,0.9527587890625,0.1717412769794464
293,NOSE,0.44993090629577637,0.22948916256427765,0.16344214975833893
293,LEFT_EYE_INNER,0.45068711042404175,0.21800175309181213,0.1039658933877945
293,LEFT_EYE,0.44698405265808105,0.21698176860809326,0.10400602966547012
293,LEFT_EYE_OUTER,0.44304919242858887,0.2162463665008545,0.10405518859624863
293,RIGHT_EYE_INNER,0.46140027046203613,0.2214648723602295,0.13694480061531067
293,RIGHT_EYE,0.4651913046836853,0.22275379300117493,0.13689234852790833
293,RIGHT_EYE_OUTER,0.46914100646972656,0.2242816984653473,0.1367802917957306
293,LEFT_EAR,0.43775004148483276,0.22560127079486847,-0.08208409696817398
293,RIGHT_EAR,0.47569745779037476,0.2364354133605957,0.06903104484081268
293,MOUTH_LEFT,0.44170886278152466,0.24051694571971893,0.10831198841333389
293,MOUTH_RIGHT,0.45409685373306274,0.2448243647813797,0.14937059581279755
293,LEFT_SHOULDER,0.3738185167312622,0.2936895191669464,-0.21072427928447723
293,RIGHT_SHOULDER,0.490853875875473,0.3084598183631897,0.1393233835697174
293,LEFT_ELBOW,0.27520865201950073,0.2574942708015442,-0.1638181209564209
293,RIGHT_ELBOW,0.4284374713897705,0.26693806052207947,0.388465940952301
293,LEFT_WRIST,0.3210526704788208,0.16582636535167694,0.017062315717339516
293,RIGHT_WRIST,0.3761391341686249,0.17876699566841125,0.5966222286224365
293,LEFT_PINKY,0.3301880955696106,0.14422020316123962,0.005517861805856228
293,RIGHT_PINKY,0.3728370666503906,0.1581895798444748,0.632375955581665
293,LEFT_INDEX,0.3443096876144409,0.14558273553848267,-0.005232043098658323
293,RIGHT_INDEX,0.37272560596466064,0.1585061252117157,0.6044104695320129
293,LEFT_THUMB,0.3424097001552582,0.15473468601703644,0.018094491213560104
293,RIGHT_THUMB,0.36974745988845825,0.16463865339756012,0.5898705720901489
293,LEFT_HIP,0.34728288650512695,0.5637767910957336,-0.10362932831048965
293,RIGHT_HIP,0.4307783246040344,0.569165050983429,0.10315470397472382
293,LEFT_KNEE,0.33618199825286865,0.755585253238678,-0.021340027451515198
293,RIGHT_KNEE,0.4194408059120178,0.755312979221344,0.16143742203712463
293,LEFT_ANKLE,0.3524021804332733,0.9229461550712585,0.012107702903449535
293,RIGHT_ANKLE,0.4089885652065277,0.9352580308914185,0.1954071819782257
293,LEFT_HEEL,0.3618079423904419,0.9492900967597961,0.018582765012979507
293,RIGHT_HEEL,0.404973566532135,0.963219940662384,0.20013916492462158
293,LEFT_FOOT_INDEX,0.3102607727050781,0.9618669748306274,-0.010197123512625694
293,RIGHT_FOOT_INDEX,0.38226965069770813,0.9532124400138855,0.17093509435653687
294,NOSE,0.4500398635864258,0.22951483726501465,0.16014206409454346
294,LEFT_EYE_INNER,0.45097237825393677,0.218024343252182,0.10159869492053986
294,LEFT_EYE,0.4472304880619049,0.21698513627052307,0.10164852440357208
294,LEFT_EYE_OUTER,0.44321784377098083,0.2162204086780548,0.10169794410467148
294,RIGHT_EYE_INNER,0.46180057525634766,0.2214713841676712,0.13395510613918304
294,RIGHT_EYE,0.4657193720340729,0.22274646162986755,0.13390077650547028
294,RIGHT_EYE_OUTER,0.4698382318019867,0.22426855564117432,0.13378652930259705
294,LEFT_EAR,0.43789753317832947,0.22527821362018585,-0.08215855807065964
294,RIGHT_EAR,0.47596198320388794,0.23638217151165009,0.056037116795778275
294,MOUTH_LEFT,0.4417404234409332,0.24044962227344513,0.10587302595376968
294,MOUTH_RIGHT,0.45426520705223083,0.24475005269050598,0.14653070271015167
294,LEFT_SHOULDER,0.373678594827652,0.2932659983634949,-0.21210312843322754
294,RIGHT_SHOULDER,0.4908248484134674,0.30731382966041565,0.1187228411436081
294,LEFT_ELBOW,0.2752886414527893,0.257703959941864,-0.16863207519054413
294,RIGHT_ELBOW,0.4291040301322937,0.265216588973999,0.353217750787735
294,LEFT_WRIST,0.3213528096675873,0.1664326936006546,0.0039223129861056805
294,RIGHT_WRIST,0.3759942650794983,0.17868942022323608,0.5412918329238892
294,LEFT_PINKY,0.33040812611579895,0.14462022483348846,-0.01571452058851719
294,RIGHT_PINKY,0.37306150794029236,0.1580589860677719,0.5708879828453064
294,LEFT_INDEX,0.34427309036254883,0.14593304693698883,-0.02833632193505764
294,RIGHT_INDEX,0.37220287322998047,0.1583240032196045,0.539833664894104
294,LEFT_THUMB,0.34234100580215454,0.15511417388916016,0.0021106419153511524
294,RIGHT_THUMB,0.3695666790008545,0.1645572930574417,0.5326268672943115
294,LEFT_HIP,0.34728771448135376,0.5638049244880676,-0.10365533828735352
294,RIGHT_HIP,0.4307582378387451,0.5691527128219604,0.1031927615404129
294,LEFT_KNEE,0.3361957371234894,0.7556456327438354,-0.02188526839017868
294,RIGHT_KNEE,0.4191414713859558,0.7559114098548889,0.16468007862567902
294,LEFT_ANKLE,0.35243135690689087,0.9257476925849915,0.016679473221302032
294,RIGHT_ANKLE,0.4088752269744873,0.9356605410575867,0.21406647562980652
294,LEFT_HEEL,0.36182811856269836,0.9498689770698547,0.023276085034012794
294,RIGHT_HEEL,0.40510326623916626,0.9627596735954285,0.21944287419319153
294,LEFT_FOOT_INDEX,0.31043559312820435,0.9638986587524414,-0.008390598930418491
294,RIGHT_FOOT_INDEX,0.3822213411331177,0.9537226557731628,0.182079017162323
295,NOSE,0.4492212235927582,0.22756262123584747,0.15968388319015503
295,LEFT_EYE_INNER,0.4502186179161072,0.21590562164783478,0.10092141479253769
295,LEFT_EYE,0.4462965428829193,0.2148178070783615,0.10096843540668488
295,LEFT_EYE_OUTER,0.4421098828315735,0.2140190154314041,0.10101534426212311
295,RIGHT_EYE_INNER,0.46161818504333496,0.219622403383255,0.1323128640651703
295,RIGHT_EYE,0.4656774401664734,0.22101382911205292,0.13225775957107544
295,RIGHT_EYE_OUTER,0.46984171867370605,0.2226215898990631,0.13213804364204407
295,LEFT_EAR,0.43702632188796997,0.2234772890806198,-0.08218413591384888
295,RIGHT_EAR,0.47597020864486694,0.234762042760849,0.05093040317296982
295,MOUTH_LEFT,0.4406675696372986,0.2383517473936081,0.10572818666696548
295,MOUTH_RIGHT,0.4540789723396301,0.2432701289653778,0.14471355080604553
295,LEFT_SHOULDER,0.3735002875328064,0.29270172119140625,-0.20974218845367432
295,RIGHT_SHOULDER,0.4904552102088928,0.30604058504104614,0.11720000207424164
295,LEFT_ELBOW,0.27420157194137573,0.2596331238746643,-0.15046417713165283
295,RIGHT_ELBOW,0.4291703701019287,0.26726633310317993,0.3734469711780548
295,LEFT_WRIST,0.3171282708644867,0.16772077977657318,0.039853837341070175
295,RIGHT_WRIST,0.37797409296035767,0.18258598446846008,0.6103510856628418
295,LEFT_PINKY,0.323160856962204,0.14592932164669037,0.03281416371464729
295,RIGHT_PINKY,0.3741409182548523,0.16101309657096863,0.650272011756897
295,LEFT_INDEX,0.33808034658432007,0.1472514271736145,0.021959591656923294
295,RIGHT_INDEX,0.3731258511543274,0.16150379180908203,0.6230398416519165
295,LEFT_THUMB,0.33707550168037415,0.15646608173847198,0.041468456387519836
295,RIGHT_THUMB,0.369775652885437,0.16723182797431946,0.6054846048355103
295,LEFT_HIP,0.3471977710723877,0.5632685422897339,-0.10248126834630966
295,RIGHT_HIP,0.4308188855648041,0.568780779838562,0.10202126204967499
295,LEFT_KNEE,0.336035817861557,0.7547578811645508,-0.01961134932935238
295,RIGHT_KNEE,0.41889506578445435,0.7554181814193726,0.16497570276260376
295,LEFT_ANKLE,0.3524550795555115,0.9255437850952148,0.024452514946460724
295,RIGHT_ANKLE,0.40878862142562866,0.9347040057182312,0.21524934470653534
295,LEFT_HEEL,0.3616795539855957,0.9497896432876587,0.031633295118808746
295,RIGHT_HEEL,0.40368160605430603,0.9643236994743347,0.22073975205421448
295,LEFT_FOOT_INDEX,0.3104926645755768,0.9634064435958862,0.003297883551567793
295,RIGHT_FOOT_INDEX,0.38299626111984253,0.9524072408676147,0.18566709756851196
296,NOSE,0.4487070143222809,0.22634582221508026,0.15277895331382751
296,LEFT_EYE_INNER,0.44970178604125977,0.21470442414283752,0.09342758357524872
296,LEFT_EYE,0.4457022547721863,0.2136465609073639,0.09347416460514069
296,LEFT_EYE_OUTER,0.44143643975257874,0.21287879347801208,0.09351891279220581
296,RIGHT_EYE_INNER,0.4614005982875824,0.21839427947998047,0.1252792924642563
296,RIGHT_EYE,0.4655793309211731,0.2197963297367096,0.1252204328775406
296,RIGHT_EYE_OUTER,0.4698297381401062,0.2214076966047287,0.12509921193122864
296,LEFT_EAR,0.43637633323669434,0.2224951982498169,-0.08851799368858337
296,RIGHT_EAR,0.47597694396972656,0.23358027637004852,0.048258475959300995
296,MOUTH_LEFT,0.44005903601646423,0.2371433526277542,0.09902746230363846
296,MOUTH_RIGHT,0.45387905836105347,0.24218912422657013,0.13864600658416748
296,LEFT_SHOULDER,0.3736095428466797,0.29257169365882874,-0.21196801960468292
296,RIGHT_SHOULDER,0.49018335342407227,0.3050518333911896,0.11792256683111191
296,LEFT_ELBOW,0.27393901348114014,0.2604180872440338,-0.15862104296684265
296,RIGHT_ELBOW,0.4292111396789551,0.26800620555877686,0.38192713260650635
296,LEFT_WRIST,0.3161792457103729,0.1679859459400177,0.02387983538210392
296,RIGHT_WRIST,0.37842705845832825,0.18339918553829193,0.6165880560874939
296,LEFT_PINKY,0.32133224606513977,0.1461683213710785,0.014549897983670235
296,RIGHT_PINKY,0.3744233250617981,0.1618737280368805,0.6561143398284912
296,LEFT_INDEX,0.3364364504814148,0.1475183069705963,0.004104782361537218
296,RIGHT_INDEX,0.3734254837036133,0.16231930255889893,0.628176748752594
296,LEFT_THUMB,0.3356762230396271,0.1567508578300476,0.025302916765213013
296,RIGHT_THUMB,0.36989089846611023,0.1678609699010849,0.6110945343971252
296,LEFT_HIP,0.34720343351364136,0.5626163482666016,-0.10208883136510849
296,RIGHT_HIP,0.43084588646888733,0.5680837035179138,0.10165127366781235
296,LEFT_KNEE,0.33568185567855835,0.75389564037323,-0.020143916830420494
296,RIGHT_KNEE,0.41870227456092834,0.7548912167549133,0.16371813416481018
296,LEFT_ANKLE,0.3524453341960907,0.9254213571548462,0.023455707356333733
296,RIGHT_ANKLE,0.40832337737083435,0.9341074824333191,0.2136964350938797
296,LEFT_HEEL,0.3614550530910492,0.9496521949768066,0.030292261391878128
296,RIGHT_HEEL,0.4036969244480133,0.9578989744186401,0.21896488964557648
296,LEFT_FOOT_INDEX,0.3105476498603821,0.9632962346076965,0.0005488127935677767
296,RIGHT_FOOT_INDEX,0.38325241208076477,0.9520812034606934,0.1840182989835739
297,NOSE,0.4488207697868347,0.22663991153240204,0.15675385296344757
297,LEFT_EYE_INNER,0.4497431218624115,0.21495547890663147,0.09804076701402664
297,LEFT_EYE,0.44578656554222107,0.2138669788837433,0.0980924516916275
297,LEFT_EYE_OUTER,0.44156813621520996,0.2130707949399948,0.09813801199197769
297,RIGHT_EYE_INNER,0.46140527725219727,0.21865245699882507,0.1279859095811844
297,RIGHT_EYE,0.46559301018714905,0.22003480792045593,0.1279214322566986
297,RIGHT_EYE_OUTER,0.4698997437953949,0.221632719039917,0.12778812646865845
297,LEFT_EAR,0.4361286163330078,0.22257056832313538,-0.0855858325958252
297,RIGHT_EAR,0.47613945603370667,0.23363423347473145,0.047571755945682526
297,MOUTH_LEFT,0.44018396735191345,0.2372317612171173,0.1021803468465805
297,MOUTH_RIGHT,0.4540194571018219,0.2423657476902008,0.13963210582733154
297,LEFT_SHOULDER,0.3737082779407501,0.2925005257129669,-0.21117718517780304
297,RIGHT_SHOULDER,0.49025219678878784,0.30508118867874146,0.11225088685750961
297,LEFT_ELBOW,0.27378326654434204,0.2613426148891449,-0.1624719798564911
297,RIGHT_ELBOW,0.4294159412384033,0.267879843711853,0.35932457447052
297,LEFT_WRIST,0.3165256381034851,0.16846534609794617,0.015790220350027084
297,RIGHT_WRIST,0.37679916620254517,0.18323367834091187,0.5728610157966614
297,LEFT_PINKY,0.3220943808555603,0.1463281214237213,0.006363605614751577
297,RIGHT_PINKY,0.3731496036052704,0.1620669811964035,0.6099178194999695
297,LEFT_INDEX,0.33679527044296265,0.14755181968212128,-0.00041293672984465957
297,RIGHT_INDEX,0.37120240926742554,0.16217680275440216,0.5801777243614197
297,LEFT_THUMB,0.33586493134498596,0.1569853574037552,0.01797252520918846
297,RIGHT_THUMB,0.3678775131702423,0.16788969933986664,0.5663580298423767
297,LEFT_HIP,0.34719496965408325,0.5622666478157043,-0.10195153951644897
297,RIGHT_HIP,0.4308241307735443,0.56770259141922,0.10152427852153778
297,LEFT_KNEE,0.3356916010379791,0.7528172731399536,-0.0204458050429821
297,RIGHT_KNEE,0.4189923405647278,0.7536999583244324,0.1642623394727707
297,LEFT_ANKLE,0.3525148928165436,0.9251025319099426,0.02071797288954258
297,RIGHT_ANKLE,0.40819597244262695,0.9311319589614868,0.21369779109954834
297,LEFT_HEEL,0.36145833134651184,0.9491562843322754,0.02721308171749115
297,RIGHT_HEEL,0.40382465720176697,0.9538958668708801,0.21892590820789337
297,LEFT_FOOT_INDEX,0.3127303421497345,0.9618598818778992,-0.0001191272385767661
297,RIGHT_FOOT_INDEX,0.3852056860923767,0.9490273594856262,0.1844554841518402
298,NOSE,0.4488188624382019,0.22716191411018372,0.1601419299840927
298,LEFT_EYE_INNER,0.4496361315250397,0.21542468667030334,0.10195666551589966
298,LEFT_EYE,0.4456944465637207,0.21432285010814667,0.1020115464925766
298,LEFT_EYE_OUTER,0.44147977232933044,0.21350768208503723,0.10205912590026855
298,RIGHT_EYE_INNER,0.4612540602684021,0.21905028820037842,0.1307620108127594
298,RIGHT_EYE,0.4654731750488281,0.22038528323173523,0.13070015609264374
298,RIGHT_EYE_OUTER,0.46985095739364624,0.22194819152355194,0.13056111335754395
298,LEFT_EAR,0.4357447624206543,0.22263619303703308,-0.08172954618930817
298,RIGHT_EAR,0.4761332869529724,0.23370881378650665,0.04765861853957176
298,MOUTH_LEFT,0.44022196531295776,0.23754045367240906,0.10535268485546112
298,MOUTH_RIGHT,0.454017698764801,0.2426459789276123,0.141280397772789
298,LEFT_SHOULDER,0.37378638982772827,0.2925308346748352,-0.20812873542308807
298,RIGHT_SHOULDER,0.4902316927909851,0.3051496744155884,0.10747095197439194
298,LEFT_ELBOW,0.2738388180732727,0.26178258657455444,-0.164261132478714
298,RIGHT_ELBOW,0.4294259548187256,0.2677885591983795,0.3357509970664978
298,LEFT_WRIST,0.3169756531715393,0.1686115711927414,0.00721095222979784
298,RIGHT_WRIST,0.37572041153907776,0.18305736780166626,0.5269095301628113
298,LEFT_PINKY,0.32271572947502136,0.1463087946176529,-0.004264323506504297
298,RIGHT_PINKY,0.3710947036743164,0.161962628364563,0.5590068101882935
298,LEFT_INDEX,0.33715158700942993,0.1474619209766388,-0.007831569761037827
298,RIGHT_INDEX,0.36997318267822266,0.162008136510849,0.5292073488235474
298,LEFT_THUMB,0.33617550134658813,0.15693290531635284,0.009845109656453133
298,RIGHT_THUMB,0.36677712202072144,0.1678011566400528,0.5191923379898071
298,LEFT_HIP,0.3471846282482147,0.5622251629829407,-0.10081251710653305
298,RIGHT_HIP,0.43081459403038025,0.5676178336143494,0.10040940344333649
298,LEFT_KNEE,0.33561915159225464,0.7527354955673218,-0.020742246881127357
298,RIGHT_KNEE,0.419200599193573,0.7537022829055786,0.16167470812797546
298,LEFT_ANKLE,0.3524353802204132,0.9239004850387573,0.01721300557255745
298,RIGHT_ANKLE,0.40768465399742126,0.9295449256896973,0.20546917617321014
298,LEFT_HEEL,0.36108317971229553,0.9483200311660767,0.02297952026128769
298,RIGHT_HEEL,0.40379124879837036,0.9520082473754883,0.21019113063812256
298,LEFT_FOOT_INDEX,0.3128712773323059,0.9616507291793823,-0.0037709451280534267
298,RIGHT_FOOT_INDEX,0.3852252960205078,0.9483799934387207,0.1755976527929306
299,NOSE,0.44740575551986694,0.2272392064332962,0.14600485563278198
299,LEFT_EYE_INNER,0.44796666502952576,0.21555308997631073,0.0896109864115715
299,LEFT_EYE,0.44426408410072327,0.21445460617542267,0.08966898173093796
299,LEFT_EYE_OUTER,0.44025808572769165,0.21363794803619385,0.08971674740314484
299,RIGHT_EYE_INNER,0.45886239409446716,0.21911773085594177,0.12177474796772003
299,RIGHT_EYE,0.462866872549057,0.2204119861125946,0.12172041088342667
299,RIGHT_EYE_OUTER,0.4670827388763428,0.22191853821277618,0.12159581482410431
299,LEFT_EAR,0.4348946213722229,0.2227267324924469,-0.08604466170072556
299,RIGHT_EAR,0.4742125868797302,0.23360280692577362,0.04958374798297882
299,MOUTH_LEFT,0.43932652473449707,0.23767857253551483,0.09407814592123032
299,MOUTH_RIGHT,0.4524584412574768,0.24255463480949402,0.13422302901744843
299,LEFT_SHOULDER,0.3738623559474945,0.2925260365009308,-0.21070177853107452
299,RIGHT_SHOULDER,0.49021467566490173,0.3050540089607239,0.11276048421859741
299,LEFT_ELBOW,0.2728460431098938,0.261744886636734,-0.1831902116537094
299,RIGHT_ELBOW,0.429208904504776,0.26603075861930847,0.3416643440723419
299,LEFT_WRIST,0.3170912563800812,0.1690807044506073,-0.03121979907155037
299,RIGHT_WRIST,0.37446659803390503,0.18334545195102692,0.5289979577064514
299,LEFT_PINKY,0.32227686047554016,0.1468103528022766,-0.045940905809402466
299,RIGHT_PINKY,0.3703462481498718,0.16244255006313324,0.5616058707237244
299,LEFT_INDEX,0.33659085631370544,0.14812305569648743,-0.05107124522328377
299,RIGHT_INDEX,0.368979811668396,0.16246286034584045,0.5318101048469543
299,LEFT_THUMB,0.33577701449394226,0.15759174525737762,-0.02905784547328949
299,RIGHT_THUMB,0.3660436272621155,0.16842339932918549,0.5207772850990295
299,LEFT_HIP,0.34717848896980286,0.5616472959518433,-0.10068385303020477
299,RIGHT_HIP,0.4306843876838684,0.5671378374099731,0.10028839111328125
299,LEFT_KNEE,0.3361918032169342,0.7508686780929565,-0.02039477787911892
299,RIGHT_KNEE,0.41925254464149475,0.7524027228355408,0.1611151397228241
299,LEFT_ANKLE,0.35255497694015503,0.9202581644058228,0.01713603362441063
299,RIGHT_ANKLE,0.40770286321640015,0.9267011880874634,0.20378582179546356
299,LEFT_HEEL,0.3612006902694702,0.9445484280586243,0.022905196994543076
299,RIGHT_HEEL,0.4041956067085266,0.9522002935409546,0.20867042243480682
299,LEFT_FOOT_INDEX,0.3131135106086731,0.95556640625,-0.004452995024621487
299,RIGHT_FOOT_INDEX,0.3861077129840851,0.9464222192764282,0.17577233910560608
300,NOSE,0.4468340277671814,0.22641825675964355,0.1475064754486084
300,LEFT_EYE_INNER,0.44752225279808044,0.2152036428451538,0.09056439995765686
300,LEFT_EYE,0.44392460584640503,0.21421301364898682,0.09061449766159058
300,LEFT_EYE_OUTER,0.4399990141391754,0.21346981823444366,0.09067197144031525
300,RIGHT_EYE_INNER,0.4581459164619446,0.21849796175956726,0.12368632853031158
300,RIGHT_EYE,0.4620892107486725,0.21974503993988037,0.12363586574792862
300,RIGHT_EYE_OUTER,0.46626338362693787,0.22119803726673126,0.12352881580591202
300,LEFT_EAR,0.43479371070861816,0.22245292365550995,-0.08504629880189896
300,RIGHT_EAR,0.473671019077301,0.23290327191352844,0.0569186694920063
300,MOUTH_LEFT,0.43906718492507935,0.23700933158397675,0.09568561613559723
300,MOUTH_RIGHT,0.4519023299217224,0.241196870803833,0.136979341506958
300,LEFT_SHOULDER,0.37371885776519775,0.29252392053604126,-0.21207721531391144
300,RIGHT_SHOULDER,0.48941731452941895,0.30492791533470154,0.12420953810214996
300,LEFT_ELBOW,0.26920968294143677,0.2617805302143097,-0.18225625157356262
300,RIGHT_ELBOW,0.42852693796157837,0.2660108506679535,0.35483843088150024
300,LEFT_WRIST,0.31540772318840027,0.16928602755069733,-0.01153587643057108
300,RIGHT_WRIST,0.3731667399406433,0.18412235379219055,0.5300305485725403
300,LEFT_PINKY,0.32090067863464355,0.14698652923107147,-0.02631017006933689
300,RIGHT_PINKY,0.36804503202438354,0.16253674030303955,0.5654255747795105
300,LEFT_INDEX,0.3345995247364044,0.14828692376613617,-0.03264111652970314
300,RIGHT_INDEX,0.36726313829421997,0.16246971487998962,0.5396437048912048
300,LEFT_THUMB,0.33409377932548523,0.15780778229236603,-0.009080922231078148
300,RIGHT_THUMB,0.3647057116031647,0.16851592063903809,0.5248510241508484
300,LEFT_HIP,0.347181499004364,0.561667799949646,-0.10083816945552826
300,RIGHT_HIP,0.43061718344688416,0.5671038627624512,0.10045971721410751
300,LEFT_KNEE,0.336448073387146,0.7509690523147583,-0.023075152188539505
300,RIGHT_KNEE,0.4191037714481354,0.7537837028503418,0.15715362131595612
300,LEFT_ANKLE,0.3525662422180176,0.9202901124954224,0.010037312284111977
300,RIGHT_ANKLE,0.40749335289001465,0.9329196810722351,0.18929001688957214
300,LEFT_HEEL,0.3604556918144226,0.9446174502372742,0.015561902895569801
300,RIGHT_HEEL,0.40403372049331665,0.9542108774185181,0.19321787357330322
300,LEFT_FOOT_INDEX,0.3090963065624237,0.9580364227294922,-0.010803946293890476
300,RIGHT_FOOT_INDEX,0.3860223889350891,0.9535312652587891,0.1586790531873703
301,NOSE,0.44597283005714417,0.22592318058013916,0.0006075713317841291
301,LEFT_EYE_INNER,0.4479519724845886,0.2150285542011261,-0.036453355103731155
301,LEFT_EYE,0.44657835364341736,0.21425044536590576,-0.036359742283821106
301,LEFT_EYE_OUTER,0.44597792625427246,0.21354766190052032,-0.03634829819202423
301,RIGHT_EYE_INNER,0.4549645781517029,0.21708717942237854,-0.00791496317833662
301,RIGHT_EYE,0.45681285858154297,0.21777772903442383,-0.00790590699762106
301,RIGHT_EYE_OUTER,0.4585850238800049,0.2186306267976761,-0.008063437417149544
301,LEFT_EAR,0.4460671842098236,0.22247278690338135,-0.12220902740955353
301,RIGHT_EAR,0.4640832543373108,0.22895808517932892,0.0012052468955516815
301,MOUTH_LEFT,0.43969830870628357,0.23702523112297058,-0.020922880619764328
301,MOUTH_RIGHT,0.44682326912879944,0.23921799659729004,0.013892963528633118
301,LEFT_SHOULDER,0.38151830434799194,0.2925262451171875,-0.2510196566581726
301,RIGHT_SHOULDER,0.4780460000038147,0.3033286929130554,0.12274418026208878
301,LEFT_ELBOW,0.2695002853870392,0.2618565261363983,-0.23644693195819855
301,RIGHT_ELBOW,0.4151986241340637,0.2625652849674225,0.308506578207016
301,LEFT_WRIST,0.3165737986564636,0.17004916071891785,-0.06951756030321121
301,RIGHT_WRIST,0.35972753167152405,0.1829688847064972,0.4388026297092438
301,LEFT_PINKY,0.3221052587032318,0.1475391387939453,-0.09088581055402756
301,RIGHT_PINKY,0.36066511273384094,0.1625095158815384,0.46132197976112366
301,LEFT_INDEX,0.33536234498023987,0.14890392124652863,-0.0968257337808609
301,RIGHT_INDEX,0.36193981766700745,0.16233694553375244,0.4442540109157562
301,LEFT_THUMB,0.3344325125217438,0.1581917256116867,-0.06881864368915558
301,RIGHT_THUMB,0.35916373133659363,0.1684790402650833,0.43283724784851074
301,LEFT_HIP,0.3530638813972473,0.5614481568336487,-0.11472880840301514
301,RIGHT_HIP,0.4230829179286957,0.5661975145339966,0.11477573961019516
301,LEFT_KNEE,0.33929890394210815,0.7518851161003113,-0.042677827179431915
301,RIGHT_KNEE,0.4099090099334717,0.7543175220489502,0.17087498307228088
301,LEFT_ANKLE,0.3551364839076996,0.9201275706291199,0.010438099503517151
301,RIGHT_ANKLE,0.4007751941680908,0.9321444630622864,0.26492491364479065
301,LEFT_HEEL,0.3635844886302948,0.9447078704833984,0.015987571328878403
301,RIGHT_HEEL,0.402099072933197,0.9515302777290344,0.27190691232681274
301,LEFT_FOOT_INDEX,0.31483814120292664,0.9631021618843079,-0.030154714360833168
301,RIGHT_FOOT_INDEX,0.3759167790412903,0.9561834335327148,0.21963146328926086
302,NOSE,0.44516056776046753,0.22580626606941223,0.02803124487400055
302,LEFT_EYE_INNER,0.4479852616786957,0.2150105983018875,-0.01249278336763382
302,LEFT_EYE,0.44734320044517517,0.21430309116840363,-0.012392125092446804
302,LEFT_EYE_OUTER,0.4475730061531067,0.21360044181346893,-0.012369396165013313
302,RIGHT_EYE_INNER,0.4534803330898285,0.21671676635742188,0.014230658300220966
302,RIGHT_EYE,0.45496606826782227,0.21727149188518524,0.014225167222321033
302,RIGHT_EYE_OUTER,0.4565187394618988,0.21801166236400604,0.014067469164729118
302,LEFT_EAR,0.4485374987125397,0.22252300381660461,-0.11490236222743988
302,RIGHT_EAR,0.4618759751319885,0.22784742712974548,0.002485244069248438
302,MOUTH_LEFT,0.43979135155677795,0.23705026507377625,0.0010211648186668754
302,MOUTH_RIGHT,0.44489771127700806,0.23863454163074493,0.03364637494087219
302,LEFT_SHOULDER,0.3841492533683777,0.29256245493888855,-0.24434742331504822
302,RIGHT_SHOULDER,0.4773266315460205,0.3031727969646454,0.1151323914527893
302,LEFT_ELBOW,0.2696003317832947,0.26185864210128784,-0.2186623066663742
302,RIGHT_ELBOW,0.4124504029750824,0.2712266445159912,0.2871290445327759
302,LEFT_WRIST,0.3172000050544739,0.17018118500709534,-0.049447111785411835
302,RIGHT_WRIST,0.3547112047672272,0.18189546465873718,0.4175218939781189
302,LEFT_PINKY,0.32302725315093994,0.14775748550891876,-0.06698272377252579
302,RIGHT_PINKY,0.3577251434326172,0.16242483258247375,0.4383793771266937
302,LEFT_INDEX,0.33605629205703735,0.1492820531129837,-0.07409650087356567
302,RIGHT_INDEX,0.35974201560020447,0.16221940517425537,0.4218643605709076
302,LEFT_THUMB,0.33472102880477905,0.1584458351135254,-0.04840448871254921
302,RIGHT_THUMB,0.35673242807388306,0.16845503449440002,0.41183900833129883
302,LEFT_HIP,0.3564007580280304,0.5614697933197021,-0.11423621326684952
302,RIGHT_HIP,0.42008262872695923,0.5661243796348572,0.11427104473114014
302,LEFT_KNEE,0.34089797735214233,0.7548335194587708,-0.040923215448856354
302,RIGHT_KNEE,0.406414270401001,0.7560844421386719,0.17094358801841736
302,LEFT_ANKLE,0.3563700318336487,0.9212263822555542,0.01362537406384945
302,RIGHT_ANKLE,0.3992566764354706,0.9322168231010437,0.26040610671043396
302,LEFT_HEEL,0.3649164140224457,0.9450603723526001,0.01870904304087162
302,RIGHT_HEEL,0.40088215470314026,0.9514988660812378,0.26716139912605286
302,LEFT_FOOT_INDEX,0.31868013739585876,0.9650555849075317,-0.030729865655303
302,RIGHT_FOOT_INDEX,0.3739951550960541,0.9579371213912964,0.21799246966838837
303,NOSE,0.44410842657089233,0.22553053498268127,0.03597617894411087
303,LEFT_EYE_INNER,0.44615060091018677,0.2144908607006073,0.011384593322873116
303,LEFT_EYE,0.44439616799354553,0.2137857973575592,0.011467651464045048
303,LEFT_EYE_OUTER,0.44293490052223206,0.2131478488445282,0.011490048840641975
303,RIGHT_EYE_INNER,0.45331650972366333,0.21640896797180176,0.017915302887558937
303,RIGHT_EYE,0.4554058909416199,0.2170734405517578,0.017838943749666214
303,RIGHT_EYE_OUTER,0.45742979645729065,0.21794109046459198,0.017578724771738052
303,LEFT_EAR,0.4405894875526428,0.2219405174255371,-0.11894698441028595
303,RIGHT_EAR,0.46293750405311584,0.22811242938041687,0.007851420901715755
303,MOUTH_LEFT,0.4380725026130676,0.23677146434783936,0.023638363927602768
303,MOUTH_RIGHT,0.44522175192832947,0.23867878317832947,0.03927626460790634
303,LEFT_SHOULDER,0.37848395109176636,0.29256337881088257,-0.25185051560401917
303,RIGHT_SHOULDER,0.4780096113681793,0.3027450740337372,0.11724978685379028
303,LEFT_ELBOW,0.2691326439380646,0.2619599401950836,-0.2270384579896927
303,RIGHT_ELBOW,0.41619759798049927,0.2698121964931488,0.3474894165992737
303,LEFT_WRIST,0.3140351474285126,0.17098189890384674,-0.06561954319477081
303,RIGHT_WRIST,0.356406033039093,0.18237259984016418,0.529313325881958
303,LEFT_PINKY,0.32086652517318726,0.14844992756843567,-0.08566533774137497
303,RIGHT_PINKY,0.3590025305747986,0.16234198212623596,0.5635116100311279
303,LEFT_INDEX,0.33403101563453674,0.1495847851037979,-0.09337975084781647
303,RIGHT_INDEX,0.36043664813041687,0.16215409338474274,0.5309749245643616
303,LEFT_THUMB,0.33280298113822937,0.15880297124385834,-0.06478946655988693
303,RIGHT_THUMB,0.35752326250076294,0.16842487454414368,0.5198014974594116
303,LEFT_HIP,0.3546309173107147,0.5617552995681763,-0.11459946632385254
303,RIGHT_HIP,0.4239127039909363,0.5661250352859497,0.11451157182455063
303,LEFT_KNEE,0.3398677408695221,0.7543886303901672,-0.03323117271065712
303,RIGHT_KNEE,0.41112953424453735,0.7555776238441467,0.18497082591056824
303,LEFT_ANKLE,0.357264906167984,0.9208967089653015,0.025969048961997032
303,RIGHT_ANKLE,0.4054713249206543,0.9309452176094055,0.2592442035675049
303,LEFT_HEEL,0.3663208484649658,0.9451050758361816,0.03323495760560036
303,RIGHT_HEEL,0.40765848755836487,0.9536803364753723,0.2663048803806305
303,LEFT_FOOT_INDEX,0.31851643323898315,0.9638018608093262,-0.0024188561365008354
303,RIGHT_FOOT_INDEX,0.38362938165664673,0.9566540718078613,0.23005712032318115
304,NOSE,0.4432203769683838,0.22547554969787598,0.057907987385988235
304,LEFT_EYE_INNER,0.4444877505302429,0.2143939733505249,0.01279442012310028
304,LEFT_EYE,0.4419735074043274,0.21369771659374237,0.012847192585468292
304,LEFT_EYE_OUTER,0.4395032823085785,0.21309807896614075,0.012870284728705883
304,RIGHT_EYE_INNER,0.45306915044784546,0.2163723260164261,0.03283422440290451
304,RIGHT_EYE,0.45566219091415405,0.21707382798194885,0.03283551707863808
304,RIGHT_EYE_OUTER,0.458054780960083,0.21798774600028992,0.03260389342904091
304,LEFT_EAR,0.43620675802230835,0.22165951132774353,-0.1171136274933815
304,RIGHT_EAR,0.4637118875980377,0.2282855212688446,0.013562929816544056
304,MOUTH_LEFT,0.4366695284843445,0.2365807741880417,0.026332348585128784
304,MOUTH_RIGHT,0.4454844892024994,0.238717719912529,0.05486124008893967
304,LEFT_SHOULDER,0.3757113516330719,0.29255345463752747,-0.24894070625305176
304,RIGHT_SHOULDER,0.4781661033630371,0.3020983040332794,0.1149105578660965
304,LEFT_ELBOW,0.2688261568546295,0.26198428869247437,-0.22544479370117188
304,RIGHT_ELBOW,0.41843366622924805,0.2683532238006592,0.34971505403518677
304,LEFT_WRIST,0.3127899765968323,0.1714751422405243,-0.07498103380203247
304,RIGHT_WRIST,0.35746073722839355,0.182599276304245,0.5366441011428833
304,LEFT_PINKY,0.3198176920413971,0.14897261559963226,-0.09571268409490585
304,RIGHT_PINKY,0.35985732078552246,0.16229036450386047,0.5710207223892212
304,LEFT_INDEX,0.33315974473953247,0.14985468983650208,-0.10311748832464218
304,RIGHT_INDEX,0.36083847284317017,0.16209454834461212,0.5390011072158813
304,LEFT_THUMB,0.33206841349601746,0.15911810100078583,-0.07429958134889603
304,RIGHT_THUMB,0.35799479484558105,0.1683720350265503,0.5275698900222778
304,LEFT_HIP,0.3526462912559509,0.5618811249732971,-0.11433631181716919
304,RIGHT_HIP,0.4260856509208679,0.5660925507545471,0.11425863206386566
304,LEFT_KNEE,0.3394834101200104,0.7542505264282227,-0.025707045570015907
304,RIGHT_KNEE,0.4133581519126892,0.755362868309021,0.18617114424705505
304,LEFT_ANKLE,0.35788431763648987,0.9207441210746765,0.03345751017332077
304,RIGHT_ANKLE,0.4081389009952545,0.9297011494636536,0.256309449672699
304,LEFT_HEEL,0.3672633767127991,0.9451848268508911,0.04131194204092026
304,RIGHT_HEEL,0.41078677773475647,0.9548218846321106,0.2634442448616028
304,LEFT_FOOT_INDEX,0.3188318610191345,0.9622429013252258,0.010943032801151276
304,RIGHT_FOOT_INDEX,0.3885036110877991,0.9542525410652161,0.22990092635154724
305,NOSE,0.4432064890861511,0.2251349240541458,0.1270730048418045
305,LEFT_EYE_INNER,0.44413819909095764,0.21412017941474915,0.07150930911302567
305,LEFT_EYE,0.4412725567817688,0.21341657638549805,0.07156043499708176
305,LEFT_EYE_OUTER,0.43831881880760193,0.21284322440624237,0.07160933315753937
305,RIGHT_EYE_INNER,0.4531875550746918,0.21622593700885773,0.09850884228944778
305,RIGHT_EYE,0.4558855891227722,0.21698474884033203,0.09849663823843002
305,RIGHT_EYE_OUTER,0.4582701623439789,0.21796491742134094,0.09837716072797775
305,LEFT_EAR,0.4340588450431824,0.22114746272563934,-0.0967005267739296
305,RIGHT_EAR,0.4641772210597992,0.2283478081226349,0.030531013384461403
305,MOUTH_LEFT,0.4362851679325104,0.23587600886821747,0.07850905507802963
305,MOUTH_RIGHT,0.4455900192260742,0.23838157951831818,0.11270271241664886
305,LEFT_SHOULDER,0.3720219135284424,0.2925475239753723,-0.23020973801612854
305,RIGHT_SHOULDER,0.47879648208618164,0.3003656268119812,0.11480386555194855
305,LEFT_ELBOW,0.26840323209762573,0.26227477192878723,-0.1919788420200348
305,RIGHT_ELBOW,0.4198358654975891,0.26221340894699097,0.34995657205581665
305,LEFT_WRIST,0.31156742572784424,0.17262426018714905,-0.033012550324201584
305,RIGHT_WRIST,0.35794124007225037,0.18251992762088776,0.5397823452949524
305,LEFT_PINKY,0.3185445964336395,0.15114885568618774,-0.04988724738359451
305,RIGHT_PINKY,0.3605552613735199,0.16196535527706146,0.5735059380531311
305,LEFT_INDEX,0.3320103883743286,0.15130996704101562,-0.05800752714276314
305,RIGHT_INDEX,0.3609744608402252,0.16174767911434174,0.5420230627059937
305,LEFT_THUMB,0.33097875118255615,0.16036158800125122,-0.03193925693631172
305,RIGHT_THUMB,0.3582979142665863,0.16816329956054688,0.5313587784767151
305,LEFT_HIP,0.35204046964645386,0.5615012049674988,-0.11198781430721283
305,RIGHT_HIP,0.4272526800632477,0.5652936100959778,0.11182622611522675
305,LEFT_KNEE,0.3394050896167755,0.7540495991706848,-0.030187884345650673
305,RIGHT_KNEE,0.4147511124610901,0.7551795244216919,0.16851207613945007
305,LEFT_ANKLE,0.3588216006755829,0.9214655160903931,0.01278504729270935
305,RIGHT_ANKLE,0.40867090225219727,0.9319310188293457,0.21141913533210754
305,LEFT_HEEL,0.3682401180267334,0.947168231010437,0.018975909799337387
305,RIGHT_HEEL,0.4105903208255768,0.9548712968826294,0.215917706489563
305,LEFT_FOOT_INDEX,0.3189234137535095,0.9621259570121765,-0.01173367165029049
305,RIGHT_FOOT_INDEX,0.39002519845962524,0.9584640264511108,0.17789098620414734
306,NOSE,0.4435230791568756,0.2251356542110443,0.16043198108673096
306,LEFT_EYE_INNER,0.44425874948501587,0.21413981914520264,0.10286997258663177
306,LEFT_EYE,0.4413084089756012,0.21343624591827393,0.10291669517755508
306,LEFT_EYE_OUTER,0.43813085556030273,0.21286995708942413,0.10297584533691406
306,RIGHT_EYE_INNER,0.4533766210079193,0.21623842418193817,0.13038048148155212
306,RIGHT_EYE,0.4563245177268982,0.21701601147651672,0.1303577870130539
306,RIGHT_EYE_OUTER,0.4591829776763916,0.21803565323352814,0.13026031851768494
306,LEFT_EAR,0.4327501356601715,0.22108261287212372,-0.07588160037994385
306,RIGHT_EAR,0.46475139260292053,0.22843241691589355,0.04504787176847458
306,MOUTH_LEFT,0.4363516867160797,0.23578119277954102,0.10817054659128189
306,MOUTH_RIGHT,0.4466151297092438,0.23841913044452667,0.14221031963825226
306,LEFT_SHOULDER,0.36930209398269653,0.29255345463752747,-0.20914332568645477
306,RIGHT_SHOULDER,0.47888073325157166,0.29998382925987244,0.11440207064151764
306,LEFT_ELBOW,0.2680954933166504,0.2622827887535095,-0.16442401707172394
306,RIGHT_ELBOW,0.4213217794895172,0.26098400354385376,0.3494599163532257
306,LEFT_WRIST,0.3109675645828247,0.17377863824367523,-0.0036031752824783325
306,RIGHT_WRIST,0.3580639958381653,0.18266181647777557,0.5427384376525879
306,LEFT_PINKY,0.31794455647468567,0.15242955088615417,-0.01746724545955658
306,RIGHT_PINKY,0.3610770106315613,0.1618892252445221,0.5772168040275574
306,LEFT_INDEX,0.33136236667633057,0.1524464339017868,-0.02514502964913845
306,RIGHT_INDEX,0.36094507575035095,0.16161814332008362,0.5467057824134827
306,LEFT_THUMB,0.3302469551563263,0.16167454421520233,-0.001993634272366762
306,RIGHT_THUMB,0.3583659529685974,0.16814371943473816,0.535322368144989
306,LEFT_HIP,0.35131314396858215,0.5611363649368286,-0.10577952861785889
306,RIGHT_HIP,0.42821016907691956,0.564688503742218,0.10549984872341156
306,LEFT_KNEE,0.33927422761917114,0.7525726556777954,-0.031604211777448654
306,RIGHT_KNEE,0.41701358556747437,0.7537261247634888,0.15750551223754883
306,LEFT_ANKLE,0.35910066962242126,0.9214614629745483,0.003697799053043127
306,RIGHT_ANKLE,0.40931233763694763,0.933001697063446,0.18971076607704163
306,LEFT_HEEL,0.3683956563472748,0.9480074048042297,0.009581124410033226
306,RIGHT_HEEL,0.4103386402130127,0.9549018740653992,0.1936219036579132
306,LEFT_FOOT_INDEX,0.3190266191959381,0.9619220495223999,-0.016337215900421143
306,RIGHT_FOOT_INDEX,0.39345583319664,0.9615676999092102,0.15773934125900269
307,NOSE,0.44425296783447266,0.2247542440891266,0.1647191047668457
307,LEFT_EYE_INNER,0.4444812834262848,0.21379832923412323,0.10680411756038666
307,LEFT_EYE,0.44133296608924866,0.2130315601825714,0.10685016214847565
307,LEFT_EYE_OUTER,0.43824291229248047,0.21243298053741455,0.10691143572330475
307,RIGHT_EYE_INNER,0.45395922660827637,0.21614491939544678,0.13526304066181183
307,RIGHT_EYE,0.4570724070072174,0.21700036525726318,0.13523195683956146
307,RIGHT_EYE_OUTER,0.46021556854248047,0.2180749922990799,0.13513606786727905
307,LEFT_EAR,0.4317629337310791,0.22060680389404297,-0.07575486600399017
307,RIGHT_EAR,0.46537917852401733,0.22848518192768097,0.04768192023038864
307,MOUTH_LEFT,0.4364388883113861,0.2354041039943695,0.11035601794719696
307,MOUTH_RIGHT,0.44733095169067383,0.2383950650691986,0.1454581916332245
307,LEFT_SHOULDER,0.3647463321685791,0.29244178533554077,-0.20783793926239014
307,RIGHT_SHOULDER,0.47951358556747437,0.2999728322029114,0.11280708014965057
307,LEFT_ELBOW,0.26564735174179077,0.26279115676879883,-0.17248544096946716
307,RIGHT_ELBOW,0.4225858747959137,0.26146990060806274,0.3494267165660858
307,LEFT_WRIST,0.30953681468963623,0.17426499724388123,-0.01630210690200329
307,RIGHT_WRIST,0.36174795031547546,0.1831793487071991,0.5599678158760071
307,LEFT_PINKY,0.31621891260147095,0.15250128507614136,-0.027979988604784012
307,RIGHT_PINKY,0.36129873991012573,0.16185863316059113,0.599230170249939
307,LEFT_INDEX,0.3303282856941223,0.15250687301158905,-0.028476208448410034
307,RIGHT_INDEX,0.3610062003135681,0.16155032813549042,0.5706217885017395
307,LEFT_THUMB,0.32920950651168823,0.1618906557559967,-0.012434137053787708
307,RIGHT_THUMB,0.35853931307792664,0.1680968701839447,0.553723931312561
307,LEFT_HIP,0.34993940591812134,0.5608527064323425,-0.10045038163661957
307,RIGHT_HIP,0.429546982049942,0.5641182065010071,0.10006310790777206
307,LEFT_KNEE,0.3392553925514221,0.748121440410614,-0.02008897438645363
307,RIGHT_KNEE,0.4209058880805969,0.7467907667160034,0.16091671586036682
307,LEFT_ANKLE,0.3590526282787323,0.9205926656723022,0.002586065325886011
307,RIGHT_ANKLE,0.40895891189575195,0.9319688081741333,0.1851557344198227
307,LEFT_HEEL,0.3683072030544281,0.9477466344833374,0.0075979516841471195
307,RIGHT_HEEL,0.4102365970611572,0.9559651613235474,0.18791432678699493
307,LEFT_FOOT_INDEX,0.3200153410434723,0.9613959193229675,-0.016210267320275307
307,RIGHT_FOOT_INDEX,0.3963131308555603,0.9613395929336548,0.1559177041053772
308,NOSE,0.4442513883113861,0.2241911143064499,0.16186103224754333
308,LEFT_EYE_INNER,0.4444819390773773,0.21339669823646545,0.10386873781681061
308,LEFT_EYE,0.44124412536621094,0.21262213587760925,0.10391545295715332
308,LEFT_EYE_OUTER,0.4379327893257141,0.21204757690429688,0.10397623479366302
308,RIGHT_EYE_INNER,0.4540281295776367,0.21592852473258972,0.1339976191520691
308,RIGHT_EYE,0.4571841359138489,0.21687619388103485,0.1339668333530426
308,RIGHT_EYE_OUTER,0.4603322446346283,0.21803990006446838,0.13387902081012726
308,LEFT_EAR,0.43078356981277466,0.22039806842803955,-0.0784243792295456
308,RIGHT_EAR,0.4655972421169281,0.2285621166229248,0.050652455538511276
308,MOUTH_LEFT,0.43620094656944275,0.23482635617256165,0.1073407530784607
308,MOUTH_RIGHT,0.44739311933517456,0.23814061284065247,0.1444813758134842
308,LEFT_SHOULDER,0.36317262053489685,0.2924414277076721,-0.2095143049955368
308,RIGHT_SHOULDER,0.4800453186035156,0.30002471804618835,0.11395888030529022
308,LEFT_ELBOW,0.26396656036376953,0.26413995027542114,-0.1750202178955078
308,RIGHT_ELBOW,0.42267951369285583,0.2616182565689087,0.35782647132873535
308,LEFT_WRIST,0.30799829959869385,0.17451877892017365,-0.01802600733935833
308,RIGHT_WRIST,0.3644779920578003,0.18401309847831726,0.5735892057418823
308,LEFT_PINKY,0.31513711810112,0.15253986418247223,-0.030488405376672745
308,RIGHT_PINKY,0.36177200078964233,0.16184258460998535,0.6150526404380798
308,LEFT_INDEX,0.32944801449775696,0.15246835350990295,-0.0329514816403389
308,RIGHT_INDEX,0.3614210784435272,0.16149477660655975,0.5858438014984131
308,LEFT_THUMB,0.3283061981201172,0.1618967354297638,-0.014454509131610394
308,RIGHT_THUMB,0.3591627776622772,0.16814090311527252,0.5673996210098267
308,LEFT_HIP,0.3496101498603821,0.5605190992355347,-0.10007341206073761
308,RIGHT_HIP,0.4309287965297699,0.5633949637413025,0.09965761005878448
308,LEFT_KNEE,0.3392132818698883,0.7438046932220459,-0.012604877352714539
308,RIGHT_KNEE,0.42355385422706604,0.7417962551116943,0.1757386028766632
308,LEFT_ANKLE,0.3588074743747711,0.9189254641532898,-0.013167517259716988
308,RIGHT_ANKLE,0.40893489122390747,0.9290682673454285,0.17620675265789032
308,LEFT_HEEL,0.36827343702316284,0.945968508720398,-0.010653032921254635
308,RIGHT_HEEL,0.4100562632083893,0.955700695514679,0.17682507634162903
308,LEFT_FOOT_INDEX,0.3200904130935669,0.9608572125434875,-0.027710994705557823
308,RIGHT_FOOT_INDEX,0.39680737257003784,0.9611164331436157,0.14880087971687317
309,NOSE,0.4422576427459717,0.22290626168251038,0.13072428107261658
309,LEFT_EYE_INNER,0.4425186216831207,0.2119118869304657,0.07389461994171143
309,LEFT_EYE,0.438960462808609,0.21114382147789001,0.07393579185009003
309,LEFT_EYE_OUTER,0.43521031737327576,0.21058432757854462,0.07400453835725784
309,RIGHT_EYE_INNER,0.4527643322944641,0.214567631483078,0.10835348069667816
309,RIGHT_EYE,0.45625272393226624,0.21562440693378448,0.10832057148218155
309,RIGHT_EYE_OUTER,0.459822416305542,0.21694353222846985,0.10828958451747894
309,LEFT_EAR,0.42767685651779175,0.21908971667289734,-0.10347245633602142
309,RIGHT_EAR,0.4653007388114929,0.22824299335479736,0.04351639375090599
309,MOUTH_LEFT,0.4335765242576599,0.2336479127407074,0.07787329703569412
309,MOUTH_RIGHT,0.4457333981990814,0.23704850673675537,0.1207515150308609
309,LEFT_SHOULDER,0.36118847131729126,0.2924441695213318,-0.22716554999351501
309,RIGHT_SHOULDER,0.4802244305610657,0.2997281849384308,0.1134529560804367
309,LEFT_ELBOW,0.26037532091140747,0.2642575204372406,-0.19704344868659973
309,RIGHT_ELBOW,0.42282620072364807,0.26219668984413147,0.3569958209991455
309,LEFT_WRIST,0.30646812915802,0.17449484765529633,-0.039627302438020706
309,RIGHT_WRIST,0.365174800157547,0.18568602204322815,0.5653569102287292
309,LEFT_PINKY,0.31282779574394226,0.1525958627462387,-0.05134105682373047
309,RIGHT_PINKY,0.3619416654109955,0.16219374537467957,0.6016528010368347
309,LEFT_INDEX,0.3273855745792389,0.15289652347564697,-0.05288058519363403
309,RIGHT_INDEX,0.36143940687179565,0.16241554915905,0.5728684663772583
309,LEFT_THUMB,0.32665762305259705,0.1622408926486969,-0.0351639986038208
309,RIGHT_THUMB,0.35924285650253296,0.16961678862571716,0.5583025813102722
309,LEFT_HIP,0.3495956063270569,0.5598171949386597,-0.10075055062770844
309,RIGHT_HIP,0.43216150999069214,0.5618082880973816,0.10023458302021027
309,LEFT_KNEE,0.3391767144203186,0.7359369993209839,0.010595974512398243
309,RIGHT_KNEE,0.425281286239624,0.7332936525344849,0.21979928016662598
309,LEFT_ANKLE,0.357932448387146,0.9075981974601746,-0.034790899604558945
309,RIGHT_ANKLE,0.4106377959251404,0.9169542193412781,0.17691808938980103
309,LEFT_HEEL,0.36764007806777954,0.9376860857009888,-0.03692213445901871
309,RIGHT_HEEL,0.41417938470840454,0.9444701075553894,0.17455418407917023
309,LEFT_FOOT_INDEX,0.32010477781295776,0.955091655254364,-0.05425093695521355
309,RIGHT_FOOT_INDEX,0.396687775850296,0.9519312977790833,0.1536472737789154
310,NOSE,0.4423285126686096,0.22286629676818848,0.17351248860359192
310,LEFT_EYE_INNER,0.44264182448387146,0.21174784004688263,0.11540907621383667
310,LEFT_EYE,0.43905702233314514,0.21092292666435242,0.11545270681381226
310,LEFT_EYE_OUTER,0.4352028965950012,0.21031510829925537,0.11552619934082031
310,RIGHT_EYE_INNER,0.4528322219848633,0.21451592445373535,0.14079037308692932
310,RIGHT_EYE,0.4564560055732727,0.215595081448555,0.14075542986392975
310,RIGHT_EYE_OUTER,0.4602096974849701,0.21693341434001923,0.14067208766937256
310,LEFT_EAR,0.42715954780578613,0.2185497283935547,-0.07106039673089981
310,RIGHT_EAR,0.46537747979164124,0.22827358543872833,0.04392565041780472
310,MOUTH_LEFT,0.4336603283882141,0.233535498380661,0.11819037050008774
310,MOUTH_RIGHT,0.445768266916275,0.23706117272377014,0.1491403877735138
310,LEFT_SHOULDER,0.3583497107028961,0.2924337387084961,-0.19801606237888336
310,RIGHT_SHOULDER,0.4806031286716461,0.2996941804885864,0.10002081096172333
310,LEFT_ELBOW,0.2587518095970154,0.2643401324748993,-0.16258640587329865
310,RIGHT_ELBOW,0.4239181578159332,0.262612521648407,0.3309146761894226
310,LEFT_WRIST,0.3056076169013977,0.17458008229732513,-0.01836920902132988
310,RIGHT_WRIST,0.3666434586048126,0.18689575791358948,0.548029899597168
310,LEFT_PINKY,0.3113654553890228,0.1527187079191208,-0.02732161246240139
310,RIGHT_PINKY,0.36211568117141724,0.16263611614704132,0.5892494916915894
310,LEFT_INDEX,0.3256891071796417,0.15320561826229095,-0.03123151883482933
310,RIGHT_INDEX,0.3614870011806488,0.16319125890731812,0.5668583512306213
310,LEFT_THUMB,0.32529759407043457,0.16255366802215576,-0.014786939136683941
310,RIGHT_THUMB,0.35932350158691406,0.1706049144268036,0.5451782941818237
310,LEFT_HIP,0.349250853061676,0.5596203804016113,-0.09458421170711517
310,RIGHT_HIP,0.4328458905220032,0.5615267157554626,0.09400488436222076
310,LEFT_KNEE,0.33916229009628296,0.7368346452713013,0.009349042549729347
310,RIGHT_KNEE,0.4258350431919098,0.7334109544754028,0.20519928634166718
310,LEFT_ANKLE,0.35636138916015625,0.9088659286499023,-0.029130637645721436
310,RIGHT_ANKLE,0.41058820486068726,0.9186686277389526,0.1600342094898224
310,LEFT_HEEL,0.36615806818008423,0.938134491443634,-0.029308924451470375
310,RIGHT_HEEL,0.41393470764160156,0.9452778100967407,0.15738610923290253
310,LEFT_FOOT_INDEX,0.3203379511833191,0.955315113067627,-0.04532542824745178
310,RIGHT_FOOT_INDEX,0.3983423411846161,0.9533690214157104,0.1334359347820282
311,NOSE,0.44200024008750916,0.22186751663684845,0.16827957332134247
311,LEFT_EYE_INNER,0.4419829249382019,0.21078333258628845,0.11394715309143066
311,LEFT_EYE,0.4381779730319977,0.20998409390449524,0.1140604242682457
311,LEFT_EYE_OUTER,0.4340595304965973,0.20942142605781555,0.1141037717461586
311,RIGHT_EYE_INNER,0.4526732861995697,0.2137034386396408,0.1396203339099884
311,RIGHT_EYE,0.45644277334213257,0.214900940656662,0.13955387473106384
311,RIGHT_EYE_OUTER,0.46032267808914185,0.21634426712989807,0.1395576149225235
311,LEFT_EAR,0.42581263184547424,0.21810293197631836,-0.08272010087966919
311,RIGHT_EAR,0.46558278799057007,0.2281322181224823,0.036250654608011246
311,MOUTH_LEFT,0.43300706148147583,0.23284892737865448,0.1159510612487793
311,MOUTH_RIGHT,0.4456987977027893,0.23653843998908997,0.14526993036270142
311,LEFT_SHOULDER,0.3583550453186035,0.29291385412216187,-0.20426757633686066
311,RIGHT_SHOULDER,0.4806528091430664,0.29943710565567017,0.09947705268859863
311,LEFT_ELBOW,0.25919100642204285,0.26439782977104187,-0.16766245663166046
311,RIGHT_ELBOW,0.42399725317955017,0.26265043020248413,0.33442795276641846
311,LEFT_WRIST,0.30426010489463806,0.174556702375412,-0.019624676555395126
311,RIGHT_WRIST,0.36834731698036194,0.1870649755001068,0.5568662881851196
311,LEFT_PINKY,0.3082139790058136,0.1530989110469818,-0.0293319970369339
311,RIGHT_PINKY,0.3626568913459778,0.1626286804676056,0.5997005105018616
311,LEFT_INDEX,0.32289767265319824,0.15369941294193268,-0.03435804694890976
311,RIGHT_INDEX,0.36186590790748596,0.16321568191051483,0.574114978313446
311,LEFT_THUMB,0.3231063187122345,0.1628105491399765,-0.016300015151500702
311,RIGHT_THUMB,0.35962149500846863,0.1707482635974884,0.5530652403831482
311,LEFT_HIP,0.3492308557033539,0.5596209764480591,-0.09533862769603729
311,RIGHT_HIP,0.4334145486354828,0.5613422989845276,0.09483937174081802
311,LEFT_KNEE,0.33913594484329224,0.734883189201355,0.024727769196033478
311,RIGHT_KNEE,0.42630138993263245,0.7308115363121033,0.2300821840763092
311,LEFT_ANKLE,0.3563537895679474,0.9052413702011108,-0.02955319546163082
311,RIGHT_ANKLE,0.410773366689682,0.9129158854484558,0.17131541669368744
311,LEFT_HEEL,0.36621564626693726,0.9343436360359192,-0.03132130950689316
311,RIGHT_HEEL,0.41440072655677795,0.9405744671821594,0.16922727227210999
311,LEFT_FOOT_INDEX,0.32299894094467163,0.9532163739204407,-0.04920946806669235
311,RIGHT_FOOT_INDEX,0.3982318937778473,0.947766125202179,0.14415867626667023
312,NOSE,0.44201064109802246,0.22190478444099426,0.21008512377738953
312,LEFT_EYE_INNER,0.44175419211387634,0.21077826619148254,0.15286965668201447
312,LEFT_EYE,0.43780484795570374,0.20995505154132843,0.15291467308998108
312,LEFT_EYE_OUTER,0.433415949344635,0.2093706578016281,0.15299144387245178
312,RIGHT_EYE_INNER,0.45264506340026855,0.21372945606708527,0.17370589077472687
312,RIGHT_EYE,0.456491619348526,0.21492817997932434,0.17365023493766785
312,RIGHT_EYE_OUTER,0.46042099595069885,0.2163723260164261,0.1735609769821167
312,LEFT_EAR,0.42452698945999146,0.21812136471271515,-0.0351208820939064
312,RIGHT_EAR,0.465691477060318,0.2281486541032791,0.05368899181485176
312,MOUTH_LEFT,0.4330233931541443,0.23286671936511993,0.1553586721420288
312,MOUTH_RIGHT,0.4457438588142395,0.23659229278564453,0.1798132359981537
312,LEFT_SHOULDER,0.3578861653804779,0.2929663360118866,-0.15864484012126923
312,RIGHT_SHOULDER,0.480918824672699,0.2994583249092102,0.09911457449197769
312,LEFT_ELBOW,0.25957125425338745,0.26536670327186584,-0.11069687455892563
312,RIGHT_ELBOW,0.428088903427124,0.2638370394706726,0.33219799399375916
312,LEFT_WRIST,0.30418646335601807,0.17572231590747833,0.04536817967891693
312,RIGHT_WRIST,0.3774673640727997,0.18558767437934875,0.5548986792564392
312,LEFT_PINKY,0.3088323473930359,0.15376253426074982,0.04471873492002487
312,RIGHT_PINKY,0.36542028188705444,0.1625867635011673,0.5966004133224487
312,LEFT_INDEX,0.3234638273715973,0.15446817874908447,0.03824017196893692
312,RIGHT_INDEX,0.3644604980945587,0.16318173706531525,0.5732170939445496
312,LEFT_THUMB,0.3235209584236145,0.1637580245733261,0.04914740473031998
312,RIGHT_THUMB,0.3621297776699066,0.1708260178565979,0.5516079664230347
312,LEFT_HIP,0.3493097424507141,0.5599055290222168,-0.08654987812042236
312,RIGHT_HIP,0.43395209312438965,0.5618167519569397,0.08589320629835129
312,LEFT_KNEE,0.3388936221599579,0.7351083159446716,0.01900428533554077
312,RIGHT_KNEE,0.4265666604042053,0.7325961589813232,0.2162434309720993
312,LEFT_ANKLE,0.35500937700271606,0.9064297676086426,-0.06533834338188171
312,RIGHT_ANKLE,0.410604864358902,0.9121106266975403,0.11147978156805038
312,LEFT_HEEL,0.36499205231666565,0.9350207448005676,-0.06974194943904877
312,RIGHT_HEEL,0.4129156470298767,0.9451292753219604,0.10321062803268433
312,LEFT_FOOT_INDEX,0.3237307667732239,0.9566138982772827,-0.08250169456005096
312,RIGHT_FOOT_INDEX,0.39801260828971863,0.9481489062309265,0.07694623619318008
313,NOSE,0.4420343339443207,0.22211749851703644,0.21038958430290222
313,LEFT_EYE_INNER,0.4416312575340271,0.2108067274093628,0.1525454819202423
313,LEFT_EYE,0.43766337633132935,0.20998206734657288,0.15258356928825378
313,LEFT_EYE_OUTER,0.4332464635372162,0.2093907594680786,0.15266016125679016
313,RIGHT_EYE_INNER,0.45257359743118286,0.21374623477458954,0.17255310714244843
313,RIGHT_EYE,0.45649805665016174,0.21494345366954803,0.1725015938282013
313,RIGHT_EYE_OUTER,0.4605030417442322,0.21638980507850647,0.17240439355373383
313,LEFT_EAR,0.42372775077819824,0.21810393035411835,-0.034894756972789764
313,RIGHT_EAR,0.4657174050807953,0.22816014289855957,0.05233893543481827
313,MOUTH_LEFT,0.43309950828552246,0.23326373100280762,0.15514054894447327
313,MOUTH_RIGHT,0.4457971155643463,0.23700709640979767,0.17879164218902588
313,LEFT_SHOULDER,0.35740926861763,0.29356494545936584,-0.15832380950450897
313,RIGHT_SHOULDER,0.4811747968196869,0.29949015378952026,0.0894467681646347
313,LEFT_ELBOW,0.261074960231781,0.26629045605659485,-0.1135009154677391
313,RIGHT_ELBOW,0.42817020416259766,0.2642735540866852,0.3171139359474182
313,LEFT_WRIST,0.3044281601905823,0.17598357796669006,0.03254653885960579
313,RIGHT_WRIST,0.37606486678123474,0.18529248237609863,0.5433867573738098
313,LEFT_PINKY,0.30927523970603943,0.1537323296070099,0.028942549601197243
313,RIGHT_PINKY,0.36495548486709595,0.16189010441303253,0.5862600803375244
313,LEFT_INDEX,0.3237842917442322,0.15443888306617737,0.02266353741288185
313,RIGHT_INDEX,0.36441320180892944,0.16281703114509583,0.5674214959144592
313,LEFT_THUMB,0.3237707018852234,0.16373011469841003,0.03580992668867111
313,RIGHT_THUMB,0.3621211647987366,0.17051944136619568,0.5426875352859497
313,LEFT_HIP,0.3492971658706665,0.5600541830062866,-0.08313579857349396
313,RIGHT_HIP,0.4340202808380127,0.5621176362037659,0.0824694037437439
313,LEFT_KNEE,0.33877167105674744,0.7348890900611877,0.015959482640028
313,RIGHT_KNEE,0.426645427942276,0.7336428165435791,0.20996439456939697
313,LEFT_ANKLE,0.3535290062427521,0.9071957468986511,-0.0706586241722107
313,RIGHT_ANKLE,0.4101880192756653,0.911070704460144,0.10769657045602798
313,LEFT_HEEL,0.36314401030540466,0.9354866147041321,-0.07497061043977737
313,RIGHT_HEEL,0.41179975867271423,0.9464195370674133,0.09982658177614212
313,LEFT_FOOT_INDEX,0.3236888647079468,0.9588102102279663,-0.08882017433643341
313,RIGHT_FOOT_INDEX,0.397718608379364,0.9482738375663757,0.07272826135158539
314,NOSE,0.44195255637168884,0.22242335975170135,0.19637921452522278
314,LEFT_EYE_INNER,0.4414495527744293,0.21084043383598328,0.13897517323493958
314,LEFT_EYE,0.43753671646118164,0.20999598503112793,0.13901817798614502
314,LEFT_EYE_OUTER,0.43317317962646484,0.20940811932086945,0.13909292221069336
314,RIGHT_EYE_INNER,0.45232972502708435,0.21380028128623962,0.1608714759349823
314,RIGHT_EYE,0.4563446044921875,0.21498851478099823,0.1608233004808426
314,RIGHT_EYE_OUTER,0.4605027139186859,0.21642239391803741,0.16073009371757507
314,LEFT_EAR,0.42348235845565796,0.21811723709106445,-0.045422639697790146
314,RIGHT_EAR,0.4658513069152832,0.2281792163848877,0.04895777627825737
314,MOUTH_LEFT,0.4331549108028412,0.23373587429523468,0.14189890027046204
314,MOUTH_RIGHT,0.4458431601524353,0.23739464581012726,0.1682700216770172
314,LEFT_SHOULDER,0.3577009439468384,0.2939949035644531,-0.16907921433448792
314,RIGHT_SHOULDER,0.4812355637550354,0.2995077073574066,0.08261052519083023
314,LEFT_ELBOW,0.2618255019187927,0.2670237123966217,-0.1288055032491684
314,RIGHT_ELBOW,0.4279843866825104,0.2643440365791321,0.3063608705997467
314,LEFT_WRIST,0.304610937833786,0.17632003128528595,0.01986631378531456
314,RIGHT_WRIST,0.3724425733089447,0.18478818237781525,0.5216038823127747
314,LEFT_PINKY,0.3093512952327728,0.15379704535007477,0.01209116168320179
314,RIGHT_PINKY,0.3634791076183319,0.16141249239444733,0.5632337927818298
314,LEFT_INDEX,0.3239721953868866,0.15448683500289917,0.005868642125278711
314,RIGHT_INDEX,0.3636827766895294,0.16245946288108826,0.5416921377182007
314,LEFT_THUMB,0.32381659746170044,0.16378529369831085,0.022800635546445847
314,RIGHT_THUMB,0.3615868389606476,0.17017211019992828,0.5196880102157593
314,LEFT_HIP,0.34927859902381897,0.5599029660224915,-0.08293308317661285
314,RIGHT_HIP,0.4340192377567291,0.5621154308319092,0.08227832615375519
314,LEFT_KNEE,0.3386935889720917,0.7340227961540222,0.014887047000229359
314,RIGHT_KNEE,0.4266459345817566,0.7329907417297363,0.2067166566848755
314,LEFT_ANKLE,0.35237574577331543,0.9076827764511108,-0.07534773647785187
314,RIGHT_ANKLE,0.4097338616847992,0.9087334871292114,0.11229507625102997
314,LEFT_HEEL,0.36216750741004944,0.9354225397109985,-0.08019692450761795
314,RIGHT_HEEL,0.4114569127559662,0.9462783932685852,0.10498084872961044
314,LEFT_FOOT_INDEX,0.32444334030151367,0.9606009721755981,-0.09624849259853363
314,RIGHT_FOOT_INDEX,0.39826565980911255,0.9516159296035767,0.07867873460054398
315,NOSE,0.4419716000556946,0.2224491387605667,0.15454578399658203
315,LEFT_EYE_INNER,0.4414805471897125,0.2108573019504547,0.09885995835065842
315,LEFT_EYE,0.4375789165496826,0.21000936627388,0.09890357404947281
315,LEFT_EYE_OUTER,0.43321990966796875,0.209419846534729,0.09898534417152405
315,RIGHT_EYE_INNER,0.4523441791534424,0.21381473541259766,0.12584909796714783
315,RIGHT_EYE,0.45636749267578125,0.21499085426330566,0.12580034136772156
315,RIGHT_EYE_OUTER,0.4605489671230316,0.21640515327453613,0.12574413418769836
315,LEFT_EAR,0.4233848452568054,0.21812212467193604,-0.07716424763202667
315,RIGHT_EAR,0.465954065322876,0.22813603281974792,0.03826434165239334
315,MOUTH_LEFT,0.4331910014152527,0.2337542027235031,0.10264624655246735
315,MOUTH_RIGHT,0.4458824098110199,0.23740315437316895,0.13595370948314667
315,LEFT_SHOULDER,0.3578568398952484,0.29428422451019287,-0.2018415927886963
315,RIGHT_SHOULDER,0.48116955161094666,0.2994874119758606,0.08643613755702972
315,LEFT_ELBOW,0.2610258460044861,0.26702481508255005,-0.17656700313091278
315,RIGHT_ELBOW,0.424980491399765,0.26449161767959595,0.31334373354911804
315,LEFT_WRIST,0.3034152388572693,0.1763353794813156,-0.04044324904680252
315,RIGHT_WRIST,0.3672281801700592,0.18447846174240112,0.5167434215545654
315,LEFT_PINKY,0.3082471489906311,0.15376795828342438,-0.05318666249513626
315,RIGHT_PINKY,0.3597322106361389,0.16085126996040344,0.5566864013671875
315,LEFT_INDEX,0.32281702756881714,0.15439386665821075,-0.058485884219408035
315,RIGHT_INDEX,0.3597857356071472,0.1616211235523224,0.5310207605361938
315,LEFT_THUMB,0.3226688504219055,0.16375167667865753,-0.03780680149793625
315,RIGHT_THUMB,0.35766929388046265,0.16947123408317566,0.5121554136276245
315,LEFT_HIP,0.3492899537086487,0.5598598122596741,-0.08587120473384857
315,RIGHT_HIP,0.43400487303733826,0.5620046257972717,0.08522384613752365
315,LEFT_KNEE,0.3386410176753998,0.7334821820259094,0.014663335867226124
315,RIGHT_KNEE,0.4265522360801697,0.732810914516449,0.2138182371854782
315,LEFT_ANKLE,0.3523366153240204,0.9077801704406738,-0.06203680485486984
315,RIGHT_ANKLE,0.4094395637512207,0.9073527455329895,0.1146225556731224
315,LEFT_HEEL,0.3622027337551117,0.9350905418395996,-0.06503696739673615
315,RIGHT_HEEL,0.4115372598171234,0.9448741674423218,0.11396125704050064
315,LEFT_FOOT_INDEX,0.3258093297481537,0.9606816172599792,-0.0843978151679039
315,RIGHT_FOOT_INDEX,0.39806678891181946,0.9516813158988953,0.07944164425134659
316,NOSE,0.4419729709625244,0.22246401011943817,0.1443437784910202
316,LEFT_EYE_INNER,0.4414624571800232,0.2108689248561859,0.08911200612783432
316,LEFT_EYE,0.4375666677951813,0.21002459526062012,0.08915966749191284
316,LEFT_EYE_OUTER,0.4331928789615631,0.20944026112556458,0.08923979848623276
316,RIGHT_EYE_INNER,0.4523018002510071,0.21383115649223328,0.11510591208934784
316,RIGHT_EYE,0.4563422203063965,0.21500782668590546,0.11505915224552155
316,RIGHT_EYE_OUTER,0.46056899428367615,0.21641580760478973,0.11500382423400879
316,LEFT_EAR,0.42306414246559143,0.21814486384391785,-0.0853290855884552
316,RIGHT_EAR,0.4660295844078064,0.22812440991401672,0.027293939143419266
316,MOUTH_LEFT,0.43323129415512085,0.2337721884250641,0.0929756909608841
316,MOUTH_RIGHT,0.4459155201911926,0.23741528391838074,0.125023752450943
316,LEFT_SHOULDER,0.35747194290161133,0.29467591643333435,-0.21055860817432404
316,RIGHT_SHOULDER,0.4808841347694397,0.2994093894958496,0.08057677745819092
316,LEFT_ELBOW,0.2598404288291931,0.26720109581947327,-0.18464680016040802
316,RIGHT_ELBOW,0.4228726923465729,0.2644656300544739,0.29691410064697266
316,LEFT_WRIST,0.3028048872947693,0.176448792219162,-0.05160035565495491
316,RIGHT_WRIST,0.36476653814315796,0.1841074526309967,0.4815848767757416
316,LEFT_PINKY,0.307547926902771,0.15376272797584534,-0.06535014510154724
316,RIGHT_PINKY,0.357827365398407,0.16042941808700562,0.5183837413787842
316,LEFT_INDEX,0.3220767378807068,0.15437538921833038,-0.07022153586149216
316,RIGHT_INDEX,0.3577328026294708,0.16110901534557343,0.4916326403617859
316,LEFT_THUMB,0.32200995087623596,0.16375811398029327,-0.04916922748088837
316,RIGHT_THUMB,0.3556784987449646,0.16901983320713043,0.47576555609703064
316,LEFT_HIP,0.34927910566329956,0.559852659702301,-0.08594801276922226
316,RIGHT_HIP,0.4339958727359772,0.561974823474884,0.08531126379966736
316,LEFT_KNEE,0.33861860632896423,0.7333375215530396,0.018277790397405624
316,RIGHT_KNEE,0.42648282647132874,0.7328104376792908,0.21714670956134796
316,LEFT_ANKLE,0.3523438572883606,0.9079021215438843,-0.05574144050478935
316,RIGHT_ANKLE,0.40928035974502563,0.9068072438240051,0.14289018511772156
316,LEFT_HEEL,0.3622303009033203,0.9349330067634583,-0.06028236076235771
316,RIGHT_HEEL,0.4114655554294586,0.9439293742179871,0.1400635838508606
316,LEFT_FOOT_INDEX,0.3279120624065399,0.9606587290763855,-0.08163576573133469
316,RIGHT_FOOT_INDEX,0.3979496359825134,0.9518462419509888,0.11108522117137909
317,NOSE,0.44192060828208923,0.22267690300941467,0.16131798923015594
317,LEFT_EYE_INNER,0.44142064452171326,0.21123571693897247,0.1058298796415329
317,LEFT_EYE,0.43755602836608887,0.21040888130664825,0.10588455200195312
317,LEFT_EYE_OUTER,0.43319615721702576,0.2098207026720047,0.10597626864910126
317,RIGHT_EYE_INNER,0.4521058201789856,0.21417495608329773,0.1266305148601532
317,RIGHT_EYE,0.45609456300735474,0.21533992886543274,0.12657509744167328
317,RIGHT_EYE_OUTER,0.4603118896484375,0.2167253941297531,0.12651361525058746
317,LEFT_EAR,0.4227871298789978,0.21849508583545685,-0.07245958596467972
317,RIGHT_EAR,0.4658347964286804,0.22851327061653137,0.028399521484971046
317,MOUTH_LEFT,0.43324026465415955,0.23415319621562958,0.10885415226221085
317,MOUTH_RIGHT,0.4457603991031647,0.23769040405750275,0.13391613960266113
317,LEFT_SHOULDER,0.35557717084884644,0.29480159282684326,-0.1925388127565384
317,RIGHT_SHOULDER,0.48088088631629944,0.2994140088558197,0.0750526711344719
317,LEFT_ELBOW,0.2598938047885895,0.2689695358276367,-0.16336895525455475
317,RIGHT_ELBOW,0.4229589104652405,0.263978511095047,0.2900984585285187
317,LEFT_WRIST,0.2992513179779053,0.17730985581874847,-0.048528075218200684
317,RIGHT_WRIST,0.3647213578224182,0.18409870564937592,0.48464030027389526
317,LEFT_PINKY,0.3036954998970032,0.15459443628787994,-0.06036430597305298
317,RIGHT_PINKY,0.3569781184196472,0.1603677123785019,0.5228825807571411
317,LEFT_INDEX,0.31798088550567627,0.15517260134220123,-0.06073722988367081
317,RIGHT_INDEX,0.35584205389022827,0.16097241640090942,0.49842095375061035
317,LEFT_THUMB,0.31819239258766174,0.1643718183040619,-0.04806365445256233
317,RIGHT_THUMB,0.353915810585022,0.16890528798103333,0.48070526123046875
317,LEFT_HIP,0.34925031661987305,0.5598944425582886,-0.08463534712791443
317,RIGHT_HIP,0.43399009108543396,0.5619792342185974,0.08400224149227142
317,LEFT_KNEE,0.3385913372039795,0.7317704558372498,0.020844127982854843
317,RIGHT_KNEE,0.42646297812461853,0.7324891686439514,0.21545061469078064
317,LEFT_ANKLE,0.3523388206958771,0.9074007272720337,-0.053698908537626266
317,RIGHT_ANKLE,0.40923404693603516,0.9071416854858398,0.14096689224243164
317,LEFT_HEEL,0.362171471118927,0.9343292117118835,-0.05959086865186691
317,RIGHT_HEEL,0.4106671214103699,0.9441487193107605,0.1363934874534607
317,LEFT_FOOT_INDEX,0.3307589888572693,0.9606518745422363,-0.07528392970561981
317,RIGHT_FOOT_INDEX,0.3992077708244324,0.9546512365341187,0.10609570890665054
318,NOSE,0.4416177272796631,0.22269637882709503,0.18901729583740234
318,LEFT_EYE_INNER,0.4411323666572571,0.2112516611814499,0.13221099972724915
318,LEFT_EYE,0.43728724122047424,0.2104228436946869,0.13227462768554688
318,LEFT_EYE_OUTER,0.4328966736793518,0.20982769131660461,0.13237014412879944
318,RIGHT_EYE_INNER,0.45164936780929565,0.21418996155261993,0.1502397656440735
318,RIGHT_EYE,0.4555969834327698,0.21535181999206543,0.1501944363117218
318,RIGHT_EYE_OUTER,0.45983824133872986,0.21673166751861572,0.15011249482631683
318,LEFT_EAR,0.42197704315185547,0.21850243210792542,-0.05203744024038315
318,RIGHT_EAR,0.4654284417629242,0.22853179275989532,0.029042968526482582
318,MOUTH_LEFT,0.43291497230529785,0.234162375330925,0.13468527793884277
318,MOUTH_RIGHT,0.44523853063583374,0.2376985102891922,0.15597163140773773
318,LEFT_SHOULDER,0.35376691818237305,0.29482313990592957,-0.17268343269824982
318,RIGHT_SHOULDER,0.4806218147277832,0.29941993951797485,0.07222156226634979
318,LEFT_ELBOW,0.2593024671077728,0.2697775363922119,-0.13672569394111633
318,RIGHT_ELBOW,0.42242422699928284,0.2639177143573761,0.28122514486312866
318,LEFT_WRIST,0.29740914702415466,0.1775743067264557,-0.016788300126791
318,RIGHT_WRIST,0.36458051204681396,0.1840914487838745,0.47436246275901794
318,LEFT_PINKY,0.3013252019882202,0.15473408997058868,-0.0233624167740345
318,RIGHT_PINKY,0.3555128276348114,0.16034211218357086,0.5109823942184448
318,LEFT_INDEX,0.3155079185962677,0.15525230765342712,-0.026953760534524918
318,RIGHT_INDEX,0.3532352149486542,0.16085003316402435,0.4890716075897217
318,LEFT_THUMB,0.3158324658870697,0.16443254053592682,-0.0147559167817235
318,RIGHT_THUMB,0.35171565413475037,0.16875770688056946,0.471616268157959
318,LEFT_HIP,0.34924161434173584,0.559960126876831,-0.08302422612905502
318,RIGHT_HIP,0.4341198801994324,0.5620138645172119,0.0824165791273117
318,LEFT_KNEE,0.3385782241821289,0.7312623262405396,0.020233813673257828
318,RIGHT_KNEE,0.4264233708381653,0.7325376272201538,0.2070174515247345
318,LEFT_ANKLE,0.35224661231040955,0.906934380531311,-0.05089583992958069
318,RIGHT_ANKLE,0.4091970920562744,0.9084370732307434,0.131501704454422
318,LEFT_HEEL,0.36204496026039124,0.9337285161018372,-0.05655588582158089
318,RIGHT_HEEL,0.40905818343162537,0.9484723806381226,0.12582264840602875
318,LEFT_FOOT_INDEX,0.3303947150707245,0.9555985331535339,-0.06935209035873413
318,RIGHT_FOOT_INDEX,0.39852002263069153,0.9544315338134766,0.09084482491016388
319,NOSE,0.43963295221328735,0.22211968898773193,0.21573308110237122
319,LEFT_EYE_INNER,0.43875187635421753,0.21063768863677979,0.15757980942726135
319,LEFT_EYE,0.4346570074558258,0.20985957980155945,0.15763871371746063
319,LEFT_EYE_OUTER,0.43005234003067017,0.20932717621326447,0.1577359139919281
319,RIGHT_EYE_INNER,0.44989103078842163,0.21352419257164001,0.17610909044742584
319,RIGHT_EYE,0.4540592133998871,0.21468022465705872,0.17607110738754272
319,RIGHT_EYE_OUTER,0.4585556089878082,0.2160376012325287,0.17597009241580963
319,LEFT_EAR,0.419330358505249,0.21827253699302673,-0.031018506735563278
319,RIGHT_EAR,0.4642145037651062,0.2279658019542694,0.04620730131864548
319,MOUTH_LEFT,0.4305051267147064,0.2337006777524948,0.1598835289478302
319,MOUTH_RIGHT,0.4436368942260742,0.2372000515460968,0.18148641288280487
319,LEFT_SHOULDER,0.35291796922683716,0.29480165243148804,-0.15567027032375336
319,RIGHT_SHOULDER,0.4805839955806732,0.2993902266025543,0.07584545016288757
319,LEFT_ELBOW,0.25933632254600525,0.2701680064201355,-0.1078181117773056
319,RIGHT_ELBOW,0.4224684238433838,0.2639475464820862,0.2838468849658966
319,LEFT_WRIST,0.29731637239456177,0.17701596021652222,0.03697006776928902
319,RIGHT_WRIST,0.3646121621131897,0.18402650952339172,0.49159878492355347
319,LEFT_PINKY,0.30009421706199646,0.15460434556007385,0.03341018036007881
319,RIGHT_PINKY,0.35568585991859436,0.1604897826910019,0.5273560285568237
319,LEFT_INDEX,0.3142912685871124,0.15511219203472137,0.0269208662211895
319,RIGHT_INDEX,0.35370954871177673,0.16123877465724945,0.5093989372253418
319,LEFT_THUMB,0.3149133324623108,0.1641213595867157,0.03971448913216591
319,RIGHT_THUMB,0.35207292437553406,0.16891372203826904,0.4915614724159241
319,LEFT_HIP,0.349485844373703,0.5603204965591431,-0.08279486000537872
319,RIGHT_HIP,0.4347899556159973,0.5621105432510376,0.08221527189016342
319,LEFT_KNEE,0.33857741951942444,0.731494665145874,0.01369293499737978
319,RIGHT_KNEE,0.42640358209609985,0.7332265973091125,0.19295267760753632
319,LEFT_ANKLE,0.35187867283821106,0.9073098301887512,-0.05037210136651993
319,RIGHT_ANKLE,0.40915918350219727,0.9148461222648621,0.11526397615671158
319,LEFT_HEEL,0.3617486357688904,0.9338923692703247,-0.053833507001399994
319,RIGHT_HEEL,0.4066760540008545,0.9569908380508423,0.10853735357522964
319,LEFT_FOOT_INDEX,0.3293495774269104,0.9543145298957825,-0.06791796535253525
319,RIGHT_FOOT_INDEX,0.3978428244590759,0.9544335603713989,0.07193420082330704
320,NOSE,0.4384399354457855,0.22213752567768097,0.24844014644622803
320,LEFT_EYE_INNER,0.4374140799045563,0.2106512486934662,0.18981973826885223
320,LEFT_EYE,0.43329399824142456,0.20987248420715332,0.18988029658794403
320,LEFT_EYE_OUTER,0.428668349981308,0.20933882892131805,0.18996484577655792
320,RIGHT_EYE_INNER,0.44869083166122437,0.21351511776447296,0.2057633101940155
320,RIGHT_EYE,0.4529530107975006,0.21464566886425018,0.20572881400585175
320,RIGHT_EYE_OUTER,0.45754653215408325,0.21596570312976837,0.20560967922210693
320,LEFT_EAR,0.4181128442287445,0.21825018525123596,0.00015274350880645216
320,RIGHT_EAR,0.4631473124027252,0.22780375182628632,0.06654731184244156
320,MOUTH_LEFT,0.4293749928474426,0.23368723690509796,0.19220033288002014
320,MOUTH_RIGHT,0.4426388144493103,0.23708882927894592,0.21058039367198944
320,LEFT_SHOULDER,0.3528895676136017,0.2948106825351715,-0.12614628672599792
320,RIGHT_SHOULDER,0.4801974892616272,0.2992895543575287,0.08043481409549713
320,LEFT_ELBOW,0.25929510593414307,0.2703823447227478,-0.07586818933486938
320,RIGHT_ELBOW,0.4223453104496002,0.26298677921295166,0.28253600001335144
320,LEFT_WRIST,0.29763370752334595,0.17668744921684265,0.061226408928632736
320,RIGHT_WRIST,0.3634534776210785,0.1837148517370224,0.4641944468021393
320,LEFT_PINKY,0.30066725611686707,0.15459215641021729,0.05316665768623352
320,RIGHT_PINKY,0.35525456070899963,0.16079126298427582,0.4904271960258484
320,LEFT_INDEX,0.3147689998149872,0.15511581301689148,0.044753603637218475
320,RIGHT_INDEX,0.35392501950263977,0.16197997331619263,0.46902284026145935
320,LEFT_THUMB,0.31535375118255615,0.16411317884922028,0.0620756633579731
320,RIGHT_THUMB,0.3522135317325592,0.16926521062850952,0.46109476685523987
320,LEFT_HIP,0.3495436906814575,0.5604342818260193,-0.07931256294250488
320,RIGHT_HIP,0.4349839687347412,0.5621734857559204,0.07891632616519928
320,LEFT_KNEE,0.3388310670852661,0.7319775223731995,-0.017193781211972237
320,RIGHT_KNEE,0.4263802468776703,0.7371667623519897,0.13130280375480652
320,LEFT_ANKLE,0.3509249687194824,0.9123309850692749,-0.004492207430303097
320,RIGHT_ANKLE,0.40910452604293823,0.9317719340324402,0.12116783857345581
320,LEFT_HEEL,0.36101895570755005,0.9401669502258301,0.0013611327158287168
320,RIGHT_HEEL,0.40667811036109924,0.9618737101554871,0.11768192052841187
320,LEFT_FOOT_INDEX,0.3238336741924286,0.9555076360702515,-0.016617370769381523
320,RIGHT_FOOT_INDEX,0.40099263191223145,0.9770216941833496,0.0735931247472763
321,NOSE,0.4380878508090973,0.2220275104045868,0.24285702407360077
321,LEFT_EYE_INNER,0.4369814991950989,0.21058781445026398,0.18476441502571106
321,LEFT_EYE,0.4330070912837982,0.20981116592884064,0.18482285737991333
321,LEFT_EYE_OUTER,0.42854970693588257,0.20928284525871277,0.18490497767925262
321,RIGHT_EYE_INNER,0.44810420274734497,0.2134491205215454,0.20104022324085236
321,RIGHT_EYE,0.45236706733703613,0.21457107365131378,0.20100629329681396
321,RIGHT_EYE_OUTER,0.4569944739341736,0.21588437259197235,0.20087774097919464
321,LEFT_EAR,0.4182056784629822,0.21821077167987823,-0.001010714564472437
321,RIGHT_EAR,0.46264714002609253,0.2276902198791504,0.0674210712313652
321,MOUTH_LEFT,0.429385244846344,0.23352637887001038,0.18817733228206635
321,MOUTH_RIGHT,0.4424886107444763,0.2368340790271759,0.20712628960609436
321,LEFT_SHOULDER,0.3530953824520111,0.2949129641056061,-0.12097048759460449
321,RIGHT_SHOULDER,0.47979092597961426,0.29917004704475403,0.08100699633359909
321,LEFT_ELBOW,0.258720338344574,0.271090030670166,-0.07099307328462601
321,RIGHT_ELBOW,0.4204607903957367,0.26299792528152466,0.2805018723011017
321,LEFT_WRIST,0.2961769700050354,0.1766793429851532,0.05907187983393669
321,RIGHT_WRIST,0.35883140563964844,0.1827874779701233,0.4562968611717224
321,LEFT_PINKY,0.29925137758255005,0.15460467338562012,0.04906316474080086
321,RIGHT_PINKY,0.35268786549568176,0.16069412231445312,0.48080700635910034
321,LEFT_INDEX,0.31346365809440613,0.15510478615760803,0.04049742966890335
321,RIGHT_INDEX,0.35061147809028625,0.16166071593761444,0.4583502411842346
321,LEFT_THUMB,0.31354233622550964,0.16409368813037872,0.059700388461351395
321,RIGHT_THUMB,0.3483043611049652,0.1687680035829544,0.4524998068809509
321,LEFT_HIP,0.34951359033584595,0.5604393482208252,-0.07384304702281952
321,RIGHT_HIP,0.4349755346775055,0.5622314214706421,0.07353472709655762
321,LEFT_KNEE,0.3389349579811096,0.7331586480140686,-0.016161974519491196
321,RIGHT_KNEE,0.42630863189697266,0.7421067357063293,0.10833261907100677
321,LEFT_ANKLE,0.35015761852264404,0.9165042638778687,0.02340022101998329
321,RIGHT_ANKLE,0.4088417887687683,0.9435453414916992,0.11119110882282257
321,LEFT_HEEL,0.3599154055118561,0.9442742466926575,0.030565062537789345
321,RIGHT_HEEL,0.4064691662788391,0.9672757387161255,0.11035817861557007
321,LEFT_FOOT_INDEX,0.32317349314689636,0.9585484266281128,0.008706211112439632
321,RIGHT_FOOT_INDEX,0.4066968858242035,0.986667275428772,0.05626200512051582
322,NOSE,0.4377687871456146,0.2219536304473877,0.22889411449432373
322,LEFT_EYE_INNER,0.4366695284843445,0.21055936813354492,0.17080295085906982
322,LEFT_EYE,0.4327844977378845,0.20978781580924988,0.17085912823677063
322,LEFT_EYE_OUTER,0.4284147620201111,0.20926466584205627,0.17093941569328308
322,RIGHT_EYE_INNER,0.44762787222862244,0.21340660750865936,0.190013587474823
322,RIGHT_EYE,0.4518505930900574,0.2145186960697174,0.1899806708097458
322,RIGHT_EYE_OUTER,0.4564468264579773,0.21582457423210144,0.18985508382320404
322,LEFT_EAR,0.41819319128990173,0.2182091921567917,-0.014055071398615837
322,RIGHT_EAR,0.4622781276702881,0.22765608131885529,0.06722237914800644
322,MOUTH_LEFT,0.4293445944786072,0.23349156975746155,0.174359530210495
322,MOUTH_RIGHT,0.44225889444351196,0.23674945533275604,0.19720879197120667
322,LEFT_SHOULDER,0.3532252609729767,0.2950485348701477,-0.13733789324760437
322,RIGHT_SHOULDER,0.47977226972579956,0.2988634705543518,0.09184005111455917
322,LEFT_ELBOW,0.2585487961769104,0.27191197872161865,-0.08478913456201553
322,RIGHT_ELBOW,0.4197671413421631,0.26301825046539307,0.293925017118454
322,LEFT_WRIST,0.29494786262512207,0.1768946349620819,0.029399508610367775
322,RIGHT_WRIST,0.3573254942893982,0.18248815834522247,0.46337729692459106
322,LEFT_PINKY,0.2981753349304199,0.15470817685127258,0.012681262567639351
322,RIGHT_PINKY,0.35195058584213257,0.16066905856132507,0.490459680557251
322,LEFT_INDEX,0.31252604722976685,0.15511289238929749,0.006767249666154385
322,RIGHT_INDEX,0.3505229651927948,0.16162054240703583,0.4694100022315979
322,LEFT_THUMB,0.31238144636154175,0.16411146521568298,0.030134886503219604
322,RIGHT_THUMB,0.3472523093223572,0.16861364245414734,0.45730477571487427
322,LEFT_HIP,0.34950992465019226,0.5604496598243713,-0.07548405230045319
322,RIGHT_HIP,0.4350517690181732,0.5622400641441345,0.07513421028852463
322,LEFT_KNEE,0.33907875418663025,0.7346310615539551,-0.018798206001520157
322,RIGHT_KNEE,0.4262433648109436,0.7443315386772156,0.11071654409170151
322,LEFT_ANKLE,0.3496617078781128,0.9185299873352051,0.024513864889740944
322,RIGHT_ANKLE,0.40879884362220764,0.9434320330619812,0.11398488283157349
322,LEFT_HEEL,0.35950881242752075,0.9458001255989075,0.03139219433069229
322,RIGHT_HEEL,0.406485378742218,0.9685938954353333,0.11338355392217636
322,LEFT_FOOT_INDEX,0.32271358370780945,0.9604727625846863,0.0074221296235919
322,RIGHT_FOOT_INDEX,0.4073537290096283,0.9870301485061646,0.060205817222595215
323,NOSE,0.43763333559036255,0.22241148352622986,0.23343929648399353
323,LEFT_EYE_INNER,0.43652328848838806,0.2112823724746704,0.17547960579395294
323,LEFT_EYE,0.4327559471130371,0.2105552703142166,0.1755462884902954
323,LEFT_EYE_OUTER,0.4284822344779968,0.210073783993721,0.17562909424304962
323,RIGHT_EYE_INNER,0.4473799169063568,0.21390709280967712,0.19328895211219788
323,RIGHT_EYE,0.45164546370506287,0.21491265296936035,0.19326595962047577
323,RIGHT_EYE_OUTER,0.4563254714012146,0.21613375842571259,0.1931440234184265
323,LEFT_EAR,0.4182913303375244,0.21869781613349915,-0.01023742463439703
323,RIGHT_EAR,0.46225619316101074,0.2277866154909134,0.06638117134571075
323,MOUTH_LEFT,0.42939653992652893,0.23384253680706024,0.1786065548658371
323,MOUTH_RIGHT,0.4422271251678467,0.23689870536327362,0.19962811470031738
323,LEFT_SHOULDER,0.3528098165988922,0.295166552066803,-0.13157758116722107
323,RIGHT_SHOULDER,0.47981151938438416,0.2984675467014313,0.09111391007900238
323,LEFT_ELBOW,0.2583051025867462,0.27215686440467834,-0.09580884873867035
323,RIGHT_ELBOW,0.41974496841430664,0.26014959812164307,0.2854095697402954
323,LEFT_WRIST,0.2927512228488922,0.17771251499652863,0.019446931779384613
323,RIGHT_WRIST,0.353182852268219,0.18072392046451569,0.4592364430427551
323,LEFT_PINKY,0.2957325875759125,0.1556033194065094,0.002592411357909441
323,RIGHT_PINKY,0.34930938482284546,0.15970966219902039,0.4863046109676361
323,LEFT_INDEX,0.3093741536140442,0.15579260885715485,-0.0017885526176542044
323,RIGHT_INDEX,0.3466223478317261,0.16038188338279724,0.4638376235961914
323,LEFT_THUMB,0.30920544266700745,0.16458627581596375,0.020448435097932816
323,RIGHT_THUMB,0.3441038727760315,0.16784094274044037,0.45479583740234375
323,LEFT_HIP,0.3491809070110321,0.5604342818260193,-0.07362358272075653
323,RIGHT_HIP,0.43504586815834045,0.5622667074203491,0.07330267876386642
323,LEFT_KNEE,0.33907535672187805,0.73477703332901,-0.01661188341677189
323,RIGHT_KNEE,0.4262928068637848,0.7440047264099121,0.10913018137216568
323,LEFT_ANKLE,0.3482511043548584,0.9186546206474304,0.03197520226240158
323,RIGHT_ANKLE,0.4087795317173004,0.9427236318588257,0.11467157304286957
323,LEFT_HEEL,0.3526746332645416,0.9539772868156433,0.039147503674030304
323,RIGHT_HEEL,0.40649738907814026,0.9683721661567688,0.11447475850582123
323,LEFT_FOOT_INDEX,0.3227870464324951,0.9583979845046997,0.017389504238963127
323,RIGHT_FOOT_INDEX,0.4095655083656311,0.9851722717285156,0.062255360186100006
324,NOSE,0.43766695261001587,0.2226545363664627,0.25260475277900696
324,LEFT_EYE_INNER,0.4365687966346741,0.21150203049182892,0.19211919605731964
324,LEFT_EYE,0.432813823223114,0.21081247925758362,0.19217196106910706
324,LEFT_EYE_OUTER,0.42852362990379333,0.2103728950023651,0.19223976135253906
324,RIGHT_EYE_INNER,0.44736355543136597,0.21401210129261017,0.209405779838562
324,RIGHT_EYE,0.45162874460220337,0.21497495472431183,0.20938587188720703
324,RIGHT_EYE_OUTER,0.456341415643692,0.21615895628929138,0.20925047993659973
324,LEFT_EAR,0.41838160157203674,0.2190694510936737,-0.0014125832822173834
324,RIGHT_EAR,0.4623291492462158,0.2277907133102417,0.07215814292430878
324,MOUTH_LEFT,0.42958250641822815,0.23428359627723694,0.19590875506401062
324,MOUTH_RIGHT,0.44225096702575684,0.23713378608226776,0.21590550243854523
324,LEFT_SHOULDER,0.3511199355125427,0.2951727509498596,-0.1284869909286499
324,RIGHT_SHOULDER,0.4804705083370209,0.29854458570480347,0.10059201717376709
324,LEFT_ELBOW,0.25665879249572754,0.2721315324306488,-0.07172642648220062
324,RIGHT_ELBOW,0.41882696747779846,0.2599344849586487,0.31911855936050415
324,LEFT_WRIST,0.29062455892562866,0.17826685309410095,0.08191638439893723
324,RIGHT_WRIST,0.3522912561893463,0.17951731383800507,0.5399066209793091
324,LEFT_PINKY,0.2943967878818512,0.15563008189201355,0.0762256309390068
324,RIGHT_PINKY,0.34842461347579956,0.15831401944160461,0.5756925344467163
324,LEFT_INDEX,0.30836743116378784,0.15582060813903809,0.06902487576007843
324,RIGHT_INDEX,0.3458523750305176,0.15866991877555847,0.5565024614334106
324,LEFT_THUMB,0.30795571208000183,0.16480034589767456,0.08435966074466705
324,RIGHT_THUMB,0.3435443639755249,0.16660423576831818,0.5389072299003601
324,LEFT_HIP,0.34906187653541565,0.563482403755188,-0.07464247196912766
324,RIGHT_HIP,0.43569454550743103,0.5649597644805908,0.07429724931716919
324,LEFT_KNEE,0.33873242139816284,0.736868143081665,-0.015601307153701782
324,RIGHT_KNEE,0.42712467908859253,0.7452300190925598,0.12600675225257874
324,LEFT_ANKLE,0.34830838441848755,0.9195974469184875,0.044727154076099396
324,RIGHT_ANKLE,0.4093073010444641,0.9437087774276733,0.13897114992141724
324,LEFT_HEEL,0.3529672920703888,0.9525219202041626,0.05374486371874809
324,RIGHT_HEEL,0.40743136405944824,0.9691115617752075,0.1418485790491104
324,LEFT_FOOT_INDEX,0.32045769691467285,0.9554325342178345,0.046136029064655304
324,RIGHT_FOOT_INDEX,0.4087551236152649,0.9831555485725403,0.10479341447353363
325,NOSE,0.43767881393432617,0.22363245487213135,0.237789124250412
325,LEFT_EYE_INNER,0.4365890920162201,0.21193328499794006,0.17571409046649933
325,LEFT_EYE,0.4329448640346527,0.21119651198387146,0.17577384412288666
325,LEFT_EYE_OUTER,0.42886224389076233,0.2106975018978119,0.17583657801151276
325,RIGHT_EYE_INNER,0.44737353920936584,0.21440544724464417,0.19350557029247284
325,RIGHT_EYE,0.4515973627567291,0.21528157591819763,0.1934942752122879
325,RIGHT_EYE_OUTER,0.4562559127807617,0.21636585891246796,0.1933353692293167
325,LEFT_EAR,0.4184005856513977,0.21916477382183075,-0.016687193885445595
325,RIGHT_EAR,0.46235328912734985,0.22781142592430115,0.060012318193912506
325,MOUTH_LEFT,0.4300290644168854,0.2356787621974945,0.1819574534893036
325,MOUTH_RIGHT,0.44227132201194763,0.23821640014648438,0.20202133059501648
325,LEFT_SHOULDER,0.3497244417667389,0.2951444089412689,-0.1480925977230072
325,RIGHT_SHOULDER,0.48120856285095215,0.29851508140563965,0.09713956713676453
325,LEFT_ELBOW,0.2561380863189697,0.2720389664173126,-0.10022816807031631
325,RIGHT_ELBOW,0.41842883825302124,0.25970396399497986,0.31596848368644714
325,LEFT_WRIST,0.2900889217853546,0.17811603844165802,0.04879001900553703
325,RIGHT_WRIST,0.3499833047389984,0.17891760170459747,0.5303384065628052
325,LEFT_PINKY,0.29330918192863464,0.15526430308818817,0.03556760400533676
325,RIGHT_PINKY,0.34633582830429077,0.1578211933374405,0.564958393573761
325,LEFT_INDEX,0.30719268321990967,0.15532033145427704,0.030197352170944214
325,RIGHT_INDEX,0.3436651825904846,0.15791229903697968,0.5434808731079102
325,LEFT_THUMB,0.3071114420890808,0.16431091725826263,0.05115854740142822
325,RIGHT_THUMB,0.341400146484375,0.1658419817686081,0.5277713537216187
325,LEFT_HIP,0.3489559292793274,0.564136803150177,-0.07487983256578445
325,RIGHT_HIP,0.4360620975494385,0.5657983422279358,0.07456151396036148
325,LEFT_KNEE,0.33849766850471497,0.737855076789856,-0.011655110865831375
325,RIGHT_KNEE,0.42759108543395996,0.7453407049179077,0.13128003478050232
325,LEFT_ANKLE,0.34835413098335266,0.920249342918396,0.05657946318387985
325,RIGHT_ANKLE,0.40957751870155334,0.943572998046875,0.1763172298669815
325,LEFT_HEEL,0.35335880517959595,0.9517496228218079,0.06619174778461456
325,RIGHT_HEEL,0.40786218643188477,0.9693449139595032,0.18082889914512634
325,LEFT_FOOT_INDEX,0.32055047154426575,0.9532448649406433,0.05794137716293335
325,RIGHT_FOOT_INDEX,0.40824776887893677,0.982162356376648,0.1455269753932953
326,NOSE,0.43769827485084534,0.22403426468372345,0.2155531942844391
326,LEFT_EYE_INNER,0.43660205602645874,0.21206319332122803,0.154688760638237
326,LEFT_EYE,0.433035284280777,0.21129588782787323,0.1547495424747467
326,LEFT_EYE_OUTER,0.42907992005348206,0.21076318621635437,0.1548154056072235
326,RIGHT_EYE_INNER,0.4473755359649658,0.21453168988227844,0.17467987537384033
326,RIGHT_EYE,0.4515650272369385,0.21536843478679657,0.1746615320444107
326,RIGHT_EYE_OUTER,0.45618128776550293,0.21641016006469727,0.17450863122940063
326,LEFT_EAR,0.4184383451938629,0.2191658467054367,-0.033642835915088654
326,RIGHT_EAR,0.4623776078224182,0.22781303524971008,0.05138082429766655
326,MOUTH_LEFT,0.4303455948829651,0.2362399846315384,0.16079381108283997
326,MOUTH_RIGHT,0.4422854483127594,0.23865416646003723,0.1840326488018036
326,LEFT_SHOULDER,0.34877628087997437,0.2951201796531677,-0.16378943622112274
326,RIGHT_SHOULDER,0.481853187084198,0.29850924015045166,0.09356462210416794
326,LEFT_ELBOW,0.2558573782444,0.2718062698841095,-0.12326288223266602
326,RIGHT_ELBOW,0.41809162497520447,0.26000428199768066,0.3141642212867737
326,LEFT_WRIST,0.29006969928741455,0.1777913123369217,0.01929078809916973
326,RIGHT_WRIST,0.3481612801551819,0.17826774716377258,0.5261558294296265
326,LEFT_PINKY,0.29301953315734863,0.15470144152641296,0.004602712579071522
326,RIGHT_PINKY,0.344689279794693,0.15745732188224792,0.5602785348892212
326,LEFT_INDEX,0.30685266852378845,0.1546807587146759,-0.0010874762665480375
326,RIGHT_INDEX,0.34224140644073486,0.15732882916927338,0.538070023059845
326,LEFT_THUMB,0.306918203830719,0.16368818283081055,0.021241802722215652
326,RIGHT_THUMB,0.3400786817073822,0.16524620354175568,0.5229949951171875
326,LEFT_HIP,0.34895023703575134,0.5644482374191284,-0.07545936852693558
326,RIGHT_HIP,0.436368465423584,0.5663575530052185,0.07517395168542862
326,LEFT_KNEE,0.3383643329143524,0.7384665012359619,-0.009428472258150578
326,RIGHT_KNEE,0.427781879901886,0.7454513311386108,0.1330772191286087
326,LEFT_ANKLE,0.3483900725841522,0.9205160140991211,0.05781412124633789
326,RIGHT_ANKLE,0.40972501039505005,0.9438516497612,0.1815977543592453
326,LEFT_HEEL,0.3537599444389343,0.951280415058136,0.06724751740694046
326,RIGHT_HEEL,0.40806064009666443,0.9697648882865906,0.18578562140464783
326,LEFT_FOOT_INDEX,0.319556325674057,0.9535636901855469,0.05765100568532944
326,RIGHT_FOOT_INDEX,0.407973051071167,0.9806315302848816,0.14923438429832458
327,NOSE,0.4377167224884033,0.22435560822486877,0.20710858702659607
327,LEFT_EYE_INNER,0.4366406798362732,0.21221379935741425,0.14685413241386414
327,LEFT_EYE,0.43315696716308594,0.21142463386058807,0.1469118595123291
327,LEFT_EYE_OUTER,0.42932572960853577,0.21086499094963074,0.14698047935962677
327,RIGHT_EYE_INNER,0.4473823010921478,0.21466636657714844,0.16787628829479218
327,RIGHT_EYE,0.45154595375061035,0.21547050774097443,0.16785123944282532
327,RIGHT_EYE_OUTER,0.4561302661895752,0.21647381782531738,0.1677035391330719
327,LEFT_EAR,0.41852131485939026,0.21920156478881836,-0.040171049535274506
327,RIGHT_EAR,0.4623963236808777,0.22781619429588318,0.048990219831466675
327,MOUTH_LEFT,0.4306209683418274,0.2366567850112915,0.15256208181381226
327,MOUTH_RIGHT,0.44229787588119507,0.23896124958992004,0.1772882044315338
327,LEFT_SHOULDER,0.3484848737716675,0.2950933277606964,-0.17102696001529694
327,RIGHT_SHOULDER,0.48233070969581604,0.29848819971084595,0.09352479130029678
327,LEFT_ELBOW,0.25574997067451477,0.27177879214286804,-0.134978249669075
327,RIGHT_ELBOW,0.4180447459220886,0.2601909041404724,0.3162096440792084
327,LEFT_WRIST,0.2901080250740051,0.17768700420856476,0.005299866199493408
327,RIGHT_WRIST,0.34795910120010376,0.17811580002307892,0.5329714417457581
327,LEFT_PINKY,0.29309067130088806,0.1545080840587616,-0.008642448112368584
327,RIGHT_PINKY,0.34419718384742737,0.1572660505771637,0.5681484341621399
327,LEFT_INDEX,0.3068643808364868,0.15444114804267883,-0.014035453088581562
327,RIGHT_INDEX,0.34237128496170044,0.15717880427837372,0.5454708933830261
327,LEFT_THUMB,0.30694612860679626,0.1634708195924759,0.00747401500120759
327,RIGHT_THUMB,0.3398462235927582,0.16503173112869263,0.529560923576355
327,LEFT_HIP,0.3489510118961334,0.5646783709526062,-0.0768524557352066
327,RIGHT_HIP,0.4366335868835449,0.5667100548744202,0.0765775814652443
327,LEFT_KNEE,0.338286817073822,0.7385522127151489,-0.00930701196193695
327,RIGHT_KNEE,0.42796412110328674,0.7454181909561157,0.13429543375968933
327,LEFT_ANKLE,0.3484036922454834,0.9203783273696899,0.055074043571949005
327,RIGHT_ANKLE,0.4098803400993347,0.9435297250747681,0.17879562079906464
327,LEFT_HEEL,0.3539641499519348,0.9508577585220337,0.06426061689853668
327,RIGHT_HEEL,0.4082319140434265,0.9697019457817078,0.18244242668151855
327,LEFT_FOOT_INDEX,0.3189217448234558,0.9536083340644836,0.05466767027974129
327,RIGHT_FOOT_INDEX,0.40778201818466187,0.9797402620315552,0.1459527164697647
328,NOSE,0.43775781989097595,0.22464080154895782,0.20681831240653992
328,LEFT_EYE_INNER,0.43670016527175903,0.21236102283000946,0.1468505710363388
328,LEFT_EYE,0.4332912564277649,0.2115485668182373,0.1469084918498993
328,LEFT_EYE_OUTER,0.4295639097690582,0.2109612226486206,0.1469787210226059
328,RIGHT_EYE_INNER,0.44739341735839844,0.21479368209838867,0.1674831211566925
328,RIGHT_EYE,0.45154333114624023,0.2155628204345703,0.16745616495609283
328,RIGHT_EYE_OUTER,0.45610731840133667,0.21652865409851074,0.16731218993663788
328,LEFT_EAR,0.41866740584373474,0.21922138333320618,-0.03996529057621956
328,RIGHT_EAR,0.4624066948890686,0.2278195321559906,0.04746609553694725
328,MOUTH_LEFT,0.4308725893497467,0.2369718849658966,0.15227022767066956
328,MOUTH_RIGHT,0.4423098564147949,0.23919498920440674,0.17654797434806824
328,LEFT_SHOULDER,0.34839385747909546,0.29505109786987305,-0.16969871520996094
328,RIGHT_SHOULDER,0.48259931802749634,0.2984687089920044,0.09130091965198517
328,LEFT_ELBOW,0.2557801604270935,0.27169764041900635,-0.1327526867389679
328,RIGHT_ELBOW,0.41805726289749146,0.2602909803390503,0.3156604766845703
328,LEFT_WRIST,0.2902565598487854,0.17762410640716553,0.0055985646322369576
328,RIGHT_WRIST,0.3479202091693878,0.17803290486335754,0.5288475751876831
328,LEFT_PINKY,0.2932513356208801,0.15442124009132385,-0.007332772947847843
328,RIGHT_PINKY,0.34395700693130493,0.15718547999858856,0.5636441707611084
328,LEFT_INDEX,0.30700257420539856,0.15434357523918152,-0.012770341709256172
328,RIGHT_INDEX,0.3421347737312317,0.1571096032857895,0.5411611795425415
328,LEFT_THUMB,0.3070893883705139,0.16339167952537537,0.007783273700624704
328,RIGHT_THUMB,0.33984699845314026,0.16496101021766663,0.5255564451217651
328,LEFT_HIP,0.3489486575126648,0.5647507309913635,-0.07703691720962524
328,RIGHT_HIP,0.4367600977420807,0.5668296813964844,0.07674654573202133
328,LEFT_KNEE,0.3382227420806885,0.7386003136634827,-0.009221622720360756
328,RIGHT_KNEE,0.4280586242675781,0.7453253269195557,0.1368456929922104
328,LEFT_ANKLE,0.3485201895236969,0.9202491044998169,0.05437003821134567
328,RIGHT_ANKLE,0.4099930226802826,0.9428273439407349,0.1775554120540619
328,LEFT_HEEL,0.3540111482143402,0.9505828619003296,0.06357705593109131
328,RIGHT_HEEL,0.40765810012817383,0.9754173159599304,0.1811915934085846
328,LEFT_FOOT_INDEX,0.31892409920692444,0.9539524912834167,0.05419488996267319
328,RIGHT_FOOT_INDEX,0.40771228075027466,0.9794800877571106,0.14460548758506775
329,NOSE,0.4377802908420563,0.22476768493652344,0.20394103229045868
329,LEFT_EYE_INNER,0.4367261528968811,0.21242347359657288,0.14436958730220795
329,LEFT_EYE,0.4333275854587555,0.21160206198692322,0.1444273740053177
329,LEFT_EYE_OUTER,0.429658979177475,0.21100163459777832,0.14449870586395264
329,RIGHT_EYE_INNER,0.4473676085472107,0.21483512222766876,0.16523563861846924
329,RIGHT_EYE,0.4514777660369873,0.21558615565299988,0.1652064174413681
329,RIGHT_EYE_OUTER,0.45600175857543945,0.21653588116168976,0.16506366431713104
329,LEFT_EAR,0.41871944069862366,0.21922501921653748,-0.041558198630809784
329,RIGHT_EAR,0.46237802505493164,0.22781343758106232,0.04696143418550491
329,MOUTH_LEFT,0.430976539850235,0.23712849617004395,0.1495886743068695
329,MOUTH_RIGHT,0.442293256521225,0.23928849399089813,0.1742158830165863
329,LEFT_SHOULDER,0.3483319878578186,0.2949768006801605,-0.17149215936660767
329,RIGHT_SHOULDER,0.4829019010066986,0.29844266176223755,0.09128384292125702
329,LEFT_ELBOW,0.2557823061943054,0.27163562178611755,-0.13592344522476196
329,RIGHT_ELBOW,0.41806888580322266,0.26039907336235046,0.31656450033187866
329,LEFT_WRIST,0.2903396189212799,0.17753610014915466,0.0033014726359397173
329,RIGHT_WRIST,0.3479510247707367,0.17796581983566284,0.5356038808822632
329,LEFT_PINKY,0.29330605268478394,0.15433014929294586,-0.009026952087879181
329,RIGHT_PINKY,0.3439587950706482,0.1571372151374817,0.5716193914413452
329,LEFT_INDEX,0.30705496668815613,0.15425972640514374,-0.01428879052400589
329,RIGHT_INDEX,0.34243661165237427,0.15711137652397156,0.5491634607315063
329,LEFT_THUMB,0.30716341733932495,0.16331948339939117,0.005606759339570999
329,RIGHT_THUMB,0.33997654914855957,0.16493210196495056,0.5323778390884399
329,LEFT_HIP,0.348949670791626,0.5647636651992798,-0.07764773070812225
329,RIGHT_HIP,0.4368654191493988,0.56688392162323,0.07736339420080185
329,LEFT_KNEE,0.3381076455116272,0.7386007905006409,-0.008938349783420563
329,RIGHT_KNEE,0.4281393885612488,0.7452538013458252,0.13957452774047852
329,LEFT_ANKLE,0.34857431054115295,0.9202172160148621,0.04917153716087341
329,RIGHT_ANKLE,0.4100586473941803,0.9423208236694336,0.17383116483688354
329,LEFT_HEEL,0.3541161119937897,0.9505298733711243,0.0578400082886219
329,RIGHT_HEEL,0.4072822630405426,0.9769225120544434,0.1770275980234146
329,LEFT_FOOT_INDEX,0.3189435601234436,0.9543407559394836,0.04837961494922638
329,RIGHT_FOOT_INDEX,0.4075937867164612,0.9792600870132446,0.14066696166992188
330,NOSE,0.4377971589565277,0.2248905599117279,0.19922980666160583
330,LEFT_EYE_INNER,0.4367634654045105,0.21248741447925568,0.14014017581939697
330,LEFT_EYE,0.43342453241348267,0.21165743470191956,0.14019787311553955
330,LEFT_EYE_OUTER,0.4298299252986908,0.21104411780834198,0.14027053117752075
330,RIGHT_EYE_INNER,0.44736409187316895,0.2148788422346115,0.16097213327884674
330,RIGHT_EYE,0.4514484405517578,0.21561181545257568,0.16094258427619934
330,RIGHT_EYE_OUTER,0.45594483613967896,0.21654513478279114,0.1608031988143921
330,LEFT_EAR,0.4188571572303772,0.21922779083251953,-0.04424503818154335
330,RIGHT_EAR,0.46236199140548706,0.22780723869800568,0.04449367895722389
330,MOUTH_LEFT,0.4311360716819763,0.23727388679981232,0.14538267254829407
330,MOUTH_RIGHT,0.44229334592819214,0.2393847405910492,0.1700073480606079
330,LEFT_SHOULDER,0.34823817014694214,0.2949093282222748,-0.17301753163337708
330,RIGHT_SHOULDER,0.4830549359321594,0.2984035313129425,0.08981029689311981
330,LEFT_ELBOW,0.2557988166809082,0.27160581946372986,-0.13836607336997986
330,RIGHT_ELBOW,0.4180799126625061,0.2604838013648987,0.3157670199871063
330,LEFT_WRIST,0.29040902853012085,0.1775118112564087,-0.0008249765378423035
330,RIGHT_WRIST,0.3481225073337555,0.17796774208545685,0.5339173078536987
330,LEFT_PINKY,0.29337167739868164,0.15430010855197906,-0.013090446591377258
330,RIGHT_PINKY,0.3440430760383606,0.15713416039943695,0.569895327091217
330,LEFT_INDEX,0.307125985622406,0.15423345565795898,-0.018156280741095543
330,RIGHT_INDEX,0.3426681458950043,0.15711908042430878,0.5473324060440063
330,LEFT_THUMB,0.3072354793548584,0.16330258548259735,0.0015282247914001346
330,RIGHT_THUMB,0.34017330408096313,0.16494397819042206,0.5306668877601624
330,LEFT_HIP,0.3489479720592499,0.564767062664032,-0.07781833410263062
330,RIGHT_HIP,0.43689030408859253,0.5668958425521851,0.07752305269241333
330,LEFT_KNEE,0.33803367614746094,0.7385705709457397,-0.008503521792590618
330,RIGHT_KNEE,0.42819851636886597,0.7452203631401062,0.14126281440258026
330,LEFT_ANKLE,0.34862199425697327,0.9201532602310181,0.04943167045712471
330,RIGHT_ANKLE,0.41011008620262146,0.9420104026794434,0.172659769654274
330,LEFT_HEEL,0.35428866744041443,0.9504818916320801,0.05824630334973335
330,RIGHT_HEEL,0.40699759125709534,0.9773843884468079,0.17587783932685852
330,LEFT_FOOT_INDEX,0.318970263004303,0.9543677568435669,0.0489606037735939
330,RIGHT_FOOT_INDEX,0.40756455063819885,0.9790090322494507,0.13954481482505798
331,NOSE,0.43781837821006775,0.22495877742767334,0.1983107030391693
331,LEFT_EYE_INNER,0.4367906451225281,0.21252326667308807,0.1393240988254547
331,LEFT_EYE,0.4334445595741272,0.2116910219192505,0.13938134908676147
331,LEFT_EYE_OUTER,0.4298887252807617,0.2110719382762909,0.13945439457893372
331,RIGHT_EYE_INNER,0.4473312497138977,0.21489748358726501,0.16019318997859955
331,RIGHT_EYE,0.4513811469078064,0.21562054753303528,0.1601635217666626
331,RIGHT_EYE_OUTER,0.4558478891849518,0.21655189990997314,0.16002562642097473
331,LEFT_EAR,0.41889411211013794,0.219234436750412,-0.044917136430740356
331,RIGHT_EAR,0.4623153805732727,0.22780251502990723,0.04407939314842224
331,MOUTH_LEFT,0.4311870038509369,0.23736798763275146,0.144454225897789
331,MOUTH_RIGHT,0.4422627091407776,0.23943960666656494,0.16912728548049927
331,LEFT_SHOULDER,0.34816837310791016,0.294851690530777,-0.1737450808286667
331,RIGHT_SHOULDER,0.48317670822143555,0.29836997389793396,0.08970580995082855
331,LEFT_ELBOW,0.25581854581832886,0.27158239483833313,-0.14065879583358765
331,RIGHT_ELBOW,0.41809457540512085,0.26052576303482056,0.3158957064151764
331,LEFT_WRIST,0.29047051072120667,0.1774679571390152,-0.004178228322416544
331,RIGHT_WRIST,0.3483127951622009,0.17795595526695251,0.5362614393234253
331,LEFT_PINKY,0.2934263050556183,0.15426978468894958,-0.016176320612430573
331,RIGHT_PINKY,0.34418076276779175,0.15712681412696838,0.5729800462722778
331,LEFT_INDEX,0.3071788549423218,0.15419825911521912,-0.020851701498031616
331,RIGHT_INDEX,0.3428288400173187,0.15712618827819824,0.5503101348876953
331,LEFT_THUMB,0.30729109048843384,0.16327515244483948,-0.0016396580031141639
331,RIGHT_THUMB,0.34025582671165466,0.164953351020813,0.5330301523208618
331,LEFT_HIP,0.3489459156990051,0.5647580027580261,-0.07800426334142685
331,RIGHT_HIP,0.4369160532951355,0.5668871402740479,0.07771292328834534
331,LEFT_KNEE,0.33799681067466736,0.7383514046669006,-0.00904504768550396
331,RIGHT_KNEE,0.4282447397708893,0.7448403835296631,0.1423083245754242
331,LEFT_ANKLE,0.34868302941322327,0.9197713732719421,0.04682866483926773
331,RIGHT_ANKLE,0.41024455428123474,0.9392751455307007,0.17158573865890503
331,LEFT_HEEL,0.3543566167354584,0.9501280784606934,0.05523760989308357
331,RIGHT_HEEL,0.406780868768692,0.9767293930053711,0.1747339516878128
331,LEFT_FOOT_INDEX,0.31901460886001587,0.9544016122817993,0.04549337178468704
331,RIGHT_FOOT_INDEX,0.4074930250644684,0.9771113395690918,0.13890737295150757
332,NOSE,0.43783339858055115,0.22503438591957092,0.1967925727367401
332,LEFT_EYE_INNER,0.43682295083999634,0.21257099509239197,0.13787893950939178
332,LEFT_EYE,0.43347764015197754,0.21173715591430664,0.1379358023405075
332,LEFT_EYE_OUTER,0.4299062192440033,0.21111199259757996,0.1380099505186081
332,RIGHT_EYE_INNER,0.4472670555114746,0.21492469310760498,0.1590680480003357
332,RIGHT_EYE,0.4512766897678375,0.21563652157783508,0.15903818607330322
332,RIGHT_EYE_OUTER,0.455706924200058,0.21655797958374023,0.1589013636112213
332,LEFT_EAR,0.4189223647117615,0.2192469835281372,-0.04612508416175842
332,RIGHT_EAR,0.46221598982810974,0.2278008759021759,0.04404303804039955
332,MOUTH_LEFT,0.43120089173316956,0.23746848106384277,0.14297379553318024
332,MOUTH_RIGHT,0.44219502806663513,0.23950132727622986,0.1680542528629303
332,LEFT_SHOULDER,0.3481132388114929,0.2948305308818817,-0.1755392849445343
332,RIGHT_SHOULDER,0.4832480847835541,0.2983347773551941,0.08978483825922012
332,LEFT_ELBOW,0.25583475828170776,0.27156326174736023,-0.14440606534481049
332,RIGHT_ELBOW,0.41809025406837463,0.26054731011390686,0.3178373873233795
332,LEFT_WRIST,0.290505588054657,0.17739227414131165,-0.008309218101203442
332,RIGHT_WRIST,0.3484269976615906,0.17793527245521545,0.5404906272888184
332,LEFT_PINKY,0.2934366464614868,0.15420593321323395,-0.020328879356384277
332,RIGHT_PINKY,0.3442672789096832,0.1571166068315506,0.5780927538871765
332,LEFT_INDEX,0.30719465017318726,0.15414246916770935,-0.02481452003121376
332,RIGHT_INDEX,0.3429655134677887,0.157133549451828,0.5550777912139893
332,LEFT_THUMB,0.3073160946369171,0.16322651505470276,-0.00567662576213479
332,RIGHT_THUMB,0.3403676152229309,0.16495707631111145,0.537193238735199
332,LEFT_HIP,0.3489449620246887,0.564756453037262,-0.07831607013940811
332,RIGHT_HIP,0.4369443953037262,0.5668798685073853,0.07802491635084152
332,LEFT_KNEE,0.3379524350166321,0.7381662130355835,-0.009803073480725288
332,RIGHT_KNEE,0.42829522490501404,0.7445908188819885,0.14293356239795685
332,LEFT_ANKLE,0.3487308621406555,0.9194868206977844,0.04610958695411682
332,RIGHT_ANKLE,0.4103200435638428,0.9377268552780151,0.17040467262268066
332,LEFT_HEEL,0.3544040024280548,0.9498680233955383,0.05405981466174126
332,RIGHT_HEEL,0.4066181182861328,0.9762821197509766,0.17330323159694672
332,LEFT_FOOT_INDEX,0.31903892755508423,0.9545831680297852,0.043272703886032104
332,RIGHT_FOOT_INDEX,0.4074411392211914,0.9761767387390137,0.13731461763381958
333,NOSE,0.43784642219543457,0.22508399188518524,0.19693659245967865
333,LEFT_EYE_INNER,0.4368497431278229,0.21260495483875275,0.13801082968711853
333,LEFT_EYE,0.4335094392299652,0.21176978945732117,0.1380673199892044
333,LEFT_EYE_OUTER,0.4299317002296448,0.21113994717597961,0.13814178109169006
333,RIGHT_EYE_INNER,0.4472266733646393,0.21494336426258087,0.1591789424419403
333,RIGHT_EYE,0.45121365785598755,0.21564653515815735,0.15914931893348694
333,RIGHT_EYE_OUTER,0.4556254744529724,0.21656350791454315,0.15901276469230652
333,LEFT_EAR,0.41896066069602966,0.2192503660917282,-0.046202607452869415
333,RIGHT_EAR,0.4621564447879791,0.22779476642608643,0.044062353670597076
333,MOUTH_LEFT,0.43121662735939026,0.23752348124980927,0.1430344581604004
333,MOUTH_RIGHT,0.44215378165245056,0.2395341843366623,0.16809508204460144
333,LEFT_SHOULDER,0.3480537533760071,0.29478901624679565,-0.17538198828697205
333,RIGHT_SHOULDER,0.48329344391822815,0.2982609272003174,0.08977336436510086
333,LEFT_ELBOW,0.25584548711776733,0.2715473771095276,-0.1438155323266983
333,RIGHT_ELBOW,0.418088436126709,0.2606249153614044,0.3184247612953186
333,LEFT_WRIST,0.2905372381210327,0.17735710740089417,-0.007571564521640539
333,RIGHT_WRIST,0.3485400378704071,0.17793938517570496,0.5418121218681335
333,LEFT_PINKY,0.2934677302837372,0.15416346490383148,-0.01940590888261795
333,RIGHT_PINKY,0.3443484902381897,0.157120019197464,0.5795315504074097
333,LEFT_INDEX,0.30722683668136597,0.15410324931144714,-0.02401500567793846
333,RIGHT_INDEX,0.34304100275039673,0.15715482831001282,0.5564476251602173
333,LEFT_THUMB,0.30736321210861206,0.1632072776556015,-0.004962417297065258
333,RIGHT_THUMB,0.3404196500778198,0.1649850755929947,0.5385454893112183
333,LEFT_HIP,0.3489432632923126,0.56475830078125,-0.07847395539283752
333,RIGHT_HIP,0.4369620680809021,0.5668739080429077,0.07817748188972473
333,LEFT_KNEE,0.3379095196723938,0.7379564046859741,-0.00960740726441145
333,RIGHT_KNEE,0.4283681809902191,0.7443787455558777,0.1430499404668808
333,LEFT_ANKLE,0.34872257709503174,0.9189287424087524,0.04503077641129494
333,RIGHT_ANKLE,0.41039538383483887,0.9365807771682739,0.16976478695869446
333,LEFT_HEEL,0.3544727861881256,0.9495531320571899,0.053103577345609665
333,RIGHT_HEEL,0.40650978684425354,0.975971519947052,0.17246104776859283
333,LEFT_FOOT_INDEX,0.3190637230873108,0.9546939730644226,0.0431797094643116
333,RIGHT_FOOT_INDEX,0.4075688421726227,0.9751107096672058,0.136220321059227
334,NOSE,0.4378555417060852,0.22513866424560547,0.19743332266807556
334,LEFT_EYE_INNER,0.43687209486961365,0.21264490485191345,0.13852614164352417
334,LEFT_EYE,0.4335348606109619,0.2118096798658371,0.13858264684677124
334,LEFT_EYE_OUTER,0.42994603514671326,0.21117612719535828,0.13865715265274048
334,RIGHT_EYE_INNER,0.4471554756164551,0.21496303379535675,0.1595948040485382
334,RIGHT_EYE,0.45110124349594116,0.21565623581409454,0.15956512093544006
334,RIGHT_EYE_OUTER,0.45547232031822205,0.2165692150592804,0.15942975878715515
334,LEFT_EAR,0.4190099239349365,0.21925804018974304,-0.04585306718945503
334,RIGHT_EAR,0.4620276391506195,0.22778363525867462,0.04458356648683548
334,MOUTH_LEFT,0.4312398433685303,0.23758995532989502,0.1434827297925949
334,MOUTH_RIGHT,0.4421064853668213,0.23957578837871552,0.1684311181306839
334,LEFT_SHOULDER,0.348041296005249,0.2947608232498169,-0.17487561702728271
334,RIGHT_SHOULDER,0.48336005210876465,0.2981550097465515,0.09150625765323639
334,LEFT_ELBOW,0.25586873292922974,0.2715192437171936,-0.14272364974021912
334,RIGHT_ELBOW,0.41808921098709106,0.2606565058231354,0.32352596521377563
334,LEFT_WRIST,0.29054781794548035,0.17734269797801971,-0.006505754776299
334,RIGHT_WRIST,0.3486231565475464,0.1779562532901764,0.5509714484214783
334,LEFT_PINKY,0.29345303773880005,0.15415427088737488,-0.01895693503320217
334,RIGHT_PINKY,0.34440723061561584,0.15712156891822815,0.5899709463119507
334,LEFT_INDEX,0.30719193816185,0.15409792959690094,-0.023539844900369644
334,RIGHT_INDEX,0.3431328237056732,0.15716615319252014,0.5669795274734497
334,LEFT_THUMB,0.30733102560043335,0.16320188343524933,-0.0041926405392587185
334,RIGHT_THUMB,0.3405013382434845,0.16501012444496155,0.547885537147522
334,LEFT_HIP,0.3489612638950348,0.5647052526473999,-0.07883312553167343
334,RIGHT_HIP,0.4370085597038269,0.5668308138847351,0.07853227108716965
334,LEFT_KNEE,0.33789941668510437,0.7376407980918884,-0.01304298173636198
334,RIGHT_KNEE,0.42839765548706055,0.7439230680465698,0.14203663170337677
334,LEFT_ANKLE,0.3488081395626068,0.9184436798095703,0.03475841507315636
334,RIGHT_ANKLE,0.4104647636413574,0.9353329539299011,0.16375164687633514
334,LEFT_HEEL,0.35469263792037964,0.9483717083930969,0.042549051344394684
334,RIGHT_HEEL,0.40641531348228455,0.9758084416389465,0.16617944836616516
334,LEFT_FOOT_INDEX,0.31917762756347656,0.9547821879386902,0.035098131746053696
334,RIGHT_FOOT_INDEX,0.4075411856174469,0.9743441343307495,0.13179609179496765
335,NOSE,0.4378642141819,0.2252228558063507,0.197572261095047
335,LEFT_EYE_INNER,0.4368882179260254,0.2127159833908081,0.13859885931015015
335,LEFT_EYE,0.43354955315589905,0.21188001334667206,0.13865530490875244
335,LEFT_EYE_OUTER,0.42996686697006226,0.21123990416526794,0.13873030245304108
335,RIGHT_EYE_INNER,0.44712281227111816,0.21500718593597412,0.15977346897125244
335,RIGHT_EYE,0.45104068517684937,0.21568675339221954,0.15974363684654236
335,RIGHT_EYE_OUTER,0.45538026094436646,0.21658635139465332,0.15960854291915894
335,LEFT_EAR,0.41904109716415405,0.21927496790885925,-0.04496190696954727
335,RIGHT_EAR,0.4619221091270447,0.22778348624706268,0.04470837488770485
335,MOUTH_LEFT,0.43127065896987915,0.23767514526844025,0.14369656145572662
335,MOUTH_RIGHT,0.44208401441574097,0.23962993919849396,0.16855941712856293
335,LEFT_SHOULDER,0.347931832075119,0.29475557804107666,-0.17411404848098755
335,RIGHT_SHOULDER,0.48343443870544434,0.29812002182006836,0.09147758781909943
335,LEFT_ELBOW,0.2558751404285431,0.2715040445327759,-0.14211289584636688
335,RIGHT_ELBOW,0.4181613028049469,0.2607489824295044,0.3226180970668793
335,LEFT_WRIST,0.29055821895599365,0.17732775211334229,-0.006007250864058733
335,RIGHT_WRIST,0.3486916422843933,0.17812182009220123,0.5486282706260681
335,LEFT_PINKY,0.29345646500587463,0.15414531528949738,-0.018059400841593742
335,RIGHT_PINKY,0.3444401025772095,0.15721982717514038,0.5876015424728394
335,LEFT_INDEX,0.3071998655796051,0.15409894287586212,-0.02177794650197029
335,RIGHT_INDEX,0.3432309329509735,0.15737849473953247,0.5650719404220581
335,LEFT_THUMB,0.30735692381858826,0.16321800649166107,-0.004074328579008579
335,RIGHT_THUMB,0.34081652760505676,0.16526058316230774,0.5457555055618286
335,LEFT_HIP,0.34896793961524963,0.5646430850028992,-0.07883518934249878
335,RIGHT_HIP,0.43704336881637573,0.5667901635169983,0.07851617783308029
335,LEFT_KNEE,0.3378453850746155,0.737216055393219,-0.011530065909028053
335,RIGHT_KNEE,0.4284537434577942,0.743590235710144,0.1421789973974228
335,LEFT_ANKLE,0.34887832403182983,0.917829692363739,0.033148154616355896
335,RIGHT_ANKLE,0.41053104400634766,0.9337693452835083,0.16024477779865265
335,LEFT_HEEL,0.35481488704681396,0.9473406076431274,0.04059367626905441
335,RIGHT_HEEL,0.406086266040802,0.9751768112182617,0.1623031198978424
335,LEFT_FOOT_INDEX,0.3195738196372986,0.9548255205154419,0.03392840921878815
335,RIGHT_FOOT_INDEX,0.40767160058021545,0.9731610417366028,0.1290006935596466
336,NOSE,0.4377712309360504,0.2252606451511383,0.2154482901096344
336,LEFT_EYE_INNER,0.4367886185646057,0.21286877989768982,0.15595588088035583
336,LEFT_EYE,0.43349242210388184,0.21207956969738007,0.1560065597295761
336,LEFT_EYE_OUTER,0.42994004487991333,0.21148760616779327,0.15608705580234528
336,RIGHT_EYE_INNER,0.44693484902381897,0.2150636911392212,0.17821325361728668
336,RIGHT_EYE,0.45084458589553833,0.21572652459144592,0.17819103598594666
336,RIGHT_EYE_OUTER,0.4551740288734436,0.21661213040351868,0.17807766795158386
336,LEFT_EAR,0.4190584719181061,0.2196219265460968,-0.034269269555807114
336,RIGHT_EAR,0.4616173207759857,0.22778525948524475,0.06058202311396599
336,MOUTH_LEFT,0.4312722682952881,0.2376992255449295,0.15929749608039856
336,MOUTH_RIGHT,0.4420155882835388,0.23963455855846405,0.1856895387172699
336,LEFT_SHOULDER,0.34797534346580505,0.2957015633583069,-0.17210333049297333
336,RIGHT_SHOULDER,0.4834781289100647,0.2979646325111389,0.1065811738371849
336,LEFT_ELBOW,0.2551749348640442,0.27180466055870056,-0.13711898028850555
336,RIGHT_ELBOW,0.4178873896598816,0.2599641680717468,0.34297364950180054
336,LEFT_WRIST,0.2897116243839264,0.17740106582641602,0.018859125673770905
336,RIGHT_WRIST,0.3496395945549011,0.1781865954399109,0.5644908547401428
336,LEFT_PINKY,0.29239171743392944,0.1541331708431244,0.014553109183907509
336,RIGHT_PINKY,0.34446287155151367,0.15737584233283997,0.608228325843811
336,LEFT_INDEX,0.3064118027687073,0.15410307049751282,0.010129339061677456
336,RIGHT_INDEX,0.34327811002731323,0.15738077461719513,0.5856858491897583
336,LEFT_THUMB,0.3069896101951599,0.16324689984321594,0.022885750979185104
336,RIGHT_THUMB,0.3409274220466614,0.1652628481388092,0.5621985197067261
336,LEFT_HIP,0.3491820991039276,0.5642487406730652,-0.0818147286772728
336,RIGHT_HIP,0.4371283948421478,0.5663344264030457,0.08135037124156952
336,LEFT_KNEE,0.3378378748893738,0.732930600643158,-0.011275241151452065
336,RIGHT_KNEE,0.4284566044807434,0.7402815222740173,0.1787293404340744
336,LEFT_ANKLE,0.3489000201225281,0.9156708717346191,-0.05717116594314575
336,RIGHT_ANKLE,0.4105331301689148,0.9315189123153687,0.11855373531579971
336,LEFT_HEEL,0.3551979959011078,0.9450106620788574,-0.05813860893249512
336,RIGHT_HEEL,0.4076164662837982,0.9627740979194641,0.11226002871990204
336,LEFT_FOOT_INDEX,0.3202458322048187,0.9563077092170715,-0.06320549547672272
336,RIGHT_FOOT_INDEX,0.4060872197151184,0.9722164869308472,0.08547306060791016
337,NOSE,0.4377272129058838,0.22532716393470764,0.21612079441547394
337,LEFT_EYE_INNER,0.43674954771995544,0.21301361918449402,0.15661044418811798
337,LEFT_EYE,0.4334844648838043,0.21225330233573914,0.15665970742702484
337,LEFT_EYE_OUTER,0.42995208501815796,0.2116864025592804,0.15674042701721191
337,RIGHT_EYE_INNER,0.44681280851364136,0.21512942016124725,0.17907336354255676
337,RIGHT_EYE,0.4507032334804535,0.21577413380146027,0.17905105650424957
337,RIGHT_EYE_OUTER,0.4550117552280426,0.21664433181285858,0.17893743515014648
337,LEFT_EAR,0.419111967086792,0.21984609961509705,-0.03396701067686081
337,RIGHT_EAR,0.46134716272354126,0.22778916358947754,0.06206737086176872
337,MOUTH_LEFT,0.43128687143325806,0.23775246739387512,0.15991030633449554
337,MOUTH_RIGHT,0.4419572949409485,0.23964950442314148,0.18662860989570618
337,LEFT_SHOULDER,0.3480478525161743,0.2963235080242157,-0.1722392439842224
337,RIGHT_SHOULDER,0.4835376739501953,0.29786553978919983,0.10829906165599823
337,LEFT_ELBOW,0.254869282245636,0.2720422148704529,-0.13708803057670593
337,RIGHT_ELBOW,0.4176722466945648,0.25955110788345337,0.3441818356513977
337,LEFT_WRIST,0.28923335671424866,0.17748187482357025,0.019290907308459282
337,RIGHT_WRIST,0.3500610291957855,0.17829672992229462,0.5630632638931274
337,LEFT_PINKY,0.29189929366111755,0.15412656962871552,0.014723745174705982
337,RIGHT_PINKY,0.34450438618659973,0.15759745240211487,0.606612503528595
337,LEFT_INDEX,0.3060418963432312,0.15411296486854553,0.01020565815269947
337,RIGHT_INDEX,0.3432885408401489,0.15738502144813538,0.5834766030311584
337,LEFT_THUMB,0.30681273341178894,0.16328421235084534,0.023426752537488937
337,RIGHT_THUMB,0.34102553129196167,0.16526879370212555,0.5604948401451111
337,LEFT_HIP,0.3493669331073761,0.564102828502655,-0.08345083892345428
337,RIGHT_HIP,0.43720364570617676,0.5660684704780579,0.08292745053768158
337,LEFT_KNEE,0.3378308415412903,0.7312636971473694,-0.01058034785091877
337,RIGHT_KNEE,0.42846012115478516,0.7385734915733337,0.1848914921283722
337,LEFT_ANKLE,0.34891676902770996,0.9144365191459656,-0.05768262594938278
337,RIGHT_ANKLE,0.41053539514541626,0.9303519129753113,0.11521705240011215
337,LEFT_HEEL,0.3555164337158203,0.9435733556747437,-0.058438848704099655
337,RIGHT_HEEL,0.40851807594299316,0.958244800567627,0.1090613603591919
337,LEFT_FOOT_INDEX,0.3207800090312958,0.956808865070343,-0.06415335834026337
337,RIGHT_FOOT_INDEX,0.4054529070854187,0.9709237813949585,0.08251628279685974
338,NOSE,0.4377143383026123,0.22534935176372528,0.21821828186511993
338,LEFT_EYE_INNER,0.4367240071296692,0.2130969762802124,0.1585151106119156
338,LEFT_EYE,0.43347039818763733,0.21236208081245422,0.15856198966503143
338,LEFT_EYE_OUTER,0.4299451410770416,0.21182218194007874,0.15864428877830505
338,RIGHT_EYE_INNER,0.44677799940109253,0.21516087651252747,0.18087877333164215
338,RIGHT_EYE,0.4506737291812897,0.2157963514328003,0.18085600435733795
338,RIGHT_EYE_OUTER,0.45498746633529663,0.21665874123573303,0.18074271082878113
338,LEFT_EAR,0.4191380441188812,0.22003766894340515,-0.033303726464509964
338,RIGHT_EAR,0.4612787365913391,0.22779054939746857,0.06238748878240585
338,MOUTH_LEFT,0.4312983453273773,0.2377677857875824,0.16158121824264526
338,MOUTH_RIGHT,0.441952645778656,0.2396543323993683,0.18818457424640656
338,LEFT_SHOULDER,0.3480668365955353,0.2968222498893738,-0.1721390187740326
338,RIGHT_SHOULDER,0.48361316323280334,0.29780980944633484,0.10847576707601547
338,LEFT_ELBOW,0.2547583281993866,0.2723420262336731,-0.13615505397319794
338,RIGHT_ELBOW,0.41754570603370667,0.2598635256290436,0.3459234833717346
338,LEFT_WRIST,0.28875306248664856,0.1775907576084137,0.022885585203766823
338,RIGHT_WRIST,0.3508622944355011,0.1784788817167282,0.5674967765808105
338,LEFT_PINKY,0.2913798689842224,0.15412570536136627,0.019119957461953163
338,RIGHT_PINKY,0.3445761799812317,0.15781375765800476,0.6119982600212097
338,LEFT_INDEX,0.3056003451347351,0.15415847301483154,0.014201797544956207
338,RIGHT_INDEX,0.3433283865451813,0.1574150174856186,0.5893641710281372
338,LEFT_THUMB,0.306561678647995,0.16335980594158173,0.027106698602437973
338,RIGHT_THUMB,0.3410549759864807,0.16530047357082367,0.565315842628479
338,LEFT_HIP,0.34951484203338623,0.5640782117843628,-0.0843721479177475
338,RIGHT_HIP,0.43732160329818726,0.5659794211387634,0.08380971103906631
338,LEFT_KNEE,0.33781954646110535,0.7302130460739136,-0.007503282278776169
338,RIGHT_KNEE,0.4285598397254944,0.7374874353408813,0.18926358222961426
338,LEFT_ANKLE,0.34897175431251526,0.9131582975387573,-0.05747837573289871
338,RIGHT_ANKLE,0.41058167815208435,0.9292894601821899,0.11236733198165894
338,LEFT_HEEL,0.35607704520225525,0.9423432350158691,-0.058508485555648804
338,RIGHT_HEEL,0.40930795669555664,0.9557709693908691,0.10571333020925522
338,LEFT_FOOT_INDEX,0.3209802508354187,0.9568281173706055,-0.06364531815052032
338,RIGHT_FOOT_INDEX,0.40529078245162964,0.9694838523864746,0.0797676295042038
339,NOSE,0.4377351701259613,0.22542819380760193,0.21694914996623993
339,LEFT_EYE_INNER,0.4367287755012512,0.2132323980331421,0.15737077593803406
339,LEFT_EYE,0.43347829580307007,0.21251270174980164,0.15741971135139465
339,LEFT_EYE_OUTER,0.42995619773864746,0.21198764443397522,0.1575005203485489
339,RIGHT_EYE_INNER,0.4467827379703522,0.21524545550346375,0.1794998049736023
339,RIGHT_EYE,0.45067739486694336,0.21586444973945618,0.17947575449943542
339,RIGHT_EYE_OUTER,0.45499271154403687,0.2167098969221115,0.17935897409915924
339,LEFT_EAR,0.4191586375236511,0.2201998233795166,-0.033534977585077286
339,RIGHT_EAR,0.46126919984817505,0.2278045117855072,0.061478953808546066
339,MOUTH_LEFT,0.4313204288482666,0.23781457543373108,0.16071471571922302
339,MOUTH_RIGHT,0.4419723153114319,0.23969213664531708,0.18704847991466522
339,LEFT_SHOULDER,0.3480760455131531,0.29716962575912476,-0.17216715216636658
339,RIGHT_SHOULDER,0.4837053716182709,0.29780322313308716,0.10734345018863678
339,LEFT_ELBOW,0.25467973947525024,0.2725307047367096,-0.13627178966999054
339,RIGHT_ELBOW,0.4175077974796295,0.2603342831134796,0.3423595130443573
339,LEFT_WRIST,0.28863734006881714,0.1776425838470459,0.02137782610952854
339,RIGHT_WRIST,0.3514308035373688,0.17867684364318848,0.5638555288314819
339,LEFT_PINKY,0.29117894172668457,0.15412023663520813,0.01565316691994667
339,RIGHT_PINKY,0.344674289226532,0.1580953299999237,0.6059497594833374
339,LEFT_INDEX,0.3054436147212982,0.15418145060539246,0.010803076438605785
339,RIGHT_INDEX,0.34334850311279297,0.15763473510742188,0.5832769870758057
339,LEFT_THUMB,0.30649444460868835,0.16339810192584991,0.025195732712745667
339,RIGHT_THUMB,0.34111297130584717,0.16536845266819,0.5613133311271667
339,LEFT_HIP,0.3496168255805969,0.5640469789505005,-0.08436036854982376
339,RIGHT_HIP,0.43738284707069397,0.5658966898918152,0.08379991352558136
339,LEFT_KNEE,0.33780989050865173,0.7297141551971436,-0.005964480806142092
339,RIGHT_KNEE,0.4286569058895111,0.7352520823478699,0.18733622133731842
339,LEFT_ANKLE,0.34906429052352905,0.9124512672424316,-0.05219532176852226
339,RIGHT_ANKLE,0.41061004996299744,0.9281123876571655,0.11486373841762543
339,LEFT_HEEL,0.35660985112190247,0.9416119456291199,-0.05280892923474312
339,RIGHT_HEEL,0.40966281294822693,0.9540330767631531,0.10891549289226532
339,LEFT_FOOT_INDEX,0.3218093514442444,0.9567689895629883,-0.058497410267591476
339,RIGHT_FOOT_INDEX,0.4053143560886383,0.9679650068283081,0.08242028951644897
340,NOSE,0.4377744793891907,0.22555264830589294,0.213599294424057
340,LEFT_EYE_INNER,0.4367449879646301,0.21338553726673126,0.15436191856861115
340,LEFT_EYE,0.4334973692893982,0.21267648041248322,0.15440621972084045
340,LEFT_EYE_OUTER,0.4299801290035248,0.21216019988059998,0.15449008345603943
340,RIGHT_EYE_INNER,0.4467910826206207,0.2153560370206833,0.1764877289533615
340,RIGHT_EYE,0.45068255066871643,0.21596002578735352,0.17646297812461853
340,RIGHT_EYE_OUTER,0.45499759912490845,0.21678896248340607,0.17635217308998108
340,LEFT_EAR,0.41920313239097595,0.2203691303730011,-0.03605685755610466
340,RIGHT_EAR,0.4612540304660797,0.2278377264738083,0.058790307492017746
340,MOUTH_LEFT,0.43137866258621216,0.23791655898094177,0.1575283259153366
340,MOUTH_RIGHT,0.4420028328895569,0.2397753894329071,0.18386444449424744
340,LEFT_SHOULDER,0.3480842709541321,0.29747170209884644,-0.17383572459220886
340,RIGHT_SHOULDER,0.48374009132385254,0.29779067635536194,0.1049993634223938
340,LEFT_ELBOW,0.2546378970146179,0.2728070616722107,-0.13905870914459229
340,RIGHT_ELBOW,0.4174822270870209,0.26060429215431213,0.3412247896194458
340,LEFT_WRIST,0.288554310798645,0.17772334814071655,0.014506367966532707
340,RIGHT_WRIST,0.3517441749572754,0.1787903606891632,0.5601080060005188
340,LEFT_PINKY,0.29108911752700806,0.15412235260009766,0.009742345660924911
340,RIGHT_PINKY,0.344755619764328,0.1582590490579605,0.605507493019104
340,LEFT_INDEX,0.3053583800792694,0.15421250462532043,0.005191187374293804
340,RIGHT_INDEX,0.34337544441223145,0.15766313672065735,0.5825365781784058
340,LEFT_THUMB,0.3064449429512024,0.1634415090084076,0.018643364310264587
340,RIGHT_THUMB,0.3411356210708618,0.16540353000164032,0.557884693145752
340,LEFT_HIP,0.3497551679611206,0.5639916658401489,-0.08435411751270294
340,RIGHT_HIP,0.43751850724220276,0.5657796263694763,0.08379454910755157
340,LEFT_KNEE,0.33781173825263977,0.7290771007537842,-0.004493153654038906
340,RIGHT_KNEE,0.42877984046936035,0.7338191270828247,0.18967145681381226
340,LEFT_ANKLE,0.34913507103919983,0.911762535572052,-0.05155489966273308
340,RIGHT_ANKLE,0.41065797209739685,0.9266735911369324,0.1185561865568161
340,LEFT_HEEL,0.35691970586776733,0.941084086894989,-0.05226372554898262
340,RIGHT_HEEL,0.4098775386810303,0.9523820877075195,0.11310726404190063
340,LEFT_FOOT_INDEX,0.3225027918815613,0.9565334320068359,-0.05765601247549057
340,RIGHT_FOOT_INDEX,0.40540066361427307,0.9657637476921082,0.08674144744873047
341,NOSE,0.4378092288970947,0.2256747931241989,0.21215884387493134
341,LEFT_EYE_INNER,0.43676313757896423,0.2134999930858612,0.1529880166053772
341,LEFT_EYE,0.43352222442626953,0.2127954512834549,0.15303073823451996
341,LEFT_EYE_OUTER,0.4300152659416199,0.21228182315826416,0.15311487019062042
341,RIGHT_EYE_INNER,0.44679689407348633,0.21543943881988525,0.1749933362007141
341,RIGHT_EYE,0.45068496465682983,0.21603044867515564,0.17496970295906067
341,RIGHT_EYE_OUTER,0.4549994468688965,0.21684566140174866,0.17485889792442322
341,LEFT_EAR,0.41927462816238403,0.22047503292560577,-0.037240318953990936
341,RIGHT_EAR,0.46123069524765015,0.2278587520122528,0.05698530003428459
341,MOUTH_LEFT,0.43144020438194275,0.23802515864372253,0.15615856647491455
341,MOUTH_RIGHT,0.44202786684036255,0.23986577987670898,0.18235227465629578
341,LEFT_SHOULDER,0.3480933904647827,0.29764610528945923,-0.1741943657398224
341,RIGHT_SHOULDER,0.4837924838066101,0.29778170585632324,0.10211612284183502
341,LEFT_ELBOW,0.2545853853225708,0.27301090955734253,-0.13958695530891418
341,RIGHT_ELBOW,0.4174427092075348,0.26081085205078125,0.33766812086105347
341,LEFT_WRIST,0.2885048985481262,0.17780044674873352,0.011722179129719734
341,RIGHT_WRIST,0.35186314582824707,0.17890052497386932,0.554164469242096
341,LEFT_PINKY,0.29101091623306274,0.15413108468055725,0.007129213307052851
341,RIGHT_PINKY,0.3447681665420532,0.1584654599428177,0.5998364686965942
341,LEFT_INDEX,0.3052903413772583,0.15426209568977356,0.0024075082037597895
341,RIGHT_INDEX,0.3434012830257416,0.15787318348884583,0.576859176158905
341,LEFT_THUMB,0.3064102530479431,0.1635092943906784,0.015782400965690613
341,RIGHT_THUMB,0.3411765992641449,0.1654757559299469,0.5520160794258118
341,LEFT_HIP,0.34983426332473755,0.5639222860336304,-0.08417616784572601
341,RIGHT_HIP,0.43759918212890625,0.565682053565979,0.08361286669969559
341,LEFT_KNEE,0.3378193974494934,0.7288808226585388,-0.0039379410445690155
341,RIGHT_KNEE,0.42882218956947327,0.7332029938697815,0.18646252155303955
341,LEFT_ANKLE,0.3491467535495758,0.9116549491882324,-0.04419908672571182
341,RIGHT_ANKLE,0.41068997979164124,0.9262079000473022,0.12140925228595734
341,LEFT_HEEL,0.3569973111152649,0.9410353899002075,-0.043959759175777435
341,RIGHT_HEEL,0.40995779633522034,0.9520435333251953,0.11669032275676727
341,LEFT_FOOT_INDEX,0.3230707347393036,0.9564059972763062,-0.049568455666303635
341,RIGHT_FOOT_INDEX,0.4056816101074219,0.9647709727287292,0.08960064500570297
342,NOSE,0.4378441870212555,0.22579440474510193,0.2120887041091919
342,LEFT_EYE_INNER,0.43678373098373413,0.21360954642295837,0.15292969346046448
342,LEFT_EYE,0.433551162481308,0.2129054069519043,0.15297405421733856
342,LEFT_EYE_OUTER,0.43005475401878357,0.21238920092582703,0.15305808186531067
342,RIGHT_EYE_INNER,0.4468007981777191,0.21552345156669617,0.17483708262443542
342,RIGHT_EYE,0.4506851136684418,0.21610228717327118,0.17481420934200287
342,RIGHT_EYE_OUTER,0.4549981951713562,0.2169044464826584,0.17470118403434753
342,LEFT_EAR,0.41933974623680115,0.2205592840909958,-0.03728167340159416
342,RIGHT_EAR,0.46120110154151917,0.22787988185882568,0.05612397938966751
342,MOUTH_LEFT,0.43150395154953003,0.23813870549201965,0.15610580146312714
342,MOUTH_RIGHT,0.4420505464076996,0.23995861411094666,0.1821923404932022
342,LEFT_SHOULDER,0.3481142222881317,0.29775792360305786,-0.1736830621957779
342,RIGHT_SHOULDER,0.4838493764400482,0.29778286814689636,0.09970050305128098
342,LEFT_ELBOW,0.25440460443496704,0.2731153964996338,-0.1383720338344574
342,RIGHT_ELBOW,0.417407751083374,0.26095086336135864,0.33573856949806213
342,LEFT_WRIST,0.28847286105155945,0.17786002159118652,0.011803654953837395
342,RIGHT_WRIST,0.35196611285209656,0.17900250852108002,0.5531381964683533
342,LEFT_PINKY,0.2909623980522156,0.15413609147071838,0.006971349474042654
342,RIGHT_PINKY,0.3447932302951813,0.15863433480262756,0.5991489291191101
342,LEFT_INDEX,0.3052513897418976,0.1542961150407791,0.0020656855776906013
342,RIGHT_INDEX,0.3434140980243683,0.15805646777153015,0.5766192674636841
342,LEFT_THUMB,0.30638957023620605,0.16355575621128082,0.015740539878606796
342,RIGHT_THUMB,0.3412146270275116,0.16554874181747437,0.5512446165084839
342,LEFT_HIP,0.34990158677101135,0.563882052898407,-0.08313066512346268
342,RIGHT_HIP,0.4376775324344635,0.5656325221061707,0.08257056772708893
342,LEFT_KNEE,0.33787599205970764,0.7288758158683777,-0.003248074557632208
342,RIGHT_KNEE,0.4288526177406311,0.73333340883255,0.1846882402896881
342,LEFT_ANKLE,0.34916070103645325,0.9116555452346802,-0.0404324047267437
342,RIGHT_ANKLE,0.41072243452072144,0.9263032078742981,0.12161338329315186
342,LEFT_HEEL,0.3570302128791809,0.9410527944564819,-0.039236076176166534
342,RIGHT_HEEL,0.4100228250026703,0.9524337649345398,0.11729954183101654
342,LEFT_FOOT_INDEX,0.3234815299510956,0.9560140371322632,-0.04630265384912491
342,RIGHT_FOOT_INDEX,0.4066017270088196,0.96467125415802,0.08981883525848389
343,NOSE,0.43790560960769653,0.22588534653186798,0.20881906151771545
343,LEFT_EYE_INNER,0.43682971596717834,0.2136830985546112,0.14994663000106812
343,LEFT_EYE,0.4336107671260834,0.21298138797283173,0.1499897539615631
343,LEFT_EYE_OUTER,0.43012985587120056,0.21246644854545593,0.1500723659992218
343,RIGHT_EYE_INNER,0.4468173086643219,0.21557661890983582,0.1711966097354889
343,RIGHT_EYE,0.45069390535354614,0.216146782040596,0.17117349803447723
343,RIGHT_EYE_OUTER,0.45500320196151733,0.21693924069404602,0.17105601727962494
343,LEFT_EAR,0.4194105565547943,0.2206232100725174,-0.038749970495700836
343,RIGHT_EAR,0.4611884653568268,0.22788941860198975,0.05213513225317001
343,MOUTH_LEFT,0.4315946102142334,0.2382291555404663,0.15347078442573547
343,MOUTH_RIGHT,0.442089706659317,0.24003107845783234,0.17875266075134277
343,LEFT_SHOULDER,0.34812241792678833,0.29783064126968384,-0.17361369729042053
343,RIGHT_SHOULDER,0.48391851782798767,0.2977866530418396,0.09478332847356796
343,LEFT_ELBOW,0.25437408685684204,0.2732149660587311,-0.13833102583885193
343,RIGHT_ELBOW,0.4174026548862457,0.2611323595046997,0.32967042922973633
343,LEFT_WRIST,0.2884569764137268,0.17790712416172028,0.010460367426276207
343,RIGHT_WRIST,0.35211417078971863,0.17909105122089386,0.5482815504074097
343,LEFT_PINKY,0.29093867540359497,0.15413857996463776,0.005573241971433163
343,RIGHT_PINKY,0.34486472606658936,0.15876971185207367,0.5928956270217896
343,LEFT_INDEX,0.30523160099983215,0.1543259471654892,0.00022488513786811382
343,RIGHT_INDEX,0.3439120650291443,0.1583334356546402,0.5707449316978455
343,LEFT_THUMB,0.30638155341148376,0.16359643638134003,0.01414208859205246
343,RIGHT_THUMB,0.3412916362285614,0.16561630368232727,0.5464568734169006
343,LEFT_HIP,0.3499433696269989,0.5638300180435181,-0.08242535591125488
343,RIGHT_HIP,0.4377344250679016,0.5655768513679504,0.08187354356050491
343,LEFT_KNEE,0.33793118596076965,0.7288957834243774,-0.003040905809029937
343,RIGHT_KNEE,0.4288921356201172,0.7332889437675476,0.18403880298137665
343,LEFT_ANKLE,0.3491835296154022,0.9116694331169128,-0.0399189218878746
343,RIGHT_ANKLE,0.4108126759529114,0.9257552027702332,0.12336602061986923
343,LEFT_HEEL,0.35705655813217163,0.941064178943634,-0.03886199742555618
343,RIGHT_HEEL,0.4101254343986511,0.952021598815918,0.11942754685878754
343,LEFT_FOOT_INDEX,0.32380855083465576,0.9556646347045898,-0.045781686902046204
343,RIGHT_FOOT_INDEX,0.4068823754787445,0.9637126922607422,0.09303952008485794
